model,rmse_mps,mae_mps,r2,bias_mps
specialist_weighted_stack,59.41535370384528,42.178812196488565,0.617785406188586,-4.818956179697853
base_weighted_stack,61.053197890908116,43.4899940438126,0.5964227050822983,-9.113159656218563
extra_trees_profile,61.45617830806618,43.91351615236225,0.5910775148972902,-8.2711633220855
random_forest_profile,61.921206507329806,43.961409718157974,0.5848656108126034,-5.299642798297732
empirical_baseline,64.98090336158425,46.534108114830595,0.5428261502771895,-16.497818445560068
