row_id,project,group_project,group_cpt,geo_age,test_method,z_mid_m,vs_meas_mps,fold,empirical,rf,et,base_stack,specialist_stack
447,Bacso,Bacso,Bacso__SCPTu1,Quaternary,SCPT,2.25,87.8,2.0,200.95995174722165,206.55160521152385,204.3494162339346,204.3229623774013,204.3229623774013
448,Bacso,Bacso,Bacso__SCPTu1,Quaternary,SCPT,4.5,349.0,2.0,267.70097983375206,282.3500619310559,287.40865917752006,281.84886006777504,281.84886006777504
449,Bacso,Bacso,Bacso__SCPTu1,Quaternary,SCPT,5.9,231.4,2.0,251.10294172732435,254.6929076550266,271.0271753998715,261.9882627379942,261.9882627379942
450,Bacso,Bacso,Bacso__SCPTu1,Quaternary,SCPT,7.4,271.3,2.0,248.8377740938516,254.9094872923003,261.25274381334197,256.8203843384898,256.8203843384898
451,Bacso,Bacso,Bacso__SCPTu1,Quaternary,SCPT,9.5,278.0,2.0,272.96515720572984,258.6228609007216,252.90706186437922,258.5246712575334,258.5246712575334
452,Bacso,Bacso,Bacso__SCPTu1,Quaternary,SCPT,11.15,358.7,2.0,282.15252319277533,262.42704237300256,267.01336147547585,268.57517076228316,268.57517076228316
453,Bacso,Bacso,Bacso__SCPTu1,Tertiary,SCPT,12.3,351.5,2.0,293.75423545432426,285.6793804415505,288.6057434662119,288.74400819798404,288.74751228716957
454,Bacso,Bacso,Bacso__SCPTu1,Tertiary,SCPT,13.4,365.6,2.0,296.6634303194297,289.10600470346793,280.8357913332239,286.41526743697415,285.57318258873215
455,Bacso,Bacso,Bacso__SCPTu1,Tertiary,SCPT,14.5,455.0,2.0,317.32706285713203,307.5688391641808,301.0314169232434,306.1893168776266,304.84948065476794
456,Bacso,Bacso,Bacso__SCPTu1,Tertiary,SCPT,15.5,365.6,2.0,320.36750987338723,323.7502278138787,319.65376643119606,321.02039954733607,323.80552786406577
457,Bacso,Bacso,Bacso__SCPTu1,Tertiary,SCPT,16.5,282.0,2.0,329.2742669039969,331.7575218349976,325.15073876631476,327.9443585217163,329.56172941429315
458,Bacso,Bacso,Bacso__SCPTu1,Tertiary,SCPT,17.5,270.0,2.0,334.2419575231,337.5087751574891,329.77897102171806,332.9731335362605,334.08827201185886
459,Bacso,Bacso,Bacso__SCPTu1,Tertiary,SCPT,18.5,320.0,2.0,332.5238051315941,332.815972908592,326.6423976600391,329.6568269564611,330.39708847626883
460,Bacso,Bacso,Bacso__SCPTu1,Tertiary,SCPT,19.5,482.9,2.0,342.7564271751862,341.78851919851746,337.94525098980597,340.0537249874332,340.8787094145688
461,Bacso,Bacso,Bacso__SCPTu1,Tertiary,SCPT,20.5,470.0,2.0,372.06939651206335,346.62322178672946,345.02215940540196,350.75638127497183,371.10469107195127
462,Bacso,Bacso,Bacso__SCPTu1,Tertiary,SCPT,21.54,440.2,2.0,363.7122011088769,354.3358385480149,351.89061743352306,354.96042996379646,374.7737047772494
463,Bacso,Bacso,Bacso__SCPTu2,Quaternary,SCPT,1.5,62.3,2.0,169.7762370958257,167.9768767472928,172.55676968795564,170.61461574282856,170.61461574282856
464,Bacso,Bacso,Bacso__SCPTu2,Quaternary,SCPT,2.75,260.0,2.0,226.71759067162787,218.84142927378667,214.06189246469893,217.9744480322375,217.9744480322375
465,Bacso,Bacso,Bacso__SCPTu2,Quaternary,SCPT,3.9,318.6,2.0,258.9953809495423,275.2979467269987,277.7106081111588,273.14643091284074,273.14643091284074
466,Bacso,Bacso,Bacso__SCPTu2,Quaternary,SCPT,4.65,282.0,2.0,262.8659789232765,285.7123852886502,296.58513752161446,286.2861171777091,286.2861171777091
467,Bacso,Bacso,Bacso__SCPTu2,Quaternary,SCPT,5.85,230.0,2.0,256.2849888632543,259.4533255236836,272.0217555037604,265.01119831542206,265.01119831542206
468,Bacso,Bacso,Bacso__SCPTu2,Quaternary,SCPT,7.25,260.0,2.0,255.45986032761945,252.78523474319357,256.7915296171914,255.31738761790166,255.31738761790166
469,Bacso,Bacso,Bacso__SCPTu2,Quaternary,SCPT,8.15,280.0,2.0,253.831355502866,256.9889072865751,257.0189086234321,256.3692333607897,256.3692333607897
470,Bacso,Bacso,Bacso__SCPTu2,Quaternary,SCPT,9.1,303.3,2.0,257.7208778351643,257.11856048958356,256.0686785361969,256.71318733539897,256.71318733539897
471,Bacso,Bacso,Bacso__SCPTu2,Quaternary,SCPT,9.95,390.0,2.0,266.24758461776935,259.38153796861434,259.38146589109056,260.7403978070729,260.7403978070729
472,Bacso,Bacso,Bacso__SCPTu2,Quaternary,SCPT,10.85,423.9,2.0,276.88053784254987,261.96027779987537,262.3330764964696,265.0669890643757,265.0669890643757
473,Bacso,Bacso,Bacso__SCPTu2,Quaternary,SCPT,11.75,391.7,2.0,296.3209973237594,286.85078014683717,289.53597532358856,290.0684956091582,290.0684956091582
474,Bacso,Bacso,Bacso__SCPTu2,Tertiary,SCPT,12.5,350.0,2.0,290.3702728466962,285.73353722305285,288.23687627393065,287.90789023729195,287.03499354992374
475,Bacso,Bacso,Bacso__SCPTu2,Tertiary,SCPT,13.5,355.0,2.0,309.70259573245477,290.8194237526755,286.00159895110863,292.0520254467564,292.9546105993814
476,Bacso,Bacso,Bacso__SCPTu2,Tertiary,SCPT,14.5,422.0,2.0,319.3632816276774,303.88747049604353,298.6906834309184,304.2857910503421,299.5374189774671
477,Bacso,Bacso,Bacso__SCPTu2,Tertiary,SCPT,15.66,380.0,2.0,323.0344883290539,322.3590019180844,317.2128954130523,319.909499298445,319.9192513126011
95,Balazs Bela u,Balazs Bela u,Balazs Bela u__CPT1,Quaternary,MASW,1.5,160.22927084196056,4.0,154.28171481084078,173.18751211911163,171.68979604654066,163.31959960650093,163.31959960650093
96,Balazs Bela u,Balazs Bela u,Balazs Bela u__CPT1,Quaternary,MASW,2.5,225.09300694348687,4.0,193.10830880370523,198.96529200607316,196.4814450322224,195.76883843415985,195.76883843415985
97,Balazs Bela u,Balazs Bela u,Balazs Bela u__CPT1,Quaternary,MASW,3.5,240.09620888267037,4.0,200.4376030277078,216.3980271095854,213.68532694467712,208.00242068907167,208.00242068907167
98,Balazs Bela u,Balazs Bela u,Balazs Bela u__CPT1,Quaternary,MASW,4.5,207.03853585650089,4.0,241.70554690529428,260.14392475767636,257.06514764432364,250.45695937475264,250.45695937475264
99,Balazs Bela u,Balazs Bela u,Balazs Bela u__CPT1,Quaternary,MASW,5.5,191.0690633873746,4.0,233.04206489077953,242.79366933614145,241.76894197710408,237.7673154419711,237.7673154419711
100,Balazs Bela u,Balazs Bela u,Balazs Bela u__CPT1,Quaternary,MASW,6.5,179.8770125717389,4.0,233.40624098281214,239.47881208816673,245.5798616999514,237.01855456763255,237.01855456763255
101,Balazs Bela u,Balazs Bela u,Balazs Bela u__CPT1,Quaternary,MASW,7.5,179.09335493620526,4.0,239.88013754048566,235.54299723940747,242.06600391773875,238.35189192237453,238.35189192237453
102,Balazs Bela u,Balazs Bela u,Balazs Bela u__CPT1,Quaternary,MASW,8.4,202.76392077368945,4.0,243.13338347574552,248.81128803742308,248.71190463797134,245.94612591123428,245.94612591123428
103,Balazs Bela u,Balazs Bela u,Balazs Bela u__CPT1,Quaternary,MASW,9.5,274.80579295238493,4.0,277.86498859817635,274.53788219654837,276.93869712271663,276.43701221330144,276.43701221330144
104,Balazs Bela u,Balazs Bela u,Balazs Bela u__CPT1,Tertiary,MASW,10.6,284.31066554681274,4.0,290.93220243245213,271.966184626049,275.3760290199341,281.6400897935162,281.6400897935162
105,Balazs Bela u,Balazs Bela u,Balazs Bela u__CPT1,Tertiary,MASW,11.5,287.2940421350688,4.0,295.880351508288,278.7949163755613,291.0986241349657,288.4536365124282,288.4536365124282
106,Balazs Bela u,Balazs Bela u,Balazs Bela u__CPT1,Tertiary,MASW,12.5,305.5982001643207,4.0,313.4818681308707,307.32324990085937,312.78355184249875,310.9343986405788,310.9343986405788
107,Balazs Bela u,Balazs Bela u,Balazs Bela u__CPT1,Tertiary,MASW,13.4,323.77912492398366,4.0,348.3322417381413,323.55646506170086,330.68001658332236,336.4477786227739,336.4477786227739
108,Balazs Bela u,Balazs Bela u,Balazs Bela u__CPT1,Tertiary,MASW,14.15,286.7956655723814,4.0,343.4169301511629,329.849939868744,322.96151173124804,335.8555206711608,335.8555206711608
109,Balazs Bela u,Balazs Bela u,Balazs Bela u__CPT1,Tertiary,MASW,14.745,281.62953012015385,4.0,346.27850841547416,339.1913179802269,337.30092582523605,342.52510912736597,342.52510912736597
110,Balazs Bela u,Balazs Bela u,Balazs Bela u__CPT3,Quaternary,MASW,1.5,181.2593016532936,4.0,164.5099379274302,170.48257788448623,166.67280222374623,167.0915718389432,167.0915718389432
111,Balazs Bela u,Balazs Bela u,Balazs Bela u__CPT3,Quaternary,MASW,2.5,213.7389977658518,4.0,183.94316921656414,187.79548664813473,185.66860167469557,185.64777103579053,185.64777103579053
112,Balazs Bela u,Balazs Bela u,Balazs Bela u__CPT3,Quaternary,MASW,3.5,242.16945631577872,4.0,204.47980388762565,211.94962047516438,213.68140474040678,208.3506886674196,208.3506886674196
113,Balazs Bela u,Balazs Bela u,Balazs Bela u__CPT3,Quaternary,MASW,4.5,183.9976083561228,4.0,230.5068033307597,250.00122640503884,249.81073691564796,240.037911641011,240.037911641011
114,Balazs Bela u,Balazs Bela u,Balazs Bela u__CPT3,Quaternary,MASW,5.5,196.25096508768468,4.0,237.74837954069758,246.29564689064776,251.11712478033732,242.45386417831978,242.45386417831978
115,Balazs Bela u,Balazs Bela u,Balazs Bela u__CPT3,Quaternary,MASW,6.5,181.47621716786065,4.0,228.88200309830296,233.43504493010803,237.66164421274365,231.5624601584798,231.5624601584798
116,Balazs Bela u,Balazs Bela u,Balazs Bela u__CPT3,Quaternary,MASW,7.5,195.9799207328963,4.0,252.02495297836484,246.2810906682665,247.9594758669889,249.305735212294,249.305735212294
117,Balazs Bela u,Balazs Bela u,Balazs Bela u__CPT3,Quaternary,MASW,8.4,204.43626559443783,4.0,247.02027890049393,244.15852715857633,247.49514669641343,245.91880011367408,245.91880011367408
118,Balazs Bela u,Balazs Bela u,Balazs Bela u__CPT3,Quaternary,MASW,9.5,257.70007980133306,4.0,264.6888165881151,266.17205794373695,263.8405845834646,265.1959828430814,265.1959828430814
119,Balazs Bela u,Balazs Bela u,Balazs Bela u__CPT3,Tertiary,MASW,10.6,293.3543261321456,4.0,285.517054020796,278.23343619196095,283.7623787420003,282.4068562637144,282.4068562637144
120,Balazs Bela u,Balazs Bela u,Balazs Bela u__CPT3,Tertiary,MASW,11.5,297.0572278925097,4.0,294.36111588680984,291.9112259100098,295.2875606530414,293.4709069692396,293.4709069692396
121,Balazs Bela u,Balazs Bela u,Balazs Bela u__CPT3,Tertiary,MASW,12.5,320.18378589781827,4.0,317.70250195960665,315.1029921044202,316.10687945730996,316.5007351302819,316.5007351302819
122,Balazs Bela u,Balazs Bela u,Balazs Bela u__CPT3,Tertiary,MASW,13.4,299.2427491507408,4.0,329.20560959107786,316.9478014811855,313.23812876726083,322.6384874330244,322.6384874330244
123,Balazs Bela u,Balazs Bela u,Balazs Bela u__CPT3,Tertiary,MASW,14.15,295.38867195232734,4.0,355.8106733020577,332.2059152417062,337.2483743169562,344.32409662606113,344.32409662606113
124,Balazs Bela u,Balazs Bela u,Balazs Bela u__CPT3,Tertiary,MASW,14.745,284.7713855793395,4.0,353.4558374391666,332.5469344538891,337.0605410897422,343.3045426678676,343.3045426678676
125,Balazs Bela u,Balazs Bela u,Balazs Bela u__CPT5,Quaternary,MASW,1.5,225.344560762992,4.0,196.5403744625079,184.85102037879034,180.32619558856481,190.13431854755996,190.13431854755996
126,Balazs Bela u,Balazs Bela u,Balazs Bela u__CPT5,Quaternary,MASW,2.3,218.7736372966365,4.0,197.7072025171394,194.50470679753417,186.81921809147715,195.3104346990817,195.3104346990817
127,Balazs Bela u,Balazs Bela u,Balazs Bela u__CPT5,Quaternary,MASW,3.05,238.47002457839076,4.0,209.8227426250569,217.99146053375196,214.9948147701052,213.57227348587264,213.57227348587264
128,Balazs Bela u,Balazs Bela u,Balazs Bela u__CPT5,Quaternary,MASW,3.55,172.9944254712481,4.0,165.60248766710453,199.40878429974248,205.18797221700436,182.24110183447817,182.24110183447817
129,Balazs Bela u,Balazs Bela u,Balazs Bela u__CPT5,Quaternary,MASW,4.0,208.06999100282263,4.0,213.43931428618623,227.55640919155454,231.61599122742032,220.77489728062727,220.77489728062727
130,Balazs Bela u,Balazs Bela u,Balazs Bela u__CPT5,Quaternary,MASW,4.7,192.08137490019047,4.0,234.06270053578925,249.35208381831802,250.25774580406096,241.67407184103715,241.67407184103715
131,Balazs Bela u,Balazs Bela u,Balazs Bela u__CPT5,Quaternary,MASW,5.7,192.82835352083657,4.0,239.17170791055696,244.26506902914383,246.0674106125158,241.88272825960567,241.88272825960567
132,Balazs Bela u,Balazs Bela u,Balazs Bela u__CPT5,Quaternary,MASW,6.6,192.23263736765307,4.0,243.2153730472267,243.0954141222668,243.58970373166343,243.20478216220712,243.20478216220712
133,Balazs Bela u,Balazs Bela u,Balazs Bela u__CPT5,Quaternary,MASW,8.0,194.1878028074128,4.0,248.04070242856508,249.41760213812987,250.8167433338949,248.8673759342431,248.8673759342431
134,Balazs Bela u,Balazs Bela u,Balazs Bela u__CPT5,Tertiary,MASW,9.6,256.0695961005619,4.0,253.16228306215322,257.87261376250075,258.0561704533964,255.5247755510755,255.5247755510755
135,Balazs Bela u,Balazs Bela u,Balazs Bela u__CPT5,Tertiary,MASW,10.8,282.3878377195648,4.0,279.6123041051437,270.84704747207104,278.39140842456334,275.9518844780797,275.9518844780797
136,Balazs Bela u,Balazs Bela u,Balazs Bela u__CPT5,Tertiary,MASW,12.95,301.7575919193504,4.0,330.04852512783776,317.6725277323417,316.87224480519546,323.7197391244928,323.7197391244928
137,Balazs Bela u,Balazs Bela u,Balazs Bela u__CPT7,Quaternary,MASW,1.55,218.61843680273475,4.0,207.7770867427783,203.26391975204214,195.87812321958924,204.7488816446541,204.7488816446541
138,Balazs Bela u,Balazs Bela u,Balazs Bela u__CPT7,Quaternary,MASW,2.5,243.5136525721244,4.0,222.70912973306645,220.91375077144934,216.04699402672168,221.3160615002172,221.3160615002172
139,Balazs Bela u,Balazs Bela u,Balazs Bela u__CPT7,Quaternary,MASW,3.25,173.9745978721373,4.0,176.51632615429224,200.450609961351,203.44933735420503,188.38270156551854,188.38270156551854
140,Balazs Bela u,Balazs Bela u,Balazs Bela u__CPT7,Quaternary,MASW,3.9,217.03384928200185,4.0,224.52495670013732,246.25718805763995,246.4145442590458,235.15515890413204,235.15515890413204
141,Balazs Bela u,Balazs Bela u,Balazs Bela u__CPT7,Quaternary,MASW,4.85,203.1240160584304,4.0,248.42830138587382,258.179949803897,261.65635397676704,253.59615720931419,253.59615720931419
142,Balazs Bela u,Balazs Bela u,Balazs Bela u__CPT7,Quaternary,MASW,6.25,184.60127439809037,4.0,237.16980611251216,242.6487773375208,244.15087995346173,240.04174298460168,240.04174298460168
143,Balazs Bela u,Balazs Bela u,Balazs Bela u__CPT7,Quaternary,MASW,7.35,165.4915602191897,4.0,225.04749383777826,229.57751891112702,233.77254225150392,227.7131880949026,227.7131880949026
144,Balazs Bela u,Balazs Bela u,Balazs Bela u__CPT7,Quaternary,MASW,7.85,192.86192210827696,4.0,253.2870784825714,247.9429523889495,251.43699791948876,250.95170051666338,250.95170051666338
145,Balazs Bela u,Balazs Bela u,Balazs Bela u__CPT7,Quaternary,MASW,9.0,247.33548914468648,4.0,254.1947676054201,256.62118292159374,257.47517267841994,255.48996110187497,255.48996110187497
146,Balazs Bela u,Balazs Bela u,Balazs Bela u__CPT7,Tertiary,MASW,10.75,273.0212382878847,4.0,275.628953157007,272.8922332549699,276.92340940697073,274.6596453801782,274.6596453801782
147,Balazs Bela u,Balazs Bela u,Balazs Bela u__CPT7,Tertiary,MASW,12.25,316.70687811949347,4.0,312.364432264518,312.53708695206814,313.0774485247737,312.50472692810246,312.50472692810246
148,Balazs Bela u,Balazs Bela u,Balazs Bela u__CPT7,Tertiary,MASW,13.5,335.72412127806666,4.0,357.93758382802594,331.8350846271311,341.5105721932624,345.63123808434153,345.63123808434153
149,Balazs Bela u,Balazs Bela u,Balazs Bela u__CPT7,Tertiary,MASW,14.5,276.8066629898324,4.0,349.2145591683706,335.5136042986148,335.12033673316904,342.25539525501455,342.25539525501455
996,Budapart,Budapart,Budapart__BOC.CPT2,Quaternary,MASW,1.35,314.9245011606354,2.0,179.53821378551794,178.67767847765137,180.5094371253531,179.7638771356484,179.7638771356484
997,Budapart,Budapart,Budapart__BOC.CPT2,Quaternary,MASW,2.35,242.44163571454845,2.0,199.05595889341592,213.6742733586781,213.82315588484258,210.7405333790174,210.7405333790174
998,Budapart,Budapart,Budapart__BOC.CPT2,Quaternary,MASW,3.5,157.9886140542735,2.0,243.1734413581565,241.9095311272394,241.7153876763438,242.0645940840834,242.0645940840834
999,Budapart,Budapart,Budapart__BOC.CPT2,Quaternary,MASW,4.5,176.10766844413888,2.0,275.1845956744846,297.5690785104645,286.91086866158577,287.65681269186916,287.65681269186916
1000,Budapart,Budapart,Budapart__BOC.CPT2,Quaternary,MASW,5.8,197.17858473558465,2.0,294.24944464906525,281.98974644043176,283.3467315628468,285.08359657766925,285.08359657766925
1001,Budapart,Budapart,Budapart__BOC.CPT2,Quaternary,MASW,7.1,239.2957443400448,2.0,278.7443100838618,281.55851671134315,279.98281367962636,280.206038131115,280.206038131115
1002,Budapart,Budapart,Budapart__BOC.CPT2,Quaternary,MASW,8.1,248.33418668783227,2.0,248.319440720344,251.54255903877643,254.29852579827477,252.26529543745892,252.26529543745892
1003,Budapart,Budapart,Budapart__BOC.CPT2,Quaternary,MASW,9.3,252.3328671626296,2.0,250.74474100620344,255.57964310759374,259.07478358751115,256.34025762593564,256.34025762593564
1004,Budapart,Budapart,Budapart__BOC.CPT2,Quaternary,MASW,10.5,274.25358161893274,2.0,272.43132823891966,263.3023249230482,265.1597809215335,266.0367559974997,266.0367559974997
1005,Budapart,Budapart,Budapart__BOC.CPT2,Quaternary,MASW,11.5,275.4542892028961,2.0,275.2847528617688,265.6723151141398,268.0985541687743,268.7865652533661,268.7865652533661
1006,Budapart,Budapart,Budapart__BOC.CPT2,Quaternary,MASW,12.65,294.5715165515109,2.0,299.05016904818416,288.45881297107803,287.1212986111783,289.8722615534956,289.8722615534956
1007,Budapart,Budapart,Budapart__BOC.CPT2,Quaternary,MASW,14.0,264.56409767953005,2.0,271.4547631215615,267.705460902908,273.5450199679981,271.36327297338323,271.36327297338323
1008,Budapart,Budapart,Budapart__BOC.CPT2,Quaternary,MASW,15.2,467.4323088011077,2.0,309.01659159023075,303.7100631291563,300.43043250491814,303.11405585616035,303.11405585616035
1009,Budapart,Budapart,Budapart__BOC.CPT2,Quaternary,MASW,16.2,487.9315323651389,2.0,291.4850954029279,289.149688737548,295.4208194715481,292.73903612750127,292.73903612750127
1010,Budapart,Budapart,Budapart__BOC.CPT2,Quaternary,MASW,17.085,534.8024694985974,2.0,334.19982842291654,326.7389035025539,328.3730219990128,329.0373763570122,329.0373763570122
1011,Budapart,Budapart,Budapart__BOG.CPT1,Quaternary,MASW,1.45,198.6866581464849,2.0,219.20500229480626,223.7372631599061,225.55902369950203,223.72869611492254,223.72869611492254
1012,Budapart,Budapart,Budapart__BOG.CPT1,Quaternary,MASW,2.45,174.2077326855875,2.0,196.97841563061934,192.70746040663795,193.06029829814267,193.73129113481647,193.73129113481647
1013,Budapart,Budapart,Budapart__BOG.CPT1,Quaternary,MASW,3.5,218.74548124871887,2.0,232.55475558950894,222.6704949782856,223.81999966330807,225.19217354436248,225.19217354436248
1014,Budapart,Budapart,Budapart__BOG.CPT1,Quaternary,MASW,4.5,224.91616831893225,2.0,243.5660726293219,237.52351689041038,237.92842774813235,238.92330329381932,238.92330329381932
1015,Budapart,Budapart,Budapart__BOG.CPT1,Quaternary,MASW,5.5,262.04744823605785,2.0,248.187992824312,247.8442737450394,245.8606813149154,246.91891533959355,246.91891533959355
1016,Budapart,Budapart,Budapart__BOG.CPT1,Quaternary,MASW,6.5,278.80618079788064,2.0,264.5665000427749,274.5900013252688,267.5076837937729,269.0174902450015,269.0174902450015
1017,Budapart,Budapart,Budapart__BOG.CPT1,Quaternary,MASW,7.35,226.6397771054856,2.0,221.8948640696785,239.5925442673672,241.65323607772902,236.95602047116068,236.95602047116068
1018,Budapart,Budapart,Budapart__BOG.CPT1,Quaternary,MASW,8.35,250.3457724284192,2.0,246.24092079083673,249.64828673626317,253.40213839527254,250.82785257276652,250.82785257276652
1019,Budapart,Budapart,Budapart__BOG.CPT1,Quaternary,MASW,9.5,247.64418117211255,2.0,253.7246822713156,256.27181248235416,256.352561549178,255.80063974878357,255.80063974878357
1020,Budapart,Budapart,Budapart__BOG.CPT1,Quaternary,MASW,10.5,282.2871895712367,2.0,270.1006774251076,262.494499422927,263.38657095889766,264.44661419072577,264.44661419072577
1021,Budapart,Budapart,Budapart__BOG.CPT1,Quaternary,MASW,11.5,262.47852224854205,2.0,273.5675695061474,263.33777470467544,267.4510415646371,267.41700318543144,267.41700318543144
1022,Budapart,Budapart,Budapart__BOG.CPT1,Quaternary,MASW,12.5,383.3651304293964,2.0,276.55462800519405,266.91341163519127,275.805258387377,273.2552885767628,273.2552885767628
1023,Budapart,Budapart,Budapart__BOG.CPT1,Quaternary,MASW,13.5,524.1579625234431,2.0,360.93814599731127,363.0888156987145,362.7109202249635,362.4688865055288,425.69405475295287
1024,Budapart,Budapart,Budapart__BOG.CPT1,Quaternary,MASW,14.89,550.1775271810608,2.0,373.05625485248567,384.71826978275345,397.0245903661441,388.4243177866041,425.3423985729354
1025,Budapart,Budapart,Budapart__BOG.CPT2,Quaternary,MASW,1.75,156.09949847531516,2.0,212.02265890263814,214.44663662226225,207.16584835057745,210.29614348157807,210.29614348157807
1026,Budapart,Budapart,Budapart__BOG.CPT2,Quaternary,MASW,3.35,199.45797632533723,2.0,246.988701637479,251.45377151585717,258.71826484750784,254.14783154725194,254.14783154725194
1027,Budapart,Budapart,Budapart__BOG.CPT2,Quaternary,MASW,4.7,245.37338826516856,2.0,276.0310494737946,299.76387652612755,296.64707428043624,293.3225223529317,293.3225223529317
1028,Budapart,Budapart,Budapart__BOG.CPT2,Quaternary,MASW,5.6,236.69771399156156,2.0,237.59994180276252,240.95043375472005,247.505124109906,243.5228271502332,243.5228271502332
1029,Budapart,Budapart,Budapart__BOG.CPT2,Quaternary,MASW,6.5,232.24896776381445,2.0,229.40972098613534,239.79774562429168,241.07468544123248,238.31517448093126,238.31517448093126
1030,Budapart,Budapart,Budapart__BOG.CPT2,Quaternary,MASW,7.5,250.35437496561337,2.0,246.31251829395404,252.4477348862137,252.18138398104787,251.07602959468164,251.07602959468164
1031,Budapart,Budapart,Budapart__BOG.CPT2,Quaternary,MASW,8.5,304.3331535968106,2.0,294.1037759764822,294.82934100545924,288.04167162338564,291.2721703857344,291.2721703857344
1032,Budapart,Budapart,Budapart__BOG.CPT2,Quaternary,MASW,9.5,285.5003637808965,2.0,277.0643047680563,271.82203602519013,278.32398845076455,276.1066289083055,276.1066289083055
1033,Budapart,Budapart,Budapart__BOG.CPT2,Quaternary,MASW,10.5,272.75596422944125,2.0,263.8079371735183,266.7183431679663,268.9550846814858,267.24729407263465,267.24729407263465
1034,Budapart,Budapart,Budapart__BOG.CPT2,Quaternary,MASW,11.95,412.2267261117577,2.0,308.1059418616753,294.2094935998186,297.391429614046,298.5391169154995,298.5391169154995
1035,Budapart,Budapart,Budapart__BOG.CPT3,Quaternary,MASW,1.6,190.75126081678476,2.0,217.2195994220453,225.9508091651762,224.28094632377523,223.34701980981976,223.34701980981976
1036,Budapart,Budapart,Budapart__BOG.CPT3,Quaternary,MASW,2.6,166.76722098028122,2.0,197.4200362685525,187.52639747155482,184.7508275454685,188.05728628394863,188.05728628394863
1037,Budapart,Budapart,Budapart__BOG.CPT3,Quaternary,MASW,4.0,215.41747286501064,2.0,234.229174210799,232.29374068935147,226.1922635077103,229.6034043168439,229.6034043168439
1038,Budapart,Budapart,Budapart__BOG.CPT3,Quaternary,MASW,5.4,260.93714504043294,2.0,264.400214915582,275.7301839859769,280.11988119947347,275.59391271284653,275.59391271284653
1039,Budapart,Budapart,Budapart__BOG.CPT3,Quaternary,MASW,6.5,269.6562030046544,2.0,268.63622841415713,271.4224228897772,273.2394138710756,271.76799210618157,271.76799210618157
1040,Budapart,Budapart,Budapart__BOG.CPT3,Quaternary,MASW,7.75,239.9973595537022,2.0,238.586401771355,248.87938425449042,250.1503183825564,247.415181476068,247.415181476068
1041,Budapart,Budapart,Budapart__BOG.CPT3,Quaternary,MASW,9.25,264.3478893337697,2.0,258.6375319789058,256.55746498419694,259.07824779881605,258.2314784939158,258.2314784939158
1042,Budapart,Budapart,Budapart__BOG.CPT3,Quaternary,MASW,10.5,260.10595577818225,2.0,256.7272153785593,257.24053850887356,259.95770751207345,258.4922663449469,258.4922663449469
1043,Budapart,Budapart,Budapart__BOG.CPT3,Quaternary,MASW,11.6,302.93970271584345,2.0,262.87016113068336,261.514643979189,261.9438535363801,261.99992578239187,261.99992578239187
1044,Budapart,Budapart,Budapart__BOG.CPT3,Quaternary,MASW,12.6,456.07858192523423,2.0,276.0720570273971,269.8877631926302,272.6352368241856,272.489919902137,272.489919902137
1045,Budapart,Budapart,Budapart__BOG.CPT3,Quaternary,MASW,13.675,482.60330611425417,2.0,302.7782519782195,276.1742621935901,283.011349209864,284.7618607269686,284.7618607269686
1046,Budapart,Budapart,Budapart__BOIJ.CPT1,Quaternary,MASW,1.5,182.62077604901256,2.0,195.3543778104316,181.23348018560657,181.57042085539348,184.14448169346045,184.14448169346045
1047,Budapart,Budapart,Budapart__BOIJ.CPT1,Quaternary,MASW,2.5,186.1021412498908,2.0,238.02280283182264,231.28708600129545,225.05846806226407,229.4651875456047,229.4651875456047
1048,Budapart,Budapart,Budapart__BOIJ.CPT1,Quaternary,MASW,3.5,176.45878234349587,2.0,221.06560138253963,226.58132575426376,229.56874831904594,226.94877935882124,226.94877935882124
1049,Budapart,Budapart,Budapart__BOIJ.CPT1,Quaternary,MASW,4.5,195.90551345445684,2.0,233.4360070280897,237.48169992450934,234.97536118498164,235.41480776035377,235.41480776035377
1050,Budapart,Budapart,Budapart__BOIJ.CPT1,Quaternary,MASW,5.5,210.2692476943019,2.0,242.1838773567962,249.59786075765157,244.08533851380272,245.3421404756519,245.3421404756519
1051,Budapart,Budapart,Budapart__BOIJ.CPT1,Quaternary,MASW,6.5,220.7469330930209,2.0,250.10748239584484,253.29716559985445,249.43555511387663,250.72267654139446,250.72267654139446
1052,Budapart,Budapart,Budapart__BOIJ.CPT1,Quaternary,MASW,7.5,208.8482131112298,2.0,244.9456807473766,248.68070748885341,248.88398181236926,248.03048275611735,248.03048275611735
1053,Budapart,Budapart,Budapart__BOIJ.CPT1,Quaternary,MASW,8.5,205.3530384795569,2.0,248.20418257522425,252.8281461649227,254.98833520086654,252.9703385391947,252.9703385391947
1054,Budapart,Budapart,Budapart__BOIJ.CPT1,Quaternary,MASW,9.5,211.8672348045849,2.0,255.20807709978968,257.8515397205905,262.9593815917166,259.85683028071185,259.85683028071185
1055,Budapart,Budapart,Budapart__BOIJ.CPT1,Quaternary,MASW,10.865,229.9427091755753,2.0,278.149745931238,263.14285264639744,270.387137920662,269.71569639356255,269.71569639356255
1056,Budapart,Budapart,Budapart__BOIJ.CPT3,Quaternary,MASW,2.0,178.06189884304365,2.0,193.24545505945267,204.05062510799186,200.76220164839427,200.20928351328683,200.20928351328683
1057,Budapart,Budapart,Budapart__BOIJ.CPT3,Quaternary,MASW,3.15,199.6152481747873,2.0,234.52465766319247,226.0808132626447,223.03761167699577,226.2069099188612,226.2069099188612
1058,Budapart,Budapart,Budapart__BOIJ.CPT3,Quaternary,MASW,4.4,238.65773298569488,2.0,272.9336719651042,283.37836119610967,273.54854059080805,276.33674010986454,276.33674010986454
1059,Budapart,Budapart,Budapart__BOIJ.CPT3,Quaternary,MASW,5.9,197.86134262656049,2.0,228.73824138364157,252.1804510456083,251.425165176155,246.93665037145107,246.93665037145107
1060,Budapart,Budapart,Budapart__BOIJ.CPT3,Quaternary,MASW,7.4,214.1691716756123,2.0,253.2926601615146,250.1283782317915,253.62493405554167,252.5046526067046,252.5046526067046
1061,Budapart,Budapart,Budapart__BOIJ.CPT3,Quaternary,MASW,8.5,204.9323330643595,2.0,255.51447802546716,254.95384112627784,253.72086134095196,254.44836174014594,254.44836174014594
1062,Budapart,Budapart,Budapart__BOIJ.CPT3,Quaternary,MASW,9.5,218.93893794126737,2.0,274.4042856954049,276.449728200622,279.87985114346156,277.74666013252084,277.74666013252084
1063,Budapart,Budapart,Budapart__BOIJ.CPT3,Quaternary,MASW,10.5,220.9834279376888,2.0,279.7761168979451,268.9946304894927,273.17011324613117,273.2132781898595,273.2132781898595
1064,Budapart,Budapart,Budapart__BOIJ.CPT3,Quaternary,MASW,11.62,268.46,2.0,286.41157607395166,270.59605215985755,277.84229567513813,277.3280063570107,277.3280063570107
1065,Budapart,Budapart,Budapart__BRE.CPT4,Quaternary,MASW,1.7000000000000002,153.52949138327185,2.0,192.1190381474252,198.83874983597684,203.36732283805148,199.71237375962068,199.71237375962068
1066,Budapart,Budapart,Budapart__BRE.CPT4,Quaternary,MASW,2.7,193.96732697418173,2.0,231.9182490560455,234.00090603767768,225.94572113326262,229.5272783565067,229.5272783565067
1067,Budapart,Budapart,Budapart__BRE.CPT4,Quaternary,MASW,4.1,215.077696284564,2.0,266.70030253194545,268.722758447828,272.12714639875975,270.0113188429306,270.0113188429306
1068,Budapart,Budapart,Budapart__BRE.CPT4,Quaternary,MASW,5.5,238.80464668674344,2.0,241.31050892113103,253.40663536886404,257.33546619330315,252.87766020617727,252.87766020617727
1069,Budapart,Budapart,Budapart__BRE.CPT4,Quaternary,MASW,6.5,245.3354627875698,2.0,244.06517446140356,250.19780309284633,253.48881467618213,250.59108170970643,250.59108170970643
1070,Budapart,Budapart,Budapart__BRE.CPT4,Quaternary,MASW,7.5,247.53147221052092,2.0,240.9362862986993,249.9356124949552,251.8718051752055,249.0684180218524,249.0684180218524
1071,Budapart,Budapart,Budapart__BRE.CPT4,Quaternary,MASW,8.5,272.4027350426088,2.0,263.7606580952606,259.5498439647886,264.44025460424785,262.8282349396864,262.8282349396864
1072,Budapart,Budapart,Budapart__BRE.CPT4,Quaternary,MASW,9.5,254.89844722125025,2.0,245.9613753913409,256.5230557619564,256.783861472699,254.5043247905328,254.5043247905328
1073,Budapart,Budapart,Budapart__BRE.CPT4,Quaternary,MASW,10.5,272.64323208484603,2.0,264.1904454660298,259.18876017070266,260.2837919071196,260.7304974498336,260.7304974498336
1074,Budapart,Budapart,Budapart__BRE.CPT4,Quaternary,MASW,11.5,280.9149843751927,2.0,267.2821888016553,262.99034370980115,265.0006675511492,264.849665399341,264.849665399341
1075,Budapart,Budapart,Budapart__BRE.CPT4,Quaternary,MASW,12.89,473.2222413447456,2.0,286.58849150154026,270.42132454148134,274.7104617067276,275.7411797754508,275.7411797754508
1076,Budapart,Budapart,Budapart__BRF.CPT2,Quaternary,MASW,1.6,183.13755001535216,2.0,222.0983060947854,230.2066656760063,232.86843276185428,229.8792268366275,229.8792268366275
1077,Budapart,Budapart,Budapart__BRF.CPT2,Quaternary,MASW,2.5,178.1407235440785,2.0,214.52860096802453,197.33695619604046,192.80575790440227,198.3442283448122,198.3442283448122
1078,Budapart,Budapart,Budapart__BRF.CPT2,Quaternary,MASW,3.5,203.95888690857916,2.0,236.16278499411084,233.3074188328681,238.78043572225246,236.60298923723172,236.60298923723172
1079,Budapart,Budapart,Budapart__BRF.CPT2,Quaternary,MASW,4.5,212.1688645121086,2.0,252.51686391145992,261.22686426805694,263.7536835274536,260.7130050069389,260.7130050069389
1080,Budapart,Budapart,Budapart__BRF.CPT2,Quaternary,MASW,5.5,278.6857150019483,2.0,284.371408852154,310.47647384572974,298.37363975855766,299.0652969983476,299.0652969983476
1081,Budapart,Budapart,Budapart__BRF.CPT2,Quaternary,MASW,6.75,231.1739523533905,2.0,243.89565513085992,251.50891737441148,255.9576078083316,252.1685088665898,252.1685088665898
1082,Budapart,Budapart,Budapart__BRF.CPT2,Quaternary,MASW,8.0,259.84204481191153,2.0,257.45709849863414,252.67669815500162,256.96162572420394,255.76709316247616,255.76709316247616
1083,Budapart,Budapart,Budapart__BRF.CPT2,Quaternary,MASW,9.0,260.8606967781626,2.0,258.76915939911385,254.2205589453674,257.02307392503843,256.52621924407697,256.52621924407697
1084,Budapart,Budapart,Budapart__BRF.CPT2,Quaternary,MASW,10.0,266.0650563384212,2.0,265.3534284918695,263.5730937787222,263.71201820586464,263.99774920009855,263.99774920009855
1085,Budapart,Budapart,Budapart__BRF.CPT2,Quaternary,MASW,11.0,269.6280434193707,2.0,272.60169932891785,264.5367832572224,266.0073188210644,266.8691209780936,266.8691209780936
1086,Budapart,Budapart,Budapart__BRF.CPT2,Quaternary,MASW,12.0,371.5950423468242,2.0,269.28234111408204,265.8290155133685,269.6645321674002,268.4319488229554,268.4319488229554
1087,Budapart,Budapart,Budapart__BRF.CPT2,Quaternary,MASW,12.925,491.7559209041706,2.0,323.26055881833213,293.3955174874681,299.3137958226304,302.141202599057,302.141202599057
1088,Budapart,Budapart,Budapart__BRG.CPT1,Quaternary,MASW,2.1,181.80561628891536,2.0,209.57336888915125,210.86846597513974,205.52456606736666,207.92302287766762,207.92302287766762
1089,Budapart,Budapart,Budapart__BRG.CPT1,Quaternary,MASW,3.15,190.555474102631,2.0,227.40933549498757,219.5288461274384,221.27266342300894,221.95913208620811,221.95913208620811
1090,Budapart,Budapart,Budapart__BRG.CPT1,Quaternary,MASW,4.4,222.7778845225797,2.0,257.73439083599135,270.045256017097,252.59840151576822,258.7502268215958,258.7502268215958
1091,Budapart,Budapart,Budapart__BRG.CPT1,Quaternary,MASW,5.5,217.6915332265952,2.0,238.73843109694454,257.0965224161816,254.17558330679134,251.87220385942382,251.87220385942382
1092,Budapart,Budapart,Budapart__BRG.CPT1,Quaternary,MASW,6.5,225.5612163020003,2.0,240.406011413562,240.18304345436195,240.04393213334626,240.15804185045744,240.15804185045744
1093,Budapart,Budapart,Budapart__BRG.CPT1,Quaternary,MASW,7.5,218.69912924404144,2.0,244.41715654534383,244.36435689961525,246.32035541704465,245.35100806109662,245.35100806109662
1094,Budapart,Budapart,Budapart__BRG.CPT1,Quaternary,MASW,8.5,210.47264817800425,2.0,244.62630406061524,250.03817307699973,254.31392557453722,251.06582268858966,251.06582268858966
1095,Budapart,Budapart,Budapart__BRG.CPT1,Quaternary,MASW,9.5,218.6399431603297,2.0,255.6000954600319,255.63756007003283,260.27276130303505,257.93718823329925,257.93718823329925
1096,Budapart,Budapart,Budapart__BRG.CPT1,Quaternary,MASW,10.5,222.56821807043863,2.0,259.5698589648364,261.92103896686245,262.22970219806433,261.60311353122916,261.60311353122916
1097,Budapart,Budapart,Budapart__BRG.CPT1,Quaternary,MASW,11.64,269.0433266736204,2.0,331.6693369341676,299.0824464856717,311.83183914236935,311.7730488052324,311.7730488052324
1098,Budapart,Budapart,Budapart__BRK.CPT1,Quaternary,MASW,1.4,187.3100343454764,2.0,195.2209618477157,203.8552669120146,203.31980705153106,201.83278601311503,201.83278601311503
1099,Budapart,Budapart,Budapart__BRK.CPT1,Quaternary,MASW,2.4,222.34084520729309,2.0,220.7648188537325,214.87419996860567,207.99185498076207,212.5516198044742,212.5516198044742
1100,Budapart,Budapart,Budapart__BRK.CPT1,Quaternary,MASW,3.5,252.56608898094157,2.0,252.29812964972743,259.7916008559332,266.704202764894,261.68887955976123,261.68887955976123
1101,Budapart,Budapart,Budapart__BRK.CPT1,Quaternary,MASW,4.5,244.96483679727447,2.0,277.4380115505683,288.93469986764444,293.79114091884003,288.996412164111,288.996412164111
1102,Budapart,Budapart,Budapart__BRK.CPT1,Quaternary,MASW,5.8,234.55662684429797,2.0,255.4144126480533,274.45320706481175,276.29752773087,271.44264123907914,271.44264123907914
1103,Budapart,Budapart,Budapart__BRK.CPT1,Quaternary,MASW,7.1,237.4367692279285,2.0,254.90958117424861,258.4791924584631,259.9539139704548,258.4955604683253,258.4955604683253
1104,Budapart,Budapart,Budapart__BRK.CPT1,Quaternary,MASW,8.1,218.54536943109616,2.0,235.96852962140517,253.6935409016587,254.59517692518833,250.48903886108755,250.48903886108755
1105,Budapart,Budapart,Budapart__BRK.CPT1,Quaternary,MASW,9.3,217.19009684022475,2.0,234.49302691402664,257.56195720359005,257.0670613963527,252.5304298883053,252.5304298883053
1106,Budapart,Budapart,Budapart__BRK.CPT1,Quaternary,MASW,10.5,241.63536774335344,2.0,259.50370928138955,261.42449533486797,263.90071501499085,262.2725754488572,262.2725754488572
1107,Budapart,Budapart,Budapart__BRK.CPT1,Quaternary,MASW,11.5,247.9246741046859,2.0,266.66300741965915,258.3248723415069,262.2425825184017,261.93529854782383,261.93529854782383
1108,Budapart,Budapart,Budapart__BRK.CPT1,Quaternary,MASW,12.8,266.2868371267044,2.0,288.6184287542276,276.72951963117157,283.1456648829831,282.28410004566257,282.28410004566257
1109,Budapart,Budapart,Budapart__BRK.CPT1,Quaternary,MASW,13.85,580.7534828026721,2.0,370.2237351556884,359.62581867511994,370.26718811712425,367.0335165147407,422.9433520678555
1110,Budapart,Budapart,Budapart__BRK.CPT2,Quaternary,MASW,1.4500000000000002,193.20265298831268,2.0,177.25755665272342,189.3065748297969,189.27893034740717,186.81932455538694,186.81932455538694
1111,Budapart,Budapart,Budapart__BRK.CPT2,Quaternary,MASW,2.3,168.6264078169069,2.0,150.4478463228167,172.89876162566898,168.8600006041303,166.1797698199016,166.1797698199016
1112,Budapart,Budapart,Budapart__BRK.CPT2,Quaternary,MASW,3.4,289.08835521167094,2.0,248.92907783003713,245.11664175461144,240.60646143973295,243.60186474354862,243.60186474354862
1113,Budapart,Budapart,Budapart__BRK.CPT2,Quaternary,MASW,4.45,232.40168051966785,2.0,256.7395929307063,257.50052260695276,258.37586945041596,257.78519980377047,257.78519980377047
1114,Budapart,Budapart,Budapart__BRK.CPT2,Quaternary,MASW,5.75,207.0452699782191,2.0,219.53943071848417,241.85143262140474,239.7699433369452,236.19161533800576,236.19161533800576
1115,Budapart,Budapart,Budapart__BRK.CPT2,Quaternary,MASW,7.1,239.6089866214836,2.0,247.1334315552142,251.22811711494555,251.31753244035164,250.44834515600834,250.44834515600834
1116,Budapart,Budapart,Budapart__BRK.CPT2,Quaternary,MASW,8.1,241.2747385799583,2.0,249.7018525772603,254.54530773086108,256.5736750241505,254.57744824161293,254.57744824161293
1117,Budapart,Budapart,Budapart__BRK.CPT2,Quaternary,MASW,9.3,240.69454175504325,2.0,247.06204735072558,255.68627050277232,252.59045520008073,252.3956685336854,252.3956685336854
1118,Budapart,Budapart,Budapart__BRK.CPT2,Quaternary,MASW,10.5,252.18399933673072,2.0,260.0350753125101,256.8683180335619,257.64456280173886,257.88735030973083,257.88735030973083
1119,Budapart,Budapart,Budapart__BRK.CPT2,Quaternary,MASW,11.69,274.8869914812007,2.0,290.7367468491683,283.57458758610994,279.83373693352104,283.1067434450946,283.1067434450946
1120,Budapart,Budapart,Budapart__BRL.CPT1,Quaternary,MASW,1.3,243.2255319206435,2.0,207.5566667199652,196.94510006890746,204.62507149923348,202.8664893157384,202.8664893157384
1121,Budapart,Budapart,Budapart__BRL.CPT1,Quaternary,MASW,2.2,213.2005697862587,2.0,177.59579371689014,177.96784480419507,177.8573026594296,177.83811575979004,177.83811575979004
1122,Budapart,Budapart,Budapart__BRL.CPT1,Quaternary,MASW,3.3,289.73113128281886,2.0,226.49171572073888,224.3693945092078,221.16862533841888,223.18310144376846,223.18310144376846
1123,Budapart,Budapart,Budapart__BRL.CPT1,Quaternary,MASW,4.3,338.56928750348965,2.0,255.39187701599795,269.754946847898,254.86675074700372,259.3515407668216,259.3515407668216
1124,Budapart,Budapart,Budapart__BRL.CPT1,Quaternary,MASW,5.4,285.5014863130366,2.0,277.16815833094626,305.2052696535019,292.9065282818218,293.28564127195926,293.28564127195926
1125,Budapart,Budapart,Budapart__BRL.CPT1,Quaternary,MASW,6.5,239.2302244442629,2.0,266.3383486102842,268.7640193665337,274.22047834513467,270.98672776817415,270.98672776817415
1126,Budapart,Budapart,Budapart__BRL.CPT1,Quaternary,MASW,7.5,211.1738880050509,2.0,236.06215512781915,249.47408215794943,248.48822341637012,246.24408611212584,246.24408611212584
1127,Budapart,Budapart,Budapart__BRL.CPT1,Quaternary,MASW,8.5,224.1113002582659,2.0,248.74144752115836,253.17566573164214,253.81125122170138,252.5990161522966,252.5990161522966
1128,Budapart,Budapart,Budapart__BRL.CPT1,Quaternary,MASW,9.5,231.07340702137225,2.0,255.96993781266792,256.82405704033096,259.8380135907226,258.15458748418075,258.15458748418075
1129,Budapart,Budapart,Budapart__BRL.CPT1,Quaternary,MASW,10.5,231.81821956276607,2.0,256.00557864464866,258.25502484579386,261.6304788176666,259.4828671062906,259.4828671062906
1130,Budapart,Budapart,Budapart__BRL.CPT1,Quaternary,MASW,11.5,249.69829106615344,2.0,278.97907162974883,266.40919321895444,269.6978211782775,270.53147855252047,270.53147855252047
1131,Budapart,Budapart,Budapart__BRL.CPT1,Quaternary,MASW,12.5,254.4720832517515,2.0,287.8927447947249,269.88624727365453,278.5558252494991,277.7515511010946,277.7515511010946
1132,Budapart,Budapart,Budapart__BRL.CPT1,Quaternary,MASW,13.5,254.0133183260768,2.0,288.9709500313366,271.3313325816307,276.97340269686777,277.61303542206986,277.61303542206986
1133,Budapart,Budapart,Budapart__BRL.CPT1,Quaternary,MASW,14.92,267.7981267304003,2.0,320.9707092583087,311.3203903333924,310.19504804240415,312.6603289675995,312.6603289675995
1134,Budapart,Budapart,Budapart__BRL.CPT2,Quaternary,MASW,1.3,247.0019124481507,2.0,216.33992096450237,221.21298243094242,224.6159710082207,221.91713305315022,221.91713305315022
1135,Budapart,Budapart,Budapart__BRL.CPT2,Quaternary,MASW,2.0,214.60226635596624,2.0,189.2416880807512,189.526183347494,189.50640564019457,189.4593639581944,189.4593639581944
1136,Budapart,Budapart,Budapart__BRL.CPT2,Quaternary,MASW,2.95,276.37887766946614,2.0,230.70680540340194,224.11651906295756,221.14822073492294,223.92158854170674,223.92158854170674
1137,Budapart,Budapart,Budapart__BRL.CPT2,Quaternary,MASW,4.0,319.1356120031349,2.0,266.1991187812246,279.28223705084986,268.8833295263615,271.4165061568032,271.4165061568032
1138,Budapart,Budapart,Budapart__BRL.CPT2,Quaternary,MASW,5.0,279.98277319772546,2.0,268.4058442314942,291.0122893170828,287.72852003711364,284.7234571841713,284.7234571841713
1139,Budapart,Budapart,Budapart__BRL.CPT2,Quaternary,MASW,6.0,239.579304108149,2.0,263.9964036244424,269.0577378059561,282.7702310643483,274.7831459512178,274.7831459512178
1140,Budapart,Budapart,Budapart__BRL.CPT2,Quaternary,MASW,7.0,221.3203923675362,2.0,246.42557009187405,250.5241983604052,251.52417026498833,250.19689795826326,250.19689795826326
1141,Budapart,Budapart,Budapart__BRL.CPT2,Quaternary,MASW,8.15,226.4721804201633,2.0,249.57155686652834,257.096151009548,256.9737700387182,255.51246287472048,255.51246287472048
1142,Budapart,Budapart,Budapart__BRL.CPT2,Quaternary,MASW,9.15,224.46344614457132,2.0,246.15638420985601,252.1910823362418,255.11144931608678,252.42136648650134,252.42136648650134
1143,Budapart,Budapart,Budapart__BRL.CPT2,Quaternary,MASW,10.0,223.2821304497248,2.0,246.1479007745871,255.88363359191754,258.79512170127435,255.3465666714955,255.3465666714955
1144,Budapart,Budapart,Budapart__BRL.CPT2,Quaternary,MASW,11.0,241.2961957759113,2.0,267.8765965649608,263.93333611395303,264.4719335750999,264.9872779107337,264.9872779107337
1145,Budapart,Budapart,Budapart__BRL.CPT2,Quaternary,MASW,12.0,270.7768319074563,2.0,301.46443583954664,293.5871780069655,291.04766244845115,293.86671632841825,293.86671632841825
1146,Budapart,Budapart,Budapart__BRL.CPT2,Quaternary,MASW,13.0,257.5041066260121,2.0,290.34891539730097,270.909488323513,276.44440944731673,277.4822530933276,277.4822530933276
1147,Budapart,Budapart,Budapart__BRL.CPT2,Quaternary,MASW,14.0,245.48858678688,2.0,279.9327762791741,267.6727933341569,273.73324506954714,273.1214393874346,273.1214393874346
1148,Budapart,Budapart,Budapart__BRL.CPT2,Quaternary,MASW,15.0,257.4244137412403,2.0,296.7745448162013,286.71185491276435,286.4257067657378,288.55261958668314,288.55261958668314
1149,Budapart,Budapart,Budapart__BRL.CPT2,Quaternary,MASW,16.2,258.2191124468668,2.0,303.5702935737056,296.6317233825729,303.19981491217317,301.2878362977496,301.2878362977496
1150,Budapart,Budapart,Budapart__BRL.CPT2,Quaternary,MASW,17.18,576.0,2.0,316.0121822360868,303.1530673658834,314.1106703651242,311.15780550236303,311.15780550236303
1151,Budapart,Budapart,Budapart__BRL.CPT3,Quaternary,MASW,1.45,281.3032448201237,2.0,212.9584253287056,213.61927272260462,219.70513535895142,216.5066294918216,216.5066294918216
1152,Budapart,Budapart,Budapart__BRL.CPT3,Quaternary,MASW,2.45,218.07727993031943,2.0,162.65305392248928,173.47945564276296,174.33721516085618,171.68087250146496,171.68087250146496
1153,Budapart,Budapart,Budapart__BRL.CPT3,Quaternary,MASW,3.4,245.3407359744841,2.0,184.964761609451,194.01515843607936,189.88184566115953,190.1123019419439,190.1123019419439
1154,Budapart,Budapart,Budapart__BRL.CPT3,Quaternary,MASW,4.4,345.2535848560474,2.0,237.54538178749158,231.1653241452788,231.46330729740188,232.57723441916937,232.57723441916937
1155,Budapart,Budapart,Budapart__BRL.CPT3,Quaternary,MASW,5.5,219.6144105090756,2.0,239.7328027786911,249.33461304941966,244.42082056069228,244.93416249449757,244.93416249449757
1156,Budapart,Budapart,Budapart__BRL.CPT3,Quaternary,MASW,6.75,257.8681816149979,2.0,282.47198861238695,289.15293466485707,283.0867704581879,284.76928560502364,284.76928560502364
1157,Budapart,Budapart,Budapart__BRL.CPT3,Quaternary,MASW,8.25,246.5712190506611,2.0,272.9755013834604,262.0837768730539,261.4306627037429,263.89735536858575,263.89735536858575
1158,Budapart,Budapart,Budapart__BRL.CPT3,Quaternary,MASW,9.5,206.6190105374448,2.0,225.8662741612304,256.2225939476486,257.6189136358693,250.5211386220204,250.5211386220204
1159,Budapart,Budapart,Budapart__BRL.CPT3,Quaternary,MASW,10.75,239.68851703269823,2.0,263.6176235028627,257.25173653198806,266.48654247389993,263.11161703491655,263.11161703491655
1160,Budapart,Budapart,Budapart__BRL.CPT3,Quaternary,MASW,12.0,214.49067248994888,2.0,235.17097811139783,257.64109778349825,262.2290882264349,255.22412280719186,255.22412280719186
1161,Budapart,Budapart,Budapart__BRL.CPT3,Quaternary,MASW,12.9,236.554475306871,2.0,262.3183921715381,263.48955655088474,269.8356968337473,266.4062881345507,266.4062881345507
1162,Budapart,Budapart,Budapart__BRL.CPT3,Quaternary,MASW,13.7,264.1683893374926,2.0,296.336265603054,273.8784704045313,281.98857080014625,282.31898374709215,282.31898374709215
1163,Budapart,Budapart,Budapart__BRL.CPT3,Quaternary,MASW,14.55,258.6225122143188,2.0,292.63275223406515,276.1711382272154,281.76842401347136,282.2046950083151,282.2046950083151
1164,Budapart,Budapart,Budapart__BRL.CPT3,Quaternary,MASW,15.5,255.62796351386152,2.0,293.3797679742281,282.59720207139276,293.73968277991014,290.2803915540209,290.2803915540209
1165,Budapart,Budapart,Budapart__BRL.CPT3,Quaternary,MASW,16.45,273.3555943775335,2.0,319.37900410572854,311.37792285953947,321.2609795128823,317.88981032890155,317.88981032890155
1166,Budapart,Budapart,Budapart__BRL.CPT3,Quaternary,MASW,17.485,575.9999999999999,2.0,367.6939934403179,387.88620370744934,378.74955464420555,379.2142706249188,422.6843217208448
1167,Budapart,Budapart,Budapart__BRL.CPT4,Quaternary,MASW,1.5,229.8839304448362,2.0,207.51878367484406,204.87597291262242,200.9820846439326,203.44052344930387,203.44052344930387
1168,Budapart,Budapart,Budapart__BRL.CPT4,Quaternary,MASW,2.45,304.66516443700505,2.0,257.0912854130712,252.48684372474295,242.70899708073176,248.44601488308203,248.44601488308203
1169,Budapart,Budapart,Budapart__BRL.CPT4,Quaternary,MASW,3.45,270.0293455242649,2.0,225.021973786144,226.29241418939193,225.29758818167235,225.54035307873536,225.54035307873536
1170,Budapart,Budapart,Budapart__BRL.CPT4,Quaternary,MASW,4.5,302.9616692137099,2.0,242.66915876584267,257.1159928885684,250.8506269317764,251.04364941965125,251.04364941965125
1171,Budapart,Budapart,Budapart__BRL.CPT4,Quaternary,MASW,5.5,239.1401527047529,2.0,272.6403982122546,299.1859655361408,291.17736554453256,289.72049124155853,289.72049124155853
1172,Budapart,Budapart,Budapart__BRL.CPT4,Quaternary,MASW,6.6,256.6034776043064,2.0,284.7568418140225,291.4112790213976,288.29099408571955,288.5109351729481,288.5109351729481
1173,Budapart,Budapart,Budapart__BRL.CPT4,Quaternary,MASW,7.85,231.92321239130428,2.0,258.2477024171074,256.03690332807116,260.9147400250456,258.9091329864392,258.9091329864392
1174,Budapart,Budapart,Budapart__BRL.CPT4,Quaternary,MASW,8.9,210.32168985582655,2.0,231.47525419558323,249.02622229089914,253.93039207119523,247.81739055724927,247.81739055724927
1175,Budapart,Budapart,Budapart__BRL.CPT4,Quaternary,MASW,9.9,188.3373746118845,2.0,208.71252319570092,245.115575335469,246.87079399037444,238.2077193649239,238.2077193649239
1176,Budapart,Budapart,Budapart__BRL.CPT4,Quaternary,MASW,11.0,224.39902409090905,2.0,254.9864276030645,257.3214082632726,262.2488271206538,259.30026822920786,259.30026822920786
1177,Budapart,Budapart,Budapart__BRL.CPT4,Quaternary,MASW,12.0,240.54305439735293,2.0,271.34248421784173,263.2315479157061,268.04024257452164,267.24214060623103,267.24214060623103
1178,Budapart,Budapart,Budapart__BRL.CPT4,Quaternary,MASW,13.0,268.668214410446,2.0,304.46649493162454,288.79406933322895,292.84326687289416,293.901636390131,293.901636390131
1179,Budapart,Budapart,Budapart__BRL.CPT4,Quaternary,MASW,14.0,279.4546737783115,2.0,320.58198419067963,302.6480305998861,305.411557025723,307.54729509710666,307.54729509710666
1180,Budapart,Budapart,Budapart__BRL.CPT4,Quaternary,MASW,15.0,263.5582549871305,2.0,306.50565258817255,296.06689747551076,300.99705374699397,300.59778475813795,300.59778475813795
1181,Budapart,Budapart,Budapart__BRL.CPT4,Quaternary,MASW,16.08,270.7963110706171,2.0,319.97736962019286,314.82235311879316,319.87412743223115,318.3706895838901,318.3706895838901
219,Dunaterasz,Dunaterasz,Dunaterasz__CPT1,Quaternary,MASW,1.5,233.01496865580825,5.0,233.1321448924998,200.13698235053047,215.4017104675225,214.2436168943708,214.2436168943708
220,Dunaterasz,Dunaterasz,Dunaterasz__CPT1,Quaternary,MASW,2.65,161.46583675030033,5.0,229.73773316124633,204.1116029701869,211.57594218847032,214.2718083111955,214.2718083111955
221,Dunaterasz,Dunaterasz,Dunaterasz__CPT1,Quaternary,MASW,3.9,163.01239029095743,5.0,222.44928637615695,210.7787040335533,211.43204034435055,214.92505400303133,214.92505400303133
222,Dunaterasz,Dunaterasz,Dunaterasz__CPT1,Quaternary,MASW,4.75,193.26324287162743,5.0,221.90291761312653,210.72883397052706,215.36535324408172,215.5102872335645,215.5102872335645
223,Dunaterasz,Dunaterasz,Dunaterasz__CPT1,Quaternary,MASW,5.6,210.21097857471867,5.0,245.44219561427303,263.30832690214396,254.55608575904034,255.18079933666658,255.18079933666658
224,Dunaterasz,Dunaterasz,Dunaterasz__CPT1,Quaternary,MASW,6.85,189.28960459252335,5.0,245.60112175377068,252.57766757243752,254.47568675006897,250.4883932153959,250.4883932153959
225,Dunaterasz,Dunaterasz,Dunaterasz__CPT1,Quaternary,MASW,8.0,246.14239114562568,5.0,256.4988185673797,261.82555882676127,263.4700605984943,260.2744581766841,260.2744581766841
226,Dunaterasz,Dunaterasz,Dunaterasz__CPT1,Quaternary,MASW,9.0,242.36010701922967,5.0,251.28689294125869,251.2913853267426,249.9616444053119,251.0233017523741,251.0233017523741
227,Dunaterasz,Dunaterasz,Dunaterasz__CPT1,Quaternary,MASW,10.0,260.6009835718683,5.0,272.6879949017443,292.3260641160812,286.666907882338,284.18360000418636,284.18360000418636
228,Dunaterasz,Dunaterasz,Dunaterasz__CPT1,Quaternary,MASW,11.15,322.7997524378964,5.0,307.52745880472895,353.3071065956704,324.64470056595445,330.90977502166083,330.90977502166083
229,Dunaterasz,Dunaterasz,Dunaterasz__CPT1,Quaternary,MASW,12.35,401.7820453738461,5.0,365.333839737433,520.1536668970533,481.4869281907894,452.60319429507524,452.60319429507524
230,Dunaterasz,Dunaterasz,Dunaterasz__CPT1,Quaternary,MASW,13.25,412.5906561194893,5.0,379.5269387459625,517.9793829569721,508.7348117551317,462.88575642596373,462.88575642596373
231,Dunaterasz,Dunaterasz,Dunaterasz__CPT1,Quaternary,MASW,13.95,350.4190840317688,5.0,332.56904148501434,498.8087819764185,451.062861214677,424.2055943316203,424.2055943316203
232,Dunaterasz,Dunaterasz,Dunaterasz__CPT1,Quaternary,MASW,14.65,377.4406562832872,5.0,357.9184183592858,536.7043417010611,527.3607770347433,464.1162565054251,464.1162565054251
233,Dunaterasz,Dunaterasz,Dunaterasz__CPT1,Quaternary,MASW,15.5,391.6336238720198,5.0,357.0867603989328,500.8014289960623,500.40132949083716,444.8196915538968,444.8196915538968
251,Dunaterasz,Dunaterasz,Dunaterasz__CPT3,Quaternary,MASW,1.5,243.6522670525204,5.0,223.8143155340785,201.6589949160372,202.97849573789622,209.4250735372672,209.4250735372672
252,Dunaterasz,Dunaterasz,Dunaterasz__CPT3,Quaternary,MASW,2.5,164.52161984464115,5.0,219.80749875527908,209.4067422984023,206.00158926771056,212.29256675197576,212.29256675197576
253,Dunaterasz,Dunaterasz,Dunaterasz__CPT3,Quaternary,MASW,3.5,140.1436187015576,5.0,199.81646807266753,201.52002480994898,203.49207643520836,201.3138440128234,201.3138440128234
254,Dunaterasz,Dunaterasz,Dunaterasz__CPT3,Quaternary,MASW,5.25,189.96998362234584,5.0,212.36833281533004,219.3200584918123,222.19901501158714,217.42781420555127,217.42781420555127
255,Dunaterasz,Dunaterasz,Dunaterasz__CPT3,Quaternary,MASW,7.5,280.89288071320817,5.0,250.46543075248707,248.64048480625829,250.96043214173105,249.74115046473108,249.74115046473108
256,Dunaterasz,Dunaterasz,Dunaterasz__CPT3,Quaternary,MASW,9.5,290.1925091008787,5.0,254.30277415605684,251.99892612072085,251.70048820227137,252.742982660754,252.742982660754
257,Dunaterasz,Dunaterasz,Dunaterasz__CPT3,Quaternary,MASW,11.25,308.0070638324241,5.0,299.06745487047647,322.84755980419226,318.23322123213336,313.41312940383716,313.41312940383716
258,Dunaterasz,Dunaterasz,Dunaterasz__CPT3,Tertiary,MASW,13.0,302.338687860811,5.0,282.4893941064499,315.9338463925776,311.77010795487433,302.99531675206407,302.657194199038
259,Dunaterasz,Dunaterasz,Dunaterasz__CPT3,Tertiary,MASW,15.0,421.9515002325058,5.0,368.8505546041738,461.43629781747626,442.1806639473192,423.0268108301104,425.7559294121848
260,Dunaterasz,Dunaterasz,Dunaterasz__CPT3,Tertiary,MASW,16.5,434.4731468104367,5.0,328.69556238622,370.11954993857785,364.7064812568381,354.01401207425045,351.35724065607184
261,Dunaterasz,Dunaterasz,Dunaterasz__CPT3,Tertiary,MASW,17.5,449.12414076315633,5.0,347.760415038028,359.24424449712984,353.05840901581615,353.95070477912043,351.79254027894945
234,Dunaterasz,Dunaterasz,Dunaterasz__CPT7,Quaternary,MASW,1.5,341.41245087622747,5.0,234.99710765941927,226.49763706214904,225.72370712113525,229.2798927006813,229.2798927006813
235,Dunaterasz,Dunaterasz,Dunaterasz__CPT7,Quaternary,MASW,2.5,167.41803185818335,5.0,194.86123018807436,184.19370433978833,182.7735756685418,187.5686434953839,187.5686434953839
236,Dunaterasz,Dunaterasz,Dunaterasz__CPT7,Quaternary,MASW,3.5,169.2805907738425,5.0,202.4235368336738,206.92517005162946,205.5622291693314,205.06711008228007,205.06711008228007
237,Dunaterasz,Dunaterasz,Dunaterasz__CPT7,Quaternary,MASW,4.5,209.3771254247548,5.0,209.38231553813304,210.95645301544658,213.60979747784384,210.9307999340862,210.9307999340862
238,Dunaterasz,Dunaterasz,Dunaterasz__CPT7,Quaternary,MASW,5.5,254.79265277134243,5.0,241.3762756012907,236.6626700783704,235.939409031651,238.1560360367383,238.1560360367383
239,Dunaterasz,Dunaterasz,Dunaterasz__CPT7,Quaternary,MASW,6.5,246.1751443855289,5.0,236.4801997698198,229.4597761042124,231.65574072194585,232.3350552680711,232.3350552680711
240,Dunaterasz,Dunaterasz,Dunaterasz__CPT7,Quaternary,MASW,7.5,234.7209428058546,5.0,224.58397297753825,222.88754745245973,228.42748286036894,224.57988206154312,224.57988206154312
241,Dunaterasz,Dunaterasz,Dunaterasz__CPT7,Quaternary,MASW,8.25,243.5669812326419,5.0,241.66514475205278,242.67019325536137,240.47661926513211,241.87828109979188,241.87828109979188
242,Dunaterasz,Dunaterasz,Dunaterasz__CPT7,Quaternary,MASW,8.9,252.1126054825733,5.0,247.09725532775346,242.46675880655602,240.10278550198433,243.59967545747415,243.59967545747415
243,Dunaterasz,Dunaterasz,Dunaterasz__CPT7,Quaternary,MASW,9.95,256.3556830690226,5.0,257.2829137199032,247.41299438938046,248.7082554930445,251.08571124332266,251.08571124332266
244,Dunaterasz,Dunaterasz,Dunaterasz__CPT7,Quaternary,MASW,11.05,288.57899310866173,5.0,308.40444410246903,302.80019594349005,300.48297627168006,304.2821403430432,304.2821403430432
245,Dunaterasz,Dunaterasz,Dunaterasz__CPT7,Quaternary,MASW,12.0,295.9273911577772,5.0,291.6540073702564,288.5849446690463,287.8976535456214,289.517325748408,289.517325748408
246,Dunaterasz,Dunaterasz,Dunaterasz__CPT7,Tertiary,MASW,13.0,259.40578487448937,5.0,268.3790654818613,265.3808756005549,267.38234809219944,266.82707748587444,264.6734924940538
247,Dunaterasz,Dunaterasz,Dunaterasz__CPT7,Tertiary,MASW,14.0,254.7858427540241,5.0,268.0364950148626,249.00097035812865,252.82970243580976,256.2854566346814,255.2860662380663
248,Dunaterasz,Dunaterasz,Dunaterasz__CPT7,Tertiary,MASW,15.0,321.06754082146693,5.0,289.4185350537695,280.6268508595221,282.9121434817683,284.1336611458209,278.60453795772133
249,Dunaterasz,Dunaterasz,Dunaterasz__CPT7,Tertiary,MASW,16.0,447.3862948626886,5.0,389.2501435290848,416.96263705639126,407.6229954642228,405.2056777067882,402.2929098728213
250,Dunaterasz,Dunaterasz,Dunaterasz__CPT7,Tertiary,MASW,17.355,485.3425983295048,5.0,401.21838883361795,456.0776988505752,462.3012305081396,437.2559992223918,447.1129674087224
478,Dévai 14,Dévai 14,Dévai 14__SCPTu1,Quaternary,SCPT,1.25,217.0,2.0,196.77759279247425,180.1159238150833,180.29369385194698,183.42183333776674,183.42183333776674
479,Dévai 14,Dévai 14,Dévai 14__SCPTu1,Quaternary,SCPT,2.0,240.0,2.0,209.7789905945729,199.06448716531756,193.93579600272273,198.55440369039457,198.55440369039457
480,Dévai 14,Dévai 14,Dévai 14__SCPTu1,Quaternary,SCPT,3.0,159.0,2.0,216.76874807066963,201.76487426399285,202.35595661227333,204.97976867290487,204.97976867290487
481,Dévai 14,Dévai 14,Dévai 14__SCPTu1,Quaternary,SCPT,4.15,205.0,2.0,226.64445249604967,212.4085414989848,211.95455482975066,214.95224665446992,214.95224665446992
482,Dévai 14,Dévai 14,Dévai 14__SCPTu1,Quaternary,SCPT,5.15,160.0,2.0,223.7444293530541,230.44541000600825,230.1514293814681,228.9431759715113,228.9431759715113
483,Dévai 14,Dévai 14,Dévai 14__SCPTu1,Quaternary,SCPT,6.25,375.0,2.0,259.74283989083006,260.7479564235839,266.79928167794407,263.5526084579318,263.5526084579318
484,Dévai 14,Dévai 14,Dévai 14__SCPTu1,Quaternary,SCPT,7.5,440.0,2.0,291.9120816367094,296.1893889546447,292.0480117768015,293.25700151520954,293.25700151520954
485,Dévai 14,Dévai 14,Dévai 14__SCPTu1,Quaternary,SCPT,8.5,405.0,2.0,294.7607141490856,293.86093616307335,288.1554858835195,291.17221041304714,291.17221041304714
486,Dévai 14,Dévai 14,Dévai 14__SCPTu1,Quaternary,SCPT,9.5,333.0,2.0,309.0865561803318,298.96977948577916,294.4517043502919,298.6835102559206,298.6835102559206
487,Dévai 14,Dévai 14,Dévai 14__SCPTu1,Quaternary,SCPT,10.25,358.0,2.0,324.6586114649493,309.6464051014826,302.9404455024446,309.18885284809085,309.18885284809085
488,Dévai 14,Dévai 14,Dévai 14__SCPTu1,Tertiary,SCPT,11.0,391.0,2.0,314.3055974461044,306.7212567087938,298.15200113142237,303.88722957118756,306.03004521273203
489,Dévai 14,Dévai 14,Dévai 14__SCPTu1,Tertiary,SCPT,12.0,472.0,2.0,331.5793679387349,326.5514441888644,308.89242495730554,318.5712734544466,322.6634724067472
490,Dévai 14,Dévai 14,Dévai 14__SCPTu1,Tertiary,SCPT,13.0,475.0,2.0,348.93109232327924,339.8499873989951,318.39223577743655,330.6856473375759,333.2089012222977
491,Dévai 14,Dévai 14,Dévai 14__SCPTu1,Tertiary,SCPT,14.0,596.0,2.0,353.37927820862564,352.99678516748537,343.11717298378665,348.0973109871985,351.02494534741317
492,Dévai 14,Dévai 14,Dévai 14__SCPTu1,Tertiary,SCPT,15.0,598.0,2.0,379.2798010492556,397.53271627818424,389.6835501165576,389.90593177353,427.1585485229583
493,Dévai 14,Dévai 14,Dévai 14__SCPTu1,Tertiary,SCPT,16.0,600.0,2.0,383.9485775035201,411.74132398557504,407.2195774460786,403.79066456199354,427.86372947023926
494,Dévai 14,Dévai 14,Dévai 14__SCPTu1,Tertiary,SCPT,17.0,601.0,2.0,385.3898622420622,430.3653545697662,414.1809501744849,412.97742116596766,432.0824278054852
495,Dévai 14,Dévai 14,Dévai 14__SCPTu1,Tertiary,SCPT,18.105,602.0,2.0,390.6802222924857,410.60860649017974,401.6383473180851,402.07797623262434,423.427440258607
64,Futo u,Futo u,Futo u__CPT1,Quaternary,SCPT,2.5,261.0,3.0,264.9886474400604,246.9152022741781,233.0357459157456,255.05349836678664,255.05349836678664
65,Futo u,Futo u,Futo u__CPT1,Quaternary,SCPT,3.45,350.0,3.0,254.30864322154818,246.9263488407972,234.92824722306608,249.9669942374348,249.9669942374348
66,Futo u,Futo u,Futo u__CPT1,Quaternary,SCPT,4.35,195.0,3.0,233.05765536919398,247.22231739287366,250.7414998861601,240.20522516978187,240.20522516978187
67,Futo u,Futo u,Futo u__CPT1,Quaternary,SCPT,5.25,350.0,3.0,268.4152135851059,267.1145355318048,278.6707523183059,268.33172222116184,268.33172222116184
68,Futo u,Futo u,Futo u__CPT1,Quaternary,SCPT,6.65,310.0,3.0,293.8177027834324,280.5905417389785,282.00066428757145,287.19994236116486,287.19994236116486
69,Futo u,Futo u,Futo u__CPT1,Quaternary,SCPT,7.55,446.0,3.0,297.7775919765646,296.3211753542687,301.7921299237735,297.32033382214405,297.32033382214405
70,Futo u,Futo u,Futo u__CPT1,Tertiary,SCPT,8.5,284.0,3.0,281.63325732462886,259.3344969746738,260.4877656490236,270.31395484853164,270.31395484853164
71,Futo u,Futo u,Futo u__CPT1,Tertiary,SCPT,9.5,243.0,3.0,282.65552652520097,265.34060727699057,266.5867328628519,273.9254228256754,273.9254228256754
72,Futo u,Futo u,Futo u__CPT1,Tertiary,SCPT,10.5,333.0,3.0,299.3288291147641,290.7756706833818,302.7712218676974,295.61817588743764,295.61817588743764
73,Futo u,Futo u,Futo u__CPT1,Tertiary,SCPT,11.5,276.0,3.0,328.9162731129877,313.64580955852665,330.5231323287178,322.033122934598,322.033122934598
74,Futo u,Futo u,Futo u__CPT1,Tertiary,SCPT,12.5,430.0,3.0,359.01247843432947,349.5780936245983,358.92299453383424,354.73147964870486,354.73147964870486
75,Futo u,Futo u,Futo u__CPT1,Tertiary,SCPT,13.5,366.0,3.0,320.63888610662264,316.3075081499682,317.9426655172955,318.54794775043547,318.54794775043547
76,Futo u,Futo u,Futo u__CPT1,Tertiary,SCPT,14.5,341.0,3.0,325.66246781546084,337.15643058590905,332.9668761415547,331.1525149717974,331.1525149717974
77,Futo u,Futo u,Futo u__CPT1,Tertiary,SCPT,15.5,435.0,3.0,336.0243409036016,364.9399029482382,356.71973819172007,349.78512323262447,349.78512323262447
78,Futo u,Futo u,Futo u__CPT1,Tertiary,SCPT,16.5,369.0,3.0,356.85181839531737,392.8549137486175,386.63941208409847,374.1224316752751,374.1224316752751
79,Futo u,Futo u,Futo u__CPT1,Tertiary,SCPT,17.5,481.0,3.0,415.9501119027813,470.43186921241454,467.60667495722254,442.21980491753703,452.4993223297201
80,Futo u,Futo u,Futo u__CPT2,Quaternary,SCPT,1.8,170.0,3.0,163.7247321958601,165.90097344684523,191.33470734959874,165.98882575002668,165.98882575002668
81,Futo u,Futo u,Futo u__CPT2,Quaternary,SCPT,3.3,310.0,3.0,249.1928677065349,240.55194172657573,239.75962436213325,244.79390286963118,244.79390286963118
82,Futo u,Futo u,Futo u__CPT2,Quaternary,SCPT,4.5,230.0,3.0,223.50908607273615,207.30924139234548,216.89366906360831,215.74380463410313,215.74380463410313
83,Futo u,Futo u,Futo u__CPT2,Quaternary,SCPT,5.55,378.0,3.0,233.31148688103352,233.06123495471658,237.83956425408664,233.4230746321324,233.4230746321324
84,Futo u,Futo u,Futo u__CPT2,Quaternary,SCPT,7.15,289.0,3.0,297.89315142717084,282.52545400680833,279.31497274924106,289.9418341889397,289.9418341889397
85,Futo u,Futo u,Futo u__CPT2,Tertiary,SCPT,8.85,319.0,3.0,268.7689427629006,256.38739041883076,254.09277335064485,262.3872060217703,262.3872060217703
86,Futo u,Futo u,Futo u__CPT2,Tertiary,SCPT,10.0,225.0,3.0,286.47829450165904,265.95262237332145,269.77647178180246,276.22182441862316,276.22182441862316
87,Futo u,Futo u,Futo u__CPT2,Tertiary,SCPT,11.0,180.0,3.0,287.5715054839929,267.62473011839836,269.1107138286822,277.4957167298894,277.4957167298894
88,Futo u,Futo u,Futo u__CPT2,Tertiary,SCPT,12.25,200.0,3.0,334.08499333955064,315.0074884740812,325.55542095318634,324.94071053549857,324.94071053549857
89,Futo u,Futo u,Futo u__CPT2,Tertiary,SCPT,13.5,240.0,3.0,321.84512121259024,314.8114463996695,321.8905634078171,318.6629769058218,318.6629769058218
90,Futo u,Futo u,Futo u__CPT2,Tertiary,SCPT,14.5,280.0,3.0,350.7240005258556,363.18489423042166,365.3224566088769,357.00480480901643,357.00480480901643
91,Futo u,Futo u,Futo u__CPT2,Tertiary,SCPT,15.75,325.0,3.0,351.09689596366985,368.9548903409991,350.94394596226,359.01562866589194,359.01562866589194
92,Futo u,Futo u,Futo u__CPT2,Tertiary,SCPT,17.0,340.0,3.0,363.1612170461645,348.3550674334591,332.57522510538047,354.8576610924286,354.8576610924286
93,Futo u,Futo u,Futo u__CPT2,Tertiary,SCPT,18.0,330.0,3.0,369.5743067746907,352.4221387412397,343.63280284904914,360.44088579120194,360.44088579120194
94,Futo u,Futo u,Futo u__CPT2,Tertiary,SCPT,19.0,325.0,3.0,402.9338188801838,399.33993748314595,394.33360355234163,400.8799032077351,412.81697732594057
1279,Galeria,Galeria,Galeria__CPT3,Quaternary,SCPT,1.5,279.0,4.0,180.9128296288474,172.66299594453682,162.58075895925109,175.67958900990158,175.67958900990158
1280,Galeria,Galeria,Galeria__CPT3,Quaternary,SCPT,2.5,480.9,4.0,206.78933644675743,194.8345312337702,203.13530873090397,201.562150863363,201.562150863363
1281,Galeria,Galeria,Galeria__CPT3,Quaternary,SCPT,4.5,325.8,4.0,285.96578454721885,294.5281297051176,270.2146972572604,287.7256933312629,287.7256933312629
1282,Galeria,Galeria,Galeria__CPT3,Quaternary,SCPT,6.25,290.0,4.0,253.58034352142587,251.58041995274655,254.61541882209053,252.88146452821928,252.88146452821928
1283,Galeria,Galeria,Galeria__CPT3,Quaternary,SCPT,7.5,318.7,4.0,281.27485308348906,292.9231318890341,295.57648242222564,287.2988637974265,287.2988637974265
1284,Galeria,Galeria,Galeria__CPT3,Quaternary,SCPT,8.5,227.5,4.0,264.1092535651488,259.15970537573753,262.3243763947245,261.94050763388753,261.94050763388753
1285,Galeria,Galeria,Galeria__CPT3,Quaternary,SCPT,9.5,329.6,4.0,272.4305472832304,262.4975112013754,259.4808265051062,267.10898972568793,267.10898972568793
1286,Galeria,Galeria,Galeria__CPT3,Quaternary,SCPT,10.4,274.5,4.0,277.91948086092316,268.45081785118253,267.5211873979343,273.0493869735496,273.0493869735496
1287,Galeria,Galeria,Galeria__CPT3,Quaternary,SCPT,11.5,335.8,4.0,298.7720982762298,300.23728204012434,295.3082349124809,299.0084228851578,299.0084228851578
1288,Galeria,Galeria,Galeria__CPT3,Quaternary,SCPT,13.45,297.1,4.0,312.0247540075806,362.2235175821568,342.65805016946706,334.32686516539144,334.32686516539144
1289,Galeria,Galeria,Galeria__CPT6,Quaternary,SCPT,2.65,460.0,4.0,256.64511671331456,270.0442594438531,285.1242862746248,264.6938821066768,264.6938821066768
1290,Galeria,Galeria,Galeria__CPT6,Quaternary,SCPT,3.8,365.0,4.0,284.51774319692544,346.1222110807547,320.874759477322,311.44403758292276,311.44403758292276
1291,Galeria,Galeria,Galeria__CPT6,Quaternary,SCPT,5.3,461.2,4.0,252.54848289525776,275.8417853792314,275.9139601543439,263.9452018149804,263.9452018149804
1292,Galeria,Galeria,Galeria__CPT6,Quaternary,SCPT,6.5,241.4,4.0,254.13032391108172,259.8837028985424,259.51923255289364,256.9548493468079,256.9548493468079
1293,Galeria,Galeria,Galeria__CPT6,Quaternary,SCPT,7.5,279.8,4.0,261.763476527617,252.96212662590042,257.67559027998044,257.8006775414211,257.8006775414211
1294,Galeria,Galeria,Galeria__CPT6,Quaternary,SCPT,8.5,303.4,4.0,254.443354676515,254.22991259445735,256.24013939119016,254.53700627577436,254.53700627577436
1295,Galeria,Galeria,Galeria__CPT6,Quaternary,SCPT,9.75,280.0,4.0,267.0087075889286,261.3548795003704,257.132758414854,263.7367792701019,263.7367792701019
1296,Galeria,Galeria,Galeria__CPT6,Tertiary,SCPT,11.25,235.0,4.0,264.9456809989157,263.4831511717698,255.238050280818,263.3747300692969,263.3747300692969
1297,Galeria,Galeria,Galeria__CPT6,Tertiary,SCPT,12.5,197.1,4.0,269.15482719960175,255.64714199148062,257.71425858065913,262.52538742996774,262.52538742996774
1298,Galeria,Galeria,Galeria__CPT6,Tertiary,SCPT,13.5,198.1,4.0,269.64883583086834,251.0994781684723,256.30832741098067,260.74372796947495,260.74372796947495
1299,Galeria,Galeria,Galeria__CPT6,Tertiary,SCPT,14.5,207.5,4.0,279.84494175149376,252.18926031410987,265.2023241820974,266.9974406630268,266.9974406630268
1300,Galeria,Galeria,Galeria__CPT6,Tertiary,SCPT,15.5,199.5,4.0,288.25710618010527,255.994443020993,265.52753020781813,272.64226560462487,272.64226560462487
1301,Galeria,Galeria,Galeria__CPT6,Tertiary,SCPT,16.5,240.1,4.0,294.89833621453323,257.7571480790547,262.75300140723084,276.2327817251565,276.2327817251565
1302,Galeria,Galeria,Galeria__CPT6,Tertiary,SCPT,17.5,283.1,4.0,304.0159697497149,259.1486770348947,259.8699148131725,280.76527773282,280.76527773282
1303,Galeria,Galeria,Galeria__CPT6,Tertiary,SCPT,18.5,344.4,4.0,314.25725802278714,283.0575041723271,276.10262882444994,297.5086394012227,297.5086394012227
932,Galeria,Galeria,Galeria__CPTu1,Quaternary,MASW,1.5,200.87338911264135,4.0,189.03845131889673,178.04283876145882,179.80720908483408,183.63928342126474,183.63928342126474
933,Galeria,Galeria,Galeria__CPTu1,Quaternary,MASW,2.5,196.74440696539887,4.0,177.13808994878949,168.16432901415934,165.35299857530006,172.30216629907028,172.30216629907028
934,Galeria,Galeria,Galeria__CPTu1,Quaternary,MASW,3.65,291.6550194442972,4.0,235.86407908114862,248.59543327919937,244.39389012267665,241.7336977960834,241.7336977960834
935,Galeria,Galeria,Galeria__CPTu1,Quaternary,MASW,4.9,303.440748147891,4.0,280.67793564662975,284.23942789945767,274.8319659156733,281.5040124060657,281.5040124060657
936,Galeria,Galeria,Galeria__CPTu1,Quaternary,MASW,5.95,285.02503663109627,4.0,270.2547783248101,267.7661322511191,266.2614208350627,268.856025020018,268.856025020018
937,Galeria,Galeria,Galeria__CPTu1,Quaternary,MASW,7.1,265.69406677837884,4.0,257.22077869820646,263.82130874660066,259.56369631561455,260.0766530267925,260.0766530267925
938,Galeria,Galeria,Galeria__CPTu1,Tertiary,MASW,8.15,293.826453794217,4.0,239.43840308040924,251.32988506386005,249.6568054857888,245.14830660074367,245.14830660074367
939,Galeria,Galeria,Galeria__CPTu1,Tertiary,MASW,9.0,351.778884161439,4.0,285.5990487004478,274.8756887869105,271.88097816552664,279.87930892497536,279.87930892497536
940,Galeria,Galeria,Galeria__CPTu1,Tertiary,MASW,9.9,359.2097639054068,4.0,291.1673739748441,279.27596553002616,279.8132790116849,285.2145071286201,285.2145071286201
941,Galeria,Galeria,Galeria__CPTu1,Tertiary,MASW,10.65,345.67985624468184,4.0,283.1533621089258,266.69023391729223,271.89600949988886,275.3302883833538,275.3302883833538
942,Galeria,Galeria,Galeria__CPTu1,Tertiary,MASW,11.5,301.04994974683586,4.0,313.6660903166063,300.82815272431935,300.23467779047354,307.1194075851896,307.1194075851896
943,Galeria,Galeria,Galeria__CPTu1,Tertiary,MASW,12.5,269.53387290059925,4.0,335.7093128933058,376.0898050254605,376.2091974671763,355.33767777208595,383.11451555145663
944,Galeria,Galeria,Galeria__CPTu1,Tertiary,MASW,13.165,251.1968980124008,4.0,326.31216696719196,353.8304232331644,364.9016891028971,340.84136020818244,340.84136020818244
945,Galeria,Galeria,Galeria__CPTu2,Quaternary,MASW,1.5,142.94718163263792,4.0,170.398902596577,152.3906043481327,147.17038003633633,160.58268471678244,160.58268471678244
946,Galeria,Galeria,Galeria__CPTu2,Quaternary,MASW,2.5,243.4278209050671,4.0,222.14446647455347,213.274781461714,213.50325316364945,217.68775560038827,217.68775560038827
947,Galeria,Galeria,Galeria__CPTu2,Quaternary,MASW,3.5,322.1958686052481,4.0,279.5918832291263,301.0468971023572,293.032978323252,289.3394101066066,289.3394101066066
948,Galeria,Galeria,Galeria__CPTu2,Quaternary,MASW,4.5,322.5679840545331,4.0,285.7115891334474,312.2048048620309,302.9862289157937,297.77076069430495,297.77076069430495
949,Galeria,Galeria,Galeria__CPTu2,Quaternary,MASW,5.5,287.5370044235484,4.0,255.24108176549518,278.3416552373587,284.4804089711522,267.12332189420346,267.12332189420346
950,Galeria,Galeria,Galeria__CPTu2,Quaternary,MASW,6.75,314.99276153740004,4.0,261.6231868395204,263.3455397918905,263.4121848876735,262.4895925324456,262.4895925324456
951,Galeria,Galeria,Galeria__CPTu2,Quaternary,MASW,8.0,335.55843365581563,4.0,262.1263510586048,269.8005943632523,276.1337341117222,266.5535361787114,266.5535361787114
952,Galeria,Galeria,Galeria__CPTu2,Quaternary,MASW,9.05,355.7838439538125,4.0,285.181239248104,283.0724589017771,288.5772951450161,284.67264643481286,284.67264643481286
953,Galeria,Galeria,Galeria__CPTu2,Quaternary,MASW,10.05,288.1304316847947,4.0,271.22113283005086,259.0204555313191,263.84807101374685,265.5405070840989,265.5405070840989
954,Galeria,Galeria,Galeria__CPTu2,Quaternary,MASW,10.95,233.7608424569632,4.0,269.0873066732193,263.8421893705551,271.7450305680184,267.23938511684315,267.23938511684315
955,Galeria,Galeria,Galeria__CPTu2,Tertiary,MASW,11.95,250.88861987706844,4.0,313.84284209685546,319.4012744229669,329.879659349427,317.6335186550227,317.6335186550227
956,Galeria,Galeria,Galeria__CPTu2,Tertiary,MASW,12.85,281.25794562499107,4.0,345.69799512936146,366.9825554998891,368.3546578853912,356.3142696162449,380.2375809490043
957,Galeria,Galeria,Galeria__CPTu2,Tertiary,MASW,13.6,284.46925929850886,4.0,359.9817593746152,435.36969204583346,444.7401580833545,396.7291933752677,427.5088041342304
958,Galeria,Galeria,Galeria__CPTu3,Quaternary,MASW,1.5,186.7510049262177,4.0,180.9128296288474,168.04899092564403,159.96087673305945,173.50437267515767,173.50437267515767
959,Galeria,Galeria,Galeria__CPTu3,Quaternary,MASW,2.6,217.38377613883452,4.0,213.6475391501051,210.53136153993677,212.683437039129,212.2995306755708,212.2995306755708
960,Galeria,Galeria,Galeria__CPTu3,Quaternary,MASW,3.85,301.8937871548395,4.0,277.8828115600357,307.00056081787693,283.32099792732964,289.743956361607,289.743956361607
961,Galeria,Galeria,Galeria__CPTu3,Quaternary,MASW,5.0,316.2616940605289,4.0,286.7320718959813,303.0645810324616,296.24075135094597,294.11467198657255,294.11467198657255
962,Galeria,Galeria,Galeria__CPTu3,Quaternary,MASW,5.75,290.74075735471337,4.0,248.54869636566698,266.55665793659415,265.981146746371,257.339613327389,257.339613327389
963,Galeria,Galeria,Galeria__CPTu3,Quaternary,MASW,6.5,304.91768049151176,4.0,256.02561627484334,262.3998774272603,264.5357370855836,259.4033595171472,259.4033595171472
964,Galeria,Galeria,Galeria__CPTu3,Quaternary,MASW,7.65,325.31218079012706,4.0,277.6155900996444,278.43764486456655,286.17640008978856,278.78954809282965,278.78954809282965
965,Galeria,Galeria,Galeria__CPTu3,Quaternary,MASW,8.9,311.13731166990686,4.0,269.11395963597874,263.4752688530013,270.6946363065221,267.0004668629231,267.0004668629231
966,Galeria,Galeria,Galeria__CPTu3,Quaternary,MASW,10.0,321.54674826016344,4.0,275.154932580088,273.6714162334787,268.8807961593652,273.92798679471895,273.92798679471895
967,Galeria,Galeria,Galeria__CPTu3,Quaternary,MASW,11.0,301.88367846916486,4.0,290.1686209610313,281.7932694291501,278.808076461912,285.64590618651516,285.64590618651516
968,Galeria,Galeria,Galeria__CPTu3,Quaternary,MASW,11.9,255.5093548420168,4.0,300.48634762607514,320.1538541015062,304.3388171825779,308.5969298375674,308.5969298375674
969,Galeria,Galeria,Galeria__CPTu3,Quaternary,MASW,12.65,286.2096295408894,4.0,311.3000827443121,332.97359906348396,313.37130141842965,320.0069866775538,320.0069866775538
970,Galeria,Galeria,Galeria__CPTu3,Quaternary,MASW,13.5,261.5631031455214,4.0,304.056701765849,332.13710545448225,317.3085326134177,316.3387715500279,316.3387715500279
971,Galeria,Galeria,Galeria__CPTu3,Quaternary,MASW,14.17,272.8075060459482,4.0,322.6440951011744,351.3382567377411,339.9712326616092,335.58014274537265,335.58014274537265
972,Galeria,Galeria,Galeria__CPTu4,Quaternary,MASW,1.5,149.8669174754767,4.0,180.84834364645758,153.61710665064928,149.1303025879761,166.18418442148118,166.18418442148118
973,Galeria,Galeria,Galeria__CPTu4,Quaternary,MASW,2.5,235.29946075176795,4.0,249.79541929362188,244.75698029947864,248.44768950514364,247.633710927604,247.633710927604
974,Galeria,Galeria,Galeria__CPTu4,Quaternary,MASW,3.6,267.6174015538523,4.0,286.6668090029598,315.98735350227076,298.46686792266496,299.25829656564804,299.25829656564804
975,Galeria,Galeria,Galeria__CPTu4,Quaternary,MASW,4.85,290.3013310348953,4.0,271.22829628384426,301.71793310045564,298.99615461114234,285.8080835550205,285.8080835550205
976,Galeria,Galeria,Galeria__CPTu4,Quaternary,MASW,5.95,275.6926399468307,4.0,252.45542865623725,276.65123783826243,273.06218032985095,263.9317026437208,263.9317026437208
977,Galeria,Galeria,Galeria__CPTu4,Quaternary,MASW,6.800000000000001,275.8133400192892,4.0,257.01865854441894,261.85518774485496,260.87181385945985,259.3280622977702,259.3280622977702
978,Galeria,Galeria,Galeria__CPTu4,Quaternary,MASW,7.75,262.9615711175503,4.0,261.8255135441668,259.74395543480006,261.3962738785446,260.94807725002727,260.94807725002727
979,Galeria,Galeria,Galeria__CPTu4,Quaternary,MASW,8.9,238.8663094842344,4.0,262.98428239447736,263.42852195134077,270.25872991497306,263.8809189027168,263.8809189027168
980,Galeria,Galeria,Galeria__CPTu4,Quaternary,MASW,10.0,230.19272958855112,4.0,263.23779672010323,258.1348180130553,254.97627963951444,260.3530900535448,260.3530900535448
981,Galeria,Galeria,Galeria__CPTu4,Tertiary,MASW,11.0,311.61708594721443,4.0,312.9276542282348,306.1988561427955,308.14233497440574,309.740884928501,309.740884928501
982,Galeria,Galeria,Galeria__CPTu4,Tertiary,MASW,12.0,299.1742628896579,4.0,310.117455579352,302.05836154646886,292.7680132589424,305.10674838062795,305.10674838062795
983,Galeria,Galeria,Galeria__CPTu4,Tertiary,MASW,12.85,335.8456019731248,4.0,343.3885124109123,335.1861910706489,332.54180547908516,338.9939547631875,338.9939547631875
984,Galeria,Galeria,Galeria__CPTu4,Tertiary,MASW,13.6,289.7824435829544,4.0,326.240398481056,314.76112439021017,301.25804178549356,319.0473704272645,319.0473704272645
985,Galeria,Galeria,Galeria__CPTu4,Tertiary,MASW,14.5,262.7729653347981,4.0,313.18777001393585,305.72906148910846,311.4453458680034,310.0096915812645,310.0096915812645
986,Galeria,Galeria,Galeria__CPTu4,Tertiary,MASW,15.5,244.86422079700904,4.0,305.6144247022271,264.8314372263815,279.7090301488998,286.05226310635385,286.05226310635385
987,Galeria,Galeria,Galeria__CPTu4,Tertiary,MASW,16.5,236.04469094651992,4.0,304.23553149022956,264.3206666693296,270.91692550659025,284.2765453595033,284.2765453595033
988,Galeria,Galeria,Galeria__CPTu4,Tertiary,MASW,17.5,240.26869319748596,4.0,315.7466425253691,259.437377921091,267.35325509623055,287.0720672671844,287.0720672671844
989,Galeria,Galeria,Galeria__CPTu4,Tertiary,MASW,18.5,246.022177679243,4.0,322.9984722764926,264.17869276041574,264.0593345643266,292.0986173756573,292.0986173756573
990,Galeria,Galeria,Galeria__CPTu4,Tertiary,MASW,19.5,313.5556875483491,4.0,328.69032028484577,270.36163378430615,273.5364261879636,298.45097294268294,298.45097294268294
991,Galeria,Galeria,Galeria__CPTu4,Tertiary,MASW,20.5,332.559492726047,4.0,341.0232908839352,276.0919208411266,282.4224987413948,307.5412880365849,307.5412880365849
992,Galeria,Galeria,Galeria__CPTu4,Tertiary,MASW,21.5,338.29668951106567,4.0,347.113587354777,290.0570807744174,298.5333717417591,318.22074217593246,318.22074217593246
993,Galeria,Galeria,Galeria__CPTu4,Tertiary,MASW,22.5,342.2379812791047,4.0,355.767826067072,353.7074852743473,336.5940038653517,352.98127928693214,371.5675552206942
994,Galeria,Galeria,Galeria__CPTu4,Tertiary,MASW,23.5,365.2214831032677,4.0,368.8735318275555,372.08807410899584,380.1100563721759,371.2683972179864,387.9627628783684
995,Galeria,Galeria,Galeria__CPTu4,Tertiary,MASW,24.3,367.79735650907736,4.0,369.9494009349263,380.4470315805401,399.3648072591031,376.98652172508804,391.4684620104936
913,Galeria,Galeria,Galeria__CPTu6,Quaternary,MASW,1.5,133.45529133277475,4.0,177.87783177448742,150.49572717763274,146.31744536948733,163.15492667635647,163.15492667635647
914,Galeria,Galeria,Galeria__CPTu6,Quaternary,MASW,2.5,213.4602204627913,4.0,248.61588023954337,244.6220567242391,241.85675446510638,246.3306768497654,246.3306768497654
915,Galeria,Galeria,Galeria__CPTu6,Quaternary,MASW,3.6,272.7691531662016,4.0,285.4789710750153,317.82963252994296,301.4372512873846,299.62945739050383,299.62945739050383
916,Galeria,Galeria,Galeria__CPTu6,Quaternary,MASW,4.85,297.1655807658395,4.0,263.949050473289,292.63878514666624,303.3311801734673,278.9231181063299,278.9231181063299
917,Galeria,Galeria,Galeria__CPTu6,Quaternary,MASW,5.95,272.69762195324785,4.0,252.02060793608314,256.7336631437981,262.143187535728,254.89716899033658,254.89716899033658
918,Galeria,Galeria,Galeria__CPTu6,Quaternary,MASW,7.0,288.18852978380573,4.0,263.2933468023009,268.3634748510917,266.36986917202705,265.6181911749256,265.6181911749256
919,Galeria,Galeria,Galeria__CPTu6,Quaternary,MASW,7.899999999999999,235.8756883032632,4.0,241.24770683031406,242.1170950368103,241.81968650801699,241.65230617769055,241.65230617769055
920,Galeria,Galeria,Galeria__CPTu6,Quaternary,MASW,8.6,262.07048087671285,4.0,256.58001382725627,259.13014231762617,258.583773564927,257.79750650859177,257.79750650859177
921,Galeria,Galeria,Galeria__CPTu6,Quaternary,MASW,9.5,269.83202308273025,4.0,267.85228881443953,258.966862256816,255.9554198479447,263.0642255418793,263.0642255418793
922,Galeria,Galeria,Galeria__CPTu6,Tertiary,MASW,10.75,276.3501036136512,4.0,260.8617229582472,248.15922404843627,259.568201217325,255.5774289715893,255.5774289715893
923,Galeria,Galeria,Galeria__CPTu6,Tertiary,MASW,11.95,295.9671888314111,4.0,276.40828439471255,263.37276357734873,259.659680577803,269.4289904924285,269.4289904924285
924,Galeria,Galeria,Galeria__CPTu6,Tertiary,MASW,12.85,275.8956626756854,4.0,266.83150259117974,254.38660206542195,258.184902286186,260.92117699189794,260.92117699189794
925,Galeria,Galeria,Galeria__CPTu6,Tertiary,MASW,13.65,244.9464642516105,4.0,269.45265823243227,251.012924765338,257.3700365492611,260.7206728465094,260.7206728465094
926,Galeria,Galeria,Galeria__CPTu6,Tertiary,MASW,14.5,238.1196736349838,4.0,279.84494175149376,251.7994738382652,264.9907456921889,266.81099886086713,266.81099886086713
927,Galeria,Galeria,Galeria__CPTu6,Tertiary,MASW,15.5,238.96600919122216,4.0,288.25710618010527,256.3430387093296,265.1290210882877,272.74974254032486,272.74974254032486
928,Galeria,Galeria,Galeria__CPTu6,Tertiary,MASW,16.5,247.0961544396001,4.0,294.89833621453323,255.75234025880243,261.26900804869564,275.2154416101775,275.2154416101775
929,Galeria,Galeria,Galeria__CPTu6,Tertiary,MASW,17.5,255.5758747639164,4.0,304.0159697497149,268.42819893220553,265.38291669767125,285.3426892273174,285.3426892273174
930,Galeria,Galeria,Galeria__CPTu6,Tertiary,MASW,18.5,266.4994194691626,4.0,314.25725802278714,322.46509061618406,303.32984036500187,316.39328261924453,316.39328261924453
931,Galeria,Galeria,Galeria__CPTu6,Tertiary,MASW,19.225,327.5416937913881,4.0,329.91926590680976,358.06072166162363,351.01333977249084,343.01955077976595,343.01955077976595
1199,H6-H7,H6-H7,H6-H7__CPT27,Quaternary,MASW,2.5,273.4,5.0,242.90987964175633,234.19893328328095,231.76598725817797,236.7167358451597,236.7167358451597
1200,H6-H7,H6-H7,H6-H7__CPT27,Quaternary,MASW,4.25,286.9,5.0,225.15060370706095,229.01108348280235,223.58284697277372,226.56285699367345,226.56285699367345
1201,H6-H7,H6-H7,H6-H7__CPT27,Quaternary,MASW,5.75,301.0,5.0,269.5974267020539,273.73358621634674,275.9561333033132,272.7194794885731,272.7194794885731
1202,H6-H7,H6-H7,H6-H7__CPT27,Quaternary,MASW,7.0,312.0,5.0,284.5789483838874,272.1134785374393,282.1849386290394,278.4295079599564,278.4295079599564
1203,H6-H7,H6-H7,H6-H7__CPT27,Quaternary,MASW,8.0,323.5,5.0,264.11866262999536,295.82081620742093,288.6977416524134,282.93149059656633,282.93149059656633
1204,H6-H7,H6-H7,H6-H7__CPT27,Quaternary,MASW,9.0,333.0,5.0,263.59220769569833,279.59191491213056,273.18386657120385,272.6173437988794,272.6173437988794
1205,H6-H7,H6-H7,H6-H7__CPT27,Quaternary,MASW,10.0,343.5,5.0,295.0208803427013,291.0869441383702,289.6363769056614,292.1657562704707,292.1657562704707
1206,H6-H7,H6-H7,H6-H7__CPT27,Quaternary,MASW,11.0,353.0,5.0,314.3620148116702,300.94867664823573,297.973727215562,304.9704172996653,304.9704172996653
1207,H6-H7,H6-H7,H6-H7__CPT27,Quaternary,MASW,12.25,366.2,5.0,304.77826719734804,301.3802902076111,304.64588893347513,303.2181152057568,303.2181152057568
1208,H6-H7,H6-H7,H6-H7__CPT27,Tertiary,MASW,13.5,379.0,5.0,323.1913405659181,305.89717292812196,307.4074870525572,312.1495744676897,308.8632590951531
1209,H6-H7,H6-H7,H6-H7__CPT27,Tertiary,MASW,14.5,390.4,5.0,346.60034305666386,319.17341932371943,314.6554711902788,327.58139326845935,323.8252404138402
1210,H6-H7,H6-H7,H6-H7__CPT27,Tertiary,MASW,15.5,401.0,5.0,351.89338332116864,330.57924983037645,319.1725110973418,335.5235411977316,333.4035227081743
1211,H6-H7,H6-H7,H6-H7__CPT27,Tertiary,MASW,16.5,412.0,5.0,345.94811538081257,335.3882275875162,321.8372289019989,336.2618606150563,335.2684711470392
1212,H6-H7,H6-H7,H6-H7__CPT27,Tertiary,MASW,17.5,422.3,5.0,351.47841212965324,344.86742743206275,337.8620296581636,345.7449828069791,350.97328007229237
1213,H6-H7,H6-H7,H6-H7__CPT27,Tertiary,MASW,18.5,431.4,5.0,357.38723754620685,359.22579867707464,353.3070153667906,357.39173070702964,362.4801682624386
1214,H6-H7,H6-H7,H6-H7__CPT27,Tertiary,MASW,19.5,441.0,5.0,363.6941476664416,369.10311190598213,362.406416841914,365.8586716704101,369.49133859703403
1215,H6-H7,H6-H7,H6-H7__CPT27,Tertiary,MASW,20.5,448.0,5.0,379.7517091734122,384.1413371226796,377.93474629302716,381.3548218892049,387.20207054072256
1216,H6-H7,H6-H7,H6-H7__CPT27,Tertiary,MASW,21.5,455.7,5.0,385.5129109417678,401.84050184766244,399.2117885334802,395.529121248493,401.84599682544746
1217,H6-H7,H6-H7,H6-H7__CPT27,Tertiary,MASW,22.5,462.9,5.0,389.1842156999172,399.7717567299743,402.6507658187738,396.602530709405,399.61568970391113
1218,H6-H7,H6-H7,H6-H7__CPT27,Tertiary,MASW,23.5,470.0,5.0,399.86604580251924,461.36076547791123,437.7954103651321,434.25279482306087,442.0330236695362
1219,H6-H7,H6-H7,H6-H7__CPT27,Tertiary,MASW,24.5,476.0,5.0,408.277957282035,484.182857306291,450.95227554795,449.691757363972,453.47469183716396
1220,H6-H7,H6-H7,H6-H7__CPT27,Tertiary,MASW,25.5,483.0,5.0,419.5642476249535,504.92391661378986,471.8165853441479,466.85904832334484,472.7053636304101
1221,H6-H7,H6-H7,H6-H7__CPT27,Tertiary,MASW,26.5,489.4,5.0,419.4200739363019,498.88028142581277,468.93413081848195,463.71158424421,471.1473801724272
1222,H6-H7,H6-H7,H6-H7__CPT27,Tertiary,MASW,27.5,495.0,5.0,438.04557129039216,490.9703133054107,468.1514986562102,467.28720694414466,469.28251644928145
1223,H6-H7,H6-H7,H6-H7__CPT27,Tertiary,MASW,28.5,501.1,5.0,445.80846149717365,488.63262423331736,461.3518221832048,467.78949256860176,469.5263015623598
1224,H6-H7,H6-H7,H6-H7__CPT29,Quaternary,MASW,2.0,250.5,5.0,190.63756601708718,179.81305696602178,175.984637893665,182.7416207353569,182.7416207353569
1225,H6-H7,H6-H7,H6-H7__CPT29,Quaternary,MASW,3.15,262.0,5.0,217.5619472616362,209.10136815142582,204.66187909121172,211.11642011742435,211.11642011742435
1226,H6-H7,H6-H7,H6-H7__CPT29,Quaternary,MASW,4.4,272.0,5.0,232.56429907988755,231.12346744358607,232.24295809535653,231.85069246775768,231.85069246775768
1227,H6-H7,H6-H7,H6-H7__CPT29,Quaternary,MASW,5.6,278.5,5.0,249.18721401583616,265.051264175783,255.72648759966242,257.535796471927,257.535796471927
1228,H6-H7,H6-H7,H6-H7__CPT29,Quaternary,MASW,6.6,282.5,5.0,302.4377607499856,294.50941325767405,298.53056915338954,298.0677559020185,298.0677559020185
1229,H6-H7,H6-H7,H6-H7__CPT29,Quaternary,MASW,7.9,289.0,5.0,294.7899684843353,324.1700213764499,323.0974405416488,313.3602688298652,313.3602688298652
1230,H6-H7,H6-H7,H6-H7__CPT29,Quaternary,MASW,9.35,295.5,5.0,290.06388109921215,318.3242437976741,299.1037370213494,304.3186150672667,304.3186150672667
1231,H6-H7,H6-H7,H6-H7__CPT30,Quaternary,MASW,1.5,200.8,5.0,198.54260257655454,196.16004207022232,194.3066651830826,196.6170084610661,196.6170084610661
1232,H6-H7,H6-H7,H6-H7__CPT30,Quaternary,MASW,2.5,211.5,5.0,190.65792244362152,182.1321933680148,186.7942435752276,186.00984050688794,186.00984050688794
1233,H6-H7,H6-H7,H6-H7__CPT30,Quaternary,MASW,3.5,220.5,5.0,227.99376983899293,233.74068224517816,231.0925250432802,231.1855368310498,231.1855368310498
1234,H6-H7,H6-H7,H6-H7__CPT30,Quaternary,MASW,4.6,237.0,5.0,236.58202982640267,229.78068328739323,237.70276396603813,233.71766703853706,233.71766703853706
1235,H6-H7,H6-H7,H6-H7__CPT30,Quaternary,MASW,5.6,255.0,5.0,292.8913732338719,289.33181587985155,288.4782460759533,290.40106423578897,290.40106423578897
1236,H6-H7,H6-H7,H6-H7__CPT30,Quaternary,MASW,6.5,268.0,5.0,302.33683633932856,316.3885586270734,308.8788375826205,309.90519027151583,309.90519027151583
1237,H6-H7,H6-H7,H6-H7__CPT30,Quaternary,MASW,7.4,279.0,5.0,297.9822089384951,325.6499224810027,328.14744125749763,316.16832787808727,316.16832787808727
1238,H6-H7,H6-H7,H6-H7__CPT30,Quaternary,MASW,8.4,287.0,5.0,283.15748220422387,303.7773875289822,302.68994368352827,296.1824781301147,296.1824781301147
1239,H6-H7,H6-H7,H6-H7__CPT30,Quaternary,MASW,9.65,289.0,5.0,296.33057136681094,309.61529504836784,312.4660822716279,305.45864430500177,305.45864430500177
1240,H6-H7,H6-H7,H6-H7__CPT30,Quaternary,MASW,11.0,290.0,5.0,285.82996206582885,285.1828670113853,279.8586028752361,284.3354367798374,284.3354367798374
1241,H6-H7,H6-H7,H6-H7__CPT30,Quaternary,MASW,12.35,294.0,5.0,312.9861181721431,318.28560600824943,318.56544913041887,316.47627649107983,316.47627649107983
1242,H6-H7,H6-H7,H6-H7__CPT30,Tertiary,MASW,13.5,304.0,5.0,307.5424058343494,303.3395208300408,308.0926619538755,305.7532428410979,303.7279109978922
1243,H6-H7,H6-H7,H6-H7__CPT30,Tertiary,MASW,14.5,317.0,5.0,326.7371329508899,308.5786511695326,309.795461742979,315.0642503326788,315.10232003839565
1244,H6-H7,H6-H7,H6-H7__CPT30,Tertiary,MASW,15.5,331.0,5.0,328.9677578305187,327.32876847548584,331.9925988459605,328.83060160022336,328.878328375363
1245,H6-H7,H6-H7,H6-H7__CPT30,Tertiary,MASW,16.5,349.0,5.0,336.9580377826859,323.36515013739444,323.21425277785397,328.02850434819806,325.7830456070579
1246,H6-H7,H6-H7,H6-H7__CPT30,Tertiary,MASW,17.5,365.0,5.0,349.9518086922819,314.0312899808975,314.48907214375953,326.25848271327465,318.55784910421033
1247,H6-H7,H6-H7,H6-H7__CPT30,Tertiary,MASW,18.5,382.0,5.0,352.90715410616616,331.96362101359125,328.3482135611067,338.40659280279084,331.3921770283091
1248,H6-H7,H6-H7,H6-H7__CPT30,Tertiary,MASW,19.5,396.0,5.0,371.8948913760717,358.52276582736437,346.8525282045799,360.7518604206422,358.4488298515543
1249,H6-H7,H6-H7,H6-H7__CPT30,Tertiary,MASW,20.5,414.0,5.0,387.2357681423259,375.0018514583111,365.62423762840706,377.3231434133209,375.12630882526224
1250,H6-H7,H6-H7,H6-H7__CPT30,Tertiary,MASW,21.75,427.0,5.0,417.1106160389124,434.5179518173294,411.48509324343496,423.70367630940603,419.01424329638894
1251,H6-H7,H6-H7,H6-H7__CPT31,Quaternary,MASW,2.25,200.0,5.0,208.06824285761883,194.11482784821737,191.71461760652775,198.39443930548387,198.39443930548387
1252,H6-H7,H6-H7,H6-H7__CPT31,Quaternary,MASW,3.5,226.0,5.0,215.2349881896723,211.0229545450685,216.86137222704548,213.65069494217428,213.65069494217428
1253,H6-H7,H6-H7,H6-H7__CPT31,Quaternary,MASW,4.65,238.0,5.0,218.9341517979436,213.8486919813282,220.7153488344213,216.9822487752793,216.9822487752793
1254,H6-H7,H6-H7,H6-H7__CPT31,Quaternary,MASW,5.65,239.0,5.0,284.7659151807506,279.1542829559728,271.4217429996348,279.5307964455112,279.5307964455112
1255,H6-H7,H6-H7,H6-H7__CPT31,Quaternary,MASW,6.65,236.0,5.0,295.60658562131937,292.989979435276,297.94601062394656,294.8907819368693,294.8907819368693
1256,H6-H7,H6-H7,H6-H7__CPT31,Quaternary,MASW,7.65,237.0,5.0,284.8256813792788,309.86914176445026,309.7736413609078,300.84433715741136,300.84433715741136
1257,H6-H7,H6-H7,H6-H7__CPT31,Quaternary,MASW,8.5,245.0,5.0,272.4020411378269,285.4751224486657,284.08442289775064,280.55552766712634,280.55552766712634
1258,H6-H7,H6-H7,H6-H7__CPT31,Quaternary,MASW,9.5,250.0,5.0,277.21702440022875,287.7678533809313,285.5109398091812,283.58322660042523,283.58322660042523
1259,H6-H7,H6-H7,H6-H7__CPT31,Quaternary,MASW,10.5,260.0,5.0,281.8900099956313,277.2201365085049,275.7225336454641,278.5437959227108,278.5437959227108
1260,H6-H7,H6-H7,H6-H7__CPT31,Quaternary,MASW,11.35,273.0,5.0,292.91288471192235,284.05069036748375,290.0644351002223,288.3271208832137,288.3271208832137
1261,H6-H7,H6-H7,H6-H7__CPT31,Quaternary,MASW,12.4,292.0,5.0,320.743595897851,320.98085892049426,314.9809324072746,319.6890502354193,319.6890502354193
1262,H6-H7,H6-H7,H6-H7__CPT31,Tertiary,MASW,13.55,309.0,5.0,310.0323010437062,306.2073687520891,308.853359487775,308.07037208738035,306.8638636134487
1263,H6-H7,H6-H7,H6-H7__CPT31,Tertiary,MASW,14.5,323.0,5.0,337.7331058719576,308.6437020992435,310.52233047407606,318.9151700100529,315.53989564779124
1264,H6-H7,H6-H7,H6-H7__CPT31,Tertiary,MASW,15.75,350.0,5.0,353.64504007735997,321.98541695330715,322.41261951269223,332.81841465294076,328.3271957913712
1265,H6-H7,H6-H7,H6-H7__CPT31,Tertiary,MASW,17.25,373.0,5.0,362.261679018848,325.8097923319459,324.34716224740646,337.8265039659082,335.4395064888204
1266,H6-H7,H6-H7,H6-H7__CPT31,Tertiary,MASW,18.5,390.0,5.0,398.4108569524254,360.0019943734093,356.81957532980135,372.34270549979846,374.61515761369566
1267,H6-H7,H6-H7,H6-H7__CPT31,Tertiary,MASW,19.5,402.0,5.0,390.4185902174341,358.6028829931548,366.0009611367262,370.9439701473349,371.07279710241016
1268,H6-H7,H6-H7,H6-H7__CPT31,Tertiary,MASW,20.5,421.0,5.0,430.283475687841,412.98209014326255,415.0746660900973,419.38068752773694,418.10888468279535
1269,H6-H7,H6-H7,H6-H7__CPT31,Tertiary,MASW,21.5,436.0,5.0,425.46312633692474,421.23555325441214,418.87634258658005,422.23584555346633,427.8685102269243
1270,H6-H7,H6-H7,H6-H7__CPT31,Tertiary,MASW,22.5,445.0,5.0,417.86612315914044,396.51110994406963,401.05670860336426,404.7800284700078,405.61850494959253
1271,H6-H7,H6-H7,H6-H7__CPT33,Quaternary,MASW,1.5,243.0,5.0,184.1152697595234,183.20132658560104,180.34980570379662,182.94580065240132,182.94580065240132
1272,H6-H7,H6-H7,H6-H7__CPT33,Quaternary,MASW,2.5,254.0,5.0,198.26378830038146,199.30541472295144,196.4689333108787,198.3707162833089,198.3707162833089
1273,H6-H7,H6-H7,H6-H7__CPT33,Quaternary,MASW,3.65,259.0,5.0,195.87099523978813,202.28330625192453,205.14755202013728,200.57870952685852,200.57870952685852
1274,H6-H7,H6-H7,H6-H7__CPT33,Quaternary,MASW,4.65,262.0,5.0,241.77809600157462,256.586822010204,253.79052552054864,250.7531925645977,250.7531925645977
1275,H6-H7,H6-H7,H6-H7__CPT33,Quaternary,MASW,5.65,275.0,5.0,288.9131686929054,284.6788530498981,275.6747661264794,284.32026445923594,284.32026445923594
1276,H6-H7,H6-H7,H6-H7__CPT33,Quaternary,MASW,6.9,288.0,5.0,288.17484806864314,288.6540597056524,290.30082624036856,288.81465830102945,288.81465830102945
1277,H6-H7,H6-H7,H6-H7__CPT33,Quaternary,MASW,8.0,302.0,5.0,268.30082991191256,299.0808358344193,291.9747921064516,286.5442122136858,286.5442122136858
1278,H6-H7,H6-H7,H6-H7__CPT33,Quaternary,MASW,9.3,313.0,5.0,281.20500751943314,302.5676598914602,296.35561206595105,293.6911275039966,293.6911275039966
1182,H6-H7,H6-H7,H6-H7__CPT6,Quaternary,MASW,1.75,181.4,5.0,168.59043987603096,153.59970675806323,146.80171326799092,157.2582466181036,157.2582466181036
1183,H6-H7,H6-H7,H6-H7__CPT6,Quaternary,MASW,2.75,191.7,5.0,217.68361605810492,216.63132090633607,218.81064986532024,217.43390358986477,217.43390358986477
1184,H6-H7,H6-H7,H6-H7__CPT6,Quaternary,MASW,3.85,217.6,5.0,224.77729200398704,217.1825845185505,214.55178262253622,219.2759626416091,219.2759626416091
1185,H6-H7,H6-H7,H6-H7__CPT6,Quaternary,MASW,5.0,234.2,5.0,213.655232467418,221.02933663488838,220.66490858136552,218.34781770150283,218.34781770150283
1186,H6-H7,H6-H7,H6-H7__CPT6,Quaternary,MASW,6.0,249.1,5.0,231.28689137045646,237.92037926116754,241.60799161379953,236.3030652815909,236.3030652815909
1187,H6-H7,H6-H7,H6-H7__CPT6,Quaternary,MASW,7.35,256.2,5.0,215.85747777715756,226.9739181586518,235.94894836652574,224.75598907433462,224.75598907433462
1188,H6-H7,H6-H7,H6-H7__CPT6,Quaternary,MASW,8.6,261.1,5.0,200.53503062721697,227.49290839890912,230.7141160984337,218.28151474229944,218.28151474229944
1189,H6-H7,H6-H7,H6-H7__CPT6,Quaternary,MASW,9.5,266.2,5.0,221.62431398517447,234.286633684577,239.26653807092282,230.74317555298538,230.74317555298538
1190,H6-H7,H6-H7,H6-H7__CPT6,Quaternary,MASW,10.9,276.4,5.0,241.66556608611072,251.94900712005844,255.30621413802615,248.95917782985876,248.95917782985876
1191,H6-H7,H6-H7,H6-H7__CPT6,Quaternary,MASW,12.5,295.0,5.0,294.89877274614537,352.94576498988755,333.6251863450958,327.7222233094178,327.7222233094178
1192,H6-H7,H6-H7,H6-H7__CPT6,Tertiary,MASW,13.9,323.4,5.0,346.6481248541415,357.87075965865193,354.82851021548265,353.2983407107925,354.3167363752035
1193,H6-H7,H6-H7,H6-H7__CPT6,Tertiary,MASW,15.3,359.1,5.0,365.0679227581809,434.2189700813044,411.8996055060918,404.35053135830447,418.2393257284214
1194,H6-H7,H6-H7,H6-H7__CPT6,Tertiary,MASW,16.75,383.3,5.0,413.33577058289217,595.8420272281655,589.6849785549217,523.1654671578535,539.1527095468952
1195,H6-H7,H6-H7,H6-H7__CPT6,Tertiary,MASW,18.25,414.7,5.0,417.7291220683889,595.4912324620338,567.6442441133872,520.9815321015135,537.7673876689071
1196,H6-H7,H6-H7,H6-H7__CPT6,Tertiary,MASW,19.5,431.8,5.0,481.43408398850636,655.903057258891,633.6967702612451,584.5774188814152,597.4077230449432
1197,H6-H7,H6-H7,H6-H7__CPT6,Tertiary,MASW,20.5,448.1,5.0,477.0822538698972,623.0050007523936,594.7652891095149,562.2092082342369,575.8185373674636
1198,H6-H7,H6-H7,H6-H7__CPT6,Tertiary,MASW,21.75,464.6,5.0,484.42839236626406,633.2136311481913,594.7375278693172,569.3679800669124,580.5397081579976
0,Hungaria krt,Hungaria krt,Hungaria krt__CPT4,Quaternary,SCPT,1.5,162.4,5.0,195.64912654670385,158.50746785472197,172.30414328592303,173.49972530641926,173.49972530641926
21,Hungaria krt,Hungaria krt,Hungaria krt__CPT4,Quaternary,MASW,1.8,226.755552052112,5.0,208.43621915800915,182.4521953844474,193.3119724769673,193.37906581790946,193.37906581790946
1,Hungaria krt,Hungaria krt,Hungaria krt__CPT4,Quaternary,SCPT,2.5,288.5,5.0,215.35241153581808,192.34391730605023,213.94560432812273,204.4082348401145,204.4082348401145
22,Hungaria krt,Hungaria krt,Hungaria krt__CPT4,Quaternary,MASW,3.05,253.7146866871708,5.0,222.3573679019409,199.73932117765,212.39907779366487,209.9457875884896,209.9457875884896
2,Hungaria krt,Hungaria krt,Hungaria krt__CPT4,Quaternary,SCPT,3.5,350.1,5.0,227.82541902411296,225.79218090668022,216.3278725453174,224.5702706172869,224.5702706172869
3,Hungaria krt,Hungaria krt,Hungaria krt__CPT4,Quaternary,SCPT,4.5,433.7,5.0,267.29396989180435,285.56088872542017,272.9734347354396,276.52519644303067,276.52519644303067
23,Hungaria krt,Hungaria krt,Hungaria krt__CPT4,Quaternary,MASW,4.5,309.832496723211,5.0,267.29396989180435,286.4822014946421,290.7379876564497,280.44035157271253,280.44035157271253
4,Hungaria krt,Hungaria krt,Hungaria krt__CPT4,Quaternary,SCPT,5.5,462.7,5.0,287.28194169686407,297.46860777889685,295.58206537003065,293.48914556460664,293.48914556460664
24,Hungaria krt,Hungaria krt,Hungaria krt__CPT4,Quaternary,MASW,5.85,338.34076859735893,5.0,290.954542322541,305.493566250739,295.92359508243413,298.41843553585346,298.41843553585346
5,Hungaria krt,Hungaria krt,Hungaria krt__CPT4,Quaternary,SCPT,6.5,333.9,5.0,290.7671867360142,297.0757854678273,295.3201916857163,294.5030390572829,294.5030390572829
25,Hungaria krt,Hungaria krt,Hungaria krt__CPT4,Quaternary,MASW,7.25,293.18947731215565,5.0,266.67252954494325,289.6359203377618,284.3249012870264,280.3425163841987,280.3425163841987
6,Hungaria krt,Hungaria krt,Hungaria krt__CPT4,Quaternary,SCPT,7.5,343.2,5.0,269.49828994648686,288.8547774466928,285.6763081556713,281.3035736704319,281.3035736704319
26,Hungaria krt,Hungaria krt,Hungaria krt__CPT4,Quaternary,MASW,8.4,160.45082839849806,5.0,277.12255812003644,278.8772686751479,274.1469514449827,277.31141334722247,277.31141334722247
7,Hungaria krt,Hungaria krt,Hungaria krt__CPT4,Quaternary,SCPT,8.5,227.5,5.0,274.6571769075922,279.2319097407121,269.8724920355162,275.73559164547964,275.73559164547964
8,Hungaria krt,Hungaria krt,Hungaria krt__CPT4,Quaternary,SCPT,9.5,242.8,5.0,260.25790554405353,267.24641178481136,262.4842820434986,263.8289101113382,263.8289101113382
27,Hungaria krt,Hungaria krt,Hungaria krt__CPT4,Quaternary,MASW,10.25,185.96619822180912,5.0,260.27940876296816,283.4550402921617,274.5900957784425,273.37499650250794,273.37499650250794
9,Hungaria krt,Hungaria krt,Hungaria krt__CPT4,Tertiary,SCPT,10.5,233.1,5.0,274.1306181097405,270.66316913855957,268.9151221715994,271.519677432503,274.0610748526349
10,Hungaria krt,Hungaria krt,Hungaria krt__CPT4,Tertiary,SCPT,11.5,247.4,5.0,280.2977627418577,291.82401038178284,281.713188246195,285.71481907060365,286.148660511964
11,Hungaria krt,Hungaria krt,Hungaria krt__CPT4,Tertiary,SCPT,12.5,278.2,5.0,284.42202586310634,305.58554057425926,291.4741914367499,295.2003788629345,296.1141684123674
28,Hungaria krt,Hungaria krt,Hungaria krt__CPT4,Tertiary,MASW,12.5,257.62484692640925,5.0,284.75443262031126,300.8922485549373,290.9268697972846,293.16113159070966,291.5289459445392
12,Hungaria krt,Hungaria krt,Hungaria krt__CPT4,Tertiary,SCPT,13.5,206.7,5.0,301.3721576233815,321.68999829751493,302.76779413719953,310.63825020974906,309.8225898427657
13,Hungaria krt,Hungaria krt,Hungaria krt__CPT4,Tertiary,SCPT,14.5,238.6,5.0,317.5670647739584,350.1369594557226,349.5763302025385,338.2656458641344,345.1567105573013
29,Hungaria krt,Hungaria krt,Hungaria krt__CPT4,Tertiary,MASW,14.5,281.53442457121537,5.0,317.1647659322888,349.15080125689514,348.1735317328567,337.4152810435691,343.09254033131424
14,Hungaria krt,Hungaria krt,Hungaria krt__CPT4,Tertiary,SCPT,15.5,342.0,5.0,319.1150281241127,346.9726724259574,340.7941622179652,335.7475415215781,339.7009073711694
30,Hungaria krt,Hungaria krt,Hungaria krt__CPT4,Tertiary,MASW,16.25,270.888556241701,5.0,306.131768725344,315.55070090356907,298.9996152787304,308.8753021704635,309.5222098768457
15,Hungaria krt,Hungaria krt,Hungaria krt__CPT4,Tertiary,SCPT,16.5,266.7,5.0,301.96941941524335,300.191419387422,287.6896534307927,298.2641865144984,295.9603896337022
16,Hungaria krt,Hungaria krt,Hungaria krt__CPT4,Tertiary,SCPT,17.5,185.1,5.0,282.49452278501957,287.349580773215,274.6876858966814,283.0779910263606,279.5151084592388
17,Hungaria krt,Hungaria krt,Hungaria krt__CPT4,Tertiary,SCPT,18.5,209.6,5.0,279.9437430776636,301.15735103999367,289.7259629147747,291.29250587003804,291.45889197181975
31,Hungaria krt,Hungaria krt,Hungaria krt__CPT4,Tertiary,MASW,18.75,244.4248801792452,5.0,284.7847456539963,291.08690088246345,284.38644722276626,287.52315821895195,285.73217803969
18,Hungaria krt,Hungaria krt,Hungaria krt__CPT4,Tertiary,SCPT,19.5,268.3,5.0,285.56995032495297,289.4094364979088,289.6652900677395,288.1106936777397,287.28878572808554
19,Hungaria krt,Hungaria krt,Hungaria krt__CPT4,Tertiary,SCPT,20.5,241.8,5.0,304.4431860027435,308.81821743955504,321.93800763450037,309.84746766909365,310.23543579722326
20,Hungaria krt,Hungaria krt,Hungaria krt__CPT4,Tertiary,SCPT,21.5,230.6,5.0,316.3614093147144,362.7386686300493,357.8886532723868,344.85064771167566,354.36779845085533
32,Hungaria krt,Hungaria krt,Hungaria krt__CPT4,Tertiary,MASW,21.5,379.2784974614476,5.0,314.3612632907958,360.9326310480752,357.0649042419167,343.1558115421644,351.2205517617831
33,Hungaria krt,Hungaria krt,Hungaria krt__CPT5,Quaternary,SCPT,1.5,130.3,5.0,195.3296764908086,154.46519190657,176.86758703538166,172.2948568953005,172.2948568953005
51,Hungaria krt,Hungaria krt,Hungaria krt__CPT5,Quaternary,MASW,1.5,262.2764591222678,5.0,195.3296764908086,154.06986519884168,172.58440553712808,171.25456506357628,171.25456506357628
34,Hungaria krt,Hungaria krt,Hungaria krt__CPT5,Quaternary,SCPT,2.5,151.8,5.0,213.1425523549654,196.28816320263897,211.2446181912493,205.01896530831843,205.01896530831843
52,Hungaria krt,Hungaria krt,Hungaria krt__CPT5,Quaternary,MASW,2.6,290.34645849246823,5.0,216.26074425782227,197.98748975377933,217.31515492060947,208.0401616753263,208.0401616753263
35,Hungaria krt,Hungaria krt,Hungaria krt__CPT5,Quaternary,SCPT,3.5,291.8,5.0,257.09737558303067,269.3965555586124,266.6299113902174,264.4797137956654,264.4797137956654
53,Hungaria krt,Hungaria krt,Hungaria krt__CPT5,Quaternary,MASW,3.8,355.89919580552174,5.0,268.04508310519657,287.62239607110973,292.6279420766126,281.5827975533106,281.5827975533106
36,Hungaria krt,Hungaria krt,Hungaria krt__CPT5,Quaternary,SCPT,4.5,433.5,5.0,290.6183981372021,308.36750235554837,305.23805105410173,301.4197410847577,301.4197410847577
54,Hungaria krt,Hungaria krt,Hungaria krt__CPT5,Quaternary,MASW,4.95,374.2177132653614,5.0,293.1225226374142,311.2277724135663,309.52108901749205,304.43215380118863,304.43215380118863
37,Hungaria krt,Hungaria krt,Hungaria krt__CPT5,Quaternary,SCPT,5.5,594.0,5.0,283.9619022065283,291.43083221566206,299.0423640082621,290.2876393996036,290.2876393996036
55,Hungaria krt,Hungaria krt,Hungaria krt__CPT5,Quaternary,MASW,6.2,338.7293209269103,5.0,277.55278455317034,294.92112656076563,288.11270713605205,287.3763911063512,287.3763911063512
38,Hungaria krt,Hungaria krt,Hungaria krt__CPT5,Quaternary,SCPT,6.5,361.6,5.0,274.8597880075739,298.99220567104834,288.76777733829283,288.3006414617254,288.3006414617254
56,Hungaria krt,Hungaria krt,Hungaria krt__CPT5,Quaternary,MASW,7.15,307.6345446313491,5.0,270.49468020666615,288.6503896182309,280.93814168661527,280.63715087390096,280.63715087390096
39,Hungaria krt,Hungaria krt,Hungaria krt__CPT5,Quaternary,SCPT,7.5,202.8,5.0,289.7805228926497,299.3503055711074,292.9786700084915,294.6946729244294,294.6946729244294
57,Hungaria krt,Hungaria krt,Hungaria krt__CPT5,Quaternary,MASW,7.7,469.3785994440153,5.0,300.84393100727453,307.93403768992516,302.8156531249363,304.4115082162929,304.4115082162929
40,Hungaria krt,Hungaria krt,Hungaria krt__CPT5,Tertiary,SCPT,8.5,239.5,5.0,273.4912295575398,281.4903597301274,277.68931691222923,277.9077208009225,287.2095148442793
58,Hungaria krt,Hungaria krt,Hungaria krt__CPT5,Tertiary,MASW,9.0,236.95193333557484,5.0,279.31181722467085,289.30648793423444,284.10367356134043,284.7330016234325,296.97923046572487
41,Hungaria krt,Hungaria krt,Hungaria krt__CPT5,Tertiary,SCPT,9.5,230.7,5.0,285.3605251502477,292.3214730579974,287.3095207076862,288.865176971296,301.23382834987467
42,Hungaria krt,Hungaria krt,Hungaria krt__CPT5,Tertiary,SCPT,10.5,291.4,5.0,299.90424636380925,312.439853682885,307.15975897272983,306.9457825048609,316.08429756451096
59,Hungaria krt,Hungaria krt,Hungaria krt__CPT5,Tertiary,MASW,11.0,232.340247034248,5.0,307.4568771020323,317.16350498390295,316.17930245176166,313.536860493442,323.45785892390234
43,Hungaria krt,Hungaria krt,Hungaria krt__CPT5,Tertiary,SCPT,11.5,361.5,5.0,315.00051855939006,324.4252031993868,318.6606502004067,319.94563908829286,326.2248880268017
44,Hungaria krt,Hungaria krt,Hungaria krt__CPT5,Tertiary,SCPT,12.5,394.1,5.0,329.1937163301476,337.8912324900922,334.6571649212674,334.17786396414306,338.613830465577
60,Hungaria krt,Hungaria krt,Hungaria krt__CPT5,Tertiary,MASW,13.0,242.56775610640275,5.0,332.2504766678497,338.8931919304777,338.61233478703326,336.4974668806216,339.370081037616
45,Hungaria krt,Hungaria krt,Hungaria krt__CPT5,Tertiary,SCPT,13.5,339.5,5.0,335.91833416109614,350.5368136936868,350.21662318715175,345.28625034365973,349.4261029582742
46,Hungaria krt,Hungaria krt,Hungaria krt__CPT5,Tertiary,SCPT,14.5,280.7,5.0,320.70087135643445,353.28764634316263,357.6937324724874,342.3695391190155,348.3827199313076
61,Hungaria krt,Hungaria krt,Hungaria krt__CPT5,Tertiary,MASW,15.0,301.8585277306017,5.0,320.4419604871002,351.6720869074579,345.4536608038969,339.1972302264134,345.000080801718
47,Hungaria krt,Hungaria krt,Hungaria krt__CPT5,Tertiary,SCPT,15.5,342.0,5.0,320.5285226762127,342.6888764081058,334.63221771403704,333.17460567653114,336.5925116638947
48,Hungaria krt,Hungaria krt,Hungaria krt__CPT5,Tertiary,SCPT,16.5,282.4,5.0,321.7510291231714,331.68386255006243,321.57383091780537,326.14751550053165,328.3565610994674
62,Hungaria krt,Hungaria krt,Hungaria krt__CPT5,Tertiary,MASW,17.0,349.3932717135017,5.0,333.9602542439967,335.94648059630555,326.711511146594,333.3861888653149,334.06368654629017
49,Hungaria krt,Hungaria krt,Hungaria krt__CPT5,Tertiary,SCPT,17.5,253.3,5.0,346.3061782946269,341.253557761377,335.1970056889757,341.7872395272735,340.7464127657622
50,Hungaria krt,Hungaria krt,Hungaria krt__CPT5,Tertiary,SCPT,18.5,321.4,5.0,367.25507151832545,356.4775832086222,356.74163055618783,360.2665912572089,358.2413502559679
63,Hungaria krt,Hungaria krt,Hungaria krt__CPT5,Tertiary,MASW,18.81,368.9090098180544,5.0,365.10963210781995,356.2142670563582,365.78389817397834,361.21282177226846,359.85626839707425
326,Lang,Lang,Lang__CPT10,Quaternary,MASW,2.0,187.0,3.0,149.22227064580574,179.88158461258186,180.13838462592105,163.8480029533659,163.8480029533659
327,Lang,Lang,Lang__CPT10,Quaternary,MASW,3.0,193.0,3.0,219.87696303696805,226.90559623013067,223.939605551224,223.2167361101828,223.2167361101828
328,Lang,Lang,Lang__CPT10,Quaternary,MASW,4.0,200.0,3.0,211.9500406717647,204.46906468035274,204.42672123260755,208.17379523351332,208.17379523351332
329,Lang,Lang,Lang__CPT10,Quaternary,MASW,5.0,210.0,3.0,236.68692965527984,227.2454739142706,235.25545934743968,232.32020509797502,232.32020509797502
330,Lang,Lang,Lang__CPT10,Quaternary,MASW,6.25,221.0,3.0,231.22387920037346,230.86990941471763,236.1362475284912,231.30753157879465,231.30753157879465
331,Lang,Lang,Lang__CPT10,Quaternary,MASW,7.5,238.0,3.0,255.47817118177554,261.2616648814768,265.1033798871512,258.5423685158973,258.5423685158973
332,Lang,Lang,Lang__CPT10,Quaternary,MASW,8.6,259.0,3.0,298.9713837314563,306.48207932970655,306.1246874185501,302.68577888560145,302.68577888560145
333,Lang,Lang,Lang__CPT10,Quaternary,MASW,10.35,268.0,3.0,306.0654974540723,291.48830184027344,294.3171644531238,298.8322573235416,298.8322573235416
334,Lang,Lang,Lang__CPT10,Quaternary,MASW,12.25,285.0,3.0,312.85140344607595,300.4192730679005,301.8304770453843,306.64417142152155,306.64417142152155
335,Lang,Lang,Lang__CPT10,Tertiary,MASW,13.5,294.0,3.0,316.30997301382916,285.2865482683752,289.38004897432813,300.6120978274017,300.6120978274017
336,Lang,Lang,Lang__CPT10,Tertiary,MASW,14.5,300.0,3.0,341.64543771704354,340.3745509042004,325.4114024675198,340.24373543865664,340.24373543865664
337,Lang,Lang,Lang__CPT10,Tertiary,MASW,15.75,313.0,3.0,350.3018728377016,377.74397927134373,364.4048354278744,363.11094029238524,363.11094029238524
338,Lang,Lang,Lang__CPT10,Tertiary,MASW,17.0,320.0,3.0,392.0452994932147,432.5338645671832,411.6142969051339,410.77282059711797,414.4845877563008
339,Lang,Lang,Lang__CPT10,Tertiary,MASW,18.0,329.0,3.0,395.28458404414044,429.3715371856363,418.30730168455034,411.43825966009393,416.2078570306251
340,Lang,Lang,Lang__CPT10,Tertiary,MASW,19.0,337.0,3.0,386.9470130646264,413.7717993263239,404.878930617844,399.7002387987865,407.1892871388544
341,Lang,Lang,Lang__CPT10,Tertiary,MASW,20.0,348.0,3.0,414.3794358804134,436.93321864871854,428.5520581084739,425.0950574417679,429.40183535321427
342,Lang,Lang,Lang__CPT10,Tertiary,MASW,21.14,360.0,3.0,421.3175990981844,445.95354735128376,447.61888881744073,433.5413752082091,437.4288957145208
312,Lang,Lang,Lang__CPT11,Quaternary,MASW,2.0,189.0,3.0,151.84342464119618,175.6714396198691,174.9402226942027,163.28940291202716,163.28940291202716
313,Lang,Lang,Lang__CPT11,Quaternary,MASW,3.0,196.0,3.0,185.8582326802737,214.62447187120083,202.9083102754514,199.16432606778415,199.16432606778415
314,Lang,Lang,Lang__CPT11,Quaternary,MASW,4.0,204.0,3.0,216.47614918209987,222.0347284963859,221.05148827691613,219.18917781100475,219.18917781100475
315,Lang,Lang,Lang__CPT11,Quaternary,MASW,5.0,212.0,3.0,230.4211636671488,214.29631782806973,222.88407354662968,222.64951506237674,222.64951506237674
316,Lang,Lang,Lang__CPT11,Quaternary,MASW,6.0,225.0,3.0,243.2984650466309,235.3450415526696,238.1981346482455,239.43292772683526,239.43292772683526
317,Lang,Lang,Lang__CPT11,Quaternary,MASW,7.25,236.0,3.0,242.8370066168653,245.59567704835712,243.80659041381764,244.12318678922904,244.12318678922904
318,Lang,Lang,Lang__CPT11,Quaternary,MASW,8.6,255.0,3.0,280.44404496724775,286.8331677506229,279.4254234589375,283.2498074427981,283.2498074427981
319,Lang,Lang,Lang__CPT11,Quaternary,MASW,9.5,265.0,3.0,287.74789621469256,276.48151718355274,276.9843278300084,282.08408561202805,282.08408561202805
320,Lang,Lang,Lang__CPT11,Quaternary,MASW,10.15,271.0,3.0,300.0704885427328,296.42004042803154,293.1783343023827,298.07574583564707,298.07574583564707
321,Lang,Lang,Lang__CPT11,Quaternary,MASW,11.0,283.0,3.0,279.8907317236903,281.9284335507669,275.773716351545,280.59788782432076,280.59788782432076
322,Lang,Lang,Lang__CPT11,Tertiary,MASW,12.0,293.0,3.0,309.82191314347705,282.06311424174834,284.4031331801797,295.73901222859433,295.73901222859433
323,Lang,Lang,Lang__CPT11,Tertiary,MASW,13.0,301.0,3.0,326.4251479578311,309.8876110885721,320.17169524396513,318.5685126844564,318.5685126844564
324,Lang,Lang,Lang__CPT11,Tertiary,MASW,14.0,308.0,3.0,362.5930526429799,350.28836738828693,352.9225147437958,356.52113416949754,356.52113416949754
325,Lang,Lang,Lang__CPT11,Tertiary,MASW,15.24,312.0,3.0,350.98728875527667,381.16040409488994,362.03630692554503,364.8226561405766,364.8226561405766
292,Lang,Lang,Lang__CPT12,Quaternary,MASW,2.0,190.0,3.0,148.38899665614707,177.33866681190352,175.7602298135385,162.14681687455442,162.14681687455442
293,Lang,Lang,Lang__CPT12,Quaternary,MASW,3.0,197.0,3.0,164.70729281868134,191.81743114211127,184.42554882702478,177.39733877998145,177.39733877998145
294,Lang,Lang,Lang__CPT12,Quaternary,MASW,4.0,200.0,3.0,162.49906512145054,208.33893034145368,195.23732422546635,183.4003960810368,183.4003960810368
295,Lang,Lang,Lang__CPT12,Quaternary,MASW,5.0,208.0,3.0,180.80308403383674,220.760532606239,208.83729649743097,199.23148182322217,199.23148182322217
296,Lang,Lang,Lang__CPT12,Quaternary,MASW,6.0,218.0,3.0,172.3977053249579,216.96700135257822,209.9183007672538,193.08361203072522,193.08361203072522
297,Lang,Lang,Lang__CPT12,Quaternary,MASW,7.0,228.0,3.0,147.65997582601383,219.26403720602354,213.32709925602063,179.68798175080627,179.68798175080627
298,Lang,Lang,Lang__CPT12,Quaternary,MASW,8.0,239.0,3.0,167.10262407839727,220.32659707551488,220.4955329712122,191.88531604886109,191.88531604886109
299,Lang,Lang,Lang__CPT12,Quaternary,MASW,9.0,250.0,3.0,162.01247858916494,219.10647326298346,219.49535669503615,188.42578957971762,188.42578957971762
300,Lang,Lang,Lang__CPT12,Quaternary,MASW,10.0,260.0,3.0,243.311885656615,253.03680650377416,246.01636120665148,247.77787602716162,247.77787602716162
301,Lang,Lang,Lang__CPT12,Tertiary,MASW,11.0,270.0,3.0,291.5719889627254,270.195583947618,275.18874978500446,280.9374553973272,280.9374553973272
302,Lang,Lang,Lang__CPT12,Tertiary,MASW,12.0,280.0,3.0,311.71576168744286,288.8948188901289,286.2018611800556,299.9479464317859,299.9479464317859
303,Lang,Lang,Lang__CPT12,Tertiary,MASW,13.0,290.0,3.0,326.69328592344596,320.0069902940949,315.81165817895186,323.11957713902206,323.11957713902206
304,Lang,Lang,Lang__CPT12,Tertiary,MASW,14.0,297.0,3.0,382.2759205167829,391.1322349689515,377.94874950722874,386.0163868129486,401.29888041746216
305,Lang,Lang,Lang__CPT12,Tertiary,MASW,15.0,304.0,3.0,347.36080473251735,369.6078910382011,354.59504877585704,357.56960530698956,357.56960530698956
306,Lang,Lang,Lang__CPT12,Tertiary,MASW,16.0,310.0,3.0,359.8985063290188,393.24834534183356,371.51549795340037,375.13620069089126,388.7569234980365
307,Lang,Lang,Lang__CPT12,Tertiary,MASW,17.0,318.0,3.0,359.44353697547956,390.3264715050325,374.180382713102,373.7764998444201,373.7764998444201
308,Lang,Lang,Lang__CPT12,Tertiary,MASW,18.0,325.0,3.0,385.3935404923834,403.8336695098968,397.3656843753584,394.18751965327726,400.17988627941855
309,Lang,Lang,Lang__CPT12,Tertiary,MASW,19.0,335.0,3.0,430.09836110388466,438.57166113339275,421.46288700587917,433.45110587243624,435.6033080657732
310,Lang,Lang,Lang__CPT12,Tertiary,MASW,20.0,348.0,3.0,379.9085946072583,413.1484160060741,408.63897626640266,395.96271198165925,404.5054798945488
311,Lang,Lang,Lang__CPT12,Tertiary,MASW,21.14,360.0,3.0,433.0998643409602,455.66777529326805,446.0517859753211,443.76702747424525,445.6685506354557
432,Lang,Lang,Lang__CPT15,Quaternary,MASW,2.0,160.0,3.0,137.65596152614927,168.64369350123835,166.20538312432203,152.2531595274858,152.2531595274858
433,Lang,Lang,Lang__CPT15,Quaternary,MASW,3.0,173.0,3.0,155.29758875252062,183.3210660688915,179.35444648800296,168.54409136015826,168.54409136015826
434,Lang,Lang,Lang__CPT15,Quaternary,MASW,4.0,188.0,3.0,154.10540729571264,204.1639129736004,191.44679561513686,176.80798927978887,176.80798927978887
435,Lang,Lang,Lang__CPT15,Quaternary,MASW,5.0,197.0,3.0,185.0148851957615,230.36718276160877,222.3403230329365,206.08364254432092,206.08364254432092
436,Lang,Lang,Lang__CPT15,Quaternary,MASW,6.0,208.0,3.0,178.19772318117697,214.9333872608573,212.6831250659199,195.60253296842947,195.60253296842947
437,Lang,Lang,Lang__CPT15,Quaternary,MASW,7.0,218.0,3.0,178.5672050782108,201.71967206163615,203.53024286213022,189.8755357003786,189.8755357003786
438,Lang,Lang,Lang__CPT15,Quaternary,MASW,8.15,230.0,3.0,216.28371903516307,224.50615416387686,223.76287633769422,220.32005373769616,220.32005373769616
439,Lang,Lang,Lang__CPT15,Quaternary,MASW,9.25,240.0,3.0,267.1846662005729,259.83538022573146,261.89811820063386,263.58859350720974,263.58859350720974
440,Lang,Lang,Lang__CPT15,Tertiary,MASW,10.1,250.0,3.0,235.40365549824097,233.05424378467825,239.14073154896064,234.52812742229273,234.52812742229273
441,Lang,Lang,Lang__CPT15,Tertiary,MASW,11.0,263.0,3.0,273.7648453270448,277.1339524024944,280.32506355832464,275.6019695515375,275.6019695515375
442,Lang,Lang,Lang__CPT15,Tertiary,MASW,12.0,272.0,3.0,301.03083807925776,301.52932261603615,305.7889206110786,301.4913660604525,301.4913660604525
443,Lang,Lang,Lang__CPT15,Tertiary,MASW,13.0,281.0,3.0,329.33183405300923,309.3288998832567,319.73422960917645,319.7021351009443,319.7021351009443
444,Lang,Lang,Lang__CPT15,Tertiary,MASW,13.9,290.0,3.0,336.04201623086277,327.2788138468053,324.03494498121415,331.4663415452039,331.4663415452039
445,Lang,Lang,Lang__CPT15,Tertiary,MASW,14.9,298.0,3.0,380.14544024459093,426.2971122434631,408.87253641924576,401.7213057449185,419.94400693318346
446,Lang,Lang,Lang__CPT15,Tertiary,MASW,15.93,304.0,3.0,371.45497264247126,443.57710367396146,434.567569350479,405.501120243345,421.29202843259253
360,Lang,Lang,Lang__CPT19,Quaternary,MASW,2.0,180.0,3.0,176.94139741048951,179.92296425282657,189.89340762307594,178.90776474040268,178.90776474040268
361,Lang,Lang,Lang__CPT19,Quaternary,MASW,3.0,195.0,3.0,190.14496740139975,200.26923767016453,195.32567386571827,194.89773605037374,194.89773605037374
362,Lang,Lang,Lang__CPT19,Quaternary,MASW,4.0,210.0,3.0,205.07122075378302,212.00731831931068,203.88993395729364,208.10380995063366,208.10380995063366
363,Lang,Lang,Lang__CPT19,Quaternary,MASW,5.0,223.0,3.0,210.3606425750506,215.31893388806336,213.76906731056604,212.74849026412258,212.74849026412258
364,Lang,Lang,Lang__CPT19,Quaternary,MASW,5.85,235.0,3.0,202.4369474585224,208.79114770327402,206.77552336797538,205.48980646926887,205.48980646926887
365,Lang,Lang,Lang__CPT19,Quaternary,MASW,6.85,247.0,3.0,272.54921904032057,280.7255920097723,279.42192746597055,276.5428269194704,276.5428269194704
366,Lang,Lang,Lang__CPT19,Quaternary,MASW,8.25,255.0,3.0,289.6891503728318,296.3704209836472,304.31503908793195,293.3985555860312,293.3985555860312
367,Lang,Lang,Lang__CPT19,Quaternary,MASW,9.4,268.0,3.0,264.07094483863153,263.3931090993009,267.90201328002996,263.95572896004876,263.95572896004876
368,Lang,Lang,Lang__CPT19,Quaternary,MASW,10.15,271.0,3.0,217.1784208059254,230.75559062781537,230.7204647779154,223.86239490983323,223.86239490983323
369,Lang,Lang,Lang__CPT19,Quaternary,MASW,10.95,274.0,3.0,262.0910562647173,271.16612735117707,267.09874382591806,266.38860298052396,266.38860298052396
370,Lang,Lang,Lang__CPT19,Quaternary,MASW,12.0,275.0,3.0,295.6804054843436,298.66489475629214,298.42943781870855,297.15718519682247,297.15718519682247
371,Lang,Lang,Lang__CPT19,Quaternary,MASW,13.05,277.0,3.0,309.87214308009766,295.47990877288777,301.53765547308967,302.8976653162482,302.8976653162482
372,Lang,Lang,Lang__CPT19,Tertiary,MASW,14.0,278.0,3.0,325.8646798126247,326.91738698799134,338.93600030775195,326.98033818036697,326.98033818036697
373,Lang,Lang,Lang__CPT19,Tertiary,MASW,15.0,283.0,3.0,350.75553508953647,377.81563671128555,376.74727162954457,363.98269815099354,363.98269815099354
374,Lang,Lang,Lang__CPT19,Tertiary,MASW,16.0,287.0,3.0,383.93202549696963,425.7851252400177,421.3058866986527,404.1036422359088,413.5320407554434
375,Lang,Lang,Lang__CPT19,Tertiary,MASW,17.05,292.0,3.0,373.00593547169893,415.0555153288213,406.5500817556265,393.06227102586286,403.7301710789256
343,Lang,Lang,Lang__CPT2,Quaternary,MASW,2.25,197.0,3.0,159.9792744699802,174.80840334149232,174.9346972284418,167.2355862898197,167.2355862898197
344,Lang,Lang,Lang__CPT2,Quaternary,MASW,3.25,210.0,3.0,220.18374522491837,219.24894852643934,219.7932121068551,219.74308875747565,219.74308875747565
345,Lang,Lang,Lang__CPT2,Quaternary,MASW,4.15,224.0,3.0,199.59109249691477,200.30411180397132,195.38728937213398,199.69897331606379,199.69897331606379
346,Lang,Lang,Lang__CPT2,Quaternary,MASW,5.3,233.0,3.0,230.21354855294,232.6242364280951,235.23578759181103,231.5449649792325,231.5449649792325
347,Lang,Lang,Lang__CPT2,Quaternary,MASW,6.15,240.0,3.0,206.7254469620862,219.38679119920332,218.65776563493586,212.92660489212147,212.92660489212147
348,Lang,Lang,Lang__CPT2,Quaternary,MASW,7.0,247.0,3.0,284.6781230323066,290.107101552738,293.44453866767253,287.5441990090289,287.5441990090289
349,Lang,Lang,Lang__CPT2,Quaternary,MASW,8.2,252.0,3.0,280.45079118746503,277.4361551533696,280.2427744405237,279.07981839263135,279.07981839263135
350,Lang,Lang,Lang__CPT2,Quaternary,MASW,9.35,258.0,3.0,254.78250785512085,279.1112604722127,282.5229359878376,266.83162478117066,266.83162478117066
351,Lang,Lang,Lang__CPT2,Quaternary,MASW,10.15,262.0,3.0,273.32245668388276,275.3154702455772,276.47628719638743,274.37486835818237,274.37486835818237
352,Lang,Lang,Lang__CPT2,Quaternary,MASW,11.0,267.0,3.0,242.58493426609826,247.49390341902156,253.4515158652914,245.31871706180627,245.31871706180627
353,Lang,Lang,Lang__CPT2,Quaternary,MASW,12.25,270.0,3.0,289.77222475596267,295.7047716139865,295.6735286628987,292.72192293121327,292.72192293121327
354,Lang,Lang,Lang__CPT2,Tertiary,MASW,13.85,278.0,3.0,258.2898805042722,263.12581071781443,267.4437955779433,260.90888877564817,260.90888877564817
355,Lang,Lang,Lang__CPT2,Tertiary,MASW,15.1,282.0,3.0,343.93119219740964,364.69907743814946,354.79340968576105,353.6756487990863,353.6756487990863
356,Lang,Lang,Lang__CPT2,Tertiary,MASW,16.0,287.0,3.0,359.0793718410602,393.7733196526221,382.0848642949846,375.4603228067571,390.04668148499434
357,Lang,Lang,Lang__CPT2,Tertiary,MASW,17.0,292.0,3.0,368.1827312901665,410.3255089806577,400.7294826621562,388.22375416159844,399.4223835238924
358,Lang,Lang,Lang__CPT2,Tertiary,MASW,18.0,297.0,3.0,369.6818714735407,408.4208458582426,400.4661084349891,388.186940479879,397.5964149122575
359,Lang,Lang,Lang__CPT2,Tertiary,MASW,19.24,303.0,3.0,391.1479641547051,423.3412687972561,420.1654908760265,406.77319747694816,412.5273282195071
395,Lang,Lang,Lang__CPT20,Quaternary,MASW,2.0,158.0,3.0,187.49437653980175,199.10792105053898,196.9170325173818,193.10705001061135,193.10705001061135
396,Lang,Lang,Lang__CPT20,Quaternary,MASW,3.0,177.0,3.0,187.87934938201872,202.1818946286121,197.67711832084865,194.68001083384073,194.68001083384073
397,Lang,Lang,Lang__CPT20,Quaternary,MASW,4.0,200.0,3.0,185.3437358824853,214.83939734090478,213.03133892719674,199.46302337919306,199.46302337919306
398,Lang,Lang,Lang__CPT20,Quaternary,MASW,5.0,225.0,3.0,206.10429761674354,222.80038095373766,224.57080880390694,214.37461481741553,214.37461481741553
399,Lang,Lang,Lang__CPT20,Quaternary,MASW,5.9,244.0,3.0,180.95995988988514,211.95112380606565,217.18996601517853,196.08271389182198,196.08271389182198
400,Lang,Lang,Lang__CPT20,Quaternary,MASW,6.9,260.0,3.0,226.6911873711237,227.0416778955548,233.38845247655098,227.17932315046758,227.17932315046758
401,Lang,Lang,Lang__CPT20,Quaternary,MASW,8.2,274.0,3.0,225.48139664715941,220.64546658197386,228.29804398922374,223.43089315000665,223.43089315000665
402,Lang,Lang,Lang__CPT20,Quaternary,MASW,9.45,280.0,3.0,279.22786771591325,278.4478219031988,274.87014919103154,278.6573355242555,278.6573355242555
403,Lang,Lang,Lang__CPT20,Tertiary,MASW,10.5,283.5,3.0,315.2293861369118,290.64830242853117,303.15871513202376,303.32789891125634,303.32789891125634
404,Lang,Lang,Lang__CPT20,Tertiary,MASW,11.5,284.0,3.0,293.83502669689733,298.3105718542497,305.12143506226715,296.3987094682554,296.3987094682554
405,Lang,Lang,Lang__CPT20,Tertiary,MASW,12.75,285.0,3.0,341.167663150618,320.4963190913565,334.8111269021664,331.39373606414654,331.39373606414654
406,Lang,Lang,Lang__CPT20,Tertiary,MASW,14.1,285.0,3.0,329.2863232069537,334.64746569957384,343.5108540987648,332.3902397951826,332.3902397951826
407,Lang,Lang,Lang__CPT20,Tertiary,MASW,15.1,285.0,3.0,311.587717711903,306.89839909217767,303.1800432747272,309.0457502826804,309.0457502826804
408,Lang,Lang,Lang__CPT20,Tertiary,MASW,16.0,287.0,3.0,305.1647094687012,278.94511082217457,283.898443794376,292.0174095445125,292.0174095445125
409,Lang,Lang,Lang__CPT20,Tertiary,MASW,17.0,292.0,3.0,355.73288597122337,361.88538205419934,352.92164358662893,358.3462720609204,358.3462720609204
410,Lang,Lang,Lang__CPT20,Tertiary,MASW,18.0,298.0,3.0,399.3383121250958,419.0037845519092,418.12468850026573,409.009932929852,416.1504624695284
411,Lang,Lang,Lang__CPT20,Tertiary,MASW,19.14,309.0,3.0,384.59420029702744,422.5559097816079,418.32380235139823,402.92561291620166,410.5977930004073
412,Lang,Lang,Lang__CPT4,Quaternary,MASW,2.0,218.0,3.0,218.429743481653,205.10895301090525,204.76159783782526,211.6466464026689,211.6466464026689
413,Lang,Lang,Lang__CPT4,Quaternary,MASW,3.0,224.0,3.0,237.6910633855111,228.79945461301037,226.1916414526095,233.06926018365277,233.06926018365277
414,Lang,Lang,Lang__CPT4,Quaternary,MASW,4.0,228.0,3.0,198.913128035083,206.452484670717,201.03187728078856,202.37833623007432,202.37833623007432
415,Lang,Lang,Lang__CPT4,Quaternary,MASW,5.15,235.0,3.0,199.2231020942407,212.21327791470532,217.30345388969988,205.8594602302767,205.8594602302767
416,Lang,Lang,Lang__CPT4,Quaternary,MASW,6.15,242.0,3.0,271.7188758085925,283.44748241847515,285.62265971493326,277.6273254385261,277.6273254385261
417,Lang,Lang,Lang__CPT4,Quaternary,MASW,7.0,250.0,3.0,289.96250694811016,293.78123585248096,298.0613742731695,292.076779927076,292.076779927076
418,Lang,Lang,Lang__CPT4,Quaternary,MASW,8.0,258.0,3.0,270.6267050218243,278.7672337890226,283.8877851376282,274.91689916428606,274.91689916428606
419,Lang,Lang,Lang__CPT4,Quaternary,MASW,8.9,266.0,3.0,257.5261025771079,280.30134777599915,277.6059095679175,268.5427281654166,268.5427281654166
420,Lang,Lang,Lang__CPT4,Quaternary,MASW,9.9,275.0,3.0,285.61894250454486,297.5826690148574,297.1986933760445,291.5206232618205,291.5206232618205
421,Lang,Lang,Lang__CPT4,Quaternary,MASW,11.0,281.0,3.0,302.7082922694756,308.9627524277453,303.2839770631931,305.5360000772503,305.5360000772503
422,Lang,Lang,Lang__CPT4,Quaternary,MASW,12.0,290.0,3.0,281.7347949105548,285.8887480967621,291.38883329082546,284.07470664945515,284.07470664945515
423,Lang,Lang,Lang__CPT4,Quaternary,MASW,13.0,294.0,3.0,272.6147122908398,277.9786885019028,282.02841190739014,275.4827842979648,275.4827842979648
424,Lang,Lang,Lang__CPT4,Tertiary,MASW,14.25,300.0,3.0,269.627884156807,267.1510644654404,268.84864325398,268.47163232258276,268.47163232258276
425,Lang,Lang,Lang__CPT4,Tertiary,MASW,15.6,306.0,3.0,362.742142289232,382.12959758034305,376.65026330362815,372.0409332983831,372.0409332983831
426,Lang,Lang,Lang__CPT4,Tertiary,MASW,16.6,314.0,3.0,396.16541551095,444.6046500338379,440.0227849601619,419.46945175196686,430.2129020844354
427,Lang,Lang,Lang__CPT4,Tertiary,MASW,17.5,325.0,3.0,362.6471443470131,406.92252001035695,404.20961550790827,384.0190239235505,396.5771379820526
428,Lang,Lang,Lang__CPT4,Tertiary,MASW,18.5,334.0,3.0,384.78969131903193,426.4562725291244,418.94131068422934,404.7276744944414,412.3211561960572
429,Lang,Lang,Lang__CPT4,Tertiary,MASW,19.5,340.0,3.0,379.5104885903178,419.4621705283585,417.712016355661,398.90318130693606,408.1820449568595
430,Lang,Lang,Lang__CPT4,Tertiary,MASW,20.5,348.0,3.0,393.10829546175484,430.77923683329095,431.65829956659303,411.55487666309534,420.1123602136594
431,Lang,Lang,Lang__CPT4,Tertiary,MASW,21.9,360.0,3.0,411.6283121661117,442.71173902424454,436.6127300156289,426.59121338460074,432.7835972713389
283,Lang,Lang,Lang__CPT7,Quaternary,MASW,2.0,198.0,3.0,168.09158230477252,202.83730547537093,204.37310205402684,184.71862801687067,184.71862801687067
284,Lang,Lang,Lang__CPT7,Quaternary,MASW,3.0,199.0,3.0,161.90038048294088,198.0246249934682,197.36185060976143,179.02378499361734,179.02378499361734
285,Lang,Lang,Lang__CPT7,Quaternary,MASW,4.0,205.0,3.0,173.6901683526221,221.39232464184556,217.77953493833905,195.93482058182548,195.93482058182548
286,Lang,Lang,Lang__CPT7,Quaternary,MASW,5.0,212.0,3.0,226.2774930912466,239.46717728250945,241.7693884277834,232.89032268740337,232.89032268740337
287,Lang,Lang,Lang__CPT7,Quaternary,MASW,6.0,223.0,3.0,194.12167842887214,221.17888566485274,223.18821645340608,207.30283027124062,207.30283027124062
288,Lang,Lang,Lang__CPT7,Quaternary,MASW,6.85,234.0,3.0,190.66918843839883,218.8891311420548,223.3357939756384,204.49799978523987,204.49799978523987
289,Lang,Lang,Lang__CPT7,Quaternary,MASW,7.699999999999999,244.0,3.0,241.19608717522675,247.34771239388414,244.14161335370233,244.09325216938498,244.09325216938498
290,Lang,Lang,Lang__CPT7,Quaternary,MASW,8.85,254.0,3.0,280.94662858165964,283.21213450778407,280.6591825463095,281.9494235187223,281.9494235187223
291,Lang,Lang,Lang__CPT7,Quaternary,MASW,10.09,265.0,3.0,296.5621565247402,296.30794610344066,299.1858148974495,296.57831925537846,296.57831925537846
376,Lang,Lang,Lang__CPT9,Quaternary,MASW,2.0,169.0,3.0,155.84206788715338,179.4425996218734,178.52311859983027,167.1835615746955,167.1835615746955
377,Lang,Lang,Lang__CPT9,Quaternary,MASW,3.25,190.0,3.0,173.63691005965018,194.58187385151433,192.30164407771755,183.7029988085024,183.7029988085024
378,Lang,Lang,Lang__CPT9,Quaternary,MASW,4.5,218.0,3.0,203.34981701784454,217.27533846246342,214.12614969360573,210.04390033609508,210.04390033609508
379,Lang,Lang,Lang__CPT9,Quaternary,MASW,5.5,238.0,3.0,221.38243945816865,217.81881440422728,225.85194996827317,219.9913992326446,219.9913992326446
380,Lang,Lang,Lang__CPT9,Quaternary,MASW,6.5,254.0,3.0,232.71436958412707,222.62343056387485,230.95250636800097,228.03138563846088,228.03138563846088
381,Lang,Lang,Lang__CPT9,Quaternary,MASW,7.5,278.0,3.0,234.63994011584722,238.5434825737012,241.42137608407677,236.72556160206724,236.72556160206724
382,Lang,Lang,Lang__CPT9,Quaternary,MASW,8.5,279.0,3.0,299.369250247333,313.8211856591049,314.04059520539823,306.52076511059533,306.52076511059533
383,Lang,Lang,Lang__CPT9,Quaternary,MASW,9.5,284.0,3.0,274.1754670493762,267.0419030523959,270.60933946757,270.7647794251396,270.7647794251396
384,Lang,Lang,Lang__CPT9,Quaternary,MASW,10.5,286.0,3.0,283.07465797229816,283.42708561838924,279.19947131866223,283.03805632893193,283.03805632893193
385,Lang,Lang,Lang__CPT9,Tertiary,MASW,11.5,286.0,3.0,278.05397668425235,276.48036754607415,281.8117905594882,277.53096608972817,277.53096608972817
386,Lang,Lang,Lang__CPT9,Tertiary,MASW,12.5,286.0,3.0,311.9551897371226,309.50051364917243,322.80514923064106,311.38002455192543,311.38002455192543
387,Lang,Lang,Lang__CPT9,Tertiary,MASW,13.5,282.0,3.0,329.58134589995063,318.96982813740334,325.455238028927,324.55865632840596,324.55865632840596
388,Lang,Lang,Lang__CPT9,Tertiary,MASW,14.5,281.5,3.0,330.0081915754346,338.0465506185021,330.6954921610087,333.636228218057,333.636228218057
389,Lang,Lang,Lang__CPT9,Tertiary,MASW,15.75,285.0,3.0,356.11156070903303,388.4401165671262,378.70668631179103,371.4531273342153,371.4531273342153
390,Lang,Lang,Lang__CPT9,Tertiary,MASW,17.0,290.0,3.0,430.8481918817375,444.8158615884286,438.5712737372697,437.46696768080176,442.23384310080115
391,Lang,Lang,Lang__CPT9,Tertiary,MASW,18.0,298.0,3.0,366.7585119275431,363.8812642308403,359.78097997991665,365.11012249568654,365.11012249568654
392,Lang,Lang,Lang__CPT9,Tertiary,MASW,19.0,309.0,3.0,414.1920566349959,427.6093361529838,416.5974980815497,420.2986027057185,423.25062499004986
393,Lang,Lang,Lang__CPT9,Tertiary,MASW,20.0,320.0,3.0,440.8186364456228,466.17040947914836,458.65180002482214,452.94893707016365,454.94459947819615
394,Lang,Lang,Lang__CPT9,Tertiary,MASW,20.8,333.0,3.0,429.35876793582526,463.6024848097567,468.0365380938046,446.3646011926903,454.2693713153905
150,Marina,Marina,Marina__CPT1,Quaternary,MASW,1.5,154.37361376580503,3.0,180.21042107276733,213.66764962152007,212.4201412773636,196.1698152667075,196.1698152667075
151,Marina,Marina,Marina__CPT1,Quaternary,MASW,2.4,188.9515464665028,3.0,203.37658087194103,221.2061811247618,218.8982137443497,211.99291564663838,211.99291564663838
152,Marina,Marina,Marina__CPT1,Quaternary,MASW,3.1,210.7618990419121,3.0,214.0064917900635,220.4736057427646,215.0020244801794,216.94321578184503,216.94321578184503
153,Marina,Marina,Marina__CPT1,Quaternary,MASW,3.7,216.8659416178409,3.0,225.47071641838923,228.35198509701382,230.03828165246807,226.99026623438888,226.99026623438888
154,Marina,Marina,Marina__CPT1,Quaternary,MASW,4.45,192.58263899576804,3.0,206.45627705775996,224.4229909440821,226.75042956341974,215.3633298429498,215.3633298429498
155,Marina,Marina,Marina__CPT1,Quaternary,MASW,5.2,254.04192770326176,3.0,229.28542127492267,235.09825201223512,241.48453614622198,232.4849892115352,232.4849892115352
156,Marina,Marina,Marina__CPT1,Quaternary,MASW,5.75,254.85619390992656,3.0,208.6491068932479,223.86517992972145,226.0154885014704,216.22660126623876,216.22660126623876
157,Marina,Marina,Marina__CPT1,Quaternary,MASW,6.5,229.95709832009632,3.0,180.27122984914917,222.8803598664852,221.24226186518754,200.37287307512563,200.37287307512563
158,Marina,Marina,Marina__CPT1,Quaternary,MASW,7.65,204.7285980178102,3.0,178.47667877893088,222.70486179383943,227.90185972453077,199.59814254338445,199.59814254338445
159,Marina,Marina,Marina__CPT1,Quaternary,MASW,8.65,253.02665478008373,3.0,230.4885405807611,238.13499303875957,242.74178993089004,234.5051283319261,234.5051283319261
160,Marina,Marina,Marina__CPT1,Quaternary,MASW,9.5,254.45081735336137,3.0,232.7779170643994,232.10267888504498,238.7223540215558,232.76710874440928,232.76710874440928
161,Marina,Marina,Marina__CPT1,Quaternary,MASW,11.0,248.69925764605333,3.0,251.07510331937905,265.8338718162389,264.1250440428756,258.26582779121657,258.26582779121657
162,Marina,Marina,Marina__CPT1,Quaternary,MASW,12.5,300.69654630824925,3.0,321.407998265664,339.57221646884074,344.21166483684215,330.5895234406123,330.5895234406123
163,Marina,Marina,Marina__CPT1,Quaternary,MASW,14.0,318.2497071346119,3.0,372.20225285401625,446.4195522126889,435.43375901880717,407.1177587002757,426.60183431376834
164,Marina,Marina,Marina__CPT1,Tertiary,MASW,15.55,335.13417893108965,3.0,411.58492654816905,457.82595473734415,453.94326410327545,433.9053388617101,447.3752674934685
165,Marina,Marina,Marina__CPT2,Quaternary,MASW,1.45,162.8655867742902,3.0,185.60811174949035,204.67343590752063,207.14444906119073,195.02478480946604,195.02478480946604
166,Marina,Marina,Marina__CPT2,Quaternary,MASW,2.15,152.4065336873562,3.0,164.90720176984445,188.2460474042785,193.50649653569886,176.43357269125434,176.43357269125434
167,Marina,Marina,Marina__CPT2,Quaternary,MASW,2.9,172.2616758424782,3.0,191.04111129516687,215.4052571436343,210.98784212308018,202.64767420310446,202.64767420310446
168,Marina,Marina,Marina__CPT2,Quaternary,MASW,4.2,225.0811766638941,3.0,262.32771936788066,262.0375502164031,257.1195378855865,261.9343373771139,261.9343373771139
169,Marina,Marina,Marina__CPT2,Quaternary,MASW,5.5,224.0938681444996,3.0,216.44909901563102,214.373071477755,226.0860104927378,215.98230881880573,215.98230881880573
170,Marina,Marina,Marina__CPT2,Quaternary,MASW,6.5,228.58095676543687,3.0,209.37861817626512,223.78050518198947,226.08164308993554,216.57057128881135,216.57057128881135
171,Marina,Marina,Marina__CPT2,Quaternary,MASW,8.0,250.2333078399093,3.0,232.70855520505577,235.6139872113344,246.37045862728942,234.6800042667002,234.6800042667002
172,Marina,Marina,Marina__CPT2,Quaternary,MASW,9.5,236.1418597383989,3.0,219.20039312847626,231.43253599289702,235.36521271303454,225.42327991072864,225.42327991072864
173,Marina,Marina,Marina__CPT2,Quaternary,MASW,10.5,282.537697681028,3.0,281.5746841544122,295.1452972839953,283.25985570598425,287.68829659802833,287.68829659802833
174,Marina,Marina,Marina__CPT2,Quaternary,MASW,11.75,275.1829064009047,3.0,265.90893286334,300.3981964503526,304.82183739038953,282.8346162057593,282.8346162057593
175,Marina,Marina,Marina__CPT2,Quaternary,MASW,13.15,319.4455185892932,3.0,325.59460659363594,359.98949315513113,347.9828623136196,341.780212430198,341.780212430198
176,Marina,Marina,Marina__CPT2,Quaternary,MASW,14.4,305.3404635400741,3.0,309.18630094451055,330.4938891656404,327.9693582850622,319.5400732740556,319.5400732740556
177,Marina,Marina,Marina__CPT2,Tertiary,MASW,15.5,318.45230541235145,3.0,325.13868456262355,333.0000811595459,332.0459093380381,328.9986997768581,328.9986997768581
178,Marina,Marina,Marina__CPT2,Tertiary,MASW,16.5,354.9977594624199,3.0,372.6849188338546,381.94129885592343,360.5854825258077,376.2008743602389,389.3884661744257
179,Marina,Marina,Marina__CPT2,Tertiary,MASW,17.5,355.3165664289617,3.0,396.97510625821394,405.0265434548315,382.2071629865726,399.81966088364226,409.3021299024357
262,Paskal,Paskal,Paskal__CPT1,Quaternary,MASW,1.5,161.2812034755749,5.0,189.63960030257974,159.9411728472177,164.24674801272647,170.66978493796705,170.66978493796705
263,Paskal,Paskal,Paskal__CPT1,Quaternary,MASW,2.5,222.76172789332315,5.0,255.08548813825442,241.79934802542576,242.11628240906666,246.4334284686902,246.4334284686902
264,Paskal,Paskal,Paskal__CPT1,Quaternary,MASW,3.25,223.9108492496985,5.0,258.57249691475687,250.6852365670616,262.9694482510006,255.85435602369984,255.85435602369984
265,Paskal,Paskal,Paskal__CPT1,Quaternary,MASW,4.15,229.6152703338023,5.0,250.73359628180316,245.24061559432909,244.22379684486435,246.94404636469685,246.94404636469685
266,Paskal,Paskal,Paskal__CPT1,Quaternary,MASW,5.3,284.8468157056311,5.0,230.28464373876835,228.9410028286151,222.72759245464607,228.1514106698391,228.1514106698391
267,Paskal,Paskal,Paskal__CPT1,Quaternary,MASW,6.15,267.058512604076,5.0,247.0356766207124,257.3197638314122,247.05495702885494,251.61557280769537,251.61557280769537
268,Paskal,Paskal,Paskal__CPT1,Quaternary,MASW,7.0,225.18262954113905,5.0,264.67246461827494,281.4595815645553,279.8809371465851,275.15660821635845,275.15660821635845
269,Paskal,Paskal,Paskal__CPT1,Quaternary,MASW,8.25,211.45499754260985,5.0,267.50613881871413,282.21631561574304,272.70530887686823,275.0853644871729,275.0853644871729
270,Paskal,Paskal,Paskal__CPT1,Quaternary,MASW,9.52,187.58499662470868,5.0,244.29970899639883,255.96595644848463,252.1097590737179,251.05735983193975,251.05735983193975
271,Paskal,Paskal,Paskal__CPT2,Quaternary,MASW,1.5,157.3610543809992,5.0,189.81376571559892,160.58073671773212,155.9233631436146,169.2618121775839,169.2618121775839
272,Paskal,Paskal,Paskal__CPT2,Quaternary,MASW,2.5,212.313686919956,5.0,249.62817356699762,238.59007541149302,235.652960981771,241.79700010937307,241.79700010937307
273,Paskal,Paskal,Paskal__CPT2,Quaternary,MASW,3.35,203.21529879091256,5.0,260.10996331330915,256.798127637006,256.7385204139182,257.94046970670354,257.94046970670354
274,Paskal,Paskal,Paskal__CPT2,Tertiary,MASW,4.1,194.23547021582692,5.0,200.71466097561424,206.68834661092336,212.68470049228458,205.75108291862026,218.0470398564072
275,Paskal,Paskal,Paskal__CPT2,Tertiary,MASW,5.0,267.27963511620146,5.0,194.49582798089492,206.76300114137172,214.86289741100694,203.9452803012934,215.44383450827388
276,Paskal,Paskal,Paskal__CPT2,Tertiary,MASW,6.0,248.23038318074427,5.0,203.09640671265976,208.7498768891239,219.6511012589033,208.86913275733235,218.5658613445599
277,Paskal,Paskal,Paskal__CPT2,Tertiary,MASW,6.75,188.43348036726303,5.0,218.45247777300858,209.5878961065325,221.61206985260208,215.0346331842416,224.0432099751656
278,Paskal,Paskal,Paskal__CPT2,Tertiary,MASW,7.25,189.31716125851733,5.0,222.74103425749516,210.22440497726353,222.40599829439068,216.95356441979766,225.4678686308806
279,Paskal,Paskal,Paskal__CPT2,Tertiary,MASW,7.75,197.5519360067566,5.0,226.88455264358697,209.45283628356918,220.4268088702992,217.6072787908055,227.02498869298097
280,Paskal,Paskal,Paskal__CPT2,Tertiary,MASW,8.25,202.310932199361,5.0,234.6522018225701,220.6655512595962,228.31203593894747,227.00474015663306,233.842736016018
281,Paskal,Paskal,Paskal__CPT2,Tertiary,MASW,8.75,205.9751159322853,5.0,238.01140647562733,226.03414517285117,240.76429262781215,233.0805088729549,238.22596805797224
282,Paskal,Paskal,Paskal__CPT2,Tertiary,MASW,9.505,243.3681410722542,5.0,270.5587853364469,267.4418110812668,274.95512439792935,270.020741080633,273.425192503041
602,Puskas,Puskas,Puskas__CPTu 101,Quaternary,MASW,1.5,138.68254140664703,1.0,192.77337395727565,198.8046323942787,202.62780957721327,194.86321180684425,194.86321180684425
603,Puskas,Puskas,Puskas__CPTu 101,Quaternary,MASW,2.65,175.6383057937299,1.0,181.42521309896196,201.43756997926897,204.38286130327302,188.19263928927285,188.19263928927285
604,Puskas,Puskas,Puskas__CPTu 101,Quaternary,MASW,3.8,226.254185497313,1.0,173.10528240897213,203.91538404101206,203.0412657493686,183.31972859496105,183.31972859496105
605,Puskas,Puskas,Puskas__CPTu 101,Quaternary,MASW,4.8,322.56166663971857,1.0,191.94900909018523,221.9525895692294,214.31808247458628,201.95838734023144,201.95838734023144
606,Puskas,Puskas,Puskas__CPTu 101,Quaternary,MASW,5.9,349.5909756775834,1.0,247.48401162035637,256.3172120917714,252.95105904968133,250.54045707355897,250.54045707355897
607,Puskas,Puskas,Puskas__CPTu 101,Quaternary,MASW,7.0,271.02729546635857,1.0,243.66695943257608,254.0531605585849,243.61220215792014,247.25292009067405,247.25292009067405
608,Puskas,Puskas,Puskas__CPTu 101,Quaternary,MASW,7.75,212.7095348061291,1.0,201.16510750847343,203.6923838508102,206.64921089211964,202.04606733999563,202.04606733999563
609,Puskas,Puskas,Puskas__CPTu 101,Quaternary,MASW,8.5,274.51122171261454,1.0,216.58321197689588,228.38182730495504,221.51780417206473,220.64172986649183,220.64172986649183
610,Puskas,Puskas,Puskas__CPTu 101,Quaternary,MASW,9.5,353.5717404298168,1.0,256.74811229411074,273.2401215222692,267.30962469729496,262.4038984399121,262.4038984399121
611,Puskas,Puskas,Puskas__CPTu 101,Quaternary,MASW,10.5,351.59011300743686,1.0,280.94168795407586,297.1525896795092,293.6859459477539,286.51235451616344,286.51235451616344
612,Puskas,Puskas,Puskas__CPTu 101,Quaternary,MASW,11.5,304.20050622200347,1.0,279.9688994860397,296.831697728846,290.3643582822215,285.75902815882336,285.75902815882336
613,Puskas,Puskas,Puskas__CPTu 101,Tertiary,MASW,12.5,265.2928323682341,1.0,270.0685307892896,298.1771964334954,296.33987379118753,279.591611742184,279.591611742184
614,Puskas,Puskas,Puskas__CPTu 101,Tertiary,MASW,13.6,310.8084916587805,1.0,285.52810352802186,295.8796372444629,297.60740008001727,289.10928300514826,289.10928300514826
615,Puskas,Puskas,Puskas__CPTu 101,Tertiary,MASW,15.2,312.0,1.0,319.30685669774607,316.62978495040954,315.4950627128863,318.36731667493933,318.36731667493933
616,Puskas,Puskas,Puskas__CPTu 102,Quaternary,MASW,1.5,173.75219099554448,1.0,191.04309282019955,191.43046451523915,199.54634103830486,191.17858366682205,191.17858366682205
617,Puskas,Puskas,Puskas__CPTu 102,Quaternary,MASW,2.6,169.63762925377875,1.0,173.3803796983486,182.51391166943944,184.5110210136493,176.5239178826422,176.5239178826422
618,Puskas,Puskas,Puskas__CPTu 102,Quaternary,MASW,3.7,289.2965889689008,1.0,227.58828960799636,251.86916787151017,240.7001199927648,235.80808715692592,235.80808715692592
619,Puskas,Puskas,Puskas__CPTu 102,Quaternary,MASW,4.6,284.4555282995208,1.0,223.58047664426925,264.6362130424621,258.20937053369005,237.169733776222,237.169733776222
620,Puskas,Puskas,Puskas__CPTu 102,Quaternary,MASW,5.5,283.6958939452112,1.0,236.7894680741318,264.11229273729106,264.46656234300303,246.01498637104606,246.01498637104606
621,Puskas,Puskas,Puskas__CPTu 102,Quaternary,MASW,6.6,281.5545998734863,1.0,255.56186755667218,288.1833869239183,273.98414692637516,266.5364223216658,266.5364223216658
622,Puskas,Puskas,Puskas__CPTu 102,Quaternary,MASW,8.25,250.98040992645232,1.0,218.97958967443174,268.15304794327426,254.01990682847781,235.06952116528348,235.06952116528348
623,Puskas,Puskas,Puskas__CPTu 102,Quaternary,MASW,10.15,312.01853719663126,1.0,291.09169677333506,340.05014690346087,316.1068627742781,307.3685439639877,307.3685439639877
624,Puskas,Puskas,Puskas__CPTu 102,Quaternary,MASW,11.75,284.46017559275367,1.0,302.08416419659596,325.89917295675224,313.9728540183473,310.21465737721905,310.21465737721905
625,Puskas,Puskas,Puskas__CPTu 102,Quaternary,MASW,12.95,306.02310728847925,1.0,309.5796600247057,343.53970969640216,343.59436430156626,321.06576744039756,321.06576744039756
626,Puskas,Puskas,Puskas__CPTu 102,Tertiary,MASW,13.95,301.69541044289565,1.0,310.05035622564094,301.58675658260364,303.6028863634568,307.06141426405037,307.06141426405037
627,Puskas,Puskas,Puskas__CPTu 102,Tertiary,MASW,15.0,315.54632358270493,1.0,289.9551541629701,289.6571764983988,292.6379277770978,289.8508271279,289.8508271279
628,Puskas,Puskas,Puskas__CPTu 102,Tertiary,MASW,16.0,422.7887352526375,1.0,289.2463899853711,285.6775590077145,287.91651593938883,287.99225605251246,287.99225605251246
629,Puskas,Puskas,Puskas__CPTu 102,Tertiary,MASW,17.0,424.2404683388645,1.0,296.94030371897713,302.0799445620524,299.18611236817395,298.72915401820103,298.72915401820103
630,Puskas,Puskas,Puskas__CPTu 102,Tertiary,MASW,18.0,467.0582993691288,1.0,332.68380082203487,334.07260618113855,328.84109084717636,333.16922472636764,336.9060712958496
631,Puskas,Puskas,Puskas__CPTu 102,Tertiary,MASW,19.0,477.7239513029948,1.0,344.97052787750545,330.6485547894042,333.928660780528,339.88861352784767,342.40919957416867
632,Puskas,Puskas,Puskas__CPTu 102,Tertiary,MASW,20.0,450.0473236722789,1.0,361.19947142317085,350.66887526917543,346.0531278623119,357.4782688364557,356.84267168253956
633,Puskas,Puskas,Puskas__CPTu 102,Tertiary,MASW,20.75,449.6692803496859,1.0,391.8300073740213,375.87688369190784,385.97304578407187,386.1708305192648,386.87883779902535
634,Puskas,Puskas,Puskas__CPTu 102,Tertiary,MASW,21.5,519.3171293282068,1.0,451.1097727051712,413.3396524800833,416.12754959542116,437.51296548370084,438.7485063952594
635,Puskas,Puskas,Puskas__CPTu 102,Tertiary,MASW,22.5,474.5245914648232,1.0,440.15256748931444,390.8162525140936,390.3828127824442,422.2138945315369,419.80022478376657
636,Puskas,Puskas,Puskas__CPTu 102,Tertiary,MASW,23.5,420.604743225581,1.0,399.3429674248953,369.7494354798693,372.38260362420317,388.72507708269717,385.1314271083105
637,Puskas,Puskas,Puskas__CPTu 102,Tertiary,MASW,24.5,418.0843408364796,1.0,402.3509211470303,365.98132103548573,368.06303481344787,389.2278184528686,385.79365328434915
638,Puskas,Puskas,Puskas__CPTu 102,Tertiary,MASW,25.58,420.0,1.0,420.9528370760577,365.9774902865773,367.4254538687418,400.83050665985286,396.4240683984524
639,Puskas,Puskas,Puskas__CPTu 103,Quaternary,MASW,1.5,163.74777189115315,1.0,192.46566699840258,192.90101182257666,200.43509723584907,192.61792581391367,192.61792581391367
640,Puskas,Puskas,Puskas__CPTu 103,Quaternary,MASW,2.45,179.81892629917368,1.0,198.64683215115605,201.71348627895813,209.26389478448579,199.71482118832782,199.71482118832782
641,Puskas,Puskas,Puskas__CPTu 103,Quaternary,MASW,3.2,231.63812966562637,1.0,202.56775592972312,214.70552703023276,220.58593265028233,206.73586928593295,206.73586928593295
642,Puskas,Puskas,Puskas__CPTu 103,Quaternary,MASW,4.0,269.85890736778634,1.0,202.78969881304099,223.93972096295693,223.0576251378597,209.95475993563062,209.95475993563062
643,Puskas,Puskas,Puskas__CPTu 103,Quaternary,MASW,5.0,284.97715277718333,1.0,215.45062098016535,249.29568342637887,241.5696933579989,226.73898760137163,226.73898760137163
644,Puskas,Puskas,Puskas__CPTu 103,Quaternary,MASW,6.1,321.91311668643067,1.0,256.35762182817666,268.7689810394456,261.0581740821924,260.63501035802113,260.63501035802113
645,Puskas,Puskas,Puskas__CPTu 103,Quaternary,MASW,7.1,302.5285363643705,1.0,256.268211553144,270.50573321574933,264.0770252179487,261.16402046486064,261.16402046486064
646,Puskas,Puskas,Puskas__CPTu 103,Tertiary,MASW,7.9,249.9512931083937,1.0,195.03591471978612,201.2908969675424,208.43877031317322,197.2027340484583,197.2027340484583
647,Puskas,Puskas,Puskas__CPTu 103,Tertiary,MASW,9.05,276.09700022109786,1.0,214.8950762951224,233.585579575556,230.59775155450606,221.26020583181833,221.26020583181833
648,Puskas,Puskas,Puskas__CPTu 103,Tertiary,MASW,10.15,303.7635396941799,1.0,237.49874893625645,258.9509671505443,259.76771254786513,244.79694867563708,244.79694867563708
649,Puskas,Puskas,Puskas__CPTu 103,Tertiary,MASW,11.05,290.5035179205965,1.0,249.16374995125906,268.77543715845934,273.4941105674233,255.8594782331218,255.8594782331218
650,Puskas,Puskas,Puskas__CPTu 103,Tertiary,MASW,12.2,297.05205747794787,1.0,281.2454629839837,293.75008938923787,293.5363899549649,285.5603423686227,285.5603423686227
651,Puskas,Puskas,Puskas__CPTu 103,Tertiary,MASW,13.3,275.1647179618006,1.0,268.7334349520843,271.4564356788438,277.71100440825984,269.6833640585852,269.6833640585852
652,Puskas,Puskas,Puskas__CPTu 103,Tertiary,MASW,14.15,301.4852781605907,1.0,296.37589677077193,291.43508765054406,290.81340345007067,294.63715746566555,294.63715746566555
653,Puskas,Puskas,Puskas__CPTu 103,Tertiary,MASW,14.9,304.3958867665379,1.0,320.67158609168166,311.4620928238052,311.80515142317495,317.41769312838807,317.41769312838807
654,Puskas,Puskas,Puskas__CPTu 103,Tertiary,MASW,15.9,431.2908772341572,1.0,326.309640007577,318.89362443219744,319.09938394588596,323.6946194486342,323.6946194486342
655,Puskas,Puskas,Puskas__CPTu 103,Tertiary,MASW,16.95,447.44510304030746,1.0,346.76353591361794,347.10624371498085,345.59871290238453,346.88344513795494,351.9647526064765
656,Puskas,Puskas,Puskas__CPTu 103,Tertiary,MASW,17.799999999999997,456.2652742066623,1.0,355.75352307141344,366.0164880474419,362.69026231904536,359.3124070471448,363.5281079538011
657,Puskas,Puskas,Puskas__CPTu 103,Tertiary,MASW,18.9,469.3597430439654,1.0,377.2013931659857,356.8700068761163,361.7813132149085,369.9569194354493,370.9517953733779
658,Puskas,Puskas,Puskas__CPTu 103,Tertiary,MASW,20.05,451.5714428500952,1.0,374.86792492564246,356.070694818304,352.64995973602015,368.17861919507607,366.91270166788394
659,Puskas,Puskas,Puskas__CPTu 103,Tertiary,MASW,20.75,438.4973544759012,1.0,371.2154859615091,348.6965346794543,347.66271756982314,363.1730609847647,361.66285918871745
660,Puskas,Puskas,Puskas__CPTu 103,Tertiary,MASW,21.5,498.1918044529453,1.0,422.6747761959978,356.2234403430388,348.2022961302971,398.11357649666485,393.628496116705
661,Puskas,Puskas,Puskas__CPTu 103,Tertiary,MASW,22.845,430.8360034864727,1.0,382.19757372219624,363.8950121455353,357.11604808604716,375.68926678370156,373.2070719118347
524,Puskas,Puskas,Puskas__CPTu 104,Quaternary,MASW,1.9,163.18443070516346,1.0,179.04616254121814,180.65429699341075,183.09670882993254,179.6073746921259,179.6073746921259
525,Puskas,Puskas,Puskas__CPTu 104,Quaternary,MASW,3.4,210.25515579391984,1.0,188.70425659769163,215.41109745582435,215.99035035467566,197.65232551764052,197.65232551764052
526,Puskas,Puskas,Puskas__CPTu 104,Quaternary,MASW,4.5,195.19172023592088,1.0,191.3689241067316,220.9120964096887,215.3229378025269,201.2302393993643,201.2302393993643
527,Puskas,Puskas,Puskas__CPTu 104,Quaternary,MASW,5.65,246.706066828521,1.0,249.57440402715906,262.4366313934422,254.99759427564328,254.0028484080119,254.0028484080119
528,Puskas,Puskas,Puskas__CPTu 104,Quaternary,MASW,6.699999999999999,285.97711503811126,1.0,258.55479928882215,281.91524625461494,264.3906895696576,266.50213313827936,266.50213313827936
529,Puskas,Puskas,Puskas__CPTu 104,Tertiary,MASW,7.7,234.8737739152925,1.0,200.9206663896767,223.9644275257374,223.0460351119501,208.7029856377259,208.7029856377259
530,Puskas,Puskas,Puskas__CPTu 104,Tertiary,MASW,9.05,312.9671055278385,1.0,268.249892375001,286.79326187015823,279.3279637848639,274.59956307223473,274.59956307223473
531,Puskas,Puskas,Puskas__CPTu 104,Tertiary,MASW,10.15,276.2181107129158,1.0,239.64887087787938,255.84066006895435,261.99664047296915,245.1959824923051,245.1959824923051
532,Puskas,Puskas,Puskas__CPTu 104,Tertiary,MASW,11.0,324.4570490369466,1.0,272.4348802361443,294.999154003105,298.3987008776869,280.12897442173175,280.12897442173175
533,Puskas,Puskas,Puskas__CPTu 104,Tertiary,MASW,12.0,311.63967452618743,1.0,286.01401943459473,293.724644832903,294.81291335224086,288.6894375636078,288.6894375636078
534,Puskas,Puskas,Puskas__CPTu 104,Tertiary,MASW,13.0,295.5140211867028,1.0,272.73226209743746,295.8769819290354,295.7251733942118,280.6193714491325,280.6193714491325
535,Puskas,Puskas,Puskas__CPTu 104,Tertiary,MASW,14.0,335.13074954740495,1.0,322.242019481601,331.5678086859661,331.75728506526195,325.47582504257315,337.6824447851225
536,Puskas,Puskas,Puskas__CPTu 104,Tertiary,MASW,15.0,323.96592211186413,1.0,300.8925303492622,321.1510804618044,315.78956611293,307.8333721738667,307.8333721738667
537,Puskas,Puskas,Puskas__CPTu 104,Tertiary,MASW,16.0,437.4866573166197,1.0,386.91132390875737,445.2879575639173,434.8616127382844,406.416909418761,416.5048706506591
538,Puskas,Puskas,Puskas__CPTu 104,Tertiary,MASW,16.75,413.7721971704041,1.0,375.90141814455166,483.0857663603945,450.98339079291463,410.3992526782405,419.79183367499587
539,Puskas,Puskas,Puskas__CPTu 104,Tertiary,MASW,17.45,341.0583951550048,1.0,337.9571306246394,424.5560231291977,411.3669808734031,366.0473789590833,378.79290317989984
540,Puskas,Puskas,Puskas__CPTu 105,Quaternary,MASW,1.5,207.27264054799303,1.0,212.86976001533097,229.6996285804298,235.4941804743656,218.61511384819184,218.61511384819184
541,Puskas,Puskas,Puskas__CPTu 105,Quaternary,MASW,2.5,158.72141746342407,1.0,176.80351917527125,181.23014920595287,189.63214429160954,178.34040359837002,178.34040359837002
542,Puskas,Puskas,Puskas__CPTu 105,Quaternary,MASW,3.5,215.63788526793937,1.0,205.28424292259723,239.18198832491416,233.96817432235773,216.56392557469354,216.56392557469354
543,Puskas,Puskas,Puskas__CPTu 105,Quaternary,MASW,4.5,206.6519916051882,1.0,218.02161712912203,249.98533545627112,247.78648169212042,228.71507905855475,228.71507905855475
544,Puskas,Puskas,Puskas__CPTu 105,Quaternary,MASW,5.75,244.4049327006428,1.0,251.84685791020001,269.71918871777603,266.6953822781274,257.9632825375939,257.9632825375939
545,Puskas,Puskas,Puskas__CPTu 105,Quaternary,MASW,6.9,300.54341875664136,1.0,256.2592224072429,282.8053156864121,267.7998984944381,265.2542350068837,265.2542350068837
546,Puskas,Puskas,Puskas__CPTu 105,Tertiary,MASW,8.0,257.4156054634633,1.0,220.70487162790724,245.73898174444514,235.6707737894101,229.1625608077463,229.1625608077463
547,Puskas,Puskas,Puskas__CPTu 105,Tertiary,MASW,9.35,289.92602749610785,1.0,249.95439468693263,276.69410597341675,267.8168403299959,259.005790055845,259.005790055845
548,Puskas,Puskas,Puskas__CPTu 105,Tertiary,MASW,10.5,269.63528133696855,1.0,241.60096376796895,258.893140797067,272.85893933259484,247.51773433535712,247.51773433535712
549,Puskas,Puskas,Puskas__CPTu 105,Tertiary,MASW,11.5,296.4125627351424,1.0,260.2466327484955,290.85469670266366,294.34343833471763,270.5745568097866,270.5745568097866
550,Puskas,Puskas,Puskas__CPTu 105,Tertiary,MASW,12.5,332.81720212636026,1.0,291.0400794024613,298.04818232731697,304.2449764901224,293.47397015550143,293.47397015550143
551,Puskas,Puskas,Puskas__CPTu 105,Tertiary,MASW,13.56,319.0,1.0,286.02957702280446,295.4887104924891,302.7285367192517,289.30532405285834,289.30532405285834
552,Puskas,Puskas,Puskas__CPTu 105a,Quaternary,MASW,1.5,203.07003454043985,1.0,224.85554821843976,233.73246564098616,240.8465867790493,227.92344966405153,227.92344966405153
553,Puskas,Puskas,Puskas__CPTu 105a,Quaternary,MASW,2.5,164.1698805554823,1.0,193.4367136035059,200.17104674191995,207.68114345034178,195.76756067122602,195.76756067122602
554,Puskas,Puskas,Puskas__CPTu 105a,Quaternary,MASW,3.5,226.5301257540227,1.0,219.01078233819698,240.09537833730514,240.02349619666794,226.17099198875206,226.17099198875206
555,Puskas,Puskas,Puskas__CPTu 105a,Quaternary,MASW,4.6,214.0557725227909,1.0,235.6004302875711,265.8562645434026,257.95586515962844,245.77678897421532,245.77678897421532
556,Puskas,Puskas,Puskas__CPTu 105a,Quaternary,MASW,5.85,228.08041455768125,1.0,254.47005026246433,299.774989854832,280.09885027560523,269.48973544935194,269.48973544935194
557,Puskas,Puskas,Puskas__CPTu 105a,Quaternary,MASW,6.9,286.4074786821876,1.0,263.7180161722984,309.074312252743,281.4870566282616,278.780818660398,278.780818660398
558,Puskas,Puskas,Puskas__CPTu 105a,Tertiary,MASW,8.0,264.2290965879465,1.0,241.7508016963775,270.80695513206814,258.3602962957902,251.54754600192842,251.54754600192842
559,Puskas,Puskas,Puskas__CPTu 105a,Tertiary,MASW,9.35,294.3799419997476,1.0,268.12787711391985,293.78097883242134,290.40818843301,276.84109989236214,276.84109989236214
560,Puskas,Puskas,Puskas__CPTu 105a,Tertiary,MASW,10.5,316.6613959944379,1.0,286.9851176693113,305.5499006328815,305.9572793592333,293.3508464678321,293.3508464678321
561,Puskas,Puskas,Puskas__CPTu 105a,Tertiary,MASW,11.5,320.1817390435761,1.0,284.9892142457367,294.7733274283535,297.79066749891206,288.3761503045469,288.3761503045469
562,Puskas,Puskas,Puskas__CPTu 105a,Tertiary,MASW,12.5,292.3243246637816,1.0,266.8804805588741,284.9344913707929,291.53796877463753,273.06540699160433,273.06540699160433
563,Puskas,Puskas,Puskas__CPTu 105a,Tertiary,MASW,13.225,293.2251197283667,1.0,282.8314477499415,306.5425846333185,306.4523072521652,290.9141113050808,290.9141113050808
564,Puskas,Puskas,Puskas__CPTu 105b,Quaternary,MASW,1.5,190.9938787397064,1.0,218.31431726637805,230.87725786819064,231.70564625355732,222.63161986716298,222.63161986716298
565,Puskas,Puskas,Puskas__CPTu 105b,Quaternary,MASW,2.5,191.8727199208419,1.0,219.34832787880688,228.75292141238165,229.59150719871738,222.5951207585936,222.5951207585936
566,Puskas,Puskas,Puskas__CPTu 105b,Quaternary,MASW,3.7,225.42125665162249,1.0,222.1844362049204,252.1167661797518,253.98753032662736,232.23328569885481,232.23328569885481
567,Puskas,Puskas,Puskas__CPTu 105b,Quaternary,MASW,4.85,215.9984124182276,1.0,240.8444225477468,284.6929066784512,273.5229242146155,255.3645524426449,255.3645524426449
568,Puskas,Puskas,Puskas__CPTu 105b,Quaternary,MASW,5.9,230.9055854621707,1.0,250.9295650438809,273.8530850746658,267.53264089850194,258.72587549037905,258.72587549037905
569,Puskas,Puskas,Puskas__CPTu 105b,Quaternary,MASW,6.9,263.38069592274184,1.0,240.72433661880257,285.1242763040451,258.3112034866231,255.41709884523019,255.41709884523019
570,Puskas,Puskas,Puskas__CPTu 105b,Tertiary,MASW,8.0,251.39253454287743,1.0,222.09438233314202,247.74698127063297,241.70622005371257,230.75565500679858,230.75565500679858
571,Puskas,Puskas,Puskas__CPTu 105b,Tertiary,MASW,9.35,312.61877516206926,1.0,269.38696811972386,290.7714774626236,284.3007875960998,276.68646177619826,276.68646177619826
572,Puskas,Puskas,Puskas__CPTu 105b,Tertiary,MASW,10.5,317.55627388021264,1.0,279.316074217107,289.0690599062373,293.29356495439026,282.69160894494337,282.69160894494337
573,Puskas,Puskas,Puskas__CPTu 105b,Tertiary,MASW,11.5,294.56513068992183,1.0,257.40110386418087,268.806741985816,276.01549668328414,261.33695001498046,261.33695001498046
574,Puskas,Puskas,Puskas__CPTu 105b,Tertiary,MASW,12.5,306.618003282423,1.0,274.35555753082457,295.67639213709293,293.19664979103953,281.63704106618724,281.63704106618724
575,Puskas,Puskas,Puskas__CPTu 105b,Tertiary,MASW,13.75,309.0054926016797,1.0,284.72031283249027,298.33342770548035,296.048584688251,289.41275351419694,289.41275351419694
576,Puskas,Puskas,Puskas__CPTu 105b,Tertiary,MASW,15.05,373.22921534716966,1.0,322.9825101205897,316.4885844529454,308.7751367680228,320.6946176055898,320.6946176055898
577,Puskas,Puskas,Puskas__CPTu 105b,Tertiary,MASW,16.05,373.4975912838863,1.0,311.1338284675405,321.727677752348,321.0526527821963,314.801396225733,314.801396225733
578,Puskas,Puskas,Puskas__CPTu 105b,Tertiary,MASW,17.22,400.1815312092543,1.0,342.8518606196626,349.730206708861,345.08723403225173,345.2437558184214,353.1540974589165
579,Puskas,Puskas,Puskas__CPTu 105b,Tertiary,MASW,17.97,350.6081552017557,1.0,310.2362507200669,337.74311997331057,323.2201941352078,319.59901482813115,319.59901482813115
580,Puskas,Puskas,Puskas__CPTu 105b,Tertiary,MASW,18.5,374.65111799992616,1.0,337.2787797422866,336.877636929209,334.09133243279797,337.1383254521063,341.0441012038349
581,Puskas,Puskas,Puskas__CPTu 105b,Tertiary,MASW,19.49,378.7647664543246,1.0,341.226411072639,347.6456764696421,341.73368288195917,343.4595577382487,346.66390734030443
582,Puskas,Puskas,Puskas__CPTu 106b,Quaternary,MASW,1.65,166.46592004006249,1.0,205.7648310871678,213.13308910583595,214.23832673452318,208.31428579992,208.31428579992
583,Puskas,Puskas,Puskas__CPTu 106b,Quaternary,MASW,2.65,213.10110515722656,1.0,229.1382351098897,250.71182403082466,248.86654488835956,236.46921094339777,236.46921094339777
584,Puskas,Puskas,Puskas__CPTu 106b,Quaternary,MASW,3.5,255.60486092847967,1.0,252.12071662829706,295.0842892333822,280.49194888426786,266.39537281244344,266.39537281244344
585,Puskas,Puskas,Puskas__CPTu 106b,Quaternary,MASW,4.5,214.86118457919997,1.0,243.05524418000232,320.822500304025,295.0965155030248,267.85572552116423,267.85572552116423
586,Puskas,Puskas,Puskas__CPTu 106b,Quaternary,MASW,5.75,213.649738774907,1.0,243.7450910307915,296.4254123496181,280.8445582891804,261.02296708641535,261.02296708641535
587,Puskas,Puskas,Puskas__CPTu 106b,Quaternary,MASW,7.15,265.60177278354627,1.0,242.80350451785893,286.2966208965868,258.3956272663213,257.2180229606863,257.2180229606863
588,Puskas,Puskas,Puskas__CPTu 106b,Tertiary,MASW,8.4,285.95755638825125,1.0,240.6435970605229,268.0518803438926,250.2645343438908,249.9020980474394,249.9020980474394
589,Puskas,Puskas,Puskas__CPTu 106b,Tertiary,MASW,9.5,270.55175189310285,1.0,236.83645899124048,252.32500650450268,254.39882951420554,242.1462044707239,242.1462044707239
590,Puskas,Puskas,Puskas__CPTu 106b,Tertiary,MASW,10.5,300.2910177067554,1.0,257.8022979096804,285.2993237736767,282.5623225574603,267.11093617421085,267.11093617421085
591,Puskas,Puskas,Puskas__CPTu 106b,Tertiary,MASW,11.5,329.2169595598079,1.0,277.8966581775194,288.2843676883184,287.9587852485201,281.489074665812,281.489074665812
592,Puskas,Puskas,Puskas__CPTu 106b,Tertiary,MASW,12.5,304.37851762332224,1.0,264.9056917910475,273.5911582611913,278.25640170255184,267.9137841505322,267.9137841505322
593,Puskas,Puskas,Puskas__CPTu 106b,Tertiary,MASW,13.75,305.9080287175228,1.0,275.1581213165166,286.56499626048037,287.4095905757182,279.09793119005013,279.09793119005013
594,Puskas,Puskas,Puskas__CPTu 106b,Tertiary,MASW,15.05,339.95832130039133,1.0,293.976297730471,297.34495728226864,296.28911440326027,295.150965140709,295.150965140709
595,Puskas,Puskas,Puskas__CPTu 106b,Tertiary,MASW,16.05,346.8125163840661,1.0,296.29276235651787,311.30262218735345,303.21014456677193,301.46205167847717,301.46205167847717
596,Puskas,Puskas,Puskas__CPTu 106b,Tertiary,MASW,17.22,396.8175641011732,1.0,348.21114535831947,321.7182578404949,317.2203500322473,338.6992475925316,342.34783616245596
597,Puskas,Puskas,Puskas__CPTu 106b,Tertiary,MASW,17.97,400.8088318143445,1.0,361.38407025812455,335.91105101095735,333.1226816027191,352.25596445367603,352.2344747825196
598,Puskas,Puskas,Puskas__CPTu 106b,Tertiary,MASW,18.5,401.38662122891856,1.0,361.4528895884096,339.1943543888402,338.29959928786263,353.5009790629719,353.35094395031854
599,Puskas,Puskas,Puskas__CPTu 106b,Tertiary,MASW,19.5,387.9174824560795,1.0,363.72601023912136,364.4693167964012,351.5877085125588,363.98599494035574,364.58277193889376
600,Puskas,Puskas,Puskas__CPTu 106b,Tertiary,MASW,20.5,585.5471353150621,1.0,387.1586237256599,403.3234630564082,392.4988661136276,392.7412607333922,394.86425856678426
601,Puskas,Puskas,Puskas__CPTu 106b,Tertiary,MASW,21.09,596.7310192112477,1.0,416.71125319020285,425.6785935396454,421.4888844879277,419.8281280103974,422.2802062453336
713,Puskas,Puskas,Puskas__CPTu 107,Quaternary,MASW,1.5,171.0314970781803,1.0,209.13428538286715,226.35739864190577,226.97351261260897,215.0079640771099,215.0079640771099
714,Puskas,Puskas,Puskas__CPTu 107,Quaternary,MASW,2.65,174.830611629113,1.0,207.98904990516306,233.14616495920677,233.88528972579212,216.4692452037672,216.4692452037672
715,Puskas,Puskas,Puskas__CPTu 107,Quaternary,MASW,3.65,282.7262832406957,1.0,209.20609578467432,239.61438946663228,238.91408676351176,219.38292916976258,219.38292916976258
716,Puskas,Puskas,Puskas__CPTu 107,Quaternary,MASW,4.5,306.5356378035019,1.0,224.0309333881484,256.109751440124,254.13251303551036,234.77363950419928,234.77363950419928
717,Puskas,Puskas,Puskas__CPTu 107,Quaternary,MASW,5.5,312.2893837504623,1.0,223.44714271957395,252.86731454193296,247.76513805184564,233.3329476083594,233.3329476083594
718,Puskas,Puskas,Puskas__CPTu 107,Quaternary,MASW,6.5,262.9702795858493,1.0,227.78934181002256,257.61671196570984,248.97611788445374,237.8141114806124,237.8141114806124
719,Puskas,Puskas,Puskas__CPTu 107,Tertiary,MASW,7.5,222.69904339522503,1.0,217.49253145507274,238.76269782992583,223.67743078246804,224.71242858628483,224.71242858628483
720,Puskas,Puskas,Puskas__CPTu 107,Tertiary,MASW,8.5,255.54170957214,1.0,241.90228017628743,270.5805048341643,253.40454558444057,251.57631490972648,251.57631490972648
721,Puskas,Puskas,Puskas__CPTu 107,Tertiary,MASW,9.5,279.65852833582034,1.0,264.53612927825975,289.4909846823916,286.3009422439342,273.01563052706473,273.01563052706473
722,Puskas,Puskas,Puskas__CPTu 107,Tertiary,MASW,10.5,273.2041046674423,1.0,268.4152399935246,297.27099007331435,298.96058676743087,278.1813728833219,278.1813728833219
723,Puskas,Puskas,Puskas__CPTu 107,Tertiary,MASW,11.5,381.6608848999902,1.0,258.45614050314975,283.7186962322325,289.31428162083523,267.03134301479207,267.03134301479207
724,Puskas,Puskas,Puskas__CPTu 107,Tertiary,MASW,12.21,449.10579272697487,1.0,313.67079158354414,336.94391687362514,332.68501405969755,321.6276066392581,321.6276066392581
725,Puskas,Puskas,Puskas__CPTu 108,Quaternary,MASW,1.5,168.69504845605218,1.0,211.76729187391234,230.34203604103712,228.84453575318713,218.09157772384694,218.09157772384694
726,Puskas,Puskas,Puskas__CPTu 108,Quaternary,MASW,2.45,207.9253707484521,1.0,234.787926000042,263.3342166667846,250.2484240953734,244.40877615170407,244.40877615170407
727,Puskas,Puskas,Puskas__CPTu 108,Quaternary,MASW,3.2,257.99427658201216,1.0,237.98785012826238,305.15545445677344,286.76936987980105,259.6229072094819,259.6229072094819
728,Puskas,Puskas,Puskas__CPTu 108,Quaternary,MASW,3.75,320.2919012268393,1.0,258.23694562260454,337.5865913663349,313.5821756963988,283.6264705194589,283.6264705194589
729,Puskas,Puskas,Puskas__CPTu 108,Quaternary,MASW,4.75,310.9060148185139,1.0,251.75413970285496,332.0215404631251,304.67547295486816,277.35946724374816,277.35946724374816
730,Puskas,Puskas,Puskas__CPTu 108,Quaternary,MASW,6.15,291.42084093425814,1.0,238.087261907183,298.70882487475825,280.9015328786057,257.75988124601133,257.75988124601133
731,Puskas,Puskas,Puskas__CPTu 108,Quaternary,MASW,7.1,248.00923213838368,1.0,243.0528254728817,282.44648918324197,256.9551941226734,256.17285087308454,256.17285087308454
732,Puskas,Puskas,Puskas__CPTu 108,Tertiary,MASW,7.95,222.89708592256488,1.0,219.55670207125533,244.4179591654329,236.29781041666524,227.95648089255337,227.95648089255337
733,Puskas,Puskas,Puskas__CPTu 108,Tertiary,MASW,9.05,254.90147403751453,1.0,254.96651549446295,292.85299828119315,276.41225836388236,267.63409109353006,267.63409109353006
734,Puskas,Puskas,Puskas__CPTu 108,Tertiary,MASW,10.05,297.3943196732986,1.0,286.66493388097945,322.56865621058614,320.8523534469205,298.7522805158902,298.7522805158902
735,Puskas,Puskas,Puskas__CPTu 108,Tertiary,MASW,11.2,348.0762091527139,1.0,280.8257736941297,313.0768214040351,317.27174109318355,291.71707291112153,291.71707291112153
736,Puskas,Puskas,Puskas__CPTu 108,Tertiary,MASW,12.35,412.7767692618326,1.0,316.97973424792264,377.1909883960387,371.5419812601621,336.87356374951975,350.1465678510439
737,Puskas,Puskas,Puskas__CPTu 108,Tertiary,MASW,13.1,401.7184754897793,1.0,315.75655707078505,360.22438204694237,360.05171417053117,330.65845520138436,343.4968903168937
738,Puskas,Puskas,Puskas__CPTu 108,Tertiary,MASW,13.7,412.2886177356382,1.0,325.3206946386238,389.5739325145885,390.80547242184036,346.5046446360672,360.1961043434142
739,Puskas,Puskas,Puskas__CPTu 108,Tertiary,MASW,14.5,417.8024253946145,1.0,333.4904448784455,399.8844501815238,399.91913139072244,355.37042985646514,369.9982777219956
740,Puskas,Puskas,Puskas__CPTu 108,Tertiary,MASW,15.5,407.0297928643518,1.0,322.8327233249537,349.37426424637067,342.23060949456243,331.8846956413645,343.3690745827183
741,Puskas,Puskas,Puskas__CPTu 108,Tertiary,MASW,16.5,415.2533959964566,1.0,296.30013278521136,307.80692783936325,305.648509073779,300.27773863852667,300.27773863852667
742,Puskas,Puskas,Puskas__CPTu 108,Tertiary,MASW,17.5,431.8171552529777,1.0,312.02682123002194,319.7318781769991,317.08841077167824,314.702237689936,314.702237689936
743,Puskas,Puskas,Puskas__CPTu 108,Tertiary,MASW,18.95,509.5914898045308,1.0,379.0829099825647,346.8796162484378,355.2793209067494,367.48516078991577,369.2766888019224
744,Puskas,Puskas,Puskas__CPTu 108,Tertiary,MASW,20.2,584.1761783677528,1.0,432.4707273288102,431.4616163298636,436.1064560934322,432.1172702966856,433.04891608014725
745,Puskas,Puskas,Puskas__CPTu 108,Tertiary,MASW,20.75,552.889172343808,1.0,416.31947342354556,453.9488650622695,450.6558864306603,429.1210301511386,432.4381381838907
746,Puskas,Puskas,Puskas__CPTu 108,Tertiary,MASW,21.5,532.4758537595809,1.0,420.4824356255449,393.7316841447405,397.24043650484634,410.91901275565095,411.41203185704694
747,Puskas,Puskas,Puskas__CPTu 108,Tertiary,MASW,22.5,483.0520047601885,1.0,398.44861150383053,370.15625663618573,366.9026040680406,388.3084037478114,384.4357273488207
748,Puskas,Puskas,Puskas__CPTu 108,Tertiary,MASW,23.75,475.8107531307998,1.0,402.1765568701616,368.5510975492611,370.5481285158774,390.0722781080092,386.79272517453535
749,Puskas,Puskas,Puskas__CPTu 108,Tertiary,MASW,25.05,509.99439501805966,1.0,438.74046525618394,360.1112855281473,365.623815999655,409.4377251770502,402.58913838318716
750,Puskas,Puskas,Puskas__CPTu 108,Tertiary,MASW,25.8,516.6209043516516,1.0,447.8665807252541,367.09185049339504,371.73870302141773,417.7512780616858,410.3670053192825
751,Puskas,Puskas,Puskas__CPTu 108,Tertiary,MASW,26.55,508.4925168924642,1.0,451.7005448582857,372.46735905454716,375.8629776708503,422.2151145739506,414.91965555500246
752,Puskas,Puskas,Puskas__CPTu 108,Tertiary,MASW,27.215,473.2015957908107,1.0,429.37971921090804,374.4535350666453,382.9412549274586,409.29484065926766,405.64687261852043
753,Puskas,Puskas,Puskas__CPTu 109,Quaternary,MASW,1.5,154.20132929995023,1.0,189.44089909964336,186.80503589561457,193.9405017332659,188.51414295643215,188.51414295643215
754,Puskas,Puskas,Puskas__CPTu 109,Quaternary,MASW,2.25,183.7380946685475,1.0,208.88710397953056,223.84603478809316,221.88367568867605,214.0054584938911,214.0054584938911
755,Puskas,Puskas,Puskas__CPTu 109,Quaternary,MASW,2.9,195.28916953321456,1.0,228.83209503134046,242.06146389962885,238.49495765620767,233.37804006202956,233.37804006202956
756,Puskas,Puskas,Puskas__CPTu 109,Quaternary,MASW,3.7,295.06869709530383,1.0,232.95829033095936,271.0017744068525,270.08039379486365,245.6241460375915,245.6241460375915
757,Puskas,Puskas,Puskas__CPTu 109,Quaternary,MASW,5.0,302.040380113818,1.0,243.690897657541,304.04811125325267,282.46308965006307,263.31485367652266,263.31485367652266
758,Puskas,Puskas,Puskas__CPTu 109,Quaternary,MASW,5.95,290.78809470704414,1.0,235.0062678141204,315.5415871813501,291.9219180391173,260.5382258857121,260.5382258857121
759,Puskas,Puskas,Puskas__CPTu 109,Quaternary,MASW,6.5,285.1093118356397,1.0,245.90702197589331,317.1132715292912,288.575626607881,268.7980730732816,268.7980730732816
760,Puskas,Puskas,Puskas__CPTu 109,Quaternary,MASW,7.5,240.57421175402212,1.0,265.5178671243012,301.2764626521173,282.34853666498486,277.52285794906703,277.52285794906703
761,Puskas,Puskas,Puskas__CPTu 109,Tertiary,MASW,8.5,229.16979180981505,1.0,231.9400139609261,269.59447134795096,264.8168206076411,244.4798300193691,244.4798300193691
762,Puskas,Puskas,Puskas__CPTu 109,Tertiary,MASW,9.9,280.50292776260176,1.0,283.05449330583855,317.35645308462995,316.47329479527525,294.6165241749767,294.6165241749767
763,Puskas,Puskas,Puskas__CPTu 109,Tertiary,MASW,11.2,389.1176536775279,1.0,301.1557006161209,347.1347006248674,346.12059974271693,316.51078838320933,316.51078838320933
764,Puskas,Puskas,Puskas__CPTu 109,Tertiary,MASW,11.8,366.3946567236064,1.0,290.8400114726613,318.11833513202583,320.2750523587476,300.11053761667625,300.11053761667625
765,Puskas,Puskas,Puskas__CPTu 109,Tertiary,MASW,12.5,415.2952021326748,1.0,327.97819047645294,395.38685561828197,376.5624825583265,350.15231913694953,364.71343348293806
766,Puskas,Puskas,Puskas__CPTu 109,Tertiary,MASW,13.5,416.89764952808366,1.0,338.39808963467897,443.5841119474829,422.8447695816055,372.0229485837298,387.8567727307866
767,Puskas,Puskas,Puskas__CPTu 109,Tertiary,MASW,14.9,401.2370520208633,1.0,339.523994729062,480.02714331469105,451.50506079758503,383.27353756736534,398.9564913174763
768,Puskas,Puskas,Puskas__CPTu 109,Tertiary,MASW,16.15,473.1945423642119,1.0,349.10696757150504,497.76055871120286,455.07742168975375,395.2575772317789,410.18449766105164
769,Puskas,Puskas,Puskas__CPTu 109,Tertiary,MASW,16.9,475.4318888902732,1.0,357.28374453958656,410.91156757716186,405.8769119719955,375.206666272421,379.8994582158493
770,Puskas,Puskas,Puskas__CPTu 109,Tertiary,MASW,17.9,497.3965333145044,1.0,386.07831592674256,443.9574105094083,443.9208024470759,405.42308589804736,412.27660745018835
771,Puskas,Puskas,Puskas__CPTu 109,Tertiary,MASW,19.05,488.5508029322555,1.0,398.86289674245205,453.1441417016293,443.4491462071238,417.07878023811764,421.22267649921196
772,Puskas,Puskas,Puskas__CPTu 109,Tertiary,MASW,19.8,468.0945771377496,1.0,393.84768207757685,438.7120517312849,431.7059180203905,409.00276004092217,414.4749300198988
773,Puskas,Puskas,Puskas__CPTu 109,Tertiary,MASW,20.5,474.3049527618691,1.0,402.94499446932645,445.23362254415997,439.3324789682476,417.2684331271009,421.7052571530536
774,Puskas,Puskas,Puskas__CPTu 109,Tertiary,MASW,21.5,509.46030729542105,1.0,412.37498390802375,451.12165781486374,446.2901908211246,425.5423520635116,428.6288405481042
775,Puskas,Puskas,Puskas__CPTu 109,Tertiary,MASW,22.75,508.9807292766628,1.0,421.7779298986695,454.4430089553436,452.334881919882,432.9346065701807,434.75070453929266
776,Puskas,Puskas,Puskas__CPTu 109,Tertiary,MASW,23.75,558.4984862565876,1.0,465.67493078535796,463.49497246282266,456.56524728603017,464.910781554274,463.4551098669458
777,Puskas,Puskas,Puskas__CPTu 109,Tertiary,MASW,24.5,486.2469479510288,1.0,440.6716567375237,434.61370461264204,430.1422268578906,438.5418282011857,438.20515028837474
778,Puskas,Puskas,Puskas__CPTu 109,Tertiary,MASW,25.5,468.82748348780166,1.0,411.53362149288813,409.89646170933327,409.48660775456125,410.95987309690804,410.5134936213377
779,Puskas,Puskas,Puskas__CPTu 109,Tertiary,MASW,26.5,493.6580005594871,1.0,440.2653269489106,400.49967990034213,395.06505369483426,425.9171965869049,421.0682757910348
780,Puskas,Puskas,Puskas__CPTu 109,Tertiary,MASW,27.66,504.2900797769235,1.0,528.5214755443315,396.4033964620123,408.94494946521525,477.90194016160075,471.880927678216
781,Puskas,Puskas,Puskas__CPTu 110,Quaternary,MASW,1.5,200.39827423258905,1.0,209.72601943989417,234.671425717521,235.56759938367915,218.13988422880215,218.13988422880215
782,Puskas,Puskas,Puskas__CPTu 110,Quaternary,MASW,2.45,145.81757350484608,1.0,164.61764956079494,180.9565653585251,181.9020692133667,170.16125433765805,170.16125433765805
783,Puskas,Puskas,Puskas__CPTu 110,Quaternary,MASW,3.05,189.85635815921648,1.0,191.5578774007055,222.41943989243305,223.96194016072712,201.83917874454406,201.83917874454406
784,Puskas,Puskas,Puskas__CPTu 110,Quaternary,MASW,3.85,310.9234013659034,1.0,242.8174943640479,268.9577749499421,261.45345849485466,251.66418757724787,251.66418757724787
785,Puskas,Puskas,Puskas__CPTu 110,Quaternary,MASW,5.05,302.5591536137546,1.0,242.9578762992611,286.30593702369333,280.9120569897602,257.3272404258271,257.3272404258271
786,Puskas,Puskas,Puskas__CPTu 110,Quaternary,MASW,5.949999999999999,276.71814675465174,1.0,228.2774598097974,282.4443017461732,274.5981136575592,245.9390303164776,245.9390303164776
787,Puskas,Puskas,Puskas__CPTu 110,Quaternary,MASW,6.85,270.6218527389317,1.0,242.68565336502385,315.4093663526401,280.5406610310436,266.0019205112056,266.0019205112056
788,Puskas,Puskas,Puskas__CPTu 110,Quaternary,MASW,7.8,240.10991579143212,1.0,249.61521790918687,312.16244154798045,284.4337312361369,269.9351343246586,269.9351343246586
789,Puskas,Puskas,Puskas__CPTu 110,Tertiary,MASW,8.6,259.15796461510746,1.0,256.8873377339253,287.8176792088081,274.8881858712283,267.3153310480408,267.3153310480408
790,Puskas,Puskas,Puskas__CPTu 110,Tertiary,MASW,9.5,276.2420718485685,1.0,267.48758479866353,298.90548901599215,296.24403705872953,278.0892627693755,278.0892627693755
791,Puskas,Puskas,Puskas__CPTu 110,Tertiary,MASW,10.5,242.73062414832853,1.0,260.2382574320828,291.15945782247627,293.21500012563257,270.66808990034764,270.66808990034764
792,Puskas,Puskas,Puskas__CPTu 110,Tertiary,MASW,11.65,417.0864828726228,1.0,308.57081750959827,343.81385241865974,344.8489171369081,320.4747614521287,320.4747614521287
793,Puskas,Puskas,Puskas__CPTu 110,Tertiary,MASW,12.9,357.01092228030126,1.0,285.489828230974,301.174676194457,302.3709850945295,290.88436177005946,290.88436177005946
794,Puskas,Puskas,Puskas__CPTu 110,Tertiary,MASW,14.05,404.08198793474,1.0,321.7920498772727,327.73260043768295,341.5548055251944,323.85889302395304,323.85889302395304
795,Puskas,Puskas,Puskas__CPTu 110,Tertiary,MASW,14.8,395.3061842804448,1.0,321.7399555590891,392.03426464838213,386.39285192044395,344.7796764764836,361.5584846090213
796,Puskas,Puskas,Puskas__CPTu 110,Tertiary,MASW,15.5,484.57396015852,1.0,367.9451820072669,474.2998492865937,456.56404896089435,402.1402778524492,412.7604165593553
797,Puskas,Puskas,Puskas__CPTu 110,Tertiary,MASW,16.5,477.2386325952831,1.0,366.8252493768741,422.540186869154,413.10429420865665,385.43602248163444,393.31926755775584
798,Puskas,Puskas,Puskas__CPTu 110,Tertiary,MASW,17.5,443.3628887189915,1.0,363.5498991399767,415.6460747875395,407.34268209270317,380.99555401834056,388.27484518400473
799,Puskas,Puskas,Puskas__CPTu 110,Tertiary,MASW,19.0,469.2945504406817,1.0,375.8106080021,437.73004619905606,435.96447729405884,396.4168424040394,403.41363145978073
800,Puskas,Puskas,Puskas__CPTu 110,Tertiary,MASW,20.5,527.5931660235888,1.0,411.92496486102243,451.10159048297953,441.0040184949607,425.2338212072143,426.38960297434426
801,Puskas,Puskas,Puskas__CPTu 110,Tertiary,MASW,21.75,511.7728837949055,1.0,438.2659563364912,444.47343282061473,444.7923208292767,440.42864928130905,441.6145367016455
802,Puskas,Puskas,Puskas__CPTu 110,Tertiary,MASW,22.25,481.0034745008721,1.0,430.96862201399074,453.6860515260052,444.37769757821775,438.78732390267515,439.7544085929062
803,Puskas,Puskas,Puskas__CPTu 110,Tertiary,MASW,22.36,462.4689505029692,1.0,427.07553961585313,442.7995730591495,436.34064747709573,432.5144002975895,434.402957304306
825,Puskas,Puskas,Puskas__CPTu 112,Quaternary,MASW,1.5,247.8565513133917,1.0,208.9395789101097,217.88576172407073,225.94874532417447,212.02816888752426,212.02816888752426
826,Puskas,Puskas,Puskas__CPTu 112,Quaternary,MASW,2.15,206.6398675684603,1.0,181.3002624491301,189.61711996027398,188.41238568084302,184.16882715142407,184.16882715142407
827,Puskas,Puskas,Puskas__CPTu 112,Quaternary,MASW,2.75,192.14192162642937,1.0,160.7664817304986,188.69762725344052,191.07159379543674,170.0377437704818,170.0377437704818
828,Puskas,Puskas,Puskas__CPTu 112,Quaternary,MASW,3.85,188.58858106312715,1.0,166.50939117051337,207.43398927765415,206.44988778060755,179.82213439396952,179.82213439396952
829,Puskas,Puskas,Puskas__CPTu 112,Quaternary,MASW,4.75,211.57719445603627,1.0,209.06323881830974,244.96098209454868,231.29433857753716,220.98582057510356,220.98582057510356
830,Puskas,Puskas,Puskas__CPTu 112,Quaternary,MASW,5.75,260.796572749255,1.0,250.9335167783687,275.12390904303675,264.18600059838553,259.1481150463941,259.1481150463941
831,Puskas,Puskas,Puskas__CPTu 112,Quaternary,MASW,7.45,266.3152922379172,1.0,250.46855554407648,311.7193796174918,287.7783733931905,270.4001439134046,270.4001439134046
832,Puskas,Puskas,Puskas__CPTu 112,Quaternary,MASW,9.0,293.1036579652522,1.0,268.1573516206356,308.40274179180665,287.9237891212094,281.60780709045343,281.60780709045343
833,Puskas,Puskas,Puskas__CPTu 112,Tertiary,MASW,10.1,298.53842624504034,1.0,276.3774711969521,295.7524631078583,311.6613117414193,283.00991101928423,283.00991101928423
834,Puskas,Puskas,Puskas__CPTu 112,Tertiary,MASW,11.05,313.2235594030481,1.0,297.9897991480494,320.17427648454725,319.0238503320437,305.5738325681551,305.5738325681551
835,Puskas,Puskas,Puskas__CPTu 112,Tertiary,MASW,12.05,389.4859402882468,1.0,313.96598016292194,386.0221033614647,374.47869408826557,337.51101082344564,352.0557873587409
836,Puskas,Puskas,Puskas__CPTu 112,Tertiary,MASW,12.85,448.3076900062492,1.0,314.48242875514774,382.2803308148709,380.29113267527555,336.72187710673063,351.77633642250214
837,Puskas,Puskas,Puskas__CPTu 112,Tertiary,MASW,13.5,456.5124040212682,1.0,323.10931546260446,381.39312630012154,394.17181939500125,342.41884896710604,357.9973727868268
838,Puskas,Puskas,Puskas__CPTu 112,Tertiary,MASW,14.4,434.7889089919266,1.0,322.09381208134874,340.68258491417293,345.0970071080377,328.4815828443811,341.0948526420512
839,Puskas,Puskas,Puskas__CPTu 112,Tertiary,MASW,15.4,413.5995258322484,1.0,327.9301642175301,330.903832798719,323.4819314006808,328.9678961351299,334.36737262139496
840,Puskas,Puskas,Puskas__CPTu 112,Tertiary,MASW,16.2,413.57480049432417,1.0,335.7337570875258,324.14017120364446,321.44054294239857,331.62957691700046,335.2875378124443
841,Puskas,Puskas,Puskas__CPTu 112,Tertiary,MASW,16.75,395.7007209996854,1.0,320.0056660972367,319.71055471222525,315.9430517310055,319.9023461392865,319.9023461392865
842,Puskas,Puskas,Puskas__CPTu 112,Tertiary,MASW,17.5,398.7051358684919,1.0,343.4645461920822,326.4077988107399,323.3639275971896,337.39561077968574,340.2505396209143
843,Puskas,Puskas,Puskas__CPTu 112,Tertiary,MASW,18.5,433.7863395722361,1.0,383.86981921853635,346.12845827776334,342.96236729219316,370.21382874143444,370.26653353917163
844,Puskas,Puskas,Puskas__CPTu 112,Tertiary,MASW,19.5,446.826169371082,1.0,396.73100829446213,381.43380815295035,366.15848862501844,391.3084346983431,394.3378247595888
845,Puskas,Puskas,Puskas__CPTu 112,Tertiary,MASW,20.5,374.5451847602716,1.0,345.8384817443583,346.9512654975912,340.93882512910324,346.22754949108185,347.5376255619944
846,Puskas,Puskas,Puskas__CPTu 112,Tertiary,MASW,21.5,378.6468007107174,1.0,362.51719704610275,356.29700445638457,356.34172813196545,360.3278734225193,360.32296467525214
847,Puskas,Puskas,Puskas__CPTu 112,Tertiary,MASW,22.5,436.70603389526303,1.0,409.1738004312419,356.94216380653506,355.6573872238024,390.0760891938355,385.5976027814637
848,Puskas,Puskas,Puskas__CPTu 112,Tertiary,MASW,23.5,537.9545240284157,1.0,441.77654422038876,370.1968186765665,365.9607955787503,415.27249163887916,410.11008015800473
849,Puskas,Puskas,Puskas__CPTu 112,Tertiary,MASW,24.5,486.7362618040775,1.0,413.4855377231249,380.96315202961216,382.45846436294795,401.7984440361448,398.6400428789508
850,Puskas,Puskas,Puskas__CPTu 112,Tertiary,MASW,25.545,519.6919159437585,1.0,448.4006054800551,383.11948015530413,390.858058110669,424.3752093759702,420.147998557006
851,Puskas,Puskas,Puskas__CPTu 113,Quaternary,MASW,1.5,218.4920718549121,1.0,203.32077361813316,209.52982997836963,218.79259373003657,205.4727298951239,205.4727298951239
852,Puskas,Puskas,Puskas__CPTu 113,Quaternary,MASW,2.25,235.1311823772301,1.0,214.08792601120328,211.7127534910111,209.40946221227915,213.2535997700853,213.2535997700853
853,Puskas,Puskas,Puskas__CPTu 113,Quaternary,MASW,2.85,209.8338655995791,1.0,189.17814608932218,195.99395120137135,200.6471303478643,191.53628569361211,191.53628569361211
854,Puskas,Puskas,Puskas__CPTu 113,Quaternary,MASW,3.85,210.7831944833367,1.0,201.33891366983445,233.98581345740845,235.45321695152242,212.21171400207058,212.21171400207058
855,Puskas,Puskas,Puskas__CPTu 113,Quaternary,MASW,5.05,249.12116863907616,1.0,234.685777720362,263.1597152201075,260.65099558557546,244.2829715198612,244.2829715198612
856,Puskas,Puskas,Puskas__CPTu 113,Quaternary,MASW,6.0,231.3198506695236,1.0,225.88385385154888,277.8247326148992,262.34108237520286,242.8539599537167,242.8539599537167
857,Puskas,Puskas,Puskas__CPTu 113,Quaternary,MASW,7.1,254.818943702389,1.0,238.97580810446604,312.4270495489071,277.74919172030314,262.4774993866945,262.4774993866945
858,Puskas,Puskas,Puskas__CPTu 113,Quaternary,MASW,8.25,351.6203146859859,1.0,259.18506569071843,299.6642370411102,285.19204499754073,272.68968075732624,272.68968075732624
859,Puskas,Puskas,Puskas__CPTu 113,Tertiary,MASW,9.25,301.42449401020934,1.0,249.33007168798392,280.0502658188324,270.1314913956398,259.6785792993836,259.6785792993836
860,Puskas,Puskas,Puskas__CPTu 113,Tertiary,MASW,10.15,292.7843806065131,1.0,257.18794919849597,285.33353142897437,281.98215278426096,266.7082096220535,266.7082096220535
861,Puskas,Puskas,Puskas__CPTu 113,Tertiary,MASW,11.0,292.4659929065777,1.0,263.8301440757971,283.8286468069016,281.9349670786448,270.6640330924064,270.6640330924064
862,Puskas,Puskas,Puskas__CPTu 113,Tertiary,MASW,12.0,298.68228205638707,1.0,252.76545437452424,272.87674255558346,274.838187382268,259.62995594537256,259.62995594537256
863,Puskas,Puskas,Puskas__CPTu 113,Tertiary,MASW,13.0,378.1991934507872,1.0,281.49753098390346,299.15808680101986,298.8253371512792,287.55686817421395,287.55686817421395
864,Puskas,Puskas,Puskas__CPTu 113,Tertiary,MASW,14.0,387.6000048615877,1.0,301.5835978669802,291.4952828683031,297.33730980150517,298.01357861441,298.01357861441
865,Puskas,Puskas,Puskas__CPTu 113,Tertiary,MASW,15.05,455.8586003549698,1.0,366.0978907030817,488.1743751192138,458.64300136873146,404.89222756123957,419.02731323422194
866,Puskas,Puskas,Puskas__CPTu 113,Tertiary,MASW,16.15,484.6370874975657,1.0,366.5261516543481,457.36918489866764,443.77053820163826,396.0606025365555,406.42464115695094
867,Puskas,Puskas,Puskas__CPTu 113,Tertiary,MASW,17.1,462.0016359922432,1.0,359.5780816361092,419.39446386562986,412.4826289269408,379.47531477889146,386.8604197813499
868,Puskas,Puskas,Puskas__CPTu 113,Tertiary,MASW,17.75,385.3383512141156,1.0,364.35764378631455,467.6998269092721,461.85835191760157,397.6322937398566,406.12770875290386
869,Puskas,Puskas,Puskas__CPTu 113,Tertiary,MASW,18.5,421.9505280282337,1.0,405.161216775901,482.0588556662145,468.5668221943432,430.569374665641,436.62668423324175
870,Puskas,Puskas,Puskas__CPTu 113,Tertiary,MASW,19.5,372.45822962193984,1.0,372.8977387252412,425.36391839517347,434.12359429491084,390.48069187247376,395.362650086081
871,Puskas,Puskas,Puskas__CPTu 113,Tertiary,MASW,20.64,438.658819466712,1.0,416.5309924048751,451.94936631311106,447.0106751315187,428.6000154074494,431.73541127301394
872,Puskas,Puskas,Puskas__CPTu 114,Quaternary,MASW,1.5,224.75092393174705,1.0,213.42243425083072,221.6783332996853,229.02923500637135,216.2764246774006,216.2764246774006
873,Puskas,Puskas,Puskas__CPTu 114,Quaternary,MASW,2.25,224.13193179464807,1.0,215.27808210751337,213.32516120720854,211.6417990242959,214.59253446416952,214.59253446416952
874,Puskas,Puskas,Puskas__CPTu 114,Quaternary,MASW,2.85,186.43379476265693,1.0,182.14119121986815,187.43891876228176,190.38384045641521,183.9781433608519,183.9781433608519
875,Puskas,Puskas,Puskas__CPTu 114,Quaternary,MASW,3.6,197.16634393812143,1.0,196.2276858589582,218.20779336726235,225.23514829328684,203.65673341359732,203.65673341359732
876,Puskas,Puskas,Puskas__CPTu 114,Quaternary,MASW,4.5,220.3446748699139,1.0,223.99674248751194,254.62696751269493,253.77426957926733,234.2737589525006,234.2737589525006
877,Puskas,Puskas,Puskas__CPTu 114,Quaternary,MASW,5.6,238.76717286650103,1.0,238.18000587533874,276.3396092854193,269.7147752259839,250.89588868350347,250.89588868350347
878,Puskas,Puskas,Puskas__CPTu 114,Quaternary,MASW,6.75,252.71605577583384,1.0,253.2846655296395,315.77518911346476,285.7691649085637,273.60755465349735,273.60755465349735
879,Puskas,Puskas,Puskas__CPTu 114,Quaternary,MASW,7.85,296.36910100833444,1.0,256.7125286344906,334.8674135113439,296.8199616500951,281.7384381154966,281.7384381154966
880,Puskas,Puskas,Puskas__CPTu 114,Tertiary,MASW,8.7,298.751297713141,1.0,262.35733435214826,291.88586388306084,277.08961667503274,272.3360650783625,272.3360650783625
881,Puskas,Puskas,Puskas__CPTu 114,Tertiary,MASW,9.5,273.3427491900246,1.0,258.3439204366121,292.3264738613531,284.07467669735246,269.7632042847827,269.7632042847827
882,Puskas,Puskas,Puskas__CPTu 114,Tertiary,MASW,10.5,274.4851564238781,1.0,265.22373229788684,299.51804817988864,297.0991157299009,276.7553961183634,276.7553961183634
883,Puskas,Puskas,Puskas__CPTu 114,Tertiary,MASW,11.6,349.02458754476305,1.0,333.029760223473,404.1656865055781,386.8732429662474,356.37709454143084,368.87280755096344
884,Puskas,Puskas,Puskas__CPTu 114,Tertiary,MASW,12.9,455.37679631018045,1.0,327.7107739137429,400.43492264574206,387.76582550680575,351.52413550654376,363.4561761051547
885,Puskas,Puskas,Puskas__CPTu 114,Tertiary,MASW,14.05,444.89322672508666,1.0,337.5238416919228,421.10714639984724,406.65772008159644,364.6996194847544,377.59462617891853
886,Puskas,Puskas,Puskas__CPTu 114,Tertiary,MASW,14.85,419.3373064047892,1.0,343.80155364919153,458.0167732382802,431.112963675849,380.1093710929646,391.2586640492053
887,Puskas,Puskas,Puskas__CPTu 114,Tertiary,MASW,15.6,413.0622284277911,1.0,342.54688078085695,479.185660446289,457.0173737910783,385.25150667186506,401.25470666223197
888,Puskas,Puskas,Puskas__CPTu 114,Tertiary,MASW,16.5,405.4488297502153,1.0,349.6856241269009,448.62642219019904,444.345231773672,381.54894129812595,396.28131229710874
889,Puskas,Puskas,Puskas__CPTu 114,Tertiary,MASW,17.5,405.0860597221328,1.0,371.47522645117573,541.1835517538443,503.98862261993503,423.76493002135,439.4125207146489
890,Puskas,Puskas,Puskas__CPTu 114,Tertiary,MASW,18.5,422.1799813005418,1.0,398.6750325274761,479.4825203276721,468.6363642829642,425.27793230039026,433.6403227095435
891,Puskas,Puskas,Puskas__CPTu 114,Tertiary,MASW,19.5,378.765919590836,1.0,384.1534329374398,418.3490538951455,427.8834579326033,395.79166484873264,399.2158367823373
892,Puskas,Puskas,Puskas__CPTu 114,Tertiary,MASW,20.5,414.0643271634791,1.0,423.40247817381805,480.1422039661012,471.87929989247186,442.4550595787423,446.11787173144444
893,Puskas,Puskas,Puskas__CPTu 114,Tertiary,MASW,21.5,410.2344894035193,1.0,418.4966676636777,461.4090903193575,463.5846805069664,433.0419342965485,435.1961703852788
894,Puskas,Puskas,Puskas__CPTu 114,Tertiary,MASW,22.55,461.6075672095514,1.0,428.8319335587619,438.6957930786408,438.3056557976924,432.2587977758825,433.5611692597834
662,Puskas,Puskas,Puskas__CPTu 115B,Quaternary,MASW,1.5,177.5775357627264,1.0,207.99073901282185,226.84822195049733,226.95707400315726,214.40552949210263,214.40552949210263
663,Puskas,Puskas,Puskas__CPTu 115B,Quaternary,MASW,2.85,194.80249713462203,1.0,201.14772790848366,229.13000547482432,232.12261960926267,210.5297735205159,210.5297735205159
664,Puskas,Puskas,Puskas__CPTu 115B,Quaternary,MASW,4.1,273.90570076495567,1.0,209.12581892161498,247.3160124304792,239.16807321273225,221.77023566014543,221.77023566014543
665,Puskas,Puskas,Puskas__CPTu 115B,Quaternary,MASW,4.9,292.45199750297326,1.0,228.69393349161152,262.3534680887902,256.3347954247194,239.95284425919584,239.95284425919584
666,Puskas,Puskas,Puskas__CPTu 115B,Quaternary,MASW,5.85,307.64613531995786,1.0,240.24122426929515,257.5704992476479,251.71542331654263,246.1696668744904,246.1696668744904
667,Puskas,Puskas,Puskas__CPTu 115B,Tertiary,MASW,7.1,263.54741981739886,1.0,205.78032080238583,233.5935359839923,228.23109232771264,215.1165297383406,215.1165297383406
668,Puskas,Puskas,Puskas__CPTu 115B,Tertiary,MASW,8.15,296.4455748931434,1.0,251.99893817666637,288.7042791094526,263.95004297097046,264.2821245232826,264.2821245232826
669,Puskas,Puskas,Puskas__CPTu 115B,Tertiary,MASW,9.15,313.7495228555593,1.0,275.10427517526796,299.38877824576514,289.75201024078643,283.371195206406,283.371195206406
670,Puskas,Puskas,Puskas__CPTu 115B,Tertiary,MASW,10.15,279.609921790994,1.0,272.5961215883525,319.59520169882626,310.7945966711925,288.202586934709,288.202586934709
671,Puskas,Puskas,Puskas__CPTu 115B,Tertiary,MASW,10.9,271.70906152072064,1.0,280.76901272339876,327.3634166504159,318.201815590313,296.26988869320553,296.26988869320553
672,Puskas,Puskas,Puskas__CPTu 115B,Tertiary,MASW,11.9,294.8011092106114,1.0,303.0751712940199,349.72720226389487,358.0326408611178,318.64934368932796,318.64934368932796
673,Puskas,Puskas,Puskas__CPTu 115B,Tertiary,MASW,13.0,299.7397989861046,1.0,314.96403230883345,341.24968094049945,355.74654017781336,323.92533314827534,323.92533314827534
674,Puskas,Puskas,Puskas__CPTu 115B,Tertiary,MASW,14.05,274.7841072091833,1.0,301.5593708864707,310.59013069380114,312.00482759950114,304.68987077810834,304.68987077810834
675,Puskas,Puskas,Puskas__CPTu 115B,Tertiary,MASW,15.0,336.55568493216555,1.0,346.32109604724633,410.60045741209007,403.727529384745,367.5852835041251,381.2639591142254
676,Puskas,Puskas,Puskas__CPTu 115B,Tertiary,MASW,16.05,462.3761512596194,1.0,362.7221381499398,518.524189007962,480.2118797761554,411.0477716422183,426.5231766536279
677,Puskas,Puskas,Puskas__CPTu 115B,Tertiary,MASW,17.25,435.65513361182826,1.0,356.6218106554081,464.361649360957,452.83920140177594,391.14236399787694,402.426833388609
678,Puskas,Puskas,Puskas__CPTu 115B,Tertiary,MASW,18.0,513.5264931671679,1.0,415.50472786246667,522.3425115722268,489.3498474058934,450.15156142511023,455.73102743557683
679,Puskas,Puskas,Puskas__CPTu 115B,Tertiary,MASW,18.8,465.7402513651255,1.0,398.8759915613746,454.3760880532424,454.62334043908123,417.48420274299986,423.90532151665343
680,Puskas,Puskas,Puskas__CPTu 115B,Tertiary,MASW,19.85,382.9857694236487,1.0,353.25949355657974,404.62667884233497,389.6730360558059,370.4504078954881,373.698840572798
681,Puskas,Puskas,Puskas__CPTu 115B,Tertiary,MASW,20.9,484.74342284797984,1.0,465.7752157462525,507.28679799272453,501.57532905484624,479.90291754347965,484.121678819502
682,Puskas,Puskas,Puskas__CPTu 115B,Tertiary,MASW,21.9,413.1132090436036,1.0,429.9508864982884,445.70087657997817,449.5455374931106,435.3990454350338,437.504293831999
683,Puskas,Puskas,Puskas__CPTu 116B,Quaternary,MASW,1.5,165.17598579807225,1.0,195.578923968194,201.9472665091225,206.934768747885,197.78466986621444,197.78466986621444
684,Puskas,Puskas,Puskas__CPTu 116B,Quaternary,MASW,2.25,182.48225149002965,1.0,203.9577466135323,207.91023735534446,211.0401839493524,205.33249735804807,205.33249735804807
685,Puskas,Puskas,Puskas__CPTu 116B,Quaternary,MASW,3.1,211.939798054941,1.0,193.52517194688332,194.15169561573717,199.30926783957264,193.74422491897604,193.74422491897604
686,Puskas,Puskas,Puskas__CPTu 116B,Quaternary,MASW,4.1,271.3842887981581,1.0,204.68996741233113,221.10060043730135,217.10738064663914,210.29029713320685,210.29029713320685
687,Puskas,Puskas,Puskas__CPTu 116B,Quaternary,MASW,5.0,282.5296903549559,1.0,219.29842676254003,262.46184311653707,247.31516655369086,233.53191813576464,233.53191813576464
688,Puskas,Puskas,Puskas__CPTu 116B,Quaternary,MASW,5.95,323.5496490378933,1.0,242.02166591204548,276.42858500635396,260.6557835678459,253.5474765957099,253.5474765957099
689,Puskas,Puskas,Puskas__CPTu 116B,Quaternary,MASW,7.45,286.9464469554483,1.0,242.6786377674312,277.2072803663769,256.7260170878634,254.2448284154043,254.2448284154043
690,Puskas,Puskas,Puskas__CPTu 116B,Tertiary,MASW,8.8,271.498292730628,1.0,236.75709014572988,266.0311845731876,256.79969670865523,246.6171858826034,246.6171858826034
691,Puskas,Puskas,Puskas__CPTu 116B,Tertiary,MASW,9.65,300.0730102578347,1.0,261.44027021754414,300.59189663003787,288.5133292764965,274.5264274783581,274.5264274783581
692,Puskas,Puskas,Puskas__CPTu 116B,Tertiary,MASW,10.55,290.23879428544615,1.0,281.68605324977267,307.9578897730209,313.5641845815971,290.6159468159482,290.6159468159482
693,Puskas,Puskas,Puskas__CPTu 116B,Tertiary,MASW,11.2,294.0468611837509,1.0,308.8271643004422,352.1163027606771,342.1260042924412,323.3368607587787,323.3368607587787
694,Puskas,Puskas,Puskas__CPTu 116B,Tertiary,MASW,11.75,260.1769190191595,1.0,283.11773655179593,320.5785510376887,316.5735767382579,295.70295328780253,295.70295328780253
695,Puskas,Puskas,Puskas__CPTu 116B,Tertiary,MASW,12.75,292.19423384599014,1.0,317.6719496788606,405.70035080472445,388.19354405713415,346.0653748308522,360.12868698823905
696,Puskas,Puskas,Puskas__CPTu 116B,Tertiary,MASW,14.2,294.6537441290555,1.0,334.6470677192949,351.6900820703863,356.2000687612,340.5160664730154,348.7967522239916
697,Puskas,Puskas,Puskas__CPTu 116B,Tertiary,MASW,15.05,313.17368201624055,1.0,352.88320158000937,410.42537771008614,392.95426695295237,372.0421217861883,384.1665064342166
698,Puskas,Puskas,Puskas__CPTu 116B,Tertiary,MASW,15.6,391.0747429266331,1.0,333.5433886965141,399.15137237642864,370.4929879371604,355.178924852651,360.44926941263424
699,Puskas,Puskas,Puskas__CPTu 116B,Tertiary,MASW,16.75,460.0133192978093,1.0,380.4484676288765,469.16378013163785,456.80098851926294,409.4075641485288,418.3449648444401
700,Puskas,Puskas,Puskas__CPTu 116B,Tertiary,MASW,17.75,499.9847697664736,1.0,413.47994777713996,505.8447764895066,486.5195357035152,443.7122702329329,447.68102655751
701,Puskas,Puskas,Puskas__CPTu 116B,Tertiary,MASW,18.5,474.3334713691037,1.0,413.23287967293965,467.3306517099112,462.12542617604674,431.41491810821515,434.7553398371026
702,Puskas,Puskas,Puskas__CPTu 116B,Tertiary,MASW,19.5,438.0534386036963,1.0,408.007666571832,462.2588507416063,456.8670391276629,426.2302244031943,430.30391340728414
703,Puskas,Puskas,Puskas__CPTu 116B,Tertiary,MASW,20.5,444.8571547773184,1.0,425.5086934869098,461.43813618302386,455.27903150502186,437.75408144032787,439.3339846947752
704,Puskas,Puskas,Puskas__CPTu 116B,Tertiary,MASW,21.5,478.1757734714046,1.0,457.3031797782048,473.8176512457344,476.0247052056003,463.01672224421293,462.8500407354636
705,Puskas,Puskas,Puskas__CPTu 116B,Tertiary,MASW,22.5,437.9925398709746,1.0,432.56600367147536,457.9357626933174,449.35609487010925,441.2814242731881,441.60188797969397
706,Puskas,Puskas,Puskas__CPTu 116B,Tertiary,MASW,23.5,435.4314006524327,1.0,451.2103116255296,456.9550907334987,453.93282015637607,453.2127221689393,452.74221654523785
707,Puskas,Puskas,Puskas__CPTu 116B,Tertiary,MASW,24.5,426.0934640483595,1.0,453.11713562196775,463.18118591359763,458.3403312405863,456.61443283756535,455.2195268206172
708,Puskas,Puskas,Puskas__CPTu 116B,Tertiary,MASW,25.5,484.2937101128108,1.0,510.8725983277622,478.4302935731841,474.31666344371496,499.2748969057016,493.49898041219353
709,Puskas,Puskas,Puskas__CPTu 116B,Tertiary,MASW,26.5,461.6646301279563,1.0,509.013549150615,474.7267598196385,474.3598538609419,496.7402738093416,492.132172301121
710,Puskas,Puskas,Puskas__CPTu 116B,Tertiary,MASW,27.5,446.080165661899,1.0,513.1116979347324,457.43975652096344,456.0623012270237,492.8952270506449,486.1312934879312
711,Puskas,Puskas,Puskas__CPTu 116B,Tertiary,MASW,28.5,449.5151864902999,1.0,526.4997633003721,472.3490301131244,461.59809783911845,506.87500630720126,498.93252974196685
712,Puskas,Puskas,Puskas__CPTu 116B,Tertiary,MASW,29.5,441.4789918862944,1.0,541.6652658981153,451.62600910622035,453.742994419869,508.2738572449418,500.06169880893515
804,Puskas,Puskas,Puskas__CPTu 120a,Quaternary,MASW,1.5,169.27417404343785,1.0,198.8110466163945,210.38153530311723,211.11618258995566,202.78648133674176,202.78648133674176
805,Puskas,Puskas,Puskas__CPTu 120a,Quaternary,MASW,2.15,148.7533414958771,1.0,176.21111538725563,181.43393190957804,182.61283823440542,178.02177399131156,178.02177399131156
806,Puskas,Puskas,Puskas__CPTu 120a,Quaternary,MASW,2.75,188.84556930451924,1.0,210.24428579973852,226.9983617604015,225.50058151920635,215.962667786335,215.962667786335
807,Puskas,Puskas,Puskas__CPTu 120a,Quaternary,MASW,3.95,295.0128794371489,1.0,235.50646634777135,276.240636101304,256.33179268633666,249.03047180339468,249.03047180339468
808,Puskas,Puskas,Puskas__CPTu 120a,Quaternary,MASW,5.300000000000001,306.83201423995195,1.0,245.14707160442438,291.8384053270114,283.57870094553135,260.5716821369181,260.5716821369181
809,Puskas,Puskas,Puskas__CPTu 120a,Quaternary,MASW,6.4,304.3360650771512,1.0,243.13085042721343,317.6296915062918,289.5956642316721,266.973667419317,266.973667419317
810,Puskas,Puskas,Puskas__CPTu 120a,Quaternary,MASW,7.4,265.04783653843504,1.0,252.90112666183882,298.90490939193097,278.6659341375639,268.1356525062055,268.1356525062055
811,Puskas,Puskas,Puskas__CPTu 120a,Quaternary,MASW,8.4,258.2649911120815,1.0,255.11546627426912,291.77494462398516,262.81873511536793,267.3903383423453,267.3903383423453
812,Puskas,Puskas,Puskas__CPTu 120a,Tertiary,MASW,9.4,231.19395467894705,1.0,240.93140756757825,260.94345398788516,264.35998037355506,247.75473535354774,247.75473535354774
813,Puskas,Puskas,Puskas__CPTu 120a,Tertiary,MASW,10.35,265.01827986137533,1.0,278.3382135098497,295.3093692369136,298.1087973481439,284.1642059036321,284.1642059036321
814,Puskas,Puskas,Puskas__CPTu 120a,Tertiary,MASW,11.15,372.0626210861618,1.0,294.90966541670497,314.09207242676445,314.6685240967736,301.48644823998285,301.48644823998285
815,Puskas,Puskas,Puskas__CPTu 120a,Tertiary,MASW,11.75,374.5058530745233,1.0,302.1240698840405,327.0749656717908,321.7969375752545,310.6325906926927,310.6325906926927
816,Puskas,Puskas,Puskas__CPTu 120a,Tertiary,MASW,12.5,400.4545339037271,1.0,318.49952694066405,352.78025353542915,358.839725019041,330.1012800056492,341.37296595059547
817,Puskas,Puskas,Puskas__CPTu 120a,Tertiary,MASW,13.5,450.7630066078721,1.0,347.2915387815252,375.0036597642639,383.31996523128737,356.7497346804388,371.510452051373
818,Puskas,Puskas,Puskas__CPTu 120a,Tertiary,MASW,14.8,387.7574696092931,1.0,321.2997227934692,367.1078841026377,354.6804142164831,336.6429525201822,345.5373221729964
819,Puskas,Puskas,Puskas__CPTu 120a,Tertiary,MASW,16.0,528.035828356596,1.0,380.39937795906815,480.0934572645002,465.2124302553245,412.6861504053698,423.3879784471895
820,Puskas,Puskas,Puskas__CPTu 120a,Tertiary,MASW,16.799999999999997,541.4113022349106,1.0,398.50825013281235,515.145277410074,490.6409757007621,435.97306510963494,444.65899220540126
821,Puskas,Puskas,Puskas__CPTu 120a,Tertiary,MASW,17.6,526.5325021850196,1.0,394.8136870787857,486.4556513435988,474.94971718526534,424.7369739788054,433.9783794780906
822,Puskas,Puskas,Puskas__CPTu 120a,Tertiary,MASW,19.0,449.0788780094532,1.0,368.5959483603136,377.75772325637234,365.357649033288,371.7770143701079,371.8876461084873
823,Puskas,Puskas,Puskas__CPTu 120a,Tertiary,MASW,20.0,438.5401246438102,1.0,359.8171579326147,345.52597132673594,339.48953948981153,354.74922762293556,354.4667535582207
824,Puskas,Puskas,Puskas__CPTu 120a,Tertiary,MASW,20.5,441.683963026819,1.0,367.3081400544127,344.76922501241586,337.7058025076654,359.25666325233044,358.6033233342623
895,Puskas,Puskas,Puskas__CPTu 121A,Quaternary,MASW,1.5,243.63319066437415,1.0,201.19011741150342,217.430536318729,224.0927783549666,206.7314289989067,206.7314289989067
896,Puskas,Puskas,Puskas__CPTu 121A,Quaternary,MASW,2.7,178.24327434404807,1.0,161.06149157564772,185.7699428402404,185.48061373821363,169.31133047977823,169.31133047977823
897,Puskas,Puskas,Puskas__CPTu 121A,Quaternary,MASW,4.05,214.51341235432335,1.0,190.50354247946072,208.00282953536205,212.1057143769034,196.45415626830345,196.45415626830345
898,Puskas,Puskas,Puskas__CPTu 121A,Quaternary,MASW,5.45,265.99977478840395,1.0,248.37507734426612,263.7598786391485,253.3135938761924,253.65490627017223,253.65490627017223
899,Puskas,Puskas,Puskas__CPTu 121A,Quaternary,MASW,6.6,249.06811188904564,1.0,240.52989798658743,280.9027416653486,275.7124198370881,253.95366562396404,253.95366562396404
900,Puskas,Puskas,Puskas__CPTu 121A,Quaternary,MASW,7.5,258.6120744886227,1.0,233.5777905519013,292.1713021104119,272.3459173883395,252.61180937088028,252.61180937088028
901,Puskas,Puskas,Puskas__CPTu 121A,Quaternary,MASW,8.5,349.60936029235586,1.0,271.97697206394656,302.51405153326584,285.9564903628689,282.29736903800256,282.29736903800256
902,Puskas,Puskas,Puskas__CPTu 121A,Tertiary,MASW,10.25,274.3252209805548,1.0,246.2778634042048,278.7895436552552,283.03693502061816,257.2013616866789,257.2013616866789
903,Puskas,Puskas,Puskas__CPTu 121A,Tertiary,MASW,12.25,429.7297539613017,1.0,334.4298668785802,397.4764434672639,381.570451676456,355.2689682178943,368.6402739589122
904,Puskas,Puskas,Puskas__CPTu 121A,Tertiary,MASW,13.5,457.5477116999507,1.0,344.486246126285,397.16083640553387,393.00105784482815,362.07619475174977,375.5943718140871
905,Puskas,Puskas,Puskas__CPTu 121A,Tertiary,MASW,14.5,429.23450448963655,1.0,352.61334696805056,402.1051410708609,401.5777208699595,369.20115803956566,378.83282929349207
906,Puskas,Puskas,Puskas__CPTu 121A,Tertiary,MASW,15.5,393.2011106231139,1.0,332.5415257908348,387.57803029958086,380.6955091018454,350.8532697603427,360.46405628570704
907,Puskas,Puskas,Puskas__CPTu 121A,Tertiary,MASW,16.5,407.15217775269457,1.0,352.21117530184955,381.45159281834106,382.1317009615899,362.18114466073195,369.34860753749086
908,Puskas,Puskas,Puskas__CPTu 121A,Tertiary,MASW,17.5,431.4541433745016,1.0,413.80848558133613,515.1958309258658,482.40337721777655,446.7966661008538,455.7270967345003
909,Puskas,Puskas,Puskas__CPTu 121A,Tertiary,MASW,18.5,410.1982569149331,1.0,419.7032497791318,532.621317311181,513.2546500849589,456.2039133077361,465.30393697009447
910,Puskas,Puskas,Puskas__CPTu 121A,Tertiary,MASW,19.5,391.8910877493569,1.0,403.3265362413302,477.92907719510305,473.17686801286413,428.0102076560789,432.7900958413515
911,Puskas,Puskas,Puskas__CPTu 121A,Tertiary,MASW,20.5,410.3707620497225,1.0,439.78235833335646,493.65404417657004,496.8429575954716,457.93360740029976,462.272359237428
912,Puskas,Puskas,Puskas__CPTu 121A,Tertiary,MASW,21.95,421.3272325672114,1.0,452.1536657590579,488.8902635174274,489.773423463947,464.6863574324029,466.020157715446
180,River,River,River__CPT2,Quaternary,MASW,1.65,115.33052569156412,4.0,137.47020610388591,167.16156187588282,165.0107057893661,151.39449101160605,151.39449101160605
181,River,River,River__CPT2,Quaternary,MASW,2.7,164.93791717262042,4.0,168.07501063340683,184.27031543748018,189.91972175789292,176.5187047111002,176.5187047111002
182,River,River,River__CPT2,Quaternary,MASW,3.65,234.05003282834616,4.0,213.22318014708006,209.48681975576486,214.6859319637006,211.8655029519167,211.8655029519167
183,River,River,River__CPT2,Quaternary,MASW,4.85,319.5102089316684,4.0,238.8225198690687,243.1903282748008,234.10583543192018,240.08077353036373,240.08077353036373
184,River,River,River__CPT2,Quaternary,MASW,6.15,322.2077314793199,4.0,250.16988235875837,257.3616303648041,250.02237998095023,253.0072232679797,253.0072232679797
185,River,River,River__CPT2,Quaternary,MASW,7.199999999999999,246.8972404710532,4.0,233.13010779475098,243.76995630064005,241.70039181174582,238.18751281207446,238.18751281207446
186,River,River,River__CPT2,Quaternary,MASW,8.05,259.9961823769368,4.0,259.79783018949365,271.93455099688003,266.50606315225895,265.26150268926597,265.26150268926597
187,River,River,River__CPT2,Quaternary,MASW,9.25,239.59756278151008,4.0,258.7086868560911,266.5846958777242,262.4411715288096,262.20609826199865,262.20609826199865
188,River,River,River__CPT2,Quaternary,MASW,11.0,251.45450563660305,4.0,271.10787933792653,294.80103973867807,297.45269000333127,282.95962052673707,282.95962052673707
189,River,River,River__CPT2,Quaternary,MASW,12.4,489.6128465352403,4.0,296.73617100758304,328.96838803561536,321.7830363705625,311.7476765955914,311.7476765955914
190,River,River,River__CPT2,Tertiary,MASW,14.15,693.5362539919386,4.0,377.9745366753481,421.26620858952174,416.33779850425236,398.56440071263603,407.3772035585959
191,River,River,River__CPT2,Tertiary,MASW,16.25,751.0262122133416,4.0,409.54353382312223,430.7581794329322,419.522231689555,418.9082831407896,417.18838904570003
192,River,River,River__CPT5,Quaternary,MASW,2.05,202.0,4.0,190.64499239366157,173.13244100284754,171.7638873520472,181.5337035925029,181.5337035925029
193,River,River,River__CPT5,Quaternary,MASW,3.65,211.3071752491552,4.0,187.13946826799517,190.84224438310528,198.79799777147312,189.75520712972104,189.75520712972104
194,River,River,River__CPT5,Quaternary,MASW,4.65,217.06157804322785,4.0,186.92904391994932,204.8703775992724,207.88570633935603,195.98034707532145,195.98034707532145
195,River,River,River__CPT5,Quaternary,MASW,5.65,292.9070627467941,4.0,233.35048573208962,234.93076179977294,237.07742033185545,234.35235856443117,234.35235856443117
196,River,River,River__CPT5,Quaternary,MASW,6.7,325.46149347739083,4.0,255.0897915257355,260.38391299313867,255.41336828086077,257.2270052731448,257.2270052731448
197,River,River,River__CPT5,Quaternary,MASW,8.1,276.7262155606347,4.0,244.11553715003035,243.69748369488917,245.4314304562705,244.07941102942073,244.07941102942073
198,River,River,River__CPT5,Quaternary,MASW,9.75,259.21651334725726,4.0,254.69194686214502,261.29648714532107,269.0249145328094,258.72612572342194,258.72612572342194
199,River,River,River__CPT5,Quaternary,MASW,11.35,263.8911524267684,4.0,261.69930835026764,290.7944933171058,289.89576627287397,275.7782084651836,275.7782084651836
200,River,River,River__CPT5,Tertiary,MASW,13.1,445.1012939042873,4.0,343.30573858285646,406.7346374407872,403.06541289225595,373.3383022137342,392.51891271767494
201,River,River,River__CPT5,Tertiary,MASW,14.65,499.49813265589256,4.0,381.8284488662569,417.9639945931185,416.54805990819375,399.3523107320163,402.5770270249126
202,River,River,River__CPT5,Tertiary,MASW,16.4,670.414393337913,4.0,416.7994782416882,422.65574582212605,419.1237330516024,419.36532638492145,415.1411305598068
203,River,River,River__CPT5,Tertiary,MASW,18.0,646.2767046306219,4.0,421.2269800776101,432.50926378801284,429.52572826767937,426.5354914687264,422.99951041284424
204,River,River,River__CPT5,Tertiary,MASW,19.45,650.1372413207323,4.0,440.81830379361327,440.65366662774915,434.70729621706073,440.1375866322576,438.38829461711623
205,River,River,River__CPT7,Quaternary,MASW,1.75,230.0,4.0,180.4433311447963,163.49212693021224,159.7792692680046,171.36463432388828,171.36463432388828
206,River,River,River__CPT7,Quaternary,MASW,3.1,176.88507959680965,4.0,212.57093868145753,202.59217499792013,205.5786697528949,207.82549190240204,207.82549190240204
207,River,River,River__CPT7,Quaternary,MASW,4.25,215.8194474926102,4.0,244.53042502936847,251.43401096174608,247.2137616351624,247.53882494440077,247.53882494440077
208,River,River,River__CPT7,Quaternary,MASW,5.65,215.6930991940163,4.0,244.1604424642307,233.48702262936644,235.6208492557849,238.98141168773603,238.98141168773603
209,River,River,River__CPT7,Quaternary,MASW,7.05,304.0688582275734,4.0,235.46257355542724,232.38049186211626,235.71109912610308,234.2495758369712,234.2495758369712
210,River,River,River__CPT7,Quaternary,MASW,8.0,318.12506802788243,4.0,250.4186936091682,249.78025943583046,251.06935991922242,250.22804870378678,250.22804870378678
211,River,River,River__CPT7,Quaternary,MASW,8.95,217.8391962302913,4.0,250.27162619574477,256.5618661435087,254.98096303612203,253.24065364528406,253.24065364528406
212,River,River,River__CPT7,Quaternary,MASW,9.9,236.6873001066819,4.0,271.79838816300673,275.52791997422963,277.8651261419252,273.8880526975984,273.8880526975984
213,River,River,River__CPT7,Quaternary,MASW,11.0,236.26600586720053,4.0,277.3950553557022,305.9383712619547,302.4037956856874,290.9790097758523,290.9790097758523
214,River,River,River__CPT7,Quaternary,MASW,11.9,277.38594435616045,4.0,313.3222442992068,315.0490113684391,317.27959272933697,314.4061819897,314.4061819897
215,River,River,River__CPT7,Quaternary,MASW,12.75,313.4911476710846,4.0,349.6989023514593,367.58734627387486,370.51763881247115,358.81636687222243,380.3897738663868
216,River,River,River__CPT7,Quaternary,MASW,13.85,310.73352908732784,4.0,356.87099923916725,383.9058823606889,375.8949532140819,369.36197570357746,384.2854631855823
217,River,River,River__CPT7,Quaternary,MASW,14.9,713.9594253985106,4.0,377.3025660790254,441.04147775158754,440.462344539745,407.8754180402784,419.7096419565839
218,River,River,River__CPT7,Quaternary,MASW,16.3,773.4776656548057,4.0,412.1364456130494,443.8973932128157,437.86006707517924,427.13689118955295,432.57153845326656
510,Tömő u. 23,Tömő u. 23,Tömő u. 23__CPT2,Quaternary,MASW,2.5,145.07791806916796,4.0,184.44069727740322,187.72315056743793,187.86783071592396,186.08902203708033,186.08902203708033
511,Tömő u. 23,Tömő u. 23,Tömő u. 23__CPT2,Quaternary,MASW,3.5,135.77595066181453,4.0,175.52842720906176,202.40481776313783,200.1879509330878,188.28072519498502,188.28072519498502
512,Tömő u. 23,Tömő u. 23,Tömő u. 23__CPT2,Quaternary,MASW,4.5,207.83062350057065,4.0,220.1253314799036,220.34471330897884,221.91738159294917,220.39168101105207,220.39168101105207
513,Tömő u. 23,Tömő u. 23,Tömő u. 23__CPT2,Quaternary,MASW,5.5,241.49697661905745,4.0,226.59790944132672,232.90181253489902,234.10563558840272,229.84670572864127,229.84670572864127
514,Tömő u. 23,Tömő u. 23,Tömő u. 23__CPT2,Quaternary,MASW,6.5,220.1001456011517,4.0,223.73035109082366,232.7696981487996,234.6830375749451,228.39216403953247,228.39216403953247
515,Tömő u. 23,Tömő u. 23,Tömő u. 23__CPT2,Quaternary,MASW,7.5,192.10938907392375,4.0,232.10291562724709,234.79454600513193,241.26419025022483,234.08025746230246,234.08025746230246
516,Tömő u. 23,Tömő u. 23,Tömő u. 23__CPT2,Quaternary,MASW,8.5,173.70283986615854,4.0,233.19572713408786,230.660212741656,231.40840894010591,231.9996251598967,231.9996251598967
517,Tömő u. 23,Tömő u. 23,Tömő u. 23__CPT2,Quaternary,MASW,9.5,220.16264992636596,4.0,281.0289484057695,273.48531307722794,261.44844229073595,275.98643614460036,275.98643614460036
518,Tömő u. 23,Tömő u. 23,Tömő u. 23__CPT2,Quaternary,MASW,10.5,204.12092081968143,4.0,282.2764166937847,263.83495545670985,260.4991673181636,272.5529365998517,272.5529365998517
519,Tömő u. 23,Tömő u. 23,Tömő u. 23__CPT2,Quaternary,MASW,11.5,232.16348896923972,4.0,308.1988143379997,302.45677829057695,287.68366934290447,303.7892008908574,303.7892008908574
520,Tömő u. 23,Tömő u. 23,Tömő u. 23__CPT2,Quaternary,MASW,12.5,208.5698011236357,4.0,298.48485104538105,287.67831210723,282.5332968454209,292.5034276603954,292.5034276603954
521,Tömő u. 23,Tömő u. 23,Tömő u. 23__CPT2,Quaternary,MASW,13.5,221.35743614256288,4.0,328.7673503830447,307.72834107062135,302.22991611945764,317.5009902127118,317.5009902127118
522,Tömő u. 23,Tömő u. 23,Tömő u. 23__CPT2,Quaternary,MASW,14.5,437.1449424002657,4.0,344.1300886480936,317.42554000185186,316.7785201342138,330.4407829950007,330.4407829950007
523,Tömő u. 23,Tömő u. 23,Tömő u. 23__CPT2,Quaternary,MASW,15.45,462.6168452811813,4.0,363.4375929676151,336.2363075203413,335.1777686018937,349.4622649593996,349.4622649593996
496,Tömő u. 23,Tömő u. 23,Tömő u. 23__Cpt1,Quaternary,MASW,1.5,195.33301458310092,4.0,170.39899594391446,164.7438338776897,168.26568323474442,167.90233600083573,167.90233600083573
497,Tömő u. 23,Tömő u. 23,Tömő u. 23__Cpt1,Quaternary,MASW,2.5,192.41851868248412,4.0,185.02225136762243,190.42367948855792,192.9179232334475,187.94796140041453,187.94796140041453
498,Tömő u. 23,Tömő u. 23,Tömő u. 23__Cpt1,Quaternary,MASW,3.5,208.20137017551997,4.0,190.41004128694985,210.79654285748788,211.90249283362613,200.44901375461953,200.44901375461953
499,Tömő u. 23,Tömő u. 23,Tömő u. 23__Cpt1,Quaternary,MASW,4.5,192.24780332045268,4.0,217.86994823959512,225.24276151987615,225.1508459902852,221.51664274593477,221.51664274593477
500,Tömő u. 23,Tömő u. 23,Tömő u. 23__Cpt1,Quaternary,MASW,5.5,180.71573428578316,4.0,233.20331910764978,243.4551182568138,238.57561133864178,237.7921600417729,237.7921600417729
501,Tömő u. 23,Tömő u. 23,Tömő u. 23__Cpt1,Quaternary,MASW,6.5,171.01706808707598,4.0,230.04916759519213,231.39655071842782,237.54099197382385,231.32732830215554,231.32732830215554
502,Tömő u. 23,Tömő u. 23,Tömő u. 23__Cpt1,Quaternary,MASW,7.5,188.8576036691429,4.0,229.80879153847732,233.10321099523256,236.18435962031006,231.7542650527958,231.7542650527958
503,Tömő u. 23,Tömő u. 23,Tömő u. 23__Cpt1,Quaternary,MASW,8.5,245.96683319461823,4.0,259.77911055736706,254.1198717031712,250.30151302169492,256.54521054385145,256.54521054385145
504,Tömő u. 23,Tömő u. 23,Tömő u. 23__Cpt1,Quaternary,MASW,9.5,283.93973209690654,4.0,257.91727360343396,245.45596288033357,246.5980722304598,251.72631434949253,251.72631434949253
505,Tömő u. 23,Tömő u. 23,Tömő u. 23__Cpt1,Tertiary,MASW,10.5,305.5845956841096,4.0,268.21890848142397,264.18704858811185,260.3258875882229,265.8037112494551,265.8037112494551
506,Tömő u. 23,Tömő u. 23,Tömő u. 23__Cpt1,Tertiary,MASW,11.5,318.64401219028895,4.0,286.79297108111945,285.45167624198706,281.40643002145237,285.7134545740536,285.7134545740536
507,Tömő u. 23,Tömő u. 23,Tömő u. 23__Cpt1,Tertiary,MASW,12.5,322.0731260784149,4.0,298.71699739451316,294.64876508568676,290.165584465815,296.22138475552134,296.22138475552134
508,Tömő u. 23,Tömő u. 23,Tömő u. 23__Cpt1,Tertiary,MASW,13.5,319.8451162543098,4.0,307.09955842730824,303.8972549447279,297.6616632790822,304.86151062663896,304.86151062663896
509,Tömő u. 23,Tömő u. 23,Tömő u. 23__Cpt1,Tertiary,MASW,14.1,322.0,4.0,303.4543258343458,299.1774735714563,295.1526898197675,300.9004915125781,300.9004915125781
