nominal_coverage,alpha,quantile_mps,empirical_coverage,mean_width_mps,median_width_mps,n
0.9,0.1,93.58809179902553,0.901840490797546,187.17618359805104,187.17618359805107,1304
0.8,0.2,64.35496033019865,0.8013803680981595,128.70992066039727,128.7099206603973,1304
