row_id,project,group_project,group_cpt,geo_age,test_method,z_mid_m,vs_meas_mps,fold,empirical,rf,et,base_stack,specialist_stack
447,Bacso,Bacso,Bacso__SCPTu1,Quaternary,SCPT,2.25,87.8,2.0,200.95995174722165,208.41886579400224,208.2587170392562,206.77805905568323,206.77805905568323
448,Bacso,Bacso,Bacso__SCPTu1,Quaternary,SCPT,4.5,349.0,2.0,267.70097983375206,278.6246482699871,291.0893452950764,286.253654324254,286.253654324254
449,Bacso,Bacso,Bacso__SCPTu1,Quaternary,SCPT,5.9,231.4,2.0,251.10294172732435,259.847922788285,278.9389292383183,273.1351941534794,273.1351941534794
450,Bacso,Bacso,Bacso__SCPTu1,Quaternary,SCPT,7.4,271.3,2.0,248.8377740938516,258.5308353556429,265.6317643114745,262.1846532443931,262.1846532443931
451,Bacso,Bacso,Bacso__SCPTu1,Quaternary,SCPT,9.5,278.0,2.0,272.96515720572984,257.9484951059855,254.5901108785497,258.1633970634043,258.1633970634043
452,Bacso,Bacso,Bacso__SCPTu1,Quaternary,SCPT,11.15,358.7,2.0,282.15252319277533,266.81818318400246,265.2316787985254,268.53265330430736,268.53265330430736
453,Bacso,Bacso,Bacso__SCPTu1,Tertiary,SCPT,12.3,351.5,2.0,293.75423545432426,289.37221818628547,289.88721730094744,290.6565268572741,289.08515546012563
454,Bacso,Bacso,Bacso__SCPTu1,Tertiary,SCPT,13.4,365.6,2.0,296.6634303194297,292.77322732417286,284.79974460086834,287.1339062387933,286.8168185479242
455,Bacso,Bacso,Bacso__SCPTu1,Tertiary,SCPT,14.5,455.0,2.0,317.32706285713203,306.05239339924987,303.45455276894654,306.17966850601994,304.569343818016
456,Bacso,Bacso,Bacso__SCPTu1,Tertiary,SCPT,15.5,365.6,2.0,320.36750987338723,322.80877177797095,319.4408412090966,319.62596026102517,319.7388109399294
457,Bacso,Bacso,Bacso__SCPTu1,Tertiary,SCPT,16.5,282.0,2.0,329.2742669039969,331.506059367131,322.7916843143534,324.07790948593544,325.8611309485728
458,Bacso,Bacso,Bacso__SCPTu1,Tertiary,SCPT,17.5,270.0,2.0,334.2419575231,332.4792834236429,330.8753890717471,331.54597905838693,332.31183909745783
459,Bacso,Bacso,Bacso__SCPTu1,Tertiary,SCPT,18.5,320.0,2.0,332.5238051315941,329.69717900928146,324.85619085394563,326.3754370624963,330.479394226393
460,Bacso,Bacso,Bacso__SCPTu1,Tertiary,SCPT,19.5,482.9,2.0,342.7564271751862,340.0572535330462,340.74510134301113,341.14642007457246,341.8024707642712
461,Bacso,Bacso,Bacso__SCPTu1,Tertiary,SCPT,20.5,470.0,2.0,372.06939651206335,346.86967423209984,341.19394172883227,347.1569298339338,346.61037137937336
462,Bacso,Bacso,Bacso__SCPTu1,Tertiary,SCPT,21.54,440.2,2.0,363.7122011088769,357.1753202852576,351.85896897428796,354.198301815455,375.04287104922605
463,Bacso,Bacso,Bacso__SCPTu2,Quaternary,SCPT,1.5,62.3,2.0,169.7762370958257,164.8559974804911,174.01642923301836,173.16000233174168,173.16000233174168
464,Bacso,Bacso,Bacso__SCPTu2,Quaternary,SCPT,2.75,260.0,2.0,226.71759067162787,217.09369181957385,216.2031006552135,218.26624548596777,218.26624548596777
465,Bacso,Bacso,Bacso__SCPTu2,Quaternary,SCPT,3.9,318.6,2.0,258.9953809495423,273.1587905712826,286.3807670270255,280.68130178751835,280.68130178751835
466,Bacso,Bacso,Bacso__SCPTu2,Quaternary,SCPT,4.65,282.0,2.0,262.8659789232765,284.32346215459233,304.23231466700054,295.4684743372123,295.4684743372123
467,Bacso,Bacso,Bacso__SCPTu2,Quaternary,SCPT,5.85,230.0,2.0,256.2849888632543,260.85592286309986,279.2564823068246,274.5030942970311,274.5030942970311
468,Bacso,Bacso,Bacso__SCPTu2,Quaternary,SCPT,7.25,260.0,2.0,255.45986032761945,257.81468836399756,259.0542752634105,258.33136889292877,258.33136889292877
469,Bacso,Bacso,Bacso__SCPTu2,Quaternary,SCPT,8.15,280.0,2.0,253.831355502866,257.1438630199506,261.90358908095465,260.2688623566492,260.2688623566492
470,Bacso,Bacso,Bacso__SCPTu2,Quaternary,SCPT,9.1,303.3,2.0,257.7208778351643,256.7782147404012,256.18229099654417,256.48927177790273,256.48927177790273
471,Bacso,Bacso,Bacso__SCPTu2,Quaternary,SCPT,9.95,390.0,2.0,266.24758461776935,259.13245180754217,261.3403137730643,262.3144782855932,262.3144782855932
472,Bacso,Bacso,Bacso__SCPTu2,Quaternary,SCPT,10.85,423.9,2.0,276.88053784254987,261.4389914242977,263.26294290174854,265.9317989192854,265.9317989192854
473,Bacso,Bacso,Bacso__SCPTu2,Quaternary,SCPT,11.75,391.7,2.0,296.3209973237594,289.30527508696485,285.5146846990317,287.6439508870211,287.6439508870211
474,Bacso,Bacso,Bacso__SCPTu2,Tertiary,SCPT,12.5,350.0,2.0,290.3702728466962,291.32420483013163,290.3168149136773,290.32750571288346,290.15803517887656
475,Bacso,Bacso,Bacso__SCPTu2,Tertiary,SCPT,13.5,355.0,2.0,309.70259573245477,294.8787396995361,287.5647712980126,291.86197283581856,293.2407085031051
476,Bacso,Bacso,Bacso__SCPTu2,Tertiary,SCPT,14.5,422.0,2.0,319.3632816276774,300.5350788513921,302.118274907751,305.49112190412023,301.7133971983033
477,Bacso,Bacso,Bacso__SCPTu2,Tertiary,SCPT,15.66,380.0,2.0,323.0344883290539,318.3943298774277,318.31613189347064,319.25425726770976,318.97223173811295
95,Balazs Bela u,Balazs Bela u,Balazs Bela u__CPT1,Quaternary,MASW,1.5,160.22927084196056,4.0,154.28171481084078,171.44122482607509,169.83287847514322,162.63531644583765,162.63531644583765
96,Balazs Bela u,Balazs Bela u,Balazs Bela u__CPT1,Quaternary,MASW,2.5,225.09300694348687,4.0,193.10830880370523,198.88092269193876,197.12365351547348,195.97336205301153,195.97336205301153
97,Balazs Bela u,Balazs Bela u,Balazs Bela u__CPT1,Quaternary,MASW,3.5,240.09620888267037,4.0,200.4376030277078,213.30277964775755,211.80351248682956,206.77015711108763,206.77015711108763
98,Balazs Bela u,Balazs Bela u,Balazs Bela u__CPT1,Quaternary,MASW,4.5,207.03853585650089,4.0,241.70554690529428,260.1502593156793,259.8515561804502,250.7583711572765,250.7583711572765
99,Balazs Bela u,Balazs Bela u,Balazs Bela u__CPT1,Quaternary,MASW,5.5,191.0690633873746,4.0,233.04206489077953,241.96867102356993,246.07171438856972,237.46342609802127,237.46342609802127
100,Balazs Bela u,Balazs Bela u,Balazs Bela u__CPT1,Quaternary,MASW,6.5,179.8770125717389,4.0,233.40624098281214,243.4125249310326,244.19294017417423,238.35688043831945,238.35688043831945
101,Balazs Bela u,Balazs Bela u,Balazs Bela u__CPT1,Quaternary,MASW,7.5,179.09335493620526,4.0,239.88013754048566,237.32086380576285,242.92045037789396,238.5970692421707,238.5970692421707
102,Balazs Bela u,Balazs Bela u,Balazs Bela u__CPT1,Quaternary,MASW,8.4,202.76392077368945,4.0,243.13338347574552,247.52507696677736,248.76792167905,245.31940293834657,245.31940293834657
103,Balazs Bela u,Balazs Bela u,Balazs Bela u__CPT1,Quaternary,MASW,9.5,274.80579295238493,4.0,277.86498859817635,275.80555834266124,274.5034771731028,276.83335840212095,276.83335840212095
104,Balazs Bela u,Balazs Bela u,Balazs Bela u__CPT1,Tertiary,MASW,10.6,284.31066554681274,4.0,290.93220243245213,268.9286321818477,279.0593290384682,279.7141384660629,279.7141384660629
105,Balazs Bela u,Balazs Bela u,Balazs Bela u__CPT1,Tertiary,MASW,11.5,287.2940421350688,4.0,295.880351508288,277.8168722504489,295.51394100099833,286.7063895632533,286.7063895632533
106,Balazs Bela u,Balazs Bela u,Balazs Bela u__CPT1,Tertiary,MASW,12.5,305.5982001643207,4.0,313.4818681308707,310.908651106072,313.13511989548084,312.1926084435385,312.1926084435385
107,Balazs Bela u,Balazs Bela u,Balazs Bela u__CPT1,Tertiary,MASW,13.4,323.77912492398366,4.0,348.3322417381413,322.0521724653597,329.42985906930727,334.9345535944258,334.9345535944258
108,Balazs Bela u,Balazs Bela u,Balazs Bela u__CPT1,Tertiary,MASW,14.15,286.7956655723814,4.0,343.4169301511629,326.612285180204,320.4875454778702,334.9092240088974,334.9092240088974
109,Balazs Bela u,Balazs Bela u,Balazs Bela u__CPT1,Tertiary,MASW,14.745,281.62953012015385,4.0,346.27850841547416,335.5692281850702,338.984073721251,340.88181501226774,340.88181501226774
110,Balazs Bela u,Balazs Bela u,Balazs Bela u__CPT3,Quaternary,MASW,1.5,181.2593016532936,4.0,164.5099379274302,170.51584090348894,165.91166370730315,167.48597076375233,167.48597076375233
111,Balazs Bela u,Balazs Bela u,Balazs Bela u__CPT3,Quaternary,MASW,2.5,213.7389977658518,4.0,183.94316921656414,185.9861360245463,186.33219127848434,184.961831983515,184.961831983515
112,Balazs Bela u,Balazs Bela u,Balazs Bela u__CPT3,Quaternary,MASW,3.5,242.16945631577872,4.0,204.47980388762565,211.98502892571224,212.5759697595338,208.19860023987263,208.19860023987263
113,Balazs Bela u,Balazs Bela u,Balazs Bela u__CPT3,Quaternary,MASW,4.5,183.9976083561228,4.0,230.5068033307597,248.6408616352401,243.35906853367374,239.40219337538426,239.40219337538426
114,Balazs Bela u,Balazs Bela u,Balazs Bela u__CPT3,Quaternary,MASW,5.5,196.25096508768468,4.0,237.74837954069758,249.65333542042598,251.13115904310246,243.62815096605024,243.62815096605024
115,Balazs Bela u,Balazs Bela u,Balazs Bela u__CPT3,Quaternary,MASW,6.5,181.47621716786065,4.0,228.88200309830296,234.48955559786316,234.68441954293655,231.66881359144944,231.66881359144944
116,Balazs Bela u,Balazs Bela u,Balazs Bela u__CPT3,Quaternary,MASW,7.5,195.9799207328963,4.0,252.02495297836484,248.33420431543237,248.6211293057065,250.17277263026944,250.17277263026944
117,Balazs Bela u,Balazs Bela u,Balazs Bela u__CPT3,Quaternary,MASW,8.4,204.43626559443783,4.0,247.02027890049393,243.48467209107906,248.36972003651584,245.24610416464043,245.24610416464043
118,Balazs Bela u,Balazs Bela u,Balazs Bela u__CPT3,Quaternary,MASW,9.5,257.70007980133306,4.0,264.6888165881151,268.30789417794074,264.09229711521317,266.49221187721105,266.49221187721105
119,Balazs Bela u,Balazs Bela u,Balazs Bela u__CPT3,Tertiary,MASW,10.6,293.3543261321456,4.0,285.517054020796,279.22027454549726,285.17950740844645,282.35111158114506,282.35111158114506
120,Balazs Bela u,Balazs Bela u,Balazs Bela u__CPT3,Tertiary,MASW,11.5,297.0572278925097,4.0,294.36111588680984,290.053301706846,297.7840779114315,292.19927028841244,292.19927028841244
121,Balazs Bela u,Balazs Bela u,Balazs Bela u__CPT3,Tertiary,MASW,12.5,320.18378589781827,4.0,317.70250195960665,315.8905586109099,316.36522106758616,316.79523483806344,316.79523483806344
122,Balazs Bela u,Balazs Bela u,Balazs Bela u__CPT3,Tertiary,MASW,13.4,299.2427491507408,4.0,329.20560959107786,313.3125569302604,312.7533598217577,321.16078729627884,321.16078729627884
123,Balazs Bela u,Balazs Bela u,Balazs Bela u__CPT3,Tertiary,MASW,14.15,295.38867195232734,4.0,355.8106733020577,329.2523562810037,335.78722034554585,342.274016797409,342.274016797409
124,Balazs Bela u,Balazs Bela u,Balazs Bela u__CPT3,Tertiary,MASW,14.745,284.7713855793395,4.0,353.4558374391666,331.3462608113979,341.8228435262659,342.2225446948656,342.2225446948656
125,Balazs Bela u,Balazs Bela u,Balazs Bela u__CPT5,Quaternary,MASW,1.5,225.344560762992,4.0,196.5403744625079,187.58206964748047,181.0696244937175,192.00898471417437,192.00898471417437
126,Balazs Bela u,Balazs Bela u,Balazs Bela u__CPT5,Quaternary,MASW,2.3,218.7736372966365,4.0,197.7072025171394,194.08641039607468,189.40557847835248,195.88844081773004,195.88844081773004
127,Balazs Bela u,Balazs Bela u,Balazs Bela u__CPT5,Quaternary,MASW,3.05,238.47002457839076,4.0,209.8227426250569,220.5186632721434,216.6363363028937,215.10423224049435,215.10423224049435
128,Balazs Bela u,Balazs Bela u,Balazs Bela u__CPT5,Quaternary,MASW,3.55,172.9944254712481,4.0,165.60248766710453,199.94404464025894,204.1944995323451,181.96491746116737,181.96491746116737
129,Balazs Bela u,Balazs Bela u,Balazs Bela u__CPT5,Quaternary,MASW,4.0,208.06999100282263,4.0,213.43931428618623,234.17253845144765,231.98236519001577,223.56570853270983,223.56570853270983
130,Balazs Bela u,Balazs Bela u,Balazs Bela u__CPT5,Quaternary,MASW,4.7,192.08137490019047,4.0,234.06270053578925,252.3869204579592,247.09219389638272,243.05218407227153,243.05218407227153
131,Balazs Bela u,Balazs Bela u,Balazs Bela u__CPT5,Quaternary,MASW,5.7,192.82835352083657,4.0,239.17170791055696,247.1931144741226,245.8948279396008,243.14933553786594,243.14933553786594
132,Balazs Bela u,Balazs Bela u,Balazs Bela u__CPT5,Quaternary,MASW,6.6,192.23263736765307,4.0,243.2153730472267,245.04323214330606,241.7586672324345,244.1275918826718,244.1275918826718
133,Balazs Bela u,Balazs Bela u,Balazs Bela u__CPT5,Quaternary,MASW,8.0,194.1878028074128,4.0,248.04070242856508,242.76041226956187,248.83197208130434,245.3863549205418,245.3863549205418
134,Balazs Bela u,Balazs Bela u,Balazs Bela u__CPT5,Tertiary,MASW,9.6,256.0695961005619,4.0,253.16228306215322,256.4109825927919,262.2272256730897,254.78145488908967,254.78145488908967
135,Balazs Bela u,Balazs Bela u,Balazs Bela u__CPT5,Tertiary,MASW,10.8,282.3878377195648,4.0,279.6123041051437,269.2906501533518,280.0516017974745,274.40295035467625,274.40295035467625
136,Balazs Bela u,Balazs Bela u,Balazs Bela u__CPT5,Tertiary,MASW,12.95,301.7575919193504,4.0,330.04852512783776,315.5597409268118,315.15849923490265,322.7228332216621,322.7228332216621
137,Balazs Bela u,Balazs Bela u,Balazs Bela u__CPT7,Quaternary,MASW,1.55,218.61843680273475,4.0,207.7770867427783,204.27506499551254,196.36506615512903,206.01863483422883,206.01863483422883
138,Balazs Bela u,Balazs Bela u,Balazs Bela u__CPT7,Quaternary,MASW,2.5,243.5136525721244,4.0,222.70912973306645,221.35810400052944,222.39172065602358,222.03258927760916,222.03258927760916
139,Balazs Bela u,Balazs Bela u,Balazs Bela u__CPT7,Quaternary,MASW,3.25,173.9745978721373,4.0,176.51632615429224,199.8284496987497,199.8209856911148,187.81103216246657,187.81103216246657
140,Balazs Bela u,Balazs Bela u,Balazs Bela u__CPT7,Quaternary,MASW,3.9,217.03384928200185,4.0,224.52495670013732,248.55408939861866,245.13198413990222,236.23419769344767,236.23419769344767
141,Balazs Bela u,Balazs Bela u,Balazs Bela u__CPT7,Quaternary,MASW,4.85,203.1240160584304,4.0,248.42830138587382,257.4934672472494,256.7900759923412,252.92027337916844,252.92027337916844
142,Balazs Bela u,Balazs Bela u,Balazs Bela u__CPT7,Quaternary,MASW,6.25,184.60127439809037,4.0,237.16980611251216,240.8064803596678,242.86484133424182,238.9812257428162,238.9812257428162
143,Balazs Bela u,Balazs Bela u,Balazs Bela u__CPT7,Quaternary,MASW,7.35,165.4915602191897,4.0,225.04749383777826,230.82930765851927,233.54886262424031,227.9200675518925,227.9200675518925
144,Balazs Bela u,Balazs Bela u,Balazs Bela u__CPT7,Quaternary,MASW,7.85,192.86192210827696,4.0,253.2870784825714,249.76278723631333,248.68426870661486,251.51876012089014,251.51876012089014
145,Balazs Bela u,Balazs Bela u,Balazs Bela u__CPT7,Quaternary,MASW,9.0,247.33548914468648,4.0,254.1947676054201,253.07153512839565,258.3644997727806,253.63252957676684,253.63252957676684
146,Balazs Bela u,Balazs Bela u,Balazs Bela u__CPT7,Tertiary,MASW,10.75,273.0212382878847,4.0,275.628953157007,268.02851654397415,279.41954334818286,271.8021696588184,271.8021696588184
147,Balazs Bela u,Balazs Bela u,Balazs Bela u__CPT7,Tertiary,MASW,12.25,316.70687811949347,4.0,312.364432264518,317.34836646583074,310.8411809938156,314.8465377309578,314.8465377309578
148,Balazs Bela u,Balazs Bela u,Balazs Bela u__CPT7,Tertiary,MASW,13.5,335.72412127806666,4.0,357.93758382802594,332.9890857821744,334.08108189535136,345.23804657942145,345.23804657942145
149,Balazs Bela u,Balazs Bela u,Balazs Bela u__CPT7,Tertiary,MASW,14.5,276.8066629898324,4.0,349.2145591683706,332.0121327870946,332.4758315105724,340.50472917390715,340.50472917390715
996,Budapart,Budapart,Budapart__BOC.CPT2,Quaternary,MASW,1.35,314.9245011606354,2.0,179.53821378551794,181.14611090558387,181.5368297363982,181.13533453914317,181.13533453914317
997,Budapart,Budapart,Budapart__BOC.CPT2,Quaternary,MASW,2.35,242.44163571454845,2.0,199.05595889341592,216.17882594244094,211.2777564276529,208.77479107423548,208.77479107423548
998,Budapart,Budapart,Budapart__BOC.CPT2,Quaternary,MASW,3.5,157.9886140542735,2.0,243.1734413581565,245.62508043367203,239.67208403078865,240.36829891004714,240.36829891004714
999,Budapart,Budapart,Budapart__BOC.CPT2,Quaternary,MASW,4.5,176.10766844413888,2.0,275.1845956744846,300.0361301008681,298.07468869459296,293.349196564444,293.349196564444
1000,Budapart,Budapart,Budapart__BOC.CPT2,Quaternary,MASW,5.8,197.17858473558465,2.0,294.24944464906525,276.8434301928977,288.1703698986626,289.3760535649523,289.3760535649523
1001,Budapart,Budapart,Budapart__BOC.CPT2,Quaternary,MASW,7.1,239.2957443400448,2.0,278.7443100838618,281.5671974846555,281.19048864394955,280.69954157558044,280.69954157558044
1002,Budapart,Budapart,Budapart__BOC.CPT2,Quaternary,MASW,8.1,248.33418668783227,2.0,248.319440720344,252.11567136985514,256.1412396351369,254.5574137063592,254.5574137063592
1003,Budapart,Budapart,Budapart__BOC.CPT2,Quaternary,MASW,9.3,252.3328671626296,2.0,250.74474100620344,260.4964348025938,258.925539204916,257.2683007875998,257.2683007875998
1004,Budapart,Budapart,Budapart__BOC.CPT2,Quaternary,MASW,10.5,274.25358161893274,2.0,272.43132823891966,266.6132110493408,267.86999691586715,268.7761122341031,268.7761122341031
1005,Budapart,Budapart,Budapart__BOC.CPT2,Quaternary,MASW,11.5,275.4542892028961,2.0,275.2847528617688,267.58116073803217,271.0924149939483,271.925743549238,271.925743549238
1006,Budapart,Budapart,Budapart__BOC.CPT2,Quaternary,MASW,12.65,294.5715165515109,2.0,299.05016904818416,288.4029900402267,286.2393012291265,288.7568003619787,288.7568003619787
1007,Budapart,Budapart,Budapart__BOC.CPT2,Quaternary,MASW,14.0,264.56409767953005,2.0,271.4547631215615,266.58717277264674,272.5676164807591,272.34468142663843,272.34468142663843
1008,Budapart,Budapart,Budapart__BOC.CPT2,Quaternary,MASW,15.2,467.4323088011077,2.0,309.01659159023075,299.51768668483425,297.61224564926533,299.8589370041076,299.8589370041076
1009,Budapart,Budapart,Budapart__BOC.CPT2,Quaternary,MASW,16.2,487.9315323651389,2.0,291.4850954029279,286.68348888297015,295.8245164390148,294.95149458317354,294.95149458317354
1010,Budapart,Budapart,Budapart__BOC.CPT2,Quaternary,MASW,17.085,534.8024694985974,2.0,334.19982842291654,319.7679892300808,325.77072984954884,327.4393678418935,327.4393678418935
1011,Budapart,Budapart,Budapart__BOG.CPT1,Quaternary,MASW,1.45,198.6866581464849,2.0,219.20500229480626,225.2301140372844,225.03885896728008,223.85979711354852,223.85979711354852
1012,Budapart,Budapart,Budapart__BOG.CPT1,Quaternary,MASW,2.45,174.2077326855875,2.0,196.97841563061934,194.131983065015,191.18443251834037,192.32943200224884,192.32943200224884
1013,Budapart,Budapart,Budapart__BOG.CPT1,Quaternary,MASW,3.5,218.74548124871887,2.0,232.55475558950894,221.2389911969849,226.96214675722723,228.0698040940181,228.0698040940181
1014,Budapart,Budapart,Budapart__BOG.CPT1,Quaternary,MASW,4.5,224.91616831893225,2.0,243.5660726293219,235.81262762861874,235.65810189558482,237.21888428789575,237.21888428789575
1015,Budapart,Budapart,Budapart__BOG.CPT1,Quaternary,MASW,5.5,262.04744823605785,2.0,248.187992824312,253.96037280115632,245.7543100397025,246.23912993044473,246.23912993044473
1016,Budapart,Budapart,Budapart__BOG.CPT1,Quaternary,MASW,6.5,278.80618079788064,2.0,264.5665000427749,277.2786074043457,266.95673553280506,266.4769670736554,266.4769670736554
1017,Budapart,Budapart,Budapart__BOG.CPT1,Quaternary,MASW,7.35,226.6397771054856,2.0,221.8948640696785,240.0377055946369,242.8506625661078,238.5068651356694,238.5068651356694
1018,Budapart,Budapart,Budapart__BOG.CPT1,Quaternary,MASW,8.35,250.3457724284192,2.0,246.24092079083673,246.72057189291317,255.32552794414346,253.4821815593783,253.4821815593783
1019,Budapart,Budapart,Budapart__BOG.CPT1,Quaternary,MASW,9.5,247.64418117211255,2.0,253.7246822713156,255.67531553324844,258.85052397310994,257.8171375087416,257.8171375087416
1020,Budapart,Budapart,Budapart__BOG.CPT1,Quaternary,MASW,10.5,282.2871895712367,2.0,270.1006774251076,267.57634035494476,267.8627283377093,268.3088297942334,268.3088297942334
1021,Budapart,Budapart,Budapart__BOG.CPT1,Quaternary,MASW,11.5,262.47852224854205,2.0,273.5675695061474,264.3265138178599,269.39196385801984,270.2219548365713,270.2219548365713
1022,Budapart,Budapart,Budapart__BOG.CPT1,Quaternary,MASW,12.5,383.3651304293964,2.0,276.55462800519405,268.42106826503937,277.05685647198516,276.95633786705986,276.95633786705986
1023,Budapart,Budapart,Budapart__BOG.CPT1,Quaternary,MASW,13.5,524.1579625234431,2.0,360.93814599731127,370.34761865133794,364.87432583465295,364.0836707042756,431.598239894385
1024,Budapart,Budapart,Budapart__BOG.CPT1,Quaternary,MASW,14.89,550.1775271810608,2.0,373.05625485248567,388.5592046996152,388.32546475946344,385.22242582336054,427.97563947804986
1025,Budapart,Budapart,Budapart__BOG.CPT2,Quaternary,MASW,1.75,156.09949847531516,2.0,212.02265890263814,211.68625048868665,211.74684190045477,211.80197658145818,211.80197658145818
1026,Budapart,Budapart,Budapart__BOG.CPT2,Quaternary,MASW,3.35,199.45797632533723,2.0,246.988701637479,256.2489488269603,265.7030986355031,261.8500811222322,261.8500811222322
1027,Budapart,Budapart,Budapart__BOG.CPT2,Quaternary,MASW,4.7,245.37338826516856,2.0,276.0310494737946,304.9364569257508,301.05354202685703,295.8738482191005,295.8738482191005
1028,Budapart,Budapart,Budapart__BOG.CPT2,Quaternary,MASW,5.6,236.69771399156156,2.0,237.59994180276252,242.79572630337398,248.09825446361708,245.96212300559276,245.96212300559276
1029,Budapart,Budapart,Budapart__BOG.CPT2,Quaternary,MASW,6.5,232.24896776381445,2.0,229.40972098613534,236.17310543327477,239.97228056381567,237.82156155674704,237.82156155674704
1030,Budapart,Budapart,Budapart__BOG.CPT2,Quaternary,MASW,7.5,250.35437496561337,2.0,246.31251829395404,255.49364961221949,253.41824749833762,251.98088881494704,251.98088881494704
1031,Budapart,Budapart,Budapart__BOG.CPT2,Quaternary,MASW,8.5,304.3331535968106,2.0,294.1037759764822,289.09831121349265,292.3640742428842,292.7111893715896,292.7111893715896
1032,Budapart,Budapart,Budapart__BOG.CPT2,Quaternary,MASW,9.5,285.5003637808965,2.0,277.0643047680563,271.3797518683196,278.2884445776334,278.0431846939344,278.0431846939344
1033,Budapart,Budapart,Budapart__BOG.CPT2,Quaternary,MASW,10.5,272.75596422944125,2.0,263.8079371735183,266.3880209086347,271.4971494567719,269.94158334266905,269.94158334266905
1034,Budapart,Budapart,Budapart__BOG.CPT2,Quaternary,MASW,11.95,412.2267261117577,2.0,308.1059418616753,292.97149529854556,296.0409816241384,298.4155729450549,298.4155729450549
1035,Budapart,Budapart,Budapart__BOG.CPT3,Quaternary,MASW,1.6,190.75126081678476,2.0,217.2195994220453,227.43915701098487,227.65008976408882,225.52467332175064,225.52467332175064
1036,Budapart,Budapart,Budapart__BOG.CPT3,Quaternary,MASW,2.6,166.76722098028122,2.0,197.4200362685525,187.88870751058073,186.7696534037975,188.85274239585306,188.85274239585306
1037,Budapart,Budapart,Budapart__BOG.CPT3,Quaternary,MASW,4.0,215.41747286501064,2.0,234.229174210799,231.07074622500087,228.98275543598504,230.02255289164907,230.02255289164907
1038,Budapart,Budapart,Budapart__BOG.CPT3,Quaternary,MASW,5.4,260.93714504043294,2.0,264.400214915582,278.7541690678156,287.0550283038529,282.37385815702595,282.37385815702595
1039,Budapart,Budapart,Budapart__BOG.CPT3,Quaternary,MASW,6.5,269.6562030046544,2.0,268.63622841415713,268.7505726206278,279.1064886520682,276.9802881496666,276.9802881496666
1040,Budapart,Budapart,Budapart__BOG.CPT3,Quaternary,MASW,7.75,239.9973595537022,2.0,238.586401771355,248.60776337584483,248.89056886938843,246.79473461729472,246.79473461729472
1041,Budapart,Budapart,Budapart__BOG.CPT3,Quaternary,MASW,9.25,264.3478893337697,2.0,258.6375319789058,261.16589976940656,261.71696338148354,261.0981577942493,261.0981577942493
1042,Budapart,Budapart,Budapart__BOG.CPT3,Quaternary,MASW,10.5,260.10595577818225,2.0,256.7272153785593,258.9748912261294,261.26815182073807,260.35358402682436,260.35358402682436
1043,Budapart,Budapart,Budapart__BOG.CPT3,Quaternary,MASW,11.6,302.93970271584345,2.0,262.87016113068336,262.8628503826587,266.6254215316857,265.8701020897203,265.8701020897203
1044,Budapart,Budapart,Budapart__BOG.CPT3,Quaternary,MASW,12.6,456.07858192523423,2.0,276.0720570273971,269.40926693523977,274.1282338620999,274.515900482834,274.515900482834
1045,Budapart,Budapart,Budapart__BOG.CPT3,Quaternary,MASW,13.675,482.60330611425417,2.0,302.7782519782195,278.6568298448357,282.658981073271,286.57293176935895,286.57293176935895
1046,Budapart,Budapart,Budapart__BOIJ.CPT1,Quaternary,MASW,1.5,182.62077604901256,2.0,195.3543778104316,177.71916384127675,183.89192984711107,186.129309416916,186.129309416916
1047,Budapart,Budapart,Budapart__BOIJ.CPT1,Quaternary,MASW,2.5,186.1021412498908,2.0,238.02280283182264,228.6174673266666,222.25308297050935,225.32114430817788,225.32114430817788
1048,Budapart,Budapart,Budapart__BOIJ.CPT1,Quaternary,MASW,3.5,176.45878234349587,2.0,221.06560138253963,226.40873890359458,232.10971826373273,229.85761361951762,229.85761361951762
1049,Budapart,Budapart,Budapart__BOIJ.CPT1,Quaternary,MASW,4.5,195.90551345445684,2.0,233.4360070280897,231.94868207277304,231.79814773795226,232.12479766760848,232.12479766760848
1050,Budapart,Budapart,Budapart__BOIJ.CPT1,Quaternary,MASW,5.5,210.2692476943019,2.0,242.1838773567962,249.11939027038522,242.23626271952867,242.22578474056724,242.22578474056724
1051,Budapart,Budapart,Budapart__BOIJ.CPT1,Quaternary,MASW,6.5,220.7469330930209,2.0,250.10748239584484,254.20709593280503,250.40075606097176,250.34207382964797,250.34207382964797
1052,Budapart,Budapart,Budapart__BOIJ.CPT1,Quaternary,MASW,7.5,208.8482131112298,2.0,244.9456807473766,253.06845264609973,246.97210451685189,246.56548302054466,246.56548302054466
1053,Budapart,Budapart,Budapart__BOIJ.CPT1,Quaternary,MASW,8.5,205.3530384795569,2.0,248.20418257522425,258.5056246119396,259.1606981136047,256.9313696627862,256.9313696627862
1054,Budapart,Budapart,Budapart__BOIJ.CPT1,Quaternary,MASW,9.5,211.8672348045849,2.0,255.20807709978968,260.68625505263674,263.27540113571644,261.6417887443468,261.6417887443468
1055,Budapart,Budapart,Budapart__BOIJ.CPT1,Quaternary,MASW,10.865,229.9427091755753,2.0,278.149745931238,267.24174295230983,271.040731240501,272.4478479486641,272.4478479486641
1056,Budapart,Budapart,Budapart__BOIJ.CPT3,Quaternary,MASW,2.0,178.06189884304365,2.0,193.24545505945267,201.4594571750868,201.88128254030326,200.12378203885558,200.12378203885558
1057,Budapart,Budapart,Budapart__BOIJ.CPT3,Quaternary,MASW,3.15,199.6152481747873,2.0,234.52465766319247,226.9605633028549,228.06908189558874,229.345822309489,229.345822309489
1058,Budapart,Budapart,Budapart__BOIJ.CPT3,Quaternary,MASW,4.4,238.65773298569488,2.0,272.9336719651042,289.8899623231136,279.3833381241562,278.0813257592162,278.0813257592162
1059,Budapart,Budapart,Budapart__BOIJ.CPT3,Quaternary,MASW,5.9,197.86134262656049,2.0,228.73824138364157,255.75257378260247,255.37964883778747,249.81400609618646,249.81400609618646
1060,Budapart,Budapart,Budapart__BOIJ.CPT3,Quaternary,MASW,7.4,214.1691716756123,2.0,253.2926601615146,249.18509655169544,251.81164824454234,252.10715623977558,252.10715623977558
1061,Budapart,Budapart,Budapart__BOIJ.CPT3,Quaternary,MASW,8.5,204.9323330643595,2.0,255.51447802546716,257.91550084308943,251.74539328951812,252.49473596745833,252.49473596745833
1062,Budapart,Budapart,Budapart__BOIJ.CPT3,Quaternary,MASW,9.5,218.93893794126737,2.0,274.4042856954049,272.28199534388267,275.22537737556706,275.0609627201731,275.0609627201731
1063,Budapart,Budapart,Budapart__BOIJ.CPT3,Quaternary,MASW,10.5,220.9834279376888,2.0,279.7761168979451,269.4283772286036,272.6271057203527,274.042142376582,274.042142376582
1064,Budapart,Budapart,Budapart__BOIJ.CPT3,Quaternary,MASW,11.62,268.46,2.0,286.41157607395166,271.7991357246962,278.8911926202701,280.37930378412346,280.37930378412346
1065,Budapart,Budapart,Budapart__BRE.CPT4,Quaternary,MASW,1.7000000000000002,153.52949138327185,2.0,192.1190381474252,199.61833785088567,203.10834006831962,200.86130787678775,200.86130787678775
1066,Budapart,Budapart,Budapart__BRE.CPT4,Quaternary,MASW,2.7,193.96732697418173,2.0,231.9182490560455,229.10867026076104,228.88508965161162,229.48853125848552,229.48853125848552
1067,Budapart,Budapart,Budapart__BRE.CPT4,Quaternary,MASW,4.1,215.077696284564,2.0,266.70030253194545,268.40801665844987,276.1425091054188,274.22769609751924,274.22769609751924
1068,Budapart,Budapart,Budapart__BRE.CPT4,Quaternary,MASW,5.5,238.80464668674344,2.0,241.31050892113103,255.3804736619927,263.38614003877416,258.8150824621379,258.8150824621379
1069,Budapart,Budapart,Budapart__BRE.CPT4,Quaternary,MASW,6.5,245.3354627875698,2.0,244.06517446140356,254.20904542836172,257.52381795792644,254.7739878064888,254.7739878064888
1070,Budapart,Budapart,Budapart__BRE.CPT4,Quaternary,MASW,7.5,247.53147221052092,2.0,240.9362862986993,255.06508331746366,251.38143267709836,249.25679130955496,249.25679130955496
1071,Budapart,Budapart,Budapart__BRE.CPT4,Quaternary,MASW,8.5,272.4027350426088,2.0,263.7606580952606,261.318144826464,267.40520289977746,266.67228732293603,266.67228732293603
1072,Budapart,Budapart,Budapart__BRE.CPT4,Quaternary,MASW,9.5,254.89844722125025,2.0,245.9613753913409,258.4231541347524,254.56296859565884,252.81891552811902,252.81891552811902
1073,Budapart,Budapart,Budapart__BRE.CPT4,Quaternary,MASW,10.5,272.64323208484603,2.0,264.1904454660298,260.4633477486555,261.72086091697724,262.2129240822381,262.2129240822381
1074,Budapart,Budapart,Budapart__BRE.CPT4,Quaternary,MASW,11.5,280.9149843751927,2.0,267.2821888016553,264.59856355535123,267.20485971422175,267.2203237416964,267.2203237416964
1075,Budapart,Budapart,Budapart__BRE.CPT4,Quaternary,MASW,12.89,473.2222413447456,2.0,286.58849150154026,271.73966554279605,276.96965830344766,278.86724454218654,278.86724454218654
1076,Budapart,Budapart,Budapart__BRF.CPT2,Quaternary,MASW,1.6,183.13755001535216,2.0,222.0983060947854,230.75937257827044,232.44121530917593,230.33480062216492,230.33480062216492
1077,Budapart,Budapart,Budapart__BRF.CPT2,Quaternary,MASW,2.5,178.1407235440785,2.0,214.52860096802453,196.88507875380384,198.88686987150217,201.92120548269105,201.92120548269105
1078,Budapart,Budapart,Budapart__BRF.CPT2,Quaternary,MASW,3.5,203.95888690857916,2.0,236.16278499411084,234.82887911067405,237.30621662744787,237.07708826313007,237.07708826313007
1079,Budapart,Budapart,Budapart__BRF.CPT2,Quaternary,MASW,4.5,212.1688645121086,2.0,252.51686391145992,263.1224592188646,262.42030372733655,260.4090207729468,260.4090207729468
1080,Budapart,Budapart,Budapart__BRF.CPT2,Quaternary,MASW,5.5,278.6857150019483,2.0,284.371408852154,309.1766943184667,299.76850565218473,296.6237959102391,296.6237959102391
1081,Budapart,Budapart,Budapart__BRF.CPT2,Quaternary,MASW,6.75,231.1739523533905,2.0,243.89565513085992,250.56834950858394,255.2056225047529,252.90243060765724,252.90243060765724
1082,Budapart,Budapart,Budapart__BRF.CPT2,Quaternary,MASW,8.0,259.84204481191153,2.0,257.45709849863414,257.62675233176776,260.0172922492183,259.5032248390051,259.5032248390051
1083,Budapart,Budapart,Budapart__BRF.CPT2,Quaternary,MASW,9.0,260.8606967781626,2.0,258.76915939911385,258.0085544845056,257.71650821463277,257.9266953251426,257.9266953251426
1084,Budapart,Budapart,Budapart__BRF.CPT2,Quaternary,MASW,10.0,266.0650563384212,2.0,265.3534284918695,263.38330831939464,265.6443955164183,265.58617659845646,265.58617659845646
1085,Budapart,Budapart,Budapart__BRF.CPT2,Quaternary,MASW,11.0,269.6280434193707,2.0,272.60169932891785,266.5186320119114,268.17842481179895,269.0573002968781,269.0573002968781
1086,Budapart,Budapart,Budapart__BRF.CPT2,Quaternary,MASW,12.0,371.5950423468242,2.0,269.28234111408204,265.90354216573206,272.09632164521014,271.5311828450431,271.5311828450431
1087,Budapart,Budapart,Budapart__BRF.CPT2,Quaternary,MASW,12.925,491.7559209041706,2.0,323.26055881833213,300.3829005585863,296.5121450476042,301.6786202889993,301.6786202889993
1088,Budapart,Budapart,Budapart__BRG.CPT1,Quaternary,MASW,2.1,181.80561628891536,2.0,209.57336888915125,206.4143940717798,206.13066214446954,206.81464916646385,206.81464916646385
1089,Budapart,Budapart,Budapart__BRG.CPT1,Quaternary,MASW,3.15,190.555474102631,2.0,227.40933549498757,219.61915490149184,221.3925221940865,222.58301261283304,222.58301261283304
1090,Budapart,Budapart,Budapart__BRG.CPT1,Quaternary,MASW,4.4,222.7778845225797,2.0,257.73439083599135,272.92583762723507,251.57819910073795,252.79755991023725,252.79755991023725
1091,Budapart,Budapart,Budapart__BRG.CPT1,Quaternary,MASW,5.5,217.6915332265952,2.0,238.73843109694454,254.57624204164753,259.1008751268528,254.89397554251283,254.89397554251283
1092,Budapart,Budapart,Budapart__BRG.CPT1,Quaternary,MASW,6.5,225.5612163020003,2.0,240.406011413562,241.5133183793206,240.35206255277257,240.36285135632212,240.36285135632212
1093,Budapart,Budapart,Budapart__BRG.CPT1,Quaternary,MASW,7.5,218.69912924404144,2.0,244.41715654534383,248.82924802447508,248.6949331847716,247.8334298349373,247.8334298349373
1094,Budapart,Budapart,Budapart__BRG.CPT1,Quaternary,MASW,8.5,210.47264817800425,2.0,244.62630406061524,252.5171516386254,253.72575160204266,251.87917891578778,251.87917891578778
1095,Budapart,Budapart,Budapart__BRG.CPT1,Quaternary,MASW,9.5,218.6399431603297,2.0,255.6000954600319,259.6669509818637,258.68454036353603,258.06468794737003,258.06468794737003
1096,Budapart,Budapart,Budapart__BRG.CPT1,Quaternary,MASW,10.5,222.56821807043863,2.0,259.5698589648364,261.8237998733457,263.67508568765277,262.84887882244186,262.84887882244186
1097,Budapart,Budapart,Budapart__BRG.CPT1,Quaternary,MASW,11.64,269.0433266736204,2.0,331.6693369341676,308.2179584096316,307.57080674031505,312.2461943660266,312.2461943660266
1098,Budapart,Budapart,Budapart__BRK.CPT1,Quaternary,MASW,1.4,187.3100343454764,2.0,195.2209618477157,198.05226950632354,201.5465860156738,200.26527277184863,200.26527277184863
1099,Budapart,Budapart,Budapart__BRK.CPT1,Quaternary,MASW,2.4,222.34084520729309,2.0,220.7648188537325,213.47790426415975,211.57230629233726,213.37966512696065,213.37966512696065
1100,Budapart,Budapart,Budapart__BRK.CPT1,Quaternary,MASW,3.5,252.56608898094157,2.0,252.29812964972743,262.7537280912913,266.2370520121188,263.3889814433903,263.3889814433903
1101,Budapart,Budapart,Budapart__BRK.CPT1,Quaternary,MASW,4.5,244.96483679727447,2.0,277.4380115505683,298.6075094863184,294.1876114941454,290.75868553264104,290.75868553264104
1102,Budapart,Budapart,Budapart__BRK.CPT1,Quaternary,MASW,5.8,234.55662684429797,2.0,255.4144126480533,275.7429337478395,281.40993219153074,276.00733087021115,276.00733087021115
1103,Budapart,Budapart,Budapart__BRK.CPT1,Quaternary,MASW,7.1,237.4367692279285,2.0,254.90958117424861,262.3594355701616,260.7347637022785,259.5591739889874,259.5591739889874
1104,Budapart,Budapart,Budapart__BRK.CPT1,Quaternary,MASW,8.1,218.54536943109616,2.0,235.96852962140517,254.83000461090757,255.75911443815556,251.67247083443473,251.67247083443473
1105,Budapart,Budapart,Budapart__BRK.CPT1,Quaternary,MASW,9.3,217.19009684022475,2.0,234.49302691402664,260.6158635332551,254.30955762063235,250.21660804363592,250.21660804363592
1106,Budapart,Budapart,Budapart__BRK.CPT1,Quaternary,MASW,10.5,241.63536774335344,2.0,259.50370928138955,263.13843074187474,265.1441284367515,264.0063211252239,264.0063211252239
1107,Budapart,Budapart,Budapart__BRK.CPT1,Quaternary,MASW,11.5,247.9246741046859,2.0,266.66300741965915,260.31455001148333,265.18364686914975,265.4788609565331,265.4788609565331
1108,Budapart,Budapart,Budapart__BRK.CPT1,Quaternary,MASW,12.8,266.2868371267044,2.0,288.6184287542276,273.8601660031488,281.2705012262655,282.72496650587334,282.72496650587334
1109,Budapart,Budapart,Budapart__BRK.CPT1,Quaternary,MASW,13.85,580.7534828026721,2.0,370.2237351556884,365.2809599492271,367.51302385692486,368.05357366059735,432.77823428230374
1110,Budapart,Budapart,Budapart__BRK.CPT2,Quaternary,MASW,1.4500000000000002,193.20265298831268,2.0,177.25755665272342,184.01392033080845,190.73030457031066,187.9562248643716,187.9562248643716
1111,Budapart,Budapart,Budapart__BRK.CPT2,Quaternary,MASW,2.3,168.6264078169069,2.0,150.4478463228167,175.56859880189964,168.2785664115343,164.55089086304196,164.55089086304196
1112,Budapart,Budapart,Budapart__BRK.CPT2,Quaternary,MASW,3.4,289.08835521167094,2.0,248.92907783003713,246.55680344214466,241.08132952415764,242.6308324996132,242.6308324996132
1113,Budapart,Budapart,Budapart__BRK.CPT2,Quaternary,MASW,4.45,232.40168051966785,2.0,256.7395929307063,261.14821337839066,262.7392857411953,261.52823425385833,261.52823425385833
1114,Budapart,Budapart,Budapart__BRK.CPT2,Quaternary,MASW,5.75,207.0452699782191,2.0,219.53943071848417,241.24613097619627,243.79028802796728,238.73474341396795,238.73474341396795
1115,Budapart,Budapart,Budapart__BRK.CPT2,Quaternary,MASW,7.1,239.6089866214836,2.0,247.1334315552142,255.67200113163187,251.807449857227,250.8656271954931,250.8656271954931
1116,Budapart,Budapart,Budapart__BRK.CPT2,Quaternary,MASW,8.1,241.2747385799583,2.0,249.7018525772603,255.3284651347061,255.89721954600864,254.64596946598854,254.64596946598854
1117,Budapart,Budapart,Budapart__BRK.CPT2,Quaternary,MASW,9.3,240.69454175504325,2.0,247.06204735072558,255.31730618066234,254.88034799655682,253.2971412660147,253.2971412660147
1118,Budapart,Budapart,Budapart__BRK.CPT2,Quaternary,MASW,10.5,252.18399933673072,2.0,260.0350753125101,258.5531517845038,257.7106636672034,258.1738778203124,258.1738778203124
1119,Budapart,Budapart,Budapart__BRK.CPT2,Quaternary,MASW,11.69,274.8869914812007,2.0,290.7367468491683,283.3411180551895,279.46711861394874,281.6855436179281,281.6855436179281
1120,Budapart,Budapart,Budapart__BRL.CPT1,Quaternary,MASW,1.3,243.2255319206435,2.0,207.5566667199652,194.03412590072355,205.19292304413776,205.66350836167055,205.66350836167055
1121,Budapart,Budapart,Budapart__BRL.CPT1,Quaternary,MASW,2.2,213.2005697862587,2.0,177.59579371689014,178.30875342875504,177.05761019384582,177.16511626780195,177.16511626780195
1122,Budapart,Budapart,Budapart__BRL.CPT1,Quaternary,MASW,3.3,289.73113128281886,2.0,226.49171572073888,220.83866217556184,223.41916924622072,224.03032578100652,224.03032578100652
1123,Budapart,Budapart,Budapart__BRL.CPT1,Quaternary,MASW,4.3,338.56928750348965,2.0,255.39187701599795,275.5691989322746,257.0798639603904,256.7413763961904,256.7413763961904
1124,Budapart,Budapart,Budapart__BRL.CPT1,Quaternary,MASW,5.4,285.5014863130366,2.0,277.16815833094626,306.11840377230556,293.58379970662844,290.22467721713224,290.22467721713224
1125,Budapart,Budapart,Budapart__BRL.CPT1,Quaternary,MASW,6.5,239.2302244442629,2.0,266.3383486102842,269.88162509990406,277.48101081810034,275.2157948909952,275.2157948909952
1126,Budapart,Budapart,Budapart__BRL.CPT1,Quaternary,MASW,7.5,211.1738880050509,2.0,236.06215512781915,249.85173270937167,249.86830573750484,247.04394345291038,247.04394345291038
1127,Budapart,Budapart,Budapart__BRL.CPT1,Quaternary,MASW,8.5,224.1113002582659,2.0,248.74144752115836,256.2118586920796,256.4042045198549,254.85299717975508,254.85299717975508
1128,Budapart,Budapart,Budapart__BRL.CPT1,Quaternary,MASW,9.5,231.07340702137225,2.0,255.96993781266792,261.4796921891147,264.65498296061105,262.8947133951443,262.8947133951443
1129,Budapart,Budapart,Budapart__BRL.CPT1,Quaternary,MASW,10.5,231.81821956276607,2.0,256.00557864464866,259.96816045906024,262.14067722164407,260.90200672536474,260.90200672536474
1130,Budapart,Budapart,Budapart__BRL.CPT1,Quaternary,MASW,11.5,249.69829106615344,2.0,278.97907162974883,268.37979507273633,273.74604461267813,274.7847376844216,274.7847376844216
1131,Budapart,Budapart,Budapart__BRL.CPT1,Quaternary,MASW,12.5,254.4720832517515,2.0,287.8927447947249,269.9416931616634,277.57313499443035,279.607031303616,279.607031303616
1132,Budapart,Budapart,Budapart__BRL.CPT1,Quaternary,MASW,13.5,254.0133183260768,2.0,288.9709500313366,272.7462872306014,276.7340923101509,279.13928998254534,279.13928998254534
1133,Budapart,Budapart,Budapart__BRL.CPT1,Quaternary,MASW,14.92,267.7981267304003,2.0,320.9707092583087,305.55411618525665,306.36809859258034,309.2344807716204,309.2344807716204
1134,Budapart,Budapart,Budapart__BRL.CPT2,Quaternary,MASW,1.3,247.0019124481507,2.0,216.33992096450237,220.7469903031981,224.20881594171723,222.61246644860813,222.61246644860813
1135,Budapart,Budapart,Budapart__BRL.CPT2,Quaternary,MASW,2.0,214.60226635596624,2.0,189.2416880807512,185.66089380734556,187.59349319161922,187.92197975704414,187.92197975704414
1136,Budapart,Budapart,Budapart__BRL.CPT2,Quaternary,MASW,2.95,276.37887766946614,2.0,230.70680540340194,220.6607587478853,224.7721852242835,225.94676898379987,225.94676898379987
1137,Budapart,Budapart,Budapart__BRL.CPT2,Quaternary,MASW,4.0,319.1356120031349,2.0,266.1991187812246,289.23450852028856,278.370370260536,275.8923944254641,275.8923944254641
1138,Budapart,Budapart,Budapart__BRL.CPT2,Quaternary,MASW,5.0,279.98277319772546,2.0,268.4058442314942,292.2621282190716,295.50866725358884,289.8775433866174,289.8775433866174
1139,Budapart,Budapart,Budapart__BRL.CPT2,Quaternary,MASW,6.0,239.579304108149,2.0,263.9964036244424,271.3924626777333,283.2637289103087,279.30092658097044,279.30092658097044
1140,Budapart,Budapart,Budapart__BRL.CPT2,Quaternary,MASW,7.0,221.3203923675362,2.0,246.42557009187405,253.465289978096,254.376183892671,252.76580003453074,252.76580003453074
1141,Budapart,Budapart,Budapart__BRL.CPT2,Quaternary,MASW,8.15,226.4721804201633,2.0,249.57155686652834,256.97875215970765,260.42812724943957,258.2196736935512,258.2196736935512
1142,Budapart,Budapart,Budapart__BRL.CPT2,Quaternary,MASW,9.15,224.46344614457132,2.0,246.15638420985601,255.4880702136205,254.08111381388034,252.4760159418768,252.4760159418768
1143,Budapart,Budapart,Budapart__BRL.CPT2,Quaternary,MASW,10.0,223.2821304497248,2.0,246.1479007745871,257.7579141410025,260.8567146115294,257.8462641464054,257.8462641464054
1144,Budapart,Budapart,Budapart__BRL.CPT2,Quaternary,MASW,11.0,241.2961957759113,2.0,267.8765965649608,264.68831585082785,266.6643185165106,266.9063344356761,266.9063344356761
1145,Budapart,Budapart,Budapart__BRL.CPT2,Quaternary,MASW,12.0,270.7768319074563,2.0,301.46443583954664,293.24807013206157,292.52817105523485,294.2939768551523,294.2939768551523
1146,Budapart,Budapart,Budapart__BRL.CPT2,Quaternary,MASW,13.0,257.5041066260121,2.0,290.34891539730097,267.6563328386901,277.6539269225851,280.1477235278977,280.1477235278977
1147,Budapart,Budapart,Budapart__BRL.CPT2,Quaternary,MASW,14.0,245.48858678688,2.0,279.9327762791741,265.03052086584336,273.13060054418594,274.47768236293484,274.47768236293484
1148,Budapart,Budapart,Budapart__BRL.CPT2,Quaternary,MASW,15.0,257.4244137412403,2.0,296.7745448162013,285.3359964393031,291.22290668261115,292.32486331984586,292.32486331984586
1149,Budapart,Budapart,Budapart__BRL.CPT2,Quaternary,MASW,16.2,258.2191124468668,2.0,303.5702935737056,293.11822033201605,299.52624236034353,300.33071959910444,300.33071959910444
1150,Budapart,Budapart,Budapart__BRL.CPT2,Quaternary,MASW,17.18,576.0,2.0,316.0121822360868,299.5569295682458,310.5314057490313,311.61990328754416,311.61990328754416
1151,Budapart,Budapart,Budapart__BRL.CPT3,Quaternary,MASW,1.45,281.3032448201237,2.0,212.9584253287056,213.668086074099,222.63561642786124,220.665622294489,220.665622294489
1152,Budapart,Budapart,Budapart__BRL.CPT3,Quaternary,MASW,2.45,218.07727993031943,2.0,162.65305392248928,173.24003625780705,173.43570501654705,171.22345354021016,171.22345354021016
1153,Budapart,Budapart,Budapart__BRL.CPT3,Quaternary,MASW,3.4,245.3407359744841,2.0,184.964761609451,194.17155374228685,191.63476755513784,190.2817963982855,190.2817963982855
1154,Budapart,Budapart,Budapart__BRL.CPT3,Quaternary,MASW,4.4,345.2535848560474,2.0,237.54538178749158,232.99832999756413,230.4042672108803,231.8151059722156,231.8151059722156
1155,Budapart,Budapart,Budapart__BRL.CPT3,Quaternary,MASW,5.5,219.6144105090756,2.0,239.7328027786911,254.7691472174164,247.06724195520843,245.58261885860065,245.58261885860065
1156,Budapart,Budapart,Budapart__BRL.CPT3,Quaternary,MASW,6.75,257.8681816149979,2.0,282.47198861238695,287.6631953618079,284.19801482618163,283.85196789734056,283.85196789734056
1157,Budapart,Budapart,Budapart__BRL.CPT3,Quaternary,MASW,8.25,246.5712190506611,2.0,272.9755013834604,262.8760974244993,264.97376185337873,266.5551217079242,266.5551217079242
1158,Budapart,Budapart,Budapart__BRL.CPT3,Quaternary,MASW,9.5,206.6190105374448,2.0,225.8662741612304,255.3935682528778,253.06304365959284,247.37354869103362,247.37354869103362
1159,Budapart,Budapart,Budapart__BRL.CPT3,Quaternary,MASW,10.75,239.68851703269823,2.0,263.6176235028627,261.3499320276255,266.9436519138987,266.275105933057,266.275105933057
1160,Budapart,Budapart,Budapart__BRL.CPT3,Quaternary,MASW,12.0,214.49067248994888,2.0,235.17097811139783,261.4649318299214,262.59840464437724,256.8682410013986,256.8682410013986
1161,Budapart,Budapart,Budapart__BRL.CPT3,Quaternary,MASW,12.9,236.554475306871,2.0,262.3183921715381,262.09430853595956,268.69730401726633,267.40923126072744,267.40923126072744
1162,Budapart,Budapart,Budapart__BRL.CPT3,Quaternary,MASW,13.7,264.1683893374926,2.0,296.336265603054,274.4163204752075,280.089846853806,283.266263305486,283.266263305486
1163,Budapart,Budapart,Budapart__BRL.CPT3,Quaternary,MASW,14.55,258.6225122143188,2.0,292.63275223406515,277.22331384474745,283.6672501682199,285.43810229537445,285.43810229537445
1164,Budapart,Budapart,Budapart__BRL.CPT3,Quaternary,MASW,15.5,255.62796351386152,2.0,293.3797679742281,286.66938482129746,291.30321517109144,291.7173465562857,291.7173465562857
1165,Budapart,Budapart,Budapart__BRL.CPT3,Quaternary,MASW,16.45,273.3555943775335,2.0,319.37900410572854,308.2452353320128,314.595275729567,315.5462546381037,315.5462546381037
1166,Budapart,Budapart,Budapart__BRL.CPT3,Quaternary,MASW,17.485,575.9999999999999,2.0,367.6939934403179,383.33682202610083,369.7398049624182,369.32973406367114,421.73333316737177
1167,Budapart,Budapart,Budapart__BRL.CPT4,Quaternary,MASW,1.5,229.8839304448362,2.0,207.51878367484406,201.76422711159333,199.4382753498109,201.02880479569987,201.02880479569987
1168,Budapart,Budapart,Budapart__BRL.CPT4,Quaternary,MASW,2.45,304.66516443700505,2.0,257.0912854130712,250.74911937163245,238.86706580232598,242.40551202733954,242.40551202733954
1169,Budapart,Budapart,Budapart__BRL.CPT4,Quaternary,MASW,3.45,270.0293455242649,2.0,225.021973786144,229.6334928821668,232.185284904865,230.73460814099926,230.73460814099926
1170,Budapart,Budapart,Budapart__BRL.CPT4,Quaternary,MASW,4.5,302.9616692137099,2.0,242.66915876584267,253.59821451522916,250.962743932091,249.2816555220961,249.2816555220961
1171,Budapart,Budapart,Budapart__BRL.CPT4,Quaternary,MASW,5.5,239.1401527047529,2.0,272.6403982122546,297.736784501989,288.0223385594189,284.8780443427115,284.8780443427115
1172,Budapart,Budapart,Budapart__BRL.CPT4,Quaternary,MASW,6.6,256.6034776043064,2.0,284.7568418140225,285.0435349968479,289.70513736442524,288.7086465897804,288.7086465897804
1173,Budapart,Budapart,Budapart__BRL.CPT4,Quaternary,MASW,7.85,231.92321239130428,2.0,258.2477024171074,262.41207641544344,264.0062392806504,262.8443498853443,262.8443498853443
1174,Budapart,Budapart,Budapart__BRL.CPT4,Quaternary,MASW,8.9,210.32168985582655,2.0,231.47525419558323,249.2466928564087,252.66294137924302,248.27566401127547,248.27566401127547
1175,Budapart,Budapart,Budapart__BRL.CPT4,Quaternary,MASW,9.9,188.3373746118845,2.0,208.71252319570092,247.5950957080225,247.166714260898,238.947058771456,238.947058771456
1176,Budapart,Budapart,Budapart__BRL.CPT4,Quaternary,MASW,11.0,224.39902409090905,2.0,254.9864276030645,257.55114675598315,264.18485860047633,262.31900194151126,262.31900194151126
1177,Budapart,Budapart,Budapart__BRL.CPT4,Quaternary,MASW,12.0,240.54305439735293,2.0,271.34248421784173,265.8749517987941,270.42411559217646,270.6075403198483,270.6075403198483
1178,Budapart,Budapart,Budapart__BRL.CPT4,Quaternary,MASW,13.0,268.668214410446,2.0,304.46649493162454,289.1368289220807,289.85073743892866,292.7166520307025,292.7166520307025
1179,Budapart,Budapart,Budapart__BRL.CPT4,Quaternary,MASW,14.0,279.4546737783115,2.0,320.58198419067963,306.8753493817527,300.4477077239399,304.37076681062916,304.37076681062916
1180,Budapart,Budapart,Budapart__BRL.CPT4,Quaternary,MASW,15.0,263.5582549871305,2.0,306.50565258817255,296.44350482990706,300.3509804367253,301.5719476388206,301.5719476388206
1181,Budapart,Budapart,Budapart__BRL.CPT4,Quaternary,MASW,16.08,270.7963110706171,2.0,319.97736962019286,310.7543134002954,308.7935121465575,310.9985659591187,310.9985659591187
219,Dunaterasz,Dunaterasz,Dunaterasz__CPT1,Quaternary,MASW,1.5,233.01496865580825,5.0,233.1321448924998,204.8148394347734,206.97130729476413,215.0986732193997,215.0986732193997
220,Dunaterasz,Dunaterasz,Dunaterasz__CPT1,Quaternary,MASW,2.65,161.46583675030033,5.0,229.73773316124633,206.02659675843944,207.0011314677806,214.38715171966896,214.38715171966896
221,Dunaterasz,Dunaterasz,Dunaterasz__CPT1,Quaternary,MASW,3.9,163.01239029095743,5.0,222.44928637615695,213.42148648008268,215.32432705936327,217.21253422133245,217.21253422133245
222,Dunaterasz,Dunaterasz,Dunaterasz__CPT1,Quaternary,MASW,4.75,193.26324287162743,5.0,221.90291761312653,213.22842536063806,210.5248766276064,215.261707970408,215.261707970408
223,Dunaterasz,Dunaterasz,Dunaterasz__CPT1,Quaternary,MASW,5.6,210.21097857471867,5.0,245.44219561427303,252.02684689036167,252.96220477609543,250.02632910034208,250.02632910034208
224,Dunaterasz,Dunaterasz,Dunaterasz__CPT1,Quaternary,MASW,6.85,189.28960459252335,5.0,245.60112175377068,253.49539819258402,255.71674622992057,251.47067902957298,251.47067902957298
225,Dunaterasz,Dunaterasz,Dunaterasz__CPT1,Quaternary,MASW,8.0,246.14239114562568,5.0,256.4988185673797,260.81611385412,268.154907947492,261.8274750609129,261.8274750609129
226,Dunaterasz,Dunaterasz,Dunaterasz__CPT1,Quaternary,MASW,9.0,242.36010701922967,5.0,251.28689294125869,250.26139877082147,247.93135942374002,249.80067906827955,249.80067906827955
227,Dunaterasz,Dunaterasz,Dunaterasz__CPT1,Quaternary,MASW,10.0,260.6009835718683,5.0,272.6879949017443,289.31082766699836,284.6509957332593,281.7746768436039,281.7746768436039
228,Dunaterasz,Dunaterasz,Dunaterasz__CPT1,Quaternary,MASW,11.15,322.7997524378964,5.0,307.52745880472895,354.4892383742628,338.0017284502153,331.71255071615025,331.71255071615025
229,Dunaterasz,Dunaterasz,Dunaterasz__CPT1,Quaternary,MASW,12.35,401.7820453738461,5.0,365.333839737433,531.9159143039336,469.2836141687627,446.37179748926394,446.37179748926394
230,Dunaterasz,Dunaterasz,Dunaterasz__CPT1,Quaternary,MASW,13.25,412.5906561194893,5.0,379.5269387459625,518.9421005608181,501.09789881230887,459.4555350450475,459.4555350450475
231,Dunaterasz,Dunaterasz,Dunaterasz__CPT1,Quaternary,MASW,13.95,350.4190840317688,5.0,332.56904148501434,508.5112300297036,450.9385191804583,420.2327237068082,420.2327237068082
232,Dunaterasz,Dunaterasz,Dunaterasz__CPT1,Quaternary,MASW,14.65,377.4406562832872,5.0,357.9184183592858,541.6803314298468,528.726260807282,464.5988656917597,464.5988656917597
233,Dunaterasz,Dunaterasz,Dunaterasz__CPT1,Quaternary,MASW,15.5,391.6336238720198,5.0,357.0867603989328,500.8815847305458,506.1385109912246,446.5659600307318,446.5659600307318
251,Dunaterasz,Dunaterasz,Dunaterasz__CPT3,Quaternary,MASW,1.5,243.6522670525204,5.0,223.8143155340785,201.1630474196597,203.25306605652074,209.57438493332134,209.57438493332134
252,Dunaterasz,Dunaterasz,Dunaterasz__CPT3,Quaternary,MASW,2.5,164.52161984464115,5.0,219.80749875527908,208.19637868113364,206.2620265630968,211.49669055974385,211.49669055974385
253,Dunaterasz,Dunaterasz,Dunaterasz__CPT3,Quaternary,MASW,3.5,140.1436187015576,5.0,199.81646807266753,203.09253727564936,202.4575899873003,201.71865276858958,201.71865276858958
254,Dunaterasz,Dunaterasz,Dunaterasz__CPT3,Quaternary,MASW,5.25,189.96998362234584,5.0,212.36833281533004,221.22925078725385,221.1580957787045,218.06209210106337,218.06209210106337
255,Dunaterasz,Dunaterasz,Dunaterasz__CPT3,Quaternary,MASW,7.5,280.89288071320817,5.0,250.46543075248707,249.646830559649,251.49918174316423,250.58054318199396,250.58054318199396
256,Dunaterasz,Dunaterasz,Dunaterasz__CPT3,Quaternary,MASW,9.5,290.1925091008787,5.0,254.30277415605684,250.32886432706852,251.34781111426003,252.07074827794625,252.07074827794625
257,Dunaterasz,Dunaterasz,Dunaterasz__CPT3,Quaternary,MASW,11.25,308.0070638324241,5.0,299.06745487047647,318.2980079360264,310.7898133581511,308.8394368242081,308.8394368242081
258,Dunaterasz,Dunaterasz,Dunaterasz__CPT3,Tertiary,MASW,13.0,302.338687860811,5.0,282.4893941064499,318.2629896424184,313.86447265087327,303.7710264346126,305.2556740080631
259,Dunaterasz,Dunaterasz,Dunaterasz__CPT3,Tertiary,MASW,15.0,421.9515002325058,5.0,368.8505546041738,456.84645174459786,435.93526265601673,416.99075962383137,416.42949524205835
260,Dunaterasz,Dunaterasz,Dunaterasz__CPT3,Tertiary,MASW,16.5,434.4731468104367,5.0,328.69556238622,381.04419136504873,363.5695621336142,355.9394122653991,352.33223652916365
261,Dunaterasz,Dunaterasz,Dunaterasz__CPT3,Tertiary,MASW,17.5,449.12414076315633,5.0,347.760415038028,361.0799467933355,345.13567959114613,350.7724791840851,348.99081427141346
234,Dunaterasz,Dunaterasz,Dunaterasz__CPT7,Quaternary,MASW,1.5,341.41245087622747,5.0,234.99710765941927,224.31594665986148,227.02274858838123,228.95714853160624,228.95714853160624
235,Dunaterasz,Dunaterasz,Dunaterasz__CPT7,Quaternary,MASW,2.5,167.41803185818335,5.0,194.86123018807436,183.2847455037577,182.24852615742785,186.88489847228053,186.88489847228053
236,Dunaterasz,Dunaterasz,Dunaterasz__CPT7,Quaternary,MASW,3.5,169.2805907738425,5.0,202.4235368336738,207.6597013249192,204.1264112121824,204.57932467833615,204.57932467833615
237,Dunaterasz,Dunaterasz,Dunaterasz__CPT7,Quaternary,MASW,4.5,209.3771254247548,5.0,209.38231553813304,211.86296569153467,212.070620186328,211.06376983627408,211.06376983627408
238,Dunaterasz,Dunaterasz,Dunaterasz__CPT7,Quaternary,MASW,5.5,254.79265277134243,5.0,241.3762756012907,235.88410840396105,235.57243970463034,237.68199088008103,237.68199088008103
239,Dunaterasz,Dunaterasz,Dunaterasz__CPT7,Quaternary,MASW,6.5,246.1751443855289,5.0,236.4801997698198,228.94817757776983,233.37419431505367,233.1137134262077,233.1137134262077
240,Dunaterasz,Dunaterasz,Dunaterasz__CPT7,Quaternary,MASW,7.5,234.7209428058546,5.0,224.58397297753825,221.40617882359797,229.83528567066975,225.4422622755076,225.4422622755076
241,Dunaterasz,Dunaterasz,Dunaterasz__CPT7,Quaternary,MASW,8.25,243.5669812326419,5.0,241.66514475205278,240.3202171870377,239.9035379885318,240.64388301396937,240.64388301396937
242,Dunaterasz,Dunaterasz,Dunaterasz__CPT7,Quaternary,MASW,8.9,252.1126054825733,5.0,247.09725532775346,243.37117714688975,239.8428117255031,243.4214598870551,243.4214598870551
243,Dunaterasz,Dunaterasz,Dunaterasz__CPT7,Quaternary,MASW,9.95,256.3556830690226,5.0,257.2829137199032,246.22447290266317,246.92855104384958,250.2898013674647,250.2898013674647
244,Dunaterasz,Dunaterasz,Dunaterasz__CPT7,Quaternary,MASW,11.05,288.57899310866173,5.0,308.40444410246903,297.13291741842005,298.4112389152248,301.4829535574363,301.4829535574363
245,Dunaterasz,Dunaterasz,Dunaterasz__CPT7,Quaternary,MASW,12.0,295.9273911577772,5.0,291.6540073702564,288.42543052196066,285.19278070939737,288.4113393717688,288.4113393717688
246,Dunaterasz,Dunaterasz,Dunaterasz__CPT7,Tertiary,MASW,13.0,259.40578487448937,5.0,268.3790654818613,269.23404370025037,266.79521656684005,268.0793294245939,268.0445065518991
247,Dunaterasz,Dunaterasz,Dunaterasz__CPT7,Tertiary,MASW,14.0,254.7858427540241,5.0,268.0364950148626,249.47375773656898,251.67887470411657,256.60889316172114,256.1592578748135
248,Dunaterasz,Dunaterasz,Dunaterasz__CPT7,Tertiary,MASW,15.0,321.06754082146693,5.0,289.4185350537695,281.6663301438489,285.36145977024603,285.6558097040288,279.8823324938754
249,Dunaterasz,Dunaterasz,Dunaterasz__CPT7,Tertiary,MASW,16.0,447.3862948626886,5.0,389.2501435290848,419.57935859273005,407.5046751766191,404.54861285421424,401.52584718753536
250,Dunaterasz,Dunaterasz,Dunaterasz__CPT7,Tertiary,MASW,17.355,485.3425983295048,5.0,401.21838883361795,468.96382559074794,460.6087918024567,441.25675987014665,446.76601467100824
478,Dévai 14,Dévai 14,Dévai 14__SCPTu1,Quaternary,SCPT,1.25,217.0,2.0,196.77759279247425,177.60293049698777,178.51447235712578,182.02618757961835,182.02618757961835
479,Dévai 14,Dévai 14,Dévai 14__SCPTu1,Quaternary,SCPT,2.0,240.0,2.0,209.7789905945729,198.03312305131738,196.52407221164015,199.1063000313473,199.1063000313473
480,Dévai 14,Dévai 14,Dévai 14__SCPTu1,Quaternary,SCPT,3.0,159.0,2.0,216.76874807066963,199.85921022687046,206.47895884847088,208.49707910509267,208.49707910509267
481,Dévai 14,Dévai 14,Dévai 14__SCPTu1,Quaternary,SCPT,4.15,205.0,2.0,226.64445249604967,211.89880871416,211.95586910584385,214.8153820119682,214.8153820119682
482,Dévai 14,Dévai 14,Dévai 14__SCPTu1,Quaternary,SCPT,5.15,160.0,2.0,223.7444293530541,228.16869724136734,230.35996621291582,229.02139263104777,229.02139263104777
483,Dévai 14,Dévai 14,Dévai 14__SCPTu1,Quaternary,SCPT,6.25,375.0,2.0,259.74283989083006,265.79527618816076,265.47783052684383,264.3207907393142,264.3207907393142
484,Dévai 14,Dévai 14,Dévai 14__SCPTu1,Quaternary,SCPT,7.5,440.0,2.0,291.9120816367094,297.13490198238435,288.7612476822748,289.3886819041028,289.3886819041028
485,Dévai 14,Dévai 14,Dévai 14__SCPTu1,Quaternary,SCPT,8.5,405.0,2.0,294.7607141490856,291.25098655302065,285.89878879561667,287.64959864772436,287.64959864772436
486,Dévai 14,Dévai 14,Dévai 14__SCPTu1,Quaternary,SCPT,9.5,333.0,2.0,309.0865561803318,296.7493262061746,294.1013668290584,297.0391253731741,297.0391253731741
487,Dévai 14,Dévai 14,Dévai 14__SCPTu1,Quaternary,SCPT,10.25,358.0,2.0,324.6586114649493,304.70395284260184,303.3520156999925,307.49842341554154,307.49842341554154
488,Dévai 14,Dévai 14,Dévai 14__SCPTu1,Tertiary,SCPT,11.0,391.0,2.0,314.3055974461044,305.40815204598687,300.2625935245289,303.02007983993695,303.53192159386606
489,Dévai 14,Dévai 14,Dévai 14__SCPTu1,Tertiary,SCPT,12.0,472.0,2.0,331.5793679387349,330.76893327973875,312.16566124088195,315.9552691517542,325.5676534791238
490,Dévai 14,Dévai 14,Dévai 14__SCPTu1,Tertiary,SCPT,13.0,475.0,2.0,348.93109232327924,333.59245157025543,321.36861066424086,326.70117632066496,335.2312630117476
491,Dévai 14,Dévai 14,Dévai 14__SCPTu1,Tertiary,SCPT,14.0,596.0,2.0,353.37927820862564,354.8828145913022,342.8425967702476,344.92449457181067,351.4844686179875
492,Dévai 14,Dévai 14,Dévai 14__SCPTu1,Tertiary,SCPT,15.0,598.0,2.0,379.2798010492556,390.7083028016334,385.1509161896522,383.96946718033803,428.61070431397803
493,Dévai 14,Dévai 14,Dévai 14__SCPTu1,Tertiary,SCPT,16.0,600.0,2.0,383.9485775035201,409.89365536073376,408.14539594326584,403.18701242723154,428.0193580884915
494,Dévai 14,Dévai 14,Dévai 14__SCPTu1,Tertiary,SCPT,17.0,601.0,2.0,385.3898622420622,420.10544271826063,410.3396538413161,405.22370912741377,432.7415458083585
495,Dévai 14,Dévai 14,Dévai 14__SCPTu1,Tertiary,SCPT,18.105,602.0,2.0,390.6802222924857,406.80067719837893,392.7446239837377,392.33087280077297,424.08056873475425
64,Futo u,Futo u,Futo u__CPT1,Quaternary,SCPT,2.5,261.0,3.0,264.9886474400604,248.2078563523985,234.13362870078413,256.4610382471749,256.4610382471749
65,Futo u,Futo u,Futo u__CPT1,Quaternary,SCPT,3.45,350.0,3.0,254.30864322154818,250.4071644126604,237.4830024310129,252.35036404716905,252.35036404716905
66,Futo u,Futo u,Futo u__CPT1,Quaternary,SCPT,4.35,195.0,3.0,233.05765536919398,242.54469678132105,245.2738714706166,237.75386086052686,237.75386086052686
67,Futo u,Futo u,Futo u__CPT1,Quaternary,SCPT,5.25,350.0,3.0,268.4152135851059,271.90100233375375,281.2803652486989,270.15248585829994,270.15248585829994
68,Futo u,Futo u,Futo u__CPT1,Quaternary,SCPT,6.65,310.0,3.0,293.8177027834324,277.29386263327575,286.2532217234753,285.43623756428303,285.43623756428303
69,Futo u,Futo u,Futo u__CPT1,Quaternary,SCPT,7.55,446.0,3.0,297.7775919765646,300.10041094718423,301.89355093049153,298.93674535431387,298.93674535431387
70,Futo u,Futo u,Futo u__CPT1,Tertiary,SCPT,8.5,284.0,3.0,281.63325732462886,264.58206057268444,261.0717982738511,272.97455476426256,272.97455476426256
71,Futo u,Futo u,Futo u__CPT1,Tertiary,SCPT,9.5,243.0,3.0,282.65552652520097,262.62381840421807,267.1493421468901,272.45563614853523,272.45563614853523
72,Futo u,Futo u,Futo u__CPT1,Tertiary,SCPT,10.5,333.0,3.0,299.3288291147641,295.0176835878609,304.2721257212112,297.1654384286712,297.1654384286712
73,Futo u,Futo u,Futo u__CPT1,Tertiary,SCPT,11.5,276.0,3.0,328.9162731129877,316.2938896287911,321.24254026793807,322.54334187068974,322.54334187068974
74,Futo u,Futo u,Futo u__CPT1,Tertiary,SCPT,12.5,430.0,3.0,359.01247843432947,358.4303026420613,361.597904158036,358.7212724351501,358.7212724351501
75,Futo u,Futo u,Futo u__CPT1,Tertiary,SCPT,13.5,366.0,3.0,320.63888610662264,317.2072859007692,318.62897285938635,318.9184704844291,318.9184704844291
76,Futo u,Futo u,Futo u__CPT1,Tertiary,SCPT,14.5,341.0,3.0,325.66246781546084,331.4396099969604,330.17167736868146,328.5383407205375,328.5383407205375
77,Futo u,Futo u,Futo u__CPT1,Tertiary,SCPT,15.5,435.0,3.0,336.0243409036016,368.06067269287695,360.22110618637396,351.6778994394732,351.6778994394732
78,Futo u,Futo u,Futo u__CPT1,Tertiary,SCPT,16.5,369.0,3.0,356.85181839531737,395.4813287463318,388.1608094020574,375.670375867628,390.7977784434949
79,Futo u,Futo u,Futo u__CPT1,Tertiary,SCPT,17.5,481.0,3.0,415.9501119027813,479.26915544571773,471.6405492169531,446.4885875800164,452.8850891035357
80,Futo u,Futo u,Futo u__CPT2,Quaternary,SCPT,1.8,170.0,3.0,163.7247321958601,170.96768504167594,190.85539261554194,167.30701852461107,167.30701852461107
81,Futo u,Futo u,Futo u__CPT2,Quaternary,SCPT,3.3,310.0,3.0,249.1928677065349,245.76507466748427,233.20003925980623,247.47303638679716,247.47303638679716
82,Futo u,Futo u,Futo u__CPT2,Quaternary,SCPT,4.5,230.0,3.0,223.50908607273615,205.18627769554453,211.38764876766552,214.15180924381156,214.15180924381156
83,Futo u,Futo u,Futo u__CPT2,Quaternary,SCPT,5.55,378.0,3.0,233.31148688103352,232.01452797611148,234.40282815987106,232.66210370429414,232.66210370429414
84,Futo u,Futo u,Futo u__CPT2,Quaternary,SCPT,7.15,289.0,3.0,297.89315142717084,281.71918141975647,281.7863901837868,289.6933115738333,289.6933115738333
85,Futo u,Futo u,Futo u__CPT2,Tertiary,SCPT,8.85,319.0,3.0,268.7689427629006,259.7524845744832,254.28602135190383,264.222256176728,264.222256176728
86,Futo u,Futo u,Futo u__CPT2,Tertiary,SCPT,10.0,225.0,3.0,286.47829450165904,265.8206792444852,270.29258813923593,275.9562552891901,275.9562552891901
87,Futo u,Futo u,Futo u__CPT2,Tertiary,SCPT,11.0,180.0,3.0,287.5715054839929,265.5530038482957,270.58363588109944,276.3430424353958,276.3430424353958
88,Futo u,Futo u,Futo u__CPT2,Tertiary,SCPT,12.25,200.0,3.0,334.08499333955064,319.5762011779838,324.2147345666571,326.7500773405044,326.7500773405044
89,Futo u,Futo u,Futo u__CPT2,Tertiary,SCPT,13.5,240.0,3.0,321.84512121259024,313.8509644436784,320.6049096427758,317.82290932855045,317.82290932855045
90,Futo u,Futo u,Futo u__CPT2,Tertiary,SCPT,14.5,280.0,3.0,350.7240005258556,361.2610462832774,362.4938531363646,355.9535354321225,355.9535354321225
91,Futo u,Futo u,Futo u__CPT2,Tertiary,SCPT,15.75,325.0,3.0,351.09689596366985,371.6045190694932,349.4129739047872,361.2051953825852,361.2051953825852
92,Futo u,Futo u,Futo u__CPT2,Tertiary,SCPT,17.0,340.0,3.0,363.1612170461645,352.0240783404119,328.3580436687523,357.54928711949384,357.54928711949384
93,Futo u,Futo u,Futo u__CPT2,Tertiary,SCPT,18.0,330.0,3.0,369.5743067746907,355.02920533200927,337.09619814144344,362.2287570656788,362.2287570656788
94,Futo u,Futo u,Futo u__CPT2,Tertiary,SCPT,19.0,325.0,3.0,402.9338188801838,400.04314952718454,390.74284253848276,401.4858826357969,414.32080726217765
1279,Galeria,Galeria,Galeria__CPT3,Quaternary,SCPT,1.5,279.0,4.0,180.9128296288474,175.8430555958854,164.7330880414194,178.3599303611503,178.3599303611503
1280,Galeria,Galeria,Galeria__CPT3,Quaternary,SCPT,2.5,480.9,4.0,206.78933644675743,197.4334878879746,200.72798428775852,202.0572689925388,202.0572689925388
1281,Galeria,Galeria,Galeria__CPT3,Quaternary,SCPT,4.5,325.8,4.0,285.96578454721885,291.2667807343243,279.14722298127805,288.6041120033356,288.6041120033356
1282,Galeria,Galeria,Galeria__CPT3,Quaternary,SCPT,6.25,290.0,4.0,253.58034352142587,251.50886655132527,260.46703256883933,252.5424811368764,252.5424811368764
1283,Galeria,Galeria,Galeria__CPT3,Quaternary,SCPT,7.5,318.7,4.0,281.27485308348906,289.6108555882075,292.8468865156702,285.41242239425503,285.41242239425503
1284,Galeria,Galeria,Galeria__CPT3,Quaternary,SCPT,8.5,227.5,4.0,264.1092535651488,261.08121584497263,266.2792970593211,262.59087005586684,262.59087005586684
1285,Galeria,Galeria,Galeria__CPT3,Quaternary,SCPT,9.5,329.6,4.0,272.4305472832304,263.4654357166776,255.47841127050594,267.9104940880615,267.9104940880615
1286,Galeria,Galeria,Galeria__CPT3,Quaternary,SCPT,10.4,274.5,4.0,277.91948086092316,267.73470186228883,268.11852487840645,272.77956182606744,272.77956182606744
1287,Galeria,Galeria,Galeria__CPT3,Quaternary,SCPT,11.5,335.8,4.0,298.7720982762298,293.4417298106524,298.6092907269047,296.0949194723461,296.0949194723461
1288,Galeria,Galeria,Galeria__CPT3,Quaternary,SCPT,13.45,297.1,4.0,312.0247540075806,362.52476508329863,336.97487173588587,336.32826322920323,336.32826322920323
1289,Galeria,Galeria,Galeria__CPT6,Quaternary,SCPT,2.65,460.0,4.0,256.64511671331456,275.26697968968483,282.80259747688063,265.7930136963363,265.7930136963363
1290,Galeria,Galeria,Galeria__CPT6,Quaternary,SCPT,3.8,365.0,4.0,284.51774319692544,344.3757808125825,322.3978027908754,313.01920063867493,313.01920063867493
1291,Galeria,Galeria,Galeria__CPT6,Quaternary,SCPT,5.3,461.2,4.0,252.54848289525776,280.7012120037895,275.7612530238107,266.2530098203909,266.2530098203909
1292,Galeria,Galeria,Galeria__CPT6,Quaternary,SCPT,6.5,241.4,4.0,254.13032391108172,260.85113376816946,261.09303984283633,257.46880027894207,257.46880027894207
1293,Galeria,Galeria,Galeria__CPT6,Quaternary,SCPT,7.5,279.8,4.0,261.763476527617,256.18190605615314,256.13746861972174,258.9576535897908,258.9576535897908
1294,Galeria,Galeria,Galeria__CPT6,Quaternary,SCPT,8.5,303.4,4.0,254.443354676515,256.7196113623069,251.23124019001688,255.57894891065766,255.57894891065766
1295,Galeria,Galeria,Galeria__CPT6,Quaternary,SCPT,9.75,280.0,4.0,267.0087075889286,259.5168135777158,259.35260182209635,263.23610882814455,263.23610882814455
1296,Galeria,Galeria,Galeria__CPT6,Tertiary,SCPT,11.25,235.0,4.0,264.9456809989157,264.1028089833805,251.71241346038968,264.52390927821307,264.52390927821307
1297,Galeria,Galeria,Galeria__CPT6,Tertiary,SCPT,12.5,197.1,4.0,269.15482719960175,256.2667860452431,259.72577028707985,262.6317621975773,262.6317621975773
1298,Galeria,Galeria,Galeria__CPT6,Tertiary,SCPT,13.5,198.1,4.0,269.64883583086834,251.41215997228355,257.8466931265613,260.3708821090605,260.3708821090605
1299,Galeria,Galeria,Galeria__CPT6,Tertiary,SCPT,14.5,207.5,4.0,279.84494175149376,255.82977027494778,262.11723880242045,267.5680608011555,267.5680608011555
1300,Galeria,Galeria,Galeria__CPT6,Tertiary,SCPT,15.5,199.5,4.0,288.25710618010527,255.94567991151334,263.8307682935859,271.62135599137326,271.62135599137326
1301,Galeria,Galeria,Galeria__CPT6,Tertiary,SCPT,16.5,240.1,4.0,294.89833621453323,253.6439245963694,262.9146713926576,273.4943717051485,273.4943717051485
1302,Galeria,Galeria,Galeria__CPT6,Tertiary,SCPT,17.5,283.1,4.0,304.0159697497149,258.32801526803723,253.93961533282163,280.2424701490327,280.2424701490327
1303,Galeria,Galeria,Galeria__CPT6,Tertiary,SCPT,18.5,344.4,4.0,314.25725802278714,275.3451550855893,276.6412597929157,294.1584835544547,294.1584835544547
932,Galeria,Galeria,Galeria__CPTu1,Quaternary,MASW,1.5,200.87338911264135,4.0,189.03845131889673,179.10578392367464,181.35839509744886,184.00510866600527,184.00510866600527
933,Galeria,Galeria,Galeria__CPTu1,Quaternary,MASW,2.5,196.74440696539887,4.0,177.13808994878949,165.78195899455233,170.15346520768298,171.3659813506273,171.3659813506273
934,Galeria,Galeria,Galeria__CPTu1,Quaternary,MASW,3.65,291.6550194442972,4.0,235.86407908114862,248.41718335528068,244.57233159253295,242.05926997333972,242.05926997333972
935,Galeria,Galeria,Galeria__CPTu1,Quaternary,MASW,4.9,303.440748147891,4.0,280.67793564662975,279.93564874110155,271.62746931922146,280.30654648536574,280.30654648536574
936,Galeria,Galeria,Galeria__CPTu1,Quaternary,MASW,5.95,285.02503663109627,4.0,270.2547783248101,268.62788807705783,267.5436148548323,269.44010530009655,269.44010530009655
937,Galeria,Galeria,Galeria__CPTu1,Quaternary,MASW,7.1,265.69406677837884,4.0,257.22077869820646,262.58956806648473,262.6742260398591,259.8913103127669,259.8913103127669
938,Galeria,Galeria,Galeria__CPTu1,Tertiary,MASW,8.15,293.826453794217,4.0,239.43840308040924,250.92576172768634,251.19898666279875,245.114796941785,245.114796941785
939,Galeria,Galeria,Galeria__CPTu1,Tertiary,MASW,9.0,351.778884161439,4.0,285.5990487004478,281.9213085386422,271.4751656425033,283.75422028054766,283.75422028054766
940,Galeria,Galeria,Galeria__CPTu1,Tertiary,MASW,9.9,359.2097639054068,4.0,291.1673739748441,280.44154535603366,280.42123070438464,285.75413962839366,285.75413962839366
941,Galeria,Galeria,Galeria__CPTu1,Tertiary,MASW,10.65,345.67985624468184,4.0,283.1533621089258,266.90874938894393,276.5442318002549,274.91109429371556,274.91109429371556
942,Galeria,Galeria,Galeria__CPTu1,Tertiary,MASW,11.5,301.04994974683586,4.0,313.6660903166063,300.0571658771181,300.3386918895558,306.7861765010885,306.7861765010885
943,Galeria,Galeria,Galeria__CPTu1,Tertiary,MASW,12.5,269.53387290059925,4.0,335.7093128933058,369.90491186728383,376.19458610426045,352.3925705783604,352.3925705783604
944,Galeria,Galeria,Galeria__CPTu1,Tertiary,MASW,13.165,251.1968980124008,4.0,326.31216696719196,354.20841891268554,367.47991263000034,339.9742883416645,339.9742883416645
945,Galeria,Galeria,Galeria__CPTu2,Quaternary,MASW,1.5,142.94718163263792,4.0,170.398902596577,151.48223674616042,143.8489883607995,160.66240040663095,160.66240040663095
946,Galeria,Galeria,Galeria__CPTu2,Quaternary,MASW,2.5,243.4278209050671,4.0,222.14446647455347,212.33729820223692,218.36956654488066,217.1855331779354,217.1855331779354
947,Galeria,Galeria,Galeria__CPTu2,Quaternary,MASW,3.5,322.1958686052481,4.0,279.5918832291263,292.5326276263497,294.12081901618365,285.9890701827885,285.9890701827885
948,Galeria,Galeria,Galeria__CPTu2,Quaternary,MASW,4.5,322.5679840545331,4.0,285.7115891334474,315.08760230225903,302.6385544895141,300.04029657701994,300.04029657701994
949,Galeria,Galeria,Galeria__CPTu2,Quaternary,MASW,5.5,287.5370044235484,4.0,255.24108176549518,285.51313740056645,279.8287953283825,269.9531108329389,269.9531108329389
950,Galeria,Galeria,Galeria__CPTu2,Quaternary,MASW,6.75,314.99276153740004,4.0,261.6231868395204,264.33731084311626,262.99287370282843,262.9767473815224,262.9767473815224
951,Galeria,Galeria,Galeria__CPTu2,Quaternary,MASW,8.0,335.55843365581563,4.0,262.1263510586048,275.8337218925571,273.9744476969366,268.89270540237794,268.89270540237794
952,Galeria,Galeria,Galeria__CPTu2,Quaternary,MASW,9.05,355.7838439538125,4.0,285.181239248104,284.7463475447131,289.5985845449631,284.9637104337545,284.9637104337545
953,Galeria,Galeria,Galeria__CPTu2,Quaternary,MASW,10.05,288.1304316847947,4.0,271.22113283005086,257.9997110019402,262.2380292454002,264.5278319719344,264.5278319719344
954,Galeria,Galeria,Galeria__CPTu2,Quaternary,MASW,10.95,233.7608424569632,4.0,269.0873066732193,262.6680287337517,275.95063612850726,265.85829383551123,265.85829383551123
955,Galeria,Galeria,Galeria__CPTu2,Tertiary,MASW,11.95,250.88861987706844,4.0,313.84284209685546,321.31110586329044,321.79955724588996,317.5550198964248,317.5550198964248
956,Galeria,Galeria,Galeria__CPTu2,Tertiary,MASW,12.85,281.25794562499107,4.0,345.69799512936146,360.1274948082847,368.47165018868117,352.8389901161485,352.8389901161485
957,Galeria,Galeria,Galeria__CPTu2,Tertiary,MASW,13.6,284.46925929850886,4.0,359.9817593746152,431.5268814098782,446.83911138045244,394.13424868611565,429.24282023756024
958,Galeria,Galeria,Galeria__CPTu3,Quaternary,MASW,1.5,186.7510049262177,4.0,180.9128296288474,170.12882468383089,161.40336797480225,175.4379864082519,175.4379864082519
959,Galeria,Galeria,Galeria__CPTu3,Quaternary,MASW,2.6,217.38377613883452,4.0,213.6475391501051,207.55095402662798,214.14412881439338,210.5771843672663,210.5771843672663
960,Galeria,Galeria,Galeria__CPTu3,Quaternary,MASW,3.85,301.8937871548395,4.0,277.8828115600357,299.77647835003853,289.2367092018836,288.62212431391134,288.62212431391134
961,Galeria,Galeria,Galeria__CPTu3,Quaternary,MASW,5.0,316.2616940605289,4.0,286.7320718959813,298.57584604352496,291.2182424952792,292.59403779666377,292.59403779666377
962,Galeria,Galeria,Galeria__CPTu3,Quaternary,MASW,5.75,290.74075735471337,4.0,248.54869636566698,272.4397124723179,269.4494135708324,260.2201671147564,260.2201671147564
963,Galeria,Galeria,Galeria__CPTu3,Quaternary,MASW,6.5,304.91768049151176,4.0,256.02561627484334,263.93065139126594,261.7294385320842,259.94808650242004,259.94808650242004
964,Galeria,Galeria,Galeria__CPTu3,Quaternary,MASW,7.65,325.31218079012706,4.0,277.6155900996444,277.1918514942519,282.81778531097444,277.4036398885022,277.4036398885022
965,Galeria,Galeria,Galeria__CPTu3,Quaternary,MASW,8.9,311.13731166990686,4.0,269.11395963597874,265.7206713969565,268.8976256553933,267.4119332355341,267.4119332355341
966,Galeria,Galeria,Galeria__CPTu3,Quaternary,MASW,10.0,321.54674826016344,4.0,275.154932580088,274.8164317574519,270.71148164895436,274.9856300829591,274.9856300829591
967,Galeria,Galeria,Galeria__CPTu3,Quaternary,MASW,11.0,301.88367846916486,4.0,290.1686209610313,277.3926882168496,282.269356456562,283.70874819884676,283.70874819884676
968,Galeria,Galeria,Galeria__CPTu3,Quaternary,MASW,11.9,255.5093548420168,4.0,300.48634762607514,314.3198478199821,307.8934258154097,307.32527240337737,307.32527240337737
969,Galeria,Galeria,Galeria__CPTu3,Quaternary,MASW,12.65,286.2096295408894,4.0,311.3000827443121,323.0441470312786,313.71650972922583,317.11775368292257,317.11775368292257
970,Galeria,Galeria,Galeria__CPTu3,Quaternary,MASW,13.5,261.5631031455214,4.0,304.056701765849,331.4687741882709,311.04793417017595,317.46700965305786,317.46700965305786
971,Galeria,Galeria,Galeria__CPTu3,Quaternary,MASW,14.17,272.8075060459482,4.0,322.6440951011744,350.02496255000966,339.8744745784809,336.05578004963763,336.05578004963763
972,Galeria,Galeria,Galeria__CPTu4,Quaternary,MASW,1.5,149.8669174754767,4.0,180.84834364645758,153.0172902283529,145.17005606491787,166.35180638354043,166.35180638354043
973,Galeria,Galeria,Galeria__CPTu4,Quaternary,MASW,2.5,235.29946075176795,4.0,249.79541929362188,248.72926748262165,249.20185201605966,249.26177336570663,249.26177336570663
974,Galeria,Galeria,Galeria__CPTu4,Quaternary,MASW,3.6,267.6174015538523,4.0,286.6668090029598,312.93350637519296,303.8334851306108,299.5123531720918,299.5123531720918
975,Galeria,Galeria,Galeria__CPTu4,Quaternary,MASW,4.85,290.3013310348953,4.0,271.22829628384426,302.04595847394523,295.4357231404841,286.2226593341431,286.2226593341431
976,Galeria,Galeria,Galeria__CPTu4,Quaternary,MASW,5.95,275.6926399468307,4.0,252.45542865623725,277.2669702289879,273.18838282310645,264.57050444328706,264.57050444328706
977,Galeria,Galeria,Galeria__CPTu4,Quaternary,MASW,6.800000000000001,275.8133400192892,4.0,257.01865854441894,262.1789809562142,261.6481408208442,259.5859972801094,259.5859972801094
978,Galeria,Galeria,Galeria__CPTu4,Quaternary,MASW,7.75,262.9615711175503,4.0,261.8255135441668,260.58140657064877,259.9068662302871,261.20271934920873,261.20271934920873
979,Galeria,Galeria,Galeria__CPTu4,Quaternary,MASW,8.9,238.8663094842344,4.0,262.98428239447736,267.90599567925847,268.40812068747437,265.43373188592244,265.43373188592244
980,Galeria,Galeria,Galeria__CPTu4,Quaternary,MASW,10.0,230.19272958855112,4.0,263.23779672010323,257.0600869568889,258.9212189987856,260.13060357291613,260.13060357291613
981,Galeria,Galeria,Galeria__CPTu4,Tertiary,MASW,11.0,311.61708594721443,4.0,312.9276542282348,310.845175108012,306.25854818085537,311.88467656285246,311.88467656285246
982,Galeria,Galeria,Galeria__CPTu4,Tertiary,MASW,12.0,299.1742628896579,4.0,310.117455579352,299.62882435204875,294.8902306162563,304.8280312344814,304.8280312344814
983,Galeria,Galeria,Galeria__CPTu4,Tertiary,MASW,12.85,335.8456019731248,4.0,343.3885124109123,334.60869268000334,323.17822128737254,338.97017747752733,338.97017747752733
984,Galeria,Galeria,Galeria__CPTu4,Tertiary,MASW,13.6,289.7824435829544,4.0,326.240398481056,305.75763543403093,299.4305523002307,315.83301414295437,315.83301414295437
985,Galeria,Galeria,Galeria__CPTu4,Tertiary,MASW,14.5,262.7729653347981,4.0,313.18777001393585,310.8312121104005,310.61529008159874,312.007266216005,312.007266216005
986,Galeria,Galeria,Galeria__CPTu4,Tertiary,MASW,15.5,244.86422079700904,4.0,305.6144247022271,267.13278731502925,278.4580283903554,285.726500546213,285.726500546213
987,Galeria,Galeria,Galeria__CPTu4,Tertiary,MASW,16.5,236.04469094651992,4.0,304.23553149022956,259.46844632121224,265.89800926875773,280.9617779547213,280.9617779547213
988,Galeria,Galeria,Galeria__CPTu4,Tertiary,MASW,17.5,240.26869319748596,4.0,315.7466425253691,259.3255537593746,258.3490357374697,286.14886496464516,286.14886496464516
989,Galeria,Galeria,Galeria__CPTu4,Tertiary,MASW,18.5,246.022177679243,4.0,322.9984722764926,262.14327598819955,259.873051332122,290.9843254571342,290.9843254571342
990,Galeria,Galeria,Galeria__CPTu4,Tertiary,MASW,19.5,313.5556875483491,4.0,328.69032028484577,277.61312532302867,267.1862868336921,302.0740754810042,302.0740754810042
991,Galeria,Galeria,Galeria__CPTu4,Tertiary,MASW,20.5,332.559492726047,4.0,341.0232908839352,282.4319683681223,279.0784500271227,310.347997099586,310.347997099586
992,Galeria,Galeria,Galeria__CPTu4,Tertiary,MASW,21.5,338.29668951106567,4.0,347.113587354777,293.3595623358808,301.19519997943746,319.10670639652017,319.10670639652017
993,Galeria,Galeria,Galeria__CPTu4,Tertiary,MASW,22.5,342.2379812791047,4.0,355.767826067072,350.19229027666904,335.46313781304025,352.969049375692,352.969049375692
994,Galeria,Galeria,Galeria__CPTu4,Tertiary,MASW,23.5,365.2214831032677,4.0,368.8735318275555,368.20316778288753,376.25550738537055,368.53819738280555,368.53819738280555
995,Galeria,Galeria,Galeria__CPTu4,Tertiary,MASW,24.3,367.79735650907736,4.0,369.9494009349263,380.2216622982724,392.05054254014067,375.0503648708102,397.138502126171
913,Galeria,Galeria,Galeria__CPTu6,Quaternary,MASW,1.5,133.45529133277475,4.0,177.87783177448742,148.67522290526702,142.1959560032724,162.62234252702643,162.62234252702643
914,Galeria,Galeria,Galeria__CPTu6,Quaternary,MASW,2.5,213.4602204627913,4.0,248.61588023954337,244.07878071657046,244.01181131212815,246.33688500840603,246.33688500840603
915,Galeria,Galeria,Galeria__CPTu6,Quaternary,MASW,3.6,272.7691531662016,4.0,285.4789710750153,316.584837880814,311.8235934105334,300.62986175056733,300.62986175056733
916,Galeria,Galeria,Galeria__CPTu6,Quaternary,MASW,4.85,297.1655807658395,4.0,263.949050473289,298.3051604999208,301.6716119871547,280.6017887776843,280.6017887776843
917,Galeria,Galeria,Galeria__CPTu6,Quaternary,MASW,5.95,272.69762195324785,4.0,252.02060793608314,257.98195108212906,262.622590402986,254.9838586033536,254.9838586033536
918,Galeria,Galeria,Galeria__CPTu6,Quaternary,MASW,7.0,288.18852978380573,4.0,263.2933468023009,266.9837550799708,269.4782240612355,265.1321301103496,265.1321301103496
919,Galeria,Galeria,Galeria__CPTu6,Quaternary,MASW,7.899999999999999,235.8756883032632,4.0,241.24770683031406,241.98588825667366,238.20803217530673,241.61651563421557,241.61651563421557
920,Galeria,Galeria,Galeria__CPTu6,Quaternary,MASW,8.6,262.07048087671285,4.0,256.58001382725627,261.81011621636,259.9662185781121,259.1818728979889,259.1818728979889
921,Galeria,Galeria,Galeria__CPTu6,Quaternary,MASW,9.5,269.83202308273025,4.0,267.85228881443953,257.5627746551615,256.63968414152134,262.6571504923912,262.6571504923912
922,Galeria,Galeria,Galeria__CPTu6,Tertiary,MASW,10.75,276.3501036136512,4.0,260.8617229582472,247.23256588696816,253.98386340250354,253.95573060803912,253.95573060803912
923,Galeria,Galeria,Galeria__CPTu6,Tertiary,MASW,11.95,295.9671888314111,4.0,276.40828439471255,261.53479952921344,264.80240354146656,268.86871377567337,268.86871377567337
924,Galeria,Galeria,Galeria__CPTu6,Tertiary,MASW,12.85,275.8956626756854,4.0,266.83150259117974,254.10252708527497,257.283578731102,260.3892453892439,260.3892453892439
925,Galeria,Galeria,Galeria__CPTu6,Tertiary,MASW,13.65,244.9464642516105,4.0,269.45265823243227,250.33357236813492,257.21129017345254,259.71724340023127,259.71724340023127
926,Galeria,Galeria,Galeria__CPTu6,Tertiary,MASW,14.5,238.1196736349838,4.0,279.84494175149376,255.74718895072508,262.0063099104666,267.52487210542483,267.52487210542483
927,Galeria,Galeria,Galeria__CPTu6,Tertiary,MASW,15.5,238.96600919122216,4.0,288.25710618010527,256.01955399657015,263.4621129539147,271.66055245576683,271.66055245576683
928,Galeria,Galeria,Galeria__CPTu6,Tertiary,MASW,16.5,247.0961544396001,4.0,294.89833621453323,253.05224660864292,261.39690427225685,273.17519378640236,273.17519378640236
929,Galeria,Galeria,Galeria__CPTu6,Tertiary,MASW,17.5,255.5758747639164,4.0,304.0159697497149,266.00893733682216,261.1324194214534,284.3782077560535,284.3782077560535
930,Galeria,Galeria,Galeria__CPTu6,Tertiary,MASW,18.5,266.4994194691626,4.0,314.25725802278714,319.84399245743015,305.6936209352961,317.0383195525945,317.0383195525945
931,Galeria,Galeria,Galeria__CPTu6,Tertiary,MASW,19.225,327.5416937913881,4.0,329.91926590680976,356.3725802417187,344.3921149135624,342.89091568990784,342.89091568990784
1199,H6-H7,H6-H7,H6-H7__CPT27,Quaternary,MASW,2.5,273.4,5.0,242.90987964175633,232.258662086053,233.49628458573488,236.371646086156,236.371646086156
1200,H6-H7,H6-H7,H6-H7__CPT27,Quaternary,MASW,4.25,286.9,5.0,225.15060370706095,225.04889260362683,219.30128161810146,223.05556557209135,223.05556557209135
1201,H6-H7,H6-H7,H6-H7__CPT27,Quaternary,MASW,5.75,301.0,5.0,269.5974267020539,273.1445999863126,273.03636324910593,271.8600968817987,271.8600968817987
1202,H6-H7,H6-H7,H6-H7__CPT27,Quaternary,MASW,7.0,312.0,5.0,284.5789483838874,274.81693286569555,279.3518431466858,279.7931356507943,279.7931356507943
1203,H6-H7,H6-H7,H6-H7__CPT27,Quaternary,MASW,8.0,323.5,5.0,264.11866262999536,298.2440259339877,291.6868030166184,283.6103530268537,283.6103530268537
1204,H6-H7,H6-H7,H6-H7__CPT27,Quaternary,MASW,9.0,333.0,5.0,263.59220769569833,271.05452835203215,273.5044074412007,269.2656249960256,269.2656249960256
1205,H6-H7,H6-H7,H6-H7__CPT27,Quaternary,MASW,10.0,343.5,5.0,295.0208803427013,290.6314268799253,288.2771369165574,291.3297300315562,291.3297300315562
1206,H6-H7,H6-H7,H6-H7__CPT27,Quaternary,MASW,11.0,353.0,5.0,314.3620148116702,301.7779241755664,297.96016015706084,304.7629242013466,304.7629242013466
1207,H6-H7,H6-H7,H6-H7__CPT27,Quaternary,MASW,12.25,366.2,5.0,304.77826719734804,297.8230075430199,298.43155165628974,300.4536815290842,300.4536815290842
1208,H6-H7,H6-H7,H6-H7__CPT27,Tertiary,MASW,13.5,379.0,5.0,323.1913405659181,308.17286903237374,303.3464813562332,311.6218185501884,308.81424145291385
1209,H6-H7,H6-H7,H6-H7__CPT27,Tertiary,MASW,14.5,390.4,5.0,346.60034305666386,317.63393078916766,317.27380550639595,327.3559121480657,323.603421924334
1210,H6-H7,H6-H7,H6-H7__CPT27,Tertiary,MASW,15.5,401.0,5.0,351.89338332116864,326.1619347421065,322.91797820031525,333.7767997414333,333.32490109305775
1211,H6-H7,H6-H7,H6-H7__CPT27,Tertiary,MASW,16.5,412.0,5.0,345.94811538081257,329.0965531685225,324.94753923310714,333.4152635137993,333.895720714852
1212,H6-H7,H6-H7,H6-H7__CPT27,Tertiary,MASW,17.5,422.3,5.0,351.47841212965324,357.4714919731276,336.39863821024323,347.88518437750616,349.48294148463714
1213,H6-H7,H6-H7,H6-H7__CPT27,Tertiary,MASW,18.5,431.4,5.0,357.38723754620685,368.09872926922117,350.417032226462,358.09048542201026,363.82430626821855
1214,H6-H7,H6-H7,H6-H7__CPT27,Tertiary,MASW,19.5,441.0,5.0,363.6941476664416,373.42144300476696,357.2033574208257,364.28217555795965,365.3571178922262
1215,H6-H7,H6-H7,H6-H7__CPT27,Tertiary,MASW,20.5,448.0,5.0,379.7517091734122,388.8437212665623,366.6231444818458,377.776024936924,385.55588335973675
1216,H6-H7,H6-H7,H6-H7__CPT27,Tertiary,MASW,21.5,455.7,5.0,385.5129109417678,411.56882608861565,378.65867091841864,390.6907539236253,397.9431370711776
1217,H6-H7,H6-H7,H6-H7__CPT27,Tertiary,MASW,22.5,462.9,5.0,389.1842156999172,412.08650273006015,387.4799870118104,395.31026349922104,394.7844901438525
1218,H6-H7,H6-H7,H6-H7__CPT27,Tertiary,MASW,23.5,470.0,5.0,399.86604580251924,464.9282498123581,423.0708325243865,426.7076660044421,433.8989030246933
1219,H6-H7,H6-H7,H6-H7__CPT27,Tertiary,MASW,24.5,476.0,5.0,408.277957282035,478.0610578744478,427.5685284677321,435.04240685442227,442.200763527551
1220,H6-H7,H6-H7,H6-H7__CPT27,Tertiary,MASW,25.5,483.0,5.0,419.5642476249535,508.1497765553997,466.5253199702365,461.19364488088877,471.29711866807645
1221,H6-H7,H6-H7,H6-H7__CPT27,Tertiary,MASW,26.5,489.4,5.0,419.4200739363019,504.51521951595527,461.3949344615228,458.36874203702126,467.8164994419255
1222,H6-H7,H6-H7,H6-H7__CPT27,Tertiary,MASW,27.5,495.0,5.0,438.04557129039216,482.94075625857505,459.31185946611294,458.60373866961055,464.2425927954381
1223,H6-H7,H6-H7,H6-H7__CPT27,Tertiary,MASW,28.5,501.1,5.0,445.80846149717365,479.22051956738204,449.1585624879237,456.775096828872,461.29235001000166
1224,H6-H7,H6-H7,H6-H7__CPT29,Quaternary,MASW,2.0,250.5,5.0,190.63756601708718,178.0757406574569,175.57640897967505,181.47531301594915,181.47531301594915
1225,H6-H7,H6-H7,H6-H7__CPT29,Quaternary,MASW,3.15,262.0,5.0,217.5619472616362,210.15782912461424,202.9162085468719,210.12540271280707,210.12540271280707
1226,H6-H7,H6-H7,H6-H7__CPT29,Quaternary,MASW,4.4,272.0,5.0,232.56429907988755,233.16646843989386,229.43845266747948,231.64507265240266,231.64507265240266
1227,H6-H7,H6-H7,H6-H7__CPT29,Quaternary,MASW,5.6,278.5,5.0,249.18721401583616,263.96469716833,258.35037104015987,256.7562061173782,256.7562061173782
1228,H6-H7,H6-H7,H6-H7__CPT29,Quaternary,MASW,6.6,282.5,5.0,302.4377607499856,296.5748255593606,299.75767232802286,299.73157628836725,299.73157628836725
1229,H6-H7,H6-H7,H6-H7__CPT29,Quaternary,MASW,7.9,289.0,5.0,294.7899684843353,321.5032093816967,327.13724129114036,313.79103703573224,313.79103703573224
1230,H6-H7,H6-H7,H6-H7__CPT29,Quaternary,MASW,9.35,295.5,5.0,290.06388109921215,316.41089167439,302.1498178921521,302.0132689051385,302.0132689051385
1231,H6-H7,H6-H7,H6-H7__CPT30,Quaternary,MASW,1.5,200.8,5.0,198.54260257655454,192.8146667588264,194.26239337370228,195.31107742308927,195.31107742308927
1232,H6-H7,H6-H7,H6-H7__CPT30,Quaternary,MASW,2.5,211.5,5.0,190.65792244362152,181.38255804255053,185.2552581994229,185.94630240890422,185.94630240890422
1233,H6-H7,H6-H7,H6-H7__CPT30,Quaternary,MASW,3.5,220.5,5.0,227.99376983899293,234.2452328907693,232.80968323397644,231.5392569600794,231.5392569600794
1234,H6-H7,H6-H7,H6-H7__CPT30,Quaternary,MASW,4.6,237.0,5.0,236.58202982640267,229.3909167486876,239.4568214898053,235.3943332048975,235.3943332048975
1235,H6-H7,H6-H7,H6-H7__CPT30,Quaternary,MASW,5.6,255.0,5.0,292.8913732338719,286.1047719413863,282.3123517838356,287.11791494861876,287.11791494861876
1236,H6-H7,H6-H7,H6-H7__CPT30,Quaternary,MASW,6.5,268.0,5.0,302.33683633932856,315.0336101923419,308.89067657013203,308.3973371675158,308.3973371675158
1237,H6-H7,H6-H7,H6-H7__CPT30,Quaternary,MASW,7.4,279.0,5.0,297.9822089384951,324.3783922242027,329.2210297517763,316.52122768799586,316.52122768799586
1238,H6-H7,H6-H7,H6-H7__CPT30,Quaternary,MASW,8.4,287.0,5.0,283.15748220422387,301.3843380066391,302.4588310116217,295.2427302803072,295.2427302803072
1239,H6-H7,H6-H7,H6-H7__CPT30,Quaternary,MASW,9.65,289.0,5.0,296.33057136681094,310.12260777743495,311.5549237369254,305.7165185777819,305.7165185777819
1240,H6-H7,H6-H7,H6-H7__CPT30,Quaternary,MASW,11.0,290.0,5.0,285.82996206582885,278.9108968877091,282.66508576306444,282.6328362745029,282.6328362745029
1241,H6-H7,H6-H7,H6-H7__CPT30,Quaternary,MASW,12.35,294.0,5.0,312.9861181721431,312.5439398657887,309.0893132041339,311.48454110140506,311.48454110140506
1242,H6-H7,H6-H7,H6-H7__CPT30,Tertiary,MASW,13.5,304.0,5.0,307.5424058343494,302.57207665297227,305.9913412747937,305.50168113373263,304.09474128161804
1243,H6-H7,H6-H7,H6-H7__CPT30,Tertiary,MASW,14.5,317.0,5.0,326.7371329508899,307.5137978300948,309.86624396803376,314.948720755385,311.3283241079448
1244,H6-H7,H6-H7,H6-H7__CPT30,Tertiary,MASW,15.5,331.0,5.0,328.9677578305187,326.6830593251882,328.8592210622734,328.24276302618347,328.9480342706797
1245,H6-H7,H6-H7,H6-H7__CPT30,Tertiary,MASW,16.5,349.0,5.0,336.9580377826859,321.7448709585517,323.35333989803314,327.56093324028257,324.52715002680907
1246,H6-H7,H6-H7,H6-H7__CPT30,Tertiary,MASW,17.5,365.0,5.0,349.9518086922819,312.6553834728123,314.64436975768604,325.95650000908256,318.6204747442233
1247,H6-H7,H6-H7,H6-H7__CPT30,Tertiary,MASW,18.5,382.0,5.0,352.90715410616616,331.6519490108042,328.9756065190051,337.9817277384232,332.66493740523623
1248,H6-H7,H6-H7,H6-H7__CPT30,Tertiary,MASW,19.5,396.0,5.0,371.8948913760717,359.49187398563083,343.04830714720356,357.8723506971848,356.0048487923543
1249,H6-H7,H6-H7,H6-H7__CPT30,Tertiary,MASW,20.5,414.0,5.0,387.2357681423259,382.89491946127436,364.5489489067014,377.8590615793239,374.6824798105324
1250,H6-H7,H6-H7,H6-H7__CPT30,Tertiary,MASW,21.75,427.0,5.0,417.1106160389124,438.1133697171234,412.9984208444212,421.838121177954,417.6157453215021
1251,H6-H7,H6-H7,H6-H7__CPT31,Quaternary,MASW,2.25,200.0,5.0,208.06824285761883,198.24783045528338,192.60577316863223,199.60380597903082,199.60380597903082
1252,H6-H7,H6-H7,H6-H7__CPT31,Quaternary,MASW,3.5,226.0,5.0,215.2349881896723,211.52915728841066,216.88769406722378,214.69048422895568,214.69048422895568
1253,H6-H7,H6-H7,H6-H7__CPT31,Quaternary,MASW,4.65,238.0,5.0,218.9341517979436,215.0113547547197,217.56036672495563,217.27065418758755,217.27065418758755
1254,H6-H7,H6-H7,H6-H7__CPT31,Quaternary,MASW,5.65,239.0,5.0,284.7659151807506,278.1236271982248,269.30764101713777,277.28680511162173,277.28680511162173
1255,H6-H7,H6-H7,H6-H7__CPT31,Quaternary,MASW,6.65,236.0,5.0,295.60658562131937,294.98466441820375,296.33549107477654,295.6746234378186,295.6746234378186
1256,H6-H7,H6-H7,H6-H7__CPT31,Quaternary,MASW,7.65,237.0,5.0,284.8256813792788,307.4291329008007,310.7400481345419,300.4451770621001,300.4451770621001
1257,H6-H7,H6-H7,H6-H7__CPT31,Quaternary,MASW,8.5,245.0,5.0,272.4020411378269,284.6842454774481,282.9865332963853,279.73749038839884,279.73749038839884
1258,H6-H7,H6-H7,H6-H7__CPT31,Quaternary,MASW,9.5,250.0,5.0,277.21702440022875,285.6061708604983,285.74599207701493,282.6898997423749,282.6898997423749
1259,H6-H7,H6-H7,H6-H7__CPT31,Quaternary,MASW,10.5,260.0,5.0,281.8900099956313,273.1869375516848,279.0541575487453,278.2638840151821,278.2638840151821
1260,H6-H7,H6-H7,H6-H7__CPT31,Quaternary,MASW,11.35,273.0,5.0,292.91288471192235,283.95475804420676,287.49647855784616,288.30660829645973,288.30660829645973
1261,H6-H7,H6-H7,H6-H7__CPT31,Quaternary,MASW,12.4,292.0,5.0,320.743595897851,318.8174144879669,310.5821887907809,316.57724815358324,316.57724815358324
1262,H6-H7,H6-H7,H6-H7__CPT31,Tertiary,MASW,13.55,309.0,5.0,310.0323010437062,307.6106289219713,309.043797038244,308.9582826727801,307.9445294473501
1263,H6-H7,H6-H7,H6-H7__CPT31,Tertiary,MASW,14.5,323.0,5.0,337.7331058719576,306.677887348561,313.0789104986648,319.50991931286393,314.8523480858572
1264,H6-H7,H6-H7,H6-H7__CPT31,Tertiary,MASW,15.75,350.0,5.0,353.64504007735997,320.8464756058423,321.62349901264565,332.24584026620363,326.09429662519864
1265,H6-H7,H6-H7,H6-H7__CPT31,Tertiary,MASW,17.25,373.0,5.0,362.261679018848,335.7407757358339,322.81786343875484,340.090273139496,336.6773227210989
1266,H6-H7,H6-H7,H6-H7__CPT31,Tertiary,MASW,18.5,390.0,5.0,398.4108569524254,365.3898891517279,355.4381093454607,373.0012282485237,373.55474590234877
1267,H6-H7,H6-H7,H6-H7__CPT31,Tertiary,MASW,19.5,402.0,5.0,390.4185902174341,366.0180854919845,359.67935936377745,372.09759689265417,369.8251769117185
1268,H6-H7,H6-H7,H6-H7__CPT31,Tertiary,MASW,20.5,421.0,5.0,430.283475687841,421.26466666682177,402.0865067147612,417.5345987734104,416.00323947184796
1269,H6-H7,H6-H7,H6-H7__CPT31,Tertiary,MASW,21.5,436.0,5.0,425.46312633692474,433.8300072697051,405.02751504949674,420.64636032641795,424.3065888849011
1270,H6-H7,H6-H7,H6-H7__CPT31,Tertiary,MASW,22.5,445.0,5.0,417.86612315914044,400.87537337525237,386.58819221609457,401.6084346227695,401.61894564331374
1271,H6-H7,H6-H7,H6-H7__CPT33,Quaternary,MASW,1.5,243.0,5.0,184.1152697595234,182.57858031372788,181.73704106303313,182.81910951923663,182.81910951923663
1272,H6-H7,H6-H7,H6-H7__CPT33,Quaternary,MASW,2.5,254.0,5.0,198.26378830038146,204.00443158237877,198.68991762901686,200.11913221351784,200.11913221351784
1273,H6-H7,H6-H7,H6-H7__CPT33,Quaternary,MASW,3.65,259.0,5.0,195.87099523978813,205.36082816370086,203.26345490242184,201.26376083633158,201.26376083633158
1274,H6-H7,H6-H7,H6-H7__CPT33,Quaternary,MASW,4.65,262.0,5.0,241.77809600157462,260.7089143592489,257.4924520151432,252.81932878823153,252.81932878823153
1275,H6-H7,H6-H7,H6-H7__CPT33,Quaternary,MASW,5.65,275.0,5.0,288.9131686929054,278.61535713381244,275.37211109383173,281.02313044883533,281.02313044883533
1276,H6-H7,H6-H7,H6-H7__CPT33,Quaternary,MASW,6.9,288.0,5.0,288.17484806864314,285.6574489144854,292.58978424560763,288.95086377090973,288.95086377090973
1277,H6-H7,H6-H7,H6-H7__CPT33,Quaternary,MASW,8.0,302.0,5.0,268.30082991191256,298.1514604106217,288.1143174407294,283.9203240825178,283.9203240825178
1278,H6-H7,H6-H7,H6-H7__CPT33,Quaternary,MASW,9.3,313.0,5.0,281.20500751943314,302.4055618744091,299.40524345148737,293.78241089806363,293.78241089806363
1182,H6-H7,H6-H7,H6-H7__CPT6,Quaternary,MASW,1.75,181.4,5.0,168.59043987603096,152.90457943410516,145.96379781137173,155.66948270337784,155.66948270337784
1183,H6-H7,H6-H7,H6-H7__CPT6,Quaternary,MASW,2.75,191.7,5.0,217.68361605810492,216.7098864093786,221.1674187731877,218.60245236321128,218.60245236321128
1184,H6-H7,H6-H7,H6-H7__CPT6,Quaternary,MASW,3.85,217.6,5.0,224.77729200398704,216.62879303989428,215.99192950967748,219.22058867127623,219.22058867127623
1185,H6-H7,H6-H7,H6-H7__CPT6,Quaternary,MASW,5.0,234.2,5.0,213.655232467418,219.17707625665287,217.79291069391758,216.74724404739052,216.74724404739052
1186,H6-H7,H6-H7,H6-H7__CPT6,Quaternary,MASW,6.0,249.1,5.0,231.28689137045646,236.24356857407176,243.54779077307091,237.00926472280827,237.00926472280827
1187,H6-H7,H6-H7,H6-H7__CPT6,Quaternary,MASW,7.35,256.2,5.0,215.85747777715756,230.6171945075805,234.1017158781537,226.5257613074782,226.5257613074782
1188,H6-H7,H6-H7,H6-H7__CPT6,Quaternary,MASW,8.6,261.1,5.0,200.53503062721697,232.82791791659673,230.62937822899482,220.240519719678,220.240519719678
1189,H6-H7,H6-H7,H6-H7__CPT6,Quaternary,MASW,9.5,266.2,5.0,221.62431398517447,239.9245103478291,237.59985895965963,232.55979670873916,232.55979670873916
1190,H6-H7,H6-H7,H6-H7__CPT6,Quaternary,MASW,10.9,276.4,5.0,241.66556608611072,255.2230120365474,258.50951283853965,251.51732476260364,251.51732476260364
1191,H6-H7,H6-H7,H6-H7__CPT6,Quaternary,MASW,12.5,295.0,5.0,294.89877274614537,343.0539244180275,326.13114331961316,319.65503600686645,319.65503600686645
1192,H6-H7,H6-H7,H6-H7__CPT6,Tertiary,MASW,13.9,323.4,5.0,346.6481248541415,352.373420256202,348.9266264964418,349.15557509750465,353.3788796017429
1193,H6-H7,H6-H7,H6-H7__CPT6,Tertiary,MASW,15.3,359.1,5.0,365.0679227581809,428.1477372763975,402.5098790949413,396.26039900416777,410.1025769619114
1194,H6-H7,H6-H7,H6-H7__CPT6,Tertiary,MASW,16.75,383.3,5.0,413.33577058289217,612.4760574111517,585.4528801919965,525.3575321626223,536.6862907608089
1195,H6-H7,H6-H7,H6-H7__CPT6,Tertiary,MASW,18.25,414.7,5.0,417.7291220683889,593.2026287891691,562.2632130276206,514.9356598485255,530.5640043888001
1196,H6-H7,H6-H7,H6-H7__CPT6,Tertiary,MASW,19.5,431.8,5.0,481.43408398850636,654.50773512675,631.4014677554285,580.4559700710219,591.7192423096608
1197,H6-H7,H6-H7,H6-H7__CPT6,Tertiary,MASW,20.5,448.1,5.0,477.0822538698972,618.0274545223178,592.8187144246683,556.3302039921743,566.5702568698646
1198,H6-H7,H6-H7,H6-H7__CPT6,Tertiary,MASW,21.75,464.6,5.0,484.42839236626406,624.6624080176244,598.6051358889758,563.0190907403386,573.0260239664104
0,Hungaria krt,Hungaria krt,Hungaria krt__CPT4,Quaternary,SCPT,1.5,162.4,5.0,195.64912654670385,162.62660838410997,169.4352804451294,176.00544239231337,176.00544239231337
21,Hungaria krt,Hungaria krt,Hungaria krt__CPT4,Quaternary,MASW,1.8,226.755552052112,5.0,208.43621915800915,184.49485742893805,188.36029321050265,193.94659984163113,193.94659984163113
1,Hungaria krt,Hungaria krt,Hungaria krt__CPT4,Quaternary,SCPT,2.5,288.5,5.0,215.35241153581808,198.67150905026315,209.21663597367709,208.0902639665802,208.0902639665802
22,Hungaria krt,Hungaria krt,Hungaria krt__CPT4,Quaternary,MASW,3.05,253.7146866871708,5.0,222.3573679019409,199.82446421068678,205.9999319095118,209.66025401340272,209.66025401340272
2,Hungaria krt,Hungaria krt,Hungaria krt__CPT4,Quaternary,SCPT,3.5,350.1,5.0,227.82541902411296,230.56942445509176,219.2902123476787,225.60982761139994,225.60982761139994
3,Hungaria krt,Hungaria krt,Hungaria krt__CPT4,Quaternary,SCPT,4.5,433.7,5.0,267.29396989180435,280.8118361272123,272.89454921127276,273.25557459821744,273.25557459821744
23,Hungaria krt,Hungaria krt,Hungaria krt__CPT4,Quaternary,MASW,4.5,309.832496723211,5.0,267.29396989180435,290.26937405502474,290.68098147216244,282.1515157066479,282.1515157066479
4,Hungaria krt,Hungaria krt,Hungaria krt__CPT4,Quaternary,SCPT,5.5,462.7,5.0,287.28194169686407,300.7896427845255,292.20541416090134,293.00677912323687,293.00677912323687
24,Hungaria krt,Hungaria krt,Hungaria krt__CPT4,Quaternary,MASW,5.85,338.34076859735893,5.0,290.954542322541,301.3121439177805,295.82666806641225,295.73781032297654,295.73781032297654
5,Hungaria krt,Hungaria krt,Hungaria krt__CPT4,Quaternary,SCPT,6.5,333.9,5.0,290.7671867360142,300.72994863809436,296.43363732362434,295.7117021709135,295.7117021709135
25,Hungaria krt,Hungaria krt,Hungaria krt__CPT4,Quaternary,MASW,7.25,293.18947731215565,5.0,266.67252954494325,284.7818500129091,282.44579783080303,277.5066415216079,277.5066415216079
6,Hungaria krt,Hungaria krt,Hungaria krt__CPT4,Quaternary,SCPT,7.5,343.2,5.0,269.49828994648686,288.71506089358564,282.43268861763994,279.6763047297043,279.6763047297043
26,Hungaria krt,Hungaria krt,Hungaria krt__CPT4,Quaternary,MASW,8.4,160.45082839849806,5.0,277.12255812003644,278.19815808271017,275.56467864549546,276.897908416497,276.897908416497
7,Hungaria krt,Hungaria krt,Hungaria krt__CPT4,Quaternary,SCPT,8.5,227.5,5.0,274.6571769075922,272.7699958631277,272.58874363278187,273.3654243739942,273.3654243739942
8,Hungaria krt,Hungaria krt,Hungaria krt__CPT4,Quaternary,SCPT,9.5,242.8,5.0,260.25790554405353,271.96586033506287,264.69549417631384,265.28151241919613,265.28151241919613
27,Hungaria krt,Hungaria krt,Hungaria krt__CPT4,Quaternary,MASW,10.25,185.96619822180912,5.0,260.27940876296816,282.38200842731464,273.5746480890648,271.41358912947413,271.41358912947413
9,Hungaria krt,Hungaria krt,Hungaria krt__CPT4,Tertiary,SCPT,10.5,233.1,5.0,274.1306181097405,267.5337147492593,272.3233191656068,271.5053476070929,273.4759895758381
10,Hungaria krt,Hungaria krt,Hungaria krt__CPT4,Tertiary,SCPT,11.5,247.4,5.0,280.2977627418577,286.5226206113552,277.4531270041731,281.1453557142569,282.1159223410063
11,Hungaria krt,Hungaria krt,Hungaria krt__CPT4,Tertiary,SCPT,12.5,278.2,5.0,284.42202586310634,303.47272767500937,293.6488914551532,293.26683848856493,294.9222926643801
28,Hungaria krt,Hungaria krt,Hungaria krt__CPT4,Tertiary,MASW,12.5,257.62484692640925,5.0,284.75443262031126,299.06015316997264,289.5456354431035,290.6653052359034,287.74584282157326
12,Hungaria krt,Hungaria krt,Hungaria krt__CPT4,Tertiary,SCPT,13.5,206.7,5.0,301.3721576233815,321.6200103346656,304.1832225906035,308.30910665940513,308.54395146361264
13,Hungaria krt,Hungaria krt,Hungaria krt__CPT4,Tertiary,SCPT,14.5,238.6,5.0,317.5670647739584,351.3282069320744,349.1751647917228,338.39309016700895,346.543548189381
29,Hungaria krt,Hungaria krt,Hungaria krt__CPT4,Tertiary,MASW,14.5,281.53442457121537,5.0,317.1647659322888,345.15978873037903,353.6699635021524,337.9598804698631,346.421972212333
14,Hungaria krt,Hungaria krt,Hungaria krt__CPT4,Tertiary,SCPT,15.5,342.0,5.0,319.1150281241127,343.59462827852184,345.9092485214067,335.60792714712795,343.1961230003828
30,Hungaria krt,Hungaria krt,Hungaria krt__CPT4,Tertiary,MASW,16.25,270.888556241701,5.0,306.131768725344,316.7402571589951,299.9396174192345,307.07238445721754,305.8064144369377
15,Hungaria krt,Hungaria krt,Hungaria krt__CPT4,Tertiary,SCPT,16.5,266.7,5.0,301.96941941524335,296.9403774373537,286.25321236138444,294.88348020443067,295.18823490855505
16,Hungaria krt,Hungaria krt,Hungaria krt__CPT4,Tertiary,SCPT,17.5,185.1,5.0,282.49452278501957,282.5157600808343,274.67086959018025,279.73752361177657,278.88786333908547
17,Hungaria krt,Hungaria krt,Hungaria krt__CPT4,Tertiary,SCPT,18.5,209.6,5.0,279.9437430776636,292.52138865652023,291.87775405303915,287.8342062447267,290.20378935335316
31,Hungaria krt,Hungaria krt,Hungaria krt__CPT4,Tertiary,MASW,18.75,244.4248801792452,5.0,284.7847456539963,280.3638797619256,283.858001616654,283.1280323224131,283.63176707802205
18,Hungaria krt,Hungaria krt,Hungaria krt__CPT4,Tertiary,SCPT,19.5,268.3,5.0,285.56995032495297,287.1580516914096,292.2177973910976,288.3586665362917,287.6211467022744
19,Hungaria krt,Hungaria krt,Hungaria krt__CPT4,Tertiary,SCPT,20.5,241.8,5.0,304.4431860027435,306.90607005682716,315.3209954656987,308.9529489686076,308.95840050237217
20,Hungaria krt,Hungaria krt,Hungaria krt__CPT4,Tertiary,SCPT,21.5,230.6,5.0,316.3614093147144,361.3623427162359,358.6724118540865,344.02609360471484,352.6621311310191
32,Hungaria krt,Hungaria krt,Hungaria krt__CPT4,Tertiary,MASW,21.5,379.2784974614476,5.0,314.3612632907958,360.3539742599122,353.35629381873747,341.1877615951775,349.872760342008
33,Hungaria krt,Hungaria krt,Hungaria krt__CPT5,Quaternary,SCPT,1.5,130.3,5.0,195.3296764908086,160.16245602921225,171.8636474259596,175.97521534137923,175.97521534137923
51,Hungaria krt,Hungaria krt,Hungaria krt__CPT5,Quaternary,MASW,1.5,262.2764591222678,5.0,195.3296764908086,159.111350390127,169.40485177333332,174.74440318742222,174.74440318742222
34,Hungaria krt,Hungaria krt,Hungaria krt__CPT5,Quaternary,SCPT,2.5,151.8,5.0,213.1425523549654,200.3313583395496,207.00618011879433,207.08726692122062,207.08726692122062
52,Hungaria krt,Hungaria krt,Hungaria krt__CPT5,Quaternary,MASW,2.6,290.34645849246823,5.0,216.26074425782227,197.96866471658265,211.9427296095624,209.12098312027194,209.12098312027194
35,Hungaria krt,Hungaria krt,Hungaria krt__CPT5,Quaternary,SCPT,3.5,291.8,5.0,257.09737558303067,267.8014656384373,268.0267668044023,264.08298402371855,264.08298402371855
53,Hungaria krt,Hungaria krt,Hungaria krt__CPT5,Quaternary,MASW,3.8,355.89919580552174,5.0,268.04508310519657,291.7474812808743,294.1573901217213,284.0388840445303,284.0388840445303
36,Hungaria krt,Hungaria krt,Hungaria krt__CPT5,Quaternary,SCPT,4.5,433.5,5.0,290.6183981372021,308.924619833431,307.6760852962896,301.9615544044273,301.9615544044273
54,Hungaria krt,Hungaria krt,Hungaria krt__CPT5,Quaternary,MASW,4.95,374.2177132653614,5.0,293.1225226374142,313.7747937276751,307.66172959261786,304.2834622660704,304.2834622660704
37,Hungaria krt,Hungaria krt,Hungaria krt__CPT5,Quaternary,SCPT,5.5,594.0,5.0,283.9619022065283,299.5365497246704,290.9843696915526,291.0250384173852,291.0250384173852
55,Hungaria krt,Hungaria krt,Hungaria krt__CPT5,Quaternary,MASW,6.2,338.7293209269103,5.0,277.55278455317034,295.83649405825884,288.1335906362304,286.6449811489326,286.6449811489326
38,Hungaria krt,Hungaria krt,Hungaria krt__CPT5,Quaternary,SCPT,6.5,361.6,5.0,274.8597880075739,296.97130164773864,288.98893236527584,286.29363385319044,286.29363385319044
56,Hungaria krt,Hungaria krt,Hungaria krt__CPT5,Quaternary,MASW,7.15,307.6345446313491,5.0,270.49468020666615,284.4954882661411,284.76365114919474,279.60682201110166,279.60682201110166
39,Hungaria krt,Hungaria krt,Hungaria krt__CPT5,Quaternary,SCPT,7.5,202.8,5.0,289.7805228926497,295.7337532697765,290.28134141497816,291.7300578358042,291.7300578358042
57,Hungaria krt,Hungaria krt,Hungaria krt__CPT5,Quaternary,MASW,7.7,469.3785994440153,5.0,300.84393100727453,311.8931543006782,299.01506379009095,303.46860317290384,303.46860317290384
40,Hungaria krt,Hungaria krt,Hungaria krt__CPT5,Tertiary,SCPT,8.5,239.5,5.0,273.4912295575398,283.787285566149,277.603704445319,277.9885521046696,287.29895647242245
58,Hungaria krt,Hungaria krt,Hungaria krt__CPT5,Tertiary,MASW,9.0,236.95193333557484,5.0,279.31181722467085,289.28953381388186,282.5722067138636,283.4173155737015,296.2492592935523
41,Hungaria krt,Hungaria krt,Hungaria krt__CPT5,Tertiary,SCPT,9.5,230.7,5.0,285.3605251502477,287.8343051102304,284.2817984978973,285.7214191090063,299.11512472296505
42,Hungaria krt,Hungaria krt,Hungaria krt__CPT5,Tertiary,SCPT,10.5,291.4,5.0,299.90424636380925,308.6916598640603,310.58232654385,306.2409354235697,315.6946989980565
59,Hungaria krt,Hungaria krt,Hungaria krt__CPT5,Tertiary,MASW,11.0,232.340247034248,5.0,307.4568771020323,317.5827017488846,312.4133763748163,312.2028713326187,321.5702419676077
43,Hungaria krt,Hungaria krt,Hungaria krt__CPT5,Tertiary,SCPT,11.5,361.5,5.0,315.00051855939006,325.01407763395304,315.6331787879832,318.1951259955812,324.79591158031377
44,Hungaria krt,Hungaria krt,Hungaria krt__CPT5,Tertiary,SCPT,12.5,394.1,5.0,329.1937163301476,345.73883178062965,333.8525165639315,335.7195365676813,340.49438985653063
60,Hungaria krt,Hungaria krt,Hungaria krt__CPT5,Tertiary,MASW,13.0,242.56775610640275,5.0,332.2504766678497,340.21507205953026,336.3853013993249,336.0717311373526,340.48290784574266
45,Hungaria krt,Hungaria krt,Hungaria krt__CPT5,Tertiary,SCPT,13.5,339.5,5.0,335.91833416109614,353.06272900173497,345.7075174426189,344.41768880801055,349.94764144784375
46,Hungaria krt,Hungaria krt,Hungaria krt__CPT5,Tertiary,SCPT,14.5,280.7,5.0,320.70087135643445,351.6980912329264,356.40801766337853,342.1114937422184,350.9551426592323
61,Hungaria krt,Hungaria krt,Hungaria krt__CPT5,Tertiary,MASW,15.0,301.8585277306017,5.0,320.4419604871002,350.19903822330787,351.4971647828484,339.92210457027795,348.06535585265885
47,Hungaria krt,Hungaria krt,Hungaria krt__CPT5,Tertiary,SCPT,15.5,342.0,5.0,320.5285226762127,340.7480490093355,335.58807087431114,331.75359072691623,339.18165454184094
48,Hungaria krt,Hungaria krt,Hungaria krt__CPT5,Tertiary,SCPT,16.5,282.4,5.0,321.7510291231714,333.3051255017668,330.48687531396234,328.2377706007,332.10941635534647
62,Hungaria krt,Hungaria krt,Hungaria krt__CPT5,Tertiary,MASW,17.0,349.3932717135017,5.0,333.9602542439967,333.8323904405373,332.8076441390225,333.5180694557888,335.72156395516316
49,Hungaria krt,Hungaria krt,Hungaria krt__CPT5,Tertiary,SCPT,17.5,253.3,5.0,346.3061782946269,335.90292216329937,332.2514278969646,338.21169276999024,338.4782559544899
50,Hungaria krt,Hungaria krt,Hungaria krt__CPT5,Tertiary,SCPT,18.5,321.4,5.0,367.25507151832545,355.6726188284426,361.5334671485978,361.7477491623189,357.97651322669685
63,Hungaria krt,Hungaria krt,Hungaria krt__CPT5,Tertiary,MASW,18.81,368.9090098180544,5.0,365.10963210781995,355.3225191730362,371.7826204687518,364.4484863717672,360.1818825070182
326,Lang,Lang,Lang__CPT10,Quaternary,MASW,2.0,187.0,3.0,149.22227064580574,178.40900089993787,179.925232748569,163.16432274838257,163.16432274838257
327,Lang,Lang,Lang__CPT10,Quaternary,MASW,3.0,193.0,3.0,219.87696303696805,227.9920620409438,222.98010240150788,223.89774942615819,223.89774942615819
328,Lang,Lang,Lang__CPT10,Quaternary,MASW,4.0,200.0,3.0,211.9500406717647,202.88632079840042,205.39696618048157,207.36866673865083,207.36866673865083
329,Lang,Lang,Lang__CPT10,Quaternary,MASW,5.0,210.0,3.0,236.68692965527984,229.38286459058475,235.71871967707781,233.00627874690042,233.00627874690042
330,Lang,Lang,Lang__CPT10,Quaternary,MASW,6.25,221.0,3.0,231.22387920037346,229.66342423067798,236.11321321393288,230.4423308792429,230.4423308792429
331,Lang,Lang,Lang__CPT10,Quaternary,MASW,7.5,238.0,3.0,255.47817118177554,265.6185135770096,266.99781830205075,260.49900591110895,260.49900591110895
332,Lang,Lang,Lang__CPT10,Quaternary,MASW,8.6,259.0,3.0,298.9713837314563,307.95767222425036,306.73366336858436,303.4312630491499,303.4312630491499
333,Lang,Lang,Lang__CPT10,Quaternary,MASW,10.35,268.0,3.0,306.0654974540723,291.1676143848846,291.5195120915103,298.5236351433924,298.5236351433924
334,Lang,Lang,Lang__CPT10,Quaternary,MASW,12.25,285.0,3.0,312.85140344607595,305.1535077509451,298.8262063304995,308.97848333885014,308.97848333885014
335,Lang,Lang,Lang__CPT10,Tertiary,MASW,13.5,294.0,3.0,316.30997301382916,285.7500688810597,287.32782608620613,300.6419740762553,300.6419740762553
336,Lang,Lang,Lang__CPT10,Tertiary,MASW,14.5,300.0,3.0,341.64543771704354,337.28875014790685,331.51483760858855,339.46010469761563,339.46010469761563
337,Lang,Lang,Lang__CPT10,Tertiary,MASW,15.75,313.0,3.0,350.3018728377016,377.854219270265,364.7055710176539,363.81731771591257,363.81731771591257
338,Lang,Lang,Lang__CPT10,Tertiary,MASW,17.0,320.0,3.0,392.0452994932147,435.7154564857409,412.9073699547193,413.3040002610368,418.45477182343143
339,Lang,Lang,Lang__CPT10,Tertiary,MASW,18.0,329.0,3.0,395.28458404414044,429.5585854810283,416.0105559184994,412.06539139371733,416.3693305562456
340,Lang,Lang,Lang__CPT10,Tertiary,MASW,19.0,337.0,3.0,386.9470130646264,418.19435442930353,407.08707221586474,402.2673940638348,409.6613009194959
341,Lang,Lang,Lang__CPT10,Tertiary,MASW,20.0,348.0,3.0,414.3794358804134,439.99942581871835,426.41165611772715,426.99732301089017,430.78010686655256
342,Lang,Lang,Lang__CPT10,Tertiary,MASW,21.14,360.0,3.0,421.3175990981844,446.16027037271493,442.2323195233746,433.5610382938359,436.150500743004
312,Lang,Lang,Lang__CPT11,Quaternary,MASW,2.0,189.0,3.0,151.84342464119618,176.17394157097965,175.48535934611186,163.55688496873358,163.55688496873358
313,Lang,Lang,Lang__CPT11,Quaternary,MASW,3.0,196.0,3.0,185.8582326802737,213.00291284474218,210.41060069534467,198.9682008188096,198.9682008188096
314,Lang,Lang,Lang__CPT11,Quaternary,MASW,4.0,204.0,3.0,216.47614918209987,215.53975211137427,219.84760141552664,216.0074432345671,216.0074432345671
315,Lang,Lang,Lang__CPT11,Quaternary,MASW,5.0,212.0,3.0,230.4211636671488,213.701480641235,219.93030218029938,221.9039067856762,221.9039067856762
316,Lang,Lang,Lang__CPT11,Quaternary,MASW,6.0,225.0,3.0,243.2984650466309,236.27443910496714,237.32631249927,239.76073148869096,239.76073148869096
317,Lang,Lang,Lang__CPT11,Quaternary,MASW,7.25,236.0,3.0,242.8370066168653,247.5360812183159,243.67835109114512,245.17528626010633,245.17528626010633
318,Lang,Lang,Lang__CPT11,Quaternary,MASW,8.6,255.0,3.0,280.44404496724775,288.9676281337997,280.1738803269348,284.6739371604542,284.6739371604542
319,Lang,Lang,Lang__CPT11,Quaternary,MASW,9.5,265.0,3.0,287.74789621469256,270.8687364732629,281.0403251391055,279.1807820579943,279.1807820579943
320,Lang,Lang,Lang__CPT11,Quaternary,MASW,10.15,271.0,3.0,300.0704885427328,290.85426073110807,298.8433515020843,295.42643773419985,295.42643773419985
321,Lang,Lang,Lang__CPT11,Quaternary,MASW,11.0,283.0,3.0,279.8907317236903,289.3738652014878,272.99227712515864,284.59280186427225,284.59280186427225
322,Lang,Lang,Lang__CPT11,Tertiary,MASW,12.0,293.0,3.0,309.82191314347705,279.54377779111354,284.61997626235734,294.2937105046554,294.2937105046554
323,Lang,Lang,Lang__CPT11,Tertiary,MASW,13.0,301.0,3.0,326.4251479578311,318.87861870534147,320.80348863226186,322.6298192843927,322.6298192843927
324,Lang,Lang,Lang__CPT11,Tertiary,MASW,14.0,308.0,3.0,362.5930526429799,353.9328870372836,355.6446017692193,358.23680148972903,358.23680148972903
325,Lang,Lang,Lang__CPT11,Tertiary,MASW,15.24,312.0,3.0,350.98728875527667,376.0068241186294,365.3995262665565,363.28173054928016,363.28173054928016
292,Lang,Lang,Lang__CPT12,Quaternary,MASW,2.0,190.0,3.0,148.38899665614707,177.96150537016783,173.95520233610594,162.50393603016738,162.50393603016738
293,Lang,Lang,Lang__CPT12,Quaternary,MASW,3.0,197.0,3.0,164.70729281868134,192.09476682761255,184.01760472709918,177.87470030561371,177.87470030561371
294,Lang,Lang,Lang__CPT12,Quaternary,MASW,4.0,200.0,3.0,162.49906512145054,202.6261866385046,197.21872520367123,181.4567879630894,181.4567879630894
295,Lang,Lang,Lang__CPT12,Quaternary,MASW,5.0,208.0,3.0,180.80308403383674,214.49209020854943,213.20058379120192,196.92849314045353,196.92849314045353
296,Lang,Lang,Lang__CPT12,Quaternary,MASW,6.0,218.0,3.0,172.3977053249579,214.7668553999948,211.73561822326724,192.41962750929574,192.41962750929574
297,Lang,Lang,Lang__CPT12,Quaternary,MASW,7.0,228.0,3.0,147.65997582601383,215.3360486487912,213.98049407068103,178.315775347976,178.315775347976
298,Lang,Lang,Lang__CPT12,Quaternary,MASW,8.0,239.0,3.0,167.10262407839727,220.40425073156374,222.61049125064153,191.91177310232248,191.91177310232248
299,Lang,Lang,Lang__CPT12,Quaternary,MASW,9.0,250.0,3.0,162.01247858916494,217.48275384751477,219.6292900056516,187.709669439891,187.709669439891
300,Lang,Lang,Lang__CPT12,Quaternary,MASW,10.0,260.0,3.0,243.311885656615,250.2614389034752,243.7526584601417,246.76219849633026,246.76219849633026
301,Lang,Lang,Lang__CPT12,Tertiary,MASW,11.0,270.0,3.0,291.5719889627254,271.8510909966026,276.36009557453553,281.53891969595645,281.53891969595645
302,Lang,Lang,Lang__CPT12,Tertiary,MASW,12.0,280.0,3.0,311.71576168744286,283.85694117220163,284.14880991453003,297.46038833390975,297.46038833390975
303,Lang,Lang,Lang__CPT12,Tertiary,MASW,13.0,290.0,3.0,326.69328592344596,320.4571634407801,322.64322995685865,323.5602010788335,323.5602010788335
304,Lang,Lang,Lang__CPT12,Tertiary,MASW,14.0,297.0,3.0,382.2759205167829,394.2706410117813,380.28442251743235,388.22695968404975,402.88356376033533
305,Lang,Lang,Lang__CPT12,Tertiary,MASW,15.0,304.0,3.0,347.36080473251735,367.4579495264764,359.0306456467242,357.2680912884295,357.2680912884295
306,Lang,Lang,Lang__CPT12,Tertiary,MASW,16.0,310.0,3.0,359.8985063290188,389.1951282853699,376.92610937033123,374.26026417512634,374.26026417512634
307,Lang,Lang,Lang__CPT12,Tertiary,MASW,17.0,318.0,3.0,359.44353697547956,390.98513937815653,378.46321721535026,374.8827568759804,374.8827568759804
308,Lang,Lang,Lang__CPT12,Tertiary,MASW,18.0,325.0,3.0,385.3935404923834,406.66083473271385,401.5470551464281,395.8844009016124,402.12152649451707
309,Lang,Lang,Lang__CPT12,Tertiary,MASW,19.0,335.0,3.0,430.09836110388466,446.4539219517887,427.1346501644139,438.19984041515346,435.3739255080162
310,Lang,Lang,Lang__CPT12,Tertiary,MASW,20.0,348.0,3.0,379.9085946072583,414.63974151845844,409.0565214485521,396.8944462556695,405.2014403976649
311,Lang,Lang,Lang__CPT12,Tertiary,MASW,21.14,360.0,3.0,433.0998643409602,461.25106400779015,447.12037650142406,446.9538826869024,446.039223732247
432,Lang,Lang,Lang__CPT15,Quaternary,MASW,2.0,160.0,3.0,137.65596152614927,172.44096860881024,166.68535647313487,154.0698781084294,154.0698781084294
433,Lang,Lang,Lang__CPT15,Quaternary,MASW,3.0,173.0,3.0,155.29758875252062,184.57193600001418,184.90371321285957,169.30320910185588,169.30320910185588
434,Lang,Lang,Lang__CPT15,Quaternary,MASW,4.0,188.0,3.0,154.10540729571264,204.15596303554528,188.84831941128402,177.37400552347336,177.37400552347336
435,Lang,Lang,Lang__CPT15,Quaternary,MASW,5.0,197.0,3.0,185.0148851957615,228.6468827290731,222.36178520173488,205.6771177318669,205.6771177318669
436,Lang,Lang,Lang__CPT15,Quaternary,MASW,6.0,208.0,3.0,178.19772318117697,216.98638333191616,215.2467390556136,196.63794006006466,196.63794006006466
437,Lang,Lang,Lang__CPT15,Quaternary,MASW,7.0,218.0,3.0,178.5672050782108,202.77701805208886,206.75796499016658,190.28748084846632,190.28748084846632
438,Lang,Lang,Lang__CPT15,Quaternary,MASW,8.15,230.0,3.0,216.28371903516307,225.04670942907072,222.13077890557824,220.62171079008775,220.62171079008775
439,Lang,Lang,Lang__CPT15,Quaternary,MASW,9.25,240.0,3.0,267.1846662005729,261.3792576890995,259.85152197892603,264.2660207393595,264.2660207393595
440,Lang,Lang,Lang__CPT15,Tertiary,MASW,10.1,250.0,3.0,235.40365549824097,233.5225814325955,242.32231365928433,234.46123199927678,234.46123199927678
441,Lang,Lang,Lang__CPT15,Tertiary,MASW,11.0,263.0,3.0,273.7648453270448,277.51214587810847,281.71966815541,275.6321274682917,275.6321274682917
442,Lang,Lang,Lang__CPT15,Tertiary,MASW,12.0,272.0,3.0,301.03083807925776,304.40715164099606,306.78385776186684,302.714287696846,302.714287696846
443,Lang,Lang,Lang__CPT15,Tertiary,MASW,13.0,281.0,3.0,329.33183405300923,318.6234885121512,315.7067790792094,323.9334157571194,323.9334157571194
444,Lang,Lang,Lang__CPT15,Tertiary,MASW,13.9,290.0,3.0,336.04201623086277,328.18058538001674,326.97334318074843,332.0880389278205,332.0880389278205
445,Lang,Lang,Lang__CPT15,Tertiary,MASW,14.9,298.0,3.0,380.14544024459093,414.64959201708905,404.7142442524489,397.02286043070154,413.18724789095154
446,Lang,Lang,Lang__CPT15,Tertiary,MASW,15.93,304.0,3.0,371.45497264247126,436.8598616084958,429.25173838746434,402.8321833498135,419.9369715825668
360,Lang,Lang,Lang__CPT19,Quaternary,MASW,2.0,180.0,3.0,176.94139741048951,177.68519141367918,190.9767233242303,177.3129044031672,177.3129044031672
361,Lang,Lang,Lang__CPT19,Quaternary,MASW,3.0,195.0,3.0,190.14496740139975,200.33998316149163,196.48903297737837,195.17591953783344,195.17591953783344
362,Lang,Lang,Lang__CPT19,Quaternary,MASW,4.0,210.0,3.0,205.07122075378302,206.59930996839887,204.28577916518952,205.8338473189207,205.8338473189207
363,Lang,Lang,Lang__CPT19,Quaternary,MASW,5.0,223.0,3.0,210.3606425750506,212.0519699133352,213.267100771749,211.20461323151653,211.20461323151653
364,Lang,Lang,Lang__CPT19,Quaternary,MASW,5.85,235.0,3.0,202.4369474585224,207.70623988040805,204.8655968563246,205.05466873367556,205.05466873367556
365,Lang,Lang,Lang__CPT19,Quaternary,MASW,6.85,247.0,3.0,272.54921904032057,282.2277443640356,280.0956561786622,277.346266096966,277.346266096966
366,Lang,Lang,Lang__CPT19,Quaternary,MASW,8.25,255.0,3.0,289.6891503728318,296.05138020368116,308.56998817011174,292.85298837114277,292.85298837114277
367,Lang,Lang,Lang__CPT19,Quaternary,MASW,9.4,268.0,3.0,264.07094483863153,265.7721261951992,264.38909062847466,264.9201700062461,264.9201700062461
368,Lang,Lang,Lang__CPT19,Quaternary,MASW,10.15,271.0,3.0,217.1784208059254,233.838484168243,228.79528118412736,225.35454891195423,225.35454891195423
369,Lang,Lang,Lang__CPT19,Quaternary,MASW,10.95,274.0,3.0,262.0910562647173,271.94953322523384,267.915470377012,266.9747935923882,266.9747935923882
370,Lang,Lang,Lang__CPT19,Quaternary,MASW,12.0,275.0,3.0,295.6804054843436,294.30896699572753,299.2082236464167,294.9938892570065,294.9938892570065
371,Lang,Lang,Lang__CPT19,Quaternary,MASW,13.05,277.0,3.0,309.87214308009766,300.3581519086158,306.0698032367019,305.07806250777884,305.07806250777884
372,Lang,Lang,Lang__CPT19,Tertiary,MASW,14.0,278.0,3.0,325.8646798126247,335.2992906744045,331.36391089703045,330.54832626563865,330.54832626563865
373,Lang,Lang,Lang__CPT19,Tertiary,MASW,15.0,283.0,3.0,350.75553508953647,375.3600853941122,376.3266482966271,362.8493180421672,362.8493180421672
374,Lang,Lang,Lang__CPT19,Tertiary,MASW,16.0,287.0,3.0,383.93202549696963,431.2936326373132,412.19185832251355,406.9243639331388,416.46671780698824
375,Lang,Lang,Lang__CPT19,Tertiary,MASW,17.05,292.0,3.0,373.00593547169893,415.48399091189583,405.46800525541016,393.67244595425575,404.1120938029287
343,Lang,Lang,Lang__CPT2,Quaternary,MASW,2.25,197.0,3.0,159.9792744699802,170.68586255390375,173.01809395268134,165.24587877964237,165.24587877964237
344,Lang,Lang,Lang__CPT2,Quaternary,MASW,3.25,210.0,3.0,220.18374522491837,225.33560587348674,214.86923656731096,222.74478138387536,222.74478138387536
345,Lang,Lang,Lang__CPT2,Quaternary,MASW,4.15,224.0,3.0,199.59109249691477,200.76508091136034,197.1956391266814,200.17722606313103,200.17722606313103
346,Lang,Lang,Lang__CPT2,Quaternary,MASW,5.3,233.0,3.0,230.21354855294,235.6800038978522,234.35051477398486,232.93074082287913,232.93074082287913
347,Lang,Lang,Lang__CPT2,Quaternary,MASW,6.15,240.0,3.0,206.7254469620862,221.43689279089767,215.4694161420828,213.95476306007745,213.95476306007745
348,Lang,Lang,Lang__CPT2,Quaternary,MASW,7.0,247.0,3.0,284.6781230323066,290.34215222916,296.3993516416882,287.49618942476,287.49618942476
349,Lang,Lang,Lang__CPT2,Quaternary,MASW,8.2,252.0,3.0,280.45079118746503,273.1639992347314,280.1541555167016,276.7834166082076,276.7834166082076
350,Lang,Lang,Lang__CPT2,Quaternary,MASW,9.35,258.0,3.0,254.78250785512085,278.3285019865242,278.28086910329205,266.2953881382206,266.2953881382206
351,Lang,Lang,Lang__CPT2,Quaternary,MASW,10.15,262.0,3.0,273.32245668388276,274.3636308917354,272.2399508079052,273.84254895840996,273.84254895840996
352,Lang,Lang,Lang__CPT2,Quaternary,MASW,11.0,267.0,3.0,242.58493426609826,249.7373544047725,252.20929233196898,246.13516551291696,246.13516551291696
353,Lang,Lang,Lang__CPT2,Quaternary,MASW,12.25,270.0,3.0,289.77222475596267,301.53810742304745,296.3155696549788,295.59663096300477,295.59663096300477
354,Lang,Lang,Lang__CPT2,Tertiary,MASW,13.85,278.0,3.0,258.2898805042722,262.3803912001261,268.9565681435265,260.3271017196342,260.3271017196342
355,Lang,Lang,Lang__CPT2,Tertiary,MASW,15.1,282.0,3.0,343.93119219740964,373.22016011614147,355.2160641731509,358.2765058175775,358.2765058175775
356,Lang,Lang,Lang__CPT2,Tertiary,MASW,16.0,287.0,3.0,359.0793718410602,394.1370729644538,384.22366453076216,376.20006988217096,391.1892639487852
357,Lang,Lang,Lang__CPT2,Tertiary,MASW,17.0,292.0,3.0,368.1827312901665,407.43854044984346,399.8663868453063,387.31361279420867,398.67136130747247
358,Lang,Lang,Lang__CPT2,Tertiary,MASW,18.0,297.0,3.0,369.6818714735407,407.7417127010376,403.5369780861,388.24569466916995,399.4142417311232
359,Lang,Lang,Lang__CPT2,Tertiary,MASW,19.24,303.0,3.0,391.1479641547051,419.30821116723115,418.51707967309943,404.98339861210826,410.6935525688976
395,Lang,Lang,Lang__CPT20,Quaternary,MASW,2.0,158.0,3.0,187.49437653980175,196.78844372413047,199.15317208540617,192.0852065264103,192.0852065264103
396,Lang,Lang,Lang__CPT20,Quaternary,MASW,3.0,177.0,3.0,187.87934938201872,199.21573462736242,196.71955690549095,193.46452545221243,193.46452545221243
397,Lang,Lang,Lang__CPT20,Quaternary,MASW,4.0,200.0,3.0,185.3437358824853,215.51864465827865,209.1555604937349,199.862529637987,199.862529637987
398,Lang,Lang,Lang__CPT20,Quaternary,MASW,5.0,225.0,3.0,206.10429761674354,219.71584683011156,219.96185115227576,212.80126946564053,212.80126946564053
399,Lang,Lang,Lang__CPT20,Quaternary,MASW,5.9,244.0,3.0,180.95995988988514,213.846227466877,211.2661844651202,196.71706775216364,196.71706775216364
400,Lang,Lang,Lang__CPT20,Quaternary,MASW,6.9,260.0,3.0,226.6911873711237,227.71238992733637,230.43884157881152,227.20121489935775,227.20121489935775
401,Lang,Lang,Lang__CPT20,Quaternary,MASW,8.2,274.0,3.0,225.48139664715941,228.9895478166451,224.54036699650658,227.22870210274633,227.22870210274633
402,Lang,Lang,Lang__CPT20,Quaternary,MASW,9.45,280.0,3.0,279.22786771591325,279.3268641854309,276.03292283921934,279.27736156421696,279.27736156421696
403,Lang,Lang,Lang__CPT20,Tertiary,MASW,10.5,283.5,3.0,315.2293861369118,295.5431079514225,302.4657468013677,305.227574928154,305.227574928154
404,Lang,Lang,Lang__CPT20,Tertiary,MASW,11.5,284.0,3.0,293.83502669689733,293.4469563161422,307.82372668968264,293.6409273982033,293.6409273982033
405,Lang,Lang,Lang__CPT20,Tertiary,MASW,12.75,285.0,3.0,341.167663150618,327.98809728433883,325.1985144745849,334.5129783606541,334.5129783606541
406,Lang,Lang,Lang__CPT20,Tertiary,MASW,14.1,285.0,3.0,329.2863232069537,336.36318143425643,334.72785844062196,332.80594236984376,332.80594236984376
407,Lang,Lang,Lang__CPT20,Tertiary,MASW,15.1,285.0,3.0,311.587717711903,306.401612224672,303.7234110523819,308.9837844553223,308.9837844553223
408,Lang,Lang,Lang__CPT20,Tertiary,MASW,16.0,287.0,3.0,305.1647094687012,278.71502069888055,287.31693275084825,291.64016924308794,291.64016924308794
409,Lang,Lang,Lang__CPT20,Tertiary,MASW,17.0,292.0,3.0,355.73288597122337,372.5899735894771,351.46979946974767,364.0638770723162,364.0638770723162
410,Lang,Lang,Lang__CPT20,Tertiary,MASW,18.0,298.0,3.0,399.3383121250958,426.1039590628098,412.00367558244625,412.5041039819643,419.692925130285
411,Lang,Lang,Lang__CPT20,Tertiary,MASW,19.14,309.0,3.0,384.59420029702744,425.42407831060984,420.78195839218455,404.49429314264637,413.0419695233107
412,Lang,Lang,Lang__CPT4,Quaternary,MASW,2.0,218.0,3.0,218.429743481653,210.25923850295422,204.54256088754653,214.30555646284114,214.30555646284114
413,Lang,Lang,Lang__CPT4,Quaternary,MASW,3.0,224.0,3.0,237.6910633855111,229.72531802210077,229.8648029943001,233.6742500303529,233.6742500303529
414,Lang,Lang,Lang__CPT4,Quaternary,MASW,4.0,228.0,3.0,198.913128035083,207.52151571278617,206.32238565044312,203.17173480829436,203.17173480829436
415,Lang,Lang,Lang__CPT4,Quaternary,MASW,5.15,235.0,3.0,199.2231020942407,213.24813993326848,215.76976752559406,206.11636507888574,206.11636507888574
416,Lang,Lang,Lang__CPT4,Quaternary,MASW,6.15,242.0,3.0,271.7188758085925,282.13702064972114,285.22548645144525,276.878952025841,276.878952025841
417,Lang,Lang,Lang__CPT4,Quaternary,MASW,7.0,250.0,3.0,289.96250694811016,287.6988429371053,296.1627440979933,288.82845729621874,288.82845729621874
418,Lang,Lang,Lang__CPT4,Quaternary,MASW,8.0,258.0,3.0,270.6267050218243,277.9767824392999,282.8873649910417,274.2771239168811,274.2771239168811
419,Lang,Lang,Lang__CPT4,Quaternary,MASW,8.9,266.0,3.0,257.5261025771079,285.1639137966196,278.25449914629854,270.9928990133834,270.9928990133834
420,Lang,Lang,Lang__CPT4,Quaternary,MASW,9.9,275.0,3.0,285.61894250454486,299.81133434881156,296.6129512780735,292.6291104240725,292.6291104240725
421,Lang,Lang,Lang__CPT4,Quaternary,MASW,11.0,281.0,3.0,302.7082922694756,309.42944117712403,304.0822907359088,306.0504169522163,306.0504169522163
422,Lang,Lang,Lang__CPT4,Quaternary,MASW,12.0,290.0,3.0,281.7347949105548,287.62278891145905,281.53554927111486,284.6635688766158,284.6635688766158
423,Lang,Lang,Lang__CPT4,Quaternary,MASW,13.0,294.0,3.0,272.6147122908398,283.05480633471547,275.08572535042754,277.7857170400916,277.7857170400916
424,Lang,Lang,Lang__CPT4,Tertiary,MASW,14.25,300.0,3.0,269.627884156807,265.1875653648486,271.09738538496197,267.3985081372354,267.3985081372354
425,Lang,Lang,Lang__CPT4,Tertiary,MASW,15.6,306.0,3.0,362.742142289232,387.34766045963465,375.0551250437902,374.84306071454733,374.84306071454733
426,Lang,Lang,Lang__CPT4,Tertiary,MASW,16.6,314.0,3.0,396.16541551095,441.0444027190218,436.1832143287321,418.00303714442083,427.36611882185053
427,Lang,Lang,Lang__CPT4,Tertiary,MASW,17.5,325.0,3.0,362.6471443470131,406.52341585795847,403.5526321445039,383.95905494086446,396.27253282046024
428,Lang,Lang,Lang__CPT4,Tertiary,MASW,18.5,334.0,3.0,384.78969131903193,422.7487142189223,419.11601553780054,403.32288213020706,410.13313896345016
429,Lang,Lang,Lang__CPT4,Tertiary,MASW,19.5,340.0,3.0,379.5104885903178,424.2496538058629,419.4039000525769,401.25701663663943,410.3614003946063
430,Lang,Lang,Lang__CPT4,Tertiary,MASW,20.5,348.0,3.0,393.10829546175484,433.8835491403034,425.63530527345523,412.9930053057088,421.00958717346975
431,Lang,Lang,Lang__CPT4,Tertiary,MASW,21.9,360.0,3.0,411.6283121661117,442.07141979016797,435.5860455003394,426.57837777494456,431.3535864703105
283,Lang,Lang,Lang__CPT7,Quaternary,MASW,2.0,198.0,3.0,168.09158230477252,197.3844505471369,206.33106835921706,182.150115604757,182.150115604757
284,Lang,Lang,Lang__CPT7,Quaternary,MASW,3.0,199.0,3.0,161.90038048294088,195.6106986069833,196.2381755890048,177.95911477360312,177.95911477360312
285,Lang,Lang,Lang__CPT7,Quaternary,MASW,4.0,205.0,3.0,173.6901683526221,221.12813634400288,217.50211394127768,195.9790377287618,195.9790377287618
286,Lang,Lang,Lang__CPT7,Quaternary,MASW,5.0,212.0,3.0,226.2774930912466,237.96626921206524,244.5183587049563,232.04829419235733,232.04829419235733
287,Lang,Lang,Lang__CPT7,Quaternary,MASW,6.0,223.0,3.0,194.12167842887214,218.46725126043165,217.22844142258316,205.9350127987399,205.9350127987399
288,Lang,Lang,Lang__CPT7,Quaternary,MASW,6.85,234.0,3.0,190.66918843839883,220.554020185852,219.68593069141895,205.06793029545747,205.06793029545747
289,Lang,Lang,Lang__CPT7,Quaternary,MASW,7.699999999999999,244.0,3.0,241.19608717522675,247.2343220471382,243.2311828805646,244.19654193536326,244.19654193536326
290,Lang,Lang,Lang__CPT7,Quaternary,MASW,8.85,254.0,3.0,280.94662858165964,287.0073353927739,281.72345919770726,283.96081288939416,283.96081288939416
291,Lang,Lang,Lang__CPT7,Quaternary,MASW,10.09,265.0,3.0,296.5621565247402,292.48229103133804,299.9980043307932,294.5151591574707,294.5151591574707
376,Lang,Lang,Lang__CPT9,Quaternary,MASW,2.0,169.0,3.0,155.84206788715338,180.02045568145672,178.3957816535158,167.49555240479032,167.49555240479032
377,Lang,Lang,Lang__CPT9,Quaternary,MASW,3.25,190.0,3.0,173.63691005965018,192.0220327174551,193.89380821120184,182.59822678337264,182.59822678337264
378,Lang,Lang,Lang__CPT9,Quaternary,MASW,4.5,218.0,3.0,203.34981701784454,210.96356071072015,210.92616187327607,207.1217068970751,207.1217068970751
379,Lang,Lang,Lang__CPT9,Quaternary,MASW,5.5,238.0,3.0,221.38243945816865,220.93385812388712,221.5822248724597,221.15803505722104,221.15803505722104
380,Lang,Lang,Lang__CPT9,Quaternary,MASW,6.5,254.0,3.0,232.71436958412707,228.1810715948957,231.0037544114225,230.43657311120725,230.43657311120725
381,Lang,Lang,Lang__CPT9,Quaternary,MASW,7.5,278.0,3.0,234.63994011584722,243.0822024077242,240.1837518853785,238.82377062632756,238.82377062632756
382,Lang,Lang,Lang__CPT9,Quaternary,MASW,8.5,279.0,3.0,299.369250247333,315.6332382022495,314.87405745076785,307.3936984938782,307.3936984938782
383,Lang,Lang,Lang__CPT9,Quaternary,MASW,9.5,284.0,3.0,274.1754670493762,264.759397935718,270.3328052910261,269.4263008407626,269.4263008407626
384,Lang,Lang,Lang__CPT9,Quaternary,MASW,10.5,286.0,3.0,283.07465797229816,277.0401486168087,281.1675651833043,280.0411493232696,280.0411493232696
385,Lang,Lang,Lang__CPT9,Tertiary,MASW,11.5,286.0,3.0,278.05397668425235,278.5537021394542,281.9204789164079,278.30372724776066,278.30372724776066
386,Lang,Lang,Lang__CPT9,Tertiary,MASW,12.5,286.0,3.0,311.9551897371226,313.5166554313586,317.1347088383287,312.73494804840334,312.73494804840334
387,Lang,Lang,Lang__CPT9,Tertiary,MASW,13.5,282.0,3.0,329.58134589995063,324.94520133843645,329.66334533784175,327.25506382766997,327.25506382766997
388,Lang,Lang,Lang__CPT9,Tertiary,MASW,14.5,281.5,3.0,330.0081915754346,334.9534805822535,334.61978487249297,332.4716414806635,332.4716414806635
389,Lang,Lang,Lang__CPT9,Tertiary,MASW,15.75,285.0,3.0,356.11156070903303,388.9992752595679,375.40562495920295,372.1923414410449,372.1923414410449
390,Lang,Lang,Lang__CPT9,Tertiary,MASW,17.0,290.0,3.0,430.8481918817375,445.3966982836918,436.86469834228365,438.06205282542396,440.51234132225517
391,Lang,Lang,Lang__CPT9,Tertiary,MASW,18.0,298.0,3.0,366.7585119275431,364.25659797413147,361.2692420990001,365.5054142318302,365.5054142318302
392,Lang,Lang,Lang__CPT9,Tertiary,MASW,19.0,309.0,3.0,414.1920566349959,432.6379579994359,413.81261062168414,423.3145468822813,426.95465418376745
393,Lang,Lang,Lang__CPT9,Tertiary,MASW,20.0,320.0,3.0,440.8186364456228,461.7704255176518,458.29193573114657,451.1729261908412,453.5428844249774
394,Lang,Lang,Lang__CPT9,Tertiary,MASW,20.8,333.0,3.0,429.35876793582526,463.6934550806309,469.34047011049563,446.1959777646204,453.1118469509868
150,Marina,Marina,Marina__CPT1,Quaternary,MASW,1.5,154.37361376580503,3.0,180.21042107276733,211.1240527631977,213.01324918774742,195.05577265757864,195.05577265757864
151,Marina,Marina,Marina__CPT1,Quaternary,MASW,2.4,188.9515464665028,3.0,203.37658087194103,217.75170081778802,220.37820474544253,210.44143221184265,210.44143221184265
152,Marina,Marina,Marina__CPT1,Quaternary,MASW,3.1,210.7618990419121,3.0,214.0064917900635,220.86682483356472,213.9473009009712,217.4096003755161,217.4096003755161
153,Marina,Marina,Marina__CPT1,Quaternary,MASW,3.7,216.8659416178409,3.0,225.47071641838923,229.0315189930822,226.5998315021552,227.24414331234615,227.24414331234615
154,Marina,Marina,Marina__CPT1,Quaternary,MASW,4.45,192.58263899576804,3.0,206.45627705775996,225.78304235352138,223.19698774508512,215.90351165991376,215.90351165991376
155,Marina,Marina,Marina__CPT1,Quaternary,MASW,5.2,254.04192770326176,3.0,229.28542127492267,232.67178920799256,241.62574594778297,230.9723992327754,230.9723992327754
156,Marina,Marina,Marina__CPT1,Quaternary,MASW,5.75,254.85619390992656,3.0,208.6491068932479,222.49061369743987,220.50899248295525,215.45873813819074,215.45873813819074
157,Marina,Marina,Marina__CPT1,Quaternary,MASW,6.5,229.95709832009632,3.0,180.27122984914917,223.55330045799917,221.80386178644534,200.74916789466369,200.74916789466369
158,Marina,Marina,Marina__CPT1,Quaternary,MASW,7.65,204.7285980178102,3.0,178.47667877893088,223.5272186015163,224.08393553679005,199.73581449677653,199.73581449677653
159,Marina,Marina,Marina__CPT1,Quaternary,MASW,8.65,253.02665478008373,3.0,230.4885405807611,235.82420153960445,237.73765452951255,233.14110758612853,233.14110758612853
160,Marina,Marina,Marina__CPT1,Quaternary,MASW,9.5,254.45081735336137,3.0,232.7779170643994,233.14083937471048,239.74358693517635,232.95930754595483,232.95930754595483
161,Marina,Marina,Marina__CPT1,Quaternary,MASW,11.0,248.69925764605333,3.0,251.07510331937905,262.12472522676165,264.6562381975373,256.54043047612015,256.54043047612015
162,Marina,Marina,Marina__CPT1,Quaternary,MASW,12.5,300.69654630824925,3.0,321.407998265664,345.55665148202513,336.7058318003481,333.2636668468727,333.2636668468727
163,Marina,Marina,Marina__CPT1,Quaternary,MASW,14.0,318.2497071346119,3.0,372.20225285401625,445.4905742234923,426.72896950760014,407.200927493066,422.49172403552717
164,Marina,Marina,Marina__CPT1,Tertiary,MASW,15.55,335.13417893108965,3.0,411.58492654816905,456.0397187767112,445.90323608924473,433.2425119442461,450.98312796859744
165,Marina,Marina,Marina__CPT2,Quaternary,MASW,1.45,162.8655867742902,3.0,185.60811174949035,203.2417115953302,207.1249767188584,194.2248962361513,194.2248962361513
166,Marina,Marina,Marina__CPT2,Quaternary,MASW,2.15,152.4065336873562,3.0,164.90720176984445,184.91897288073437,195.1741625758921,174.6266599689626,174.6266599689626
167,Marina,Marina,Marina__CPT2,Quaternary,MASW,2.9,172.2616758424782,3.0,191.04111129516687,217.0276922315327,210.40698524340112,203.62026300380194,203.62026300380194
168,Marina,Marina,Marina__CPT2,Quaternary,MASW,4.2,225.0811766638941,3.0,262.32771936788066,260.31409018697565,254.2334082523539,261.3189652475957,261.3189652475957
169,Marina,Marina,Marina__CPT2,Quaternary,MASW,5.5,224.0938681444996,3.0,216.44909901563102,213.3424073595687,218.8844882982303,214.89013903575096,214.89013903575096
170,Marina,Marina,Marina__CPT2,Quaternary,MASW,6.5,228.58095676543687,3.0,209.37861817626512,218.47107437453687,225.57970798026116,213.8765336918115,213.8765336918115
171,Marina,Marina,Marina__CPT2,Quaternary,MASW,8.0,250.2333078399093,3.0,232.70855520505577,234.6238645770374,242.9402163471275,233.66424746278375,233.66424746278375
172,Marina,Marina,Marina__CPT2,Quaternary,MASW,9.5,236.1418597383989,3.0,219.20039312847626,232.567326572869,235.33425770252964,225.78496277124304,225.78496277124304
173,Marina,Marina,Marina__CPT2,Quaternary,MASW,10.5,282.537697681028,3.0,281.5746841544122,285.7489854100522,285.8258326320897,283.6541561731103,283.6541561731103
174,Marina,Marina,Marina__CPT2,Quaternary,MASW,11.75,275.1829064009047,3.0,265.90893286334,304.8191193478255,309.1121935897901,284.7000645277821,284.7000645277821
175,Marina,Marina,Marina__CPT2,Quaternary,MASW,13.15,319.4455185892932,3.0,325.59460659363594,358.17888430748144,348.20015476624167,341.4983351734557,341.4983351734557
176,Marina,Marina,Marina__CPT2,Quaternary,MASW,14.4,305.3404635400741,3.0,309.18630094451055,328.8529431471081,327.33196280774183,318.868037040983,318.868037040983
177,Marina,Marina,Marina__CPT2,Tertiary,MASW,15.5,318.45230541235145,3.0,325.13868456262355,328.3564269300105,332.33729129409926,326.743594764621,326.743594764621
178,Marina,Marina,Marina__CPT2,Tertiary,MASW,16.5,354.9977594624199,3.0,372.6849188338546,375.2845681570739,359.15721968583,373.98248464763327,373.98248464763327
179,Marina,Marina,Marina__CPT2,Tertiary,MASW,17.5,355.3165664289617,3.0,396.97510625821394,405.3660385656221,383.1862171084882,401.14863359241184,409.4837659751622
262,Paskal,Paskal,Paskal__CPT1,Quaternary,MASW,1.5,161.2812034755749,5.0,189.63960030257974,164.37487021313592,167.00738354514868,173.7733898340056,173.7733898340056
263,Paskal,Paskal,Paskal__CPT1,Quaternary,MASW,2.5,222.76172789332315,5.0,255.08548813825442,238.8845976220434,237.2851815341794,243.86033947822924,243.86033947822924
264,Paskal,Paskal,Paskal__CPT1,Quaternary,MASW,3.25,223.9108492496985,5.0,258.57249691475687,254.52784750945779,259.09501004836267,257.53429676872076,257.53429676872076
265,Paskal,Paskal,Paskal__CPT1,Quaternary,MASW,4.15,229.6152703338023,5.0,250.73359628180316,249.08574234818525,245.91197126855852,248.54322606402334,248.54322606402334
266,Paskal,Paskal,Paskal__CPT1,Quaternary,MASW,5.3,284.8468157056311,5.0,230.28464373876835,226.6384287409111,219.48907135430687,225.3654429417908,225.3654429417908
267,Paskal,Paskal,Paskal__CPT1,Quaternary,MASW,6.15,267.058512604076,5.0,247.0356766207124,263.7943708324236,241.43324473352217,249.93352785218454,249.93352785218454
268,Paskal,Paskal,Paskal__CPT1,Quaternary,MASW,7.0,225.18262954113905,5.0,264.67246461827494,281.2002712441338,276.91522063925106,273.82568117279294,273.82568117279294
269,Paskal,Paskal,Paskal__CPT1,Quaternary,MASW,8.25,211.45499754260985,5.0,267.50613881871413,285.261082704111,268.0079778889439,272.8922952125835,272.8922952125835
270,Paskal,Paskal,Paskal__CPT1,Quaternary,MASW,9.52,187.58499662470868,5.0,244.29970899639883,259.47858219938246,252.81950534285485,251.76026631173997,251.76026631173997
271,Paskal,Paskal,Paskal__CPT2,Quaternary,MASW,1.5,157.3610543809992,5.0,189.81376571559892,161.60636170780379,156.45867419523955,169.04102161434085,169.04102161434085
272,Paskal,Paskal,Paskal__CPT2,Quaternary,MASW,2.5,212.313686919956,5.0,249.62817356699762,233.2242691333782,238.30168712015777,240.64640209099662,240.64640209099662
273,Paskal,Paskal,Paskal__CPT2,Quaternary,MASW,3.35,203.21529879091256,5.0,260.10996331330915,260.9140254327816,262.20057025015115,261.081406983449,261.081406983449
274,Paskal,Paskal,Paskal__CPT2,Tertiary,MASW,4.1,194.23547021582692,5.0,200.71466097561424,208.9603960199049,213.1676449311694,207.4790873512936,218.90762970082685
275,Paskal,Paskal,Paskal__CPT2,Tertiary,MASW,5.0,267.27963511620146,5.0,194.49582798089492,205.6239004470622,214.13438468368463,204.54125806277568,216.3956437570034
276,Paskal,Paskal,Paskal__CPT2,Tertiary,MASW,6.0,248.23038318074427,5.0,203.09640671265976,209.18389179707836,220.78577166780076,210.98138272954395,219.34801208451054
277,Paskal,Paskal,Paskal__CPT2,Tertiary,MASW,6.75,188.43348036726303,5.0,218.45247777300858,210.37658074194528,223.77485691135223,217.82519412938922,224.66514577878442
278,Paskal,Paskal,Paskal__CPT2,Tertiary,MASW,7.25,189.31716125851733,5.0,222.74103425749516,207.4393576769534,224.73954709333174,218.71836681229814,226.4341084723973
279,Paskal,Paskal,Paskal__CPT2,Tertiary,MASW,7.75,197.5519360067566,5.0,226.88455264358697,204.64965254301,226.8418663419937,219.9571847376625,227.79021010257773
280,Paskal,Paskal,Paskal__CPT2,Tertiary,MASW,8.25,202.310932199361,5.0,234.6522018225701,218.55783194778718,233.0742095331519,229.16142330889562,234.2229344518199
281,Paskal,Paskal,Paskal__CPT2,Tertiary,MASW,8.75,205.9751159322853,5.0,238.01140647562733,226.5413452400894,240.88968007968515,235.49941382493986,238.97776108748835
282,Paskal,Paskal,Paskal__CPT2,Tertiary,MASW,9.505,243.3681410722542,5.0,270.5587853364469,267.45907735907554,270.9193146450855,269.7508151343342,273.7073111892437
602,Puskas,Puskas,Puskas__CPTu 101,Quaternary,MASW,1.5,138.68254140664703,1.0,192.77337395727565,200.5535236090175,199.0518742929362,195.07518299309538,195.07518299309538
603,Puskas,Puskas,Puskas__CPTu 101,Quaternary,MASW,2.65,175.6383057937299,1.0,181.42521309896196,202.855701659967,203.6224214989162,187.60504582459035,187.60504582459035
604,Puskas,Puskas,Puskas__CPTu 101,Quaternary,MASW,3.8,226.254185497313,1.0,173.10528240897213,204.6034462527148,209.1028456867436,182.00826423530265,182.00826423530265
605,Puskas,Puskas,Puskas__CPTu 101,Quaternary,MASW,4.8,322.56166663971857,1.0,191.94900909018523,224.44371288520824,217.80801273887076,201.16959679925304,201.16959679925304
606,Puskas,Puskas,Puskas__CPTu 101,Quaternary,MASW,5.9,349.5909756775834,1.0,247.48401162035637,258.5940151208012,251.32621652089432,250.76593723601286,250.76593723601286
607,Puskas,Puskas,Puskas__CPTu 101,Quaternary,MASW,7.0,271.02729546635857,1.0,243.66695943257608,258.7580389003027,246.19660443729242,248.09945264320095,248.09945264320095
608,Puskas,Puskas,Puskas__CPTu 101,Quaternary,MASW,7.75,212.7095348061291,1.0,201.16510750847343,208.85770815752298,205.09325308313035,203.44265269880907,203.44265269880907
609,Puskas,Puskas,Puskas__CPTu 101,Quaternary,MASW,8.5,274.51122171261454,1.0,216.58321197689588,228.8259680347421,222.76157064288475,220.18561652122887,220.18561652122887
610,Puskas,Puskas,Puskas__CPTu 101,Quaternary,MASW,9.5,353.5717404298168,1.0,256.74811229411074,272.6517977708003,271.6490351432543,261.41926611284117,261.41926611284117
611,Puskas,Puskas,Puskas__CPTu 101,Quaternary,MASW,10.5,351.59011300743686,1.0,280.94168795407586,296.2971047918166,295.43953632531264,285.4628211955384,285.4628211955384
612,Puskas,Puskas,Puskas__CPTu 101,Quaternary,MASW,11.5,304.20050622200347,1.0,279.9688994860397,295.055135728079,293.11132631537396,284.4119281513378,284.4119281513378
613,Puskas,Puskas,Puskas__CPTu 101,Tertiary,MASW,12.5,265.2928323682341,1.0,270.0685307892896,301.212883850487,298.348603929118,279.0575972286117,279.0575972286117
614,Puskas,Puskas,Puskas__CPTu 101,Tertiary,MASW,13.6,310.8084916587805,1.0,285.52810352802186,295.01992775398537,295.3365713366935,288.34312984532215,288.34312984532215
615,Puskas,Puskas,Puskas__CPTu 101,Tertiary,MASW,15.2,312.0,1.0,319.30685669774607,316.9580123651468,310.63985045490807,318.60038157952516,318.60038157952516
616,Puskas,Puskas,Puskas__CPTu 102,Quaternary,MASW,1.5,173.75219099554448,1.0,191.04309282019955,194.6045315225043,196.25853151437926,192.1046259377903,192.1046259377903
617,Puskas,Puskas,Puskas__CPTu 102,Quaternary,MASW,2.6,169.63762925377875,1.0,173.3803796983486,181.5454010580608,188.69975231385945,175.79055623168816,175.79055623168816
618,Puskas,Puskas,Puskas__CPTu 102,Quaternary,MASW,3.7,289.2965889689008,1.0,227.58828960799636,247.8955017562119,245.97941976264957,233.49927275157805,233.49927275157805
619,Puskas,Puskas,Puskas__CPTu 102,Quaternary,MASW,4.6,284.4555282995208,1.0,223.58047664426925,267.67190207420043,259.40948025813555,235.98508218676753,235.98508218676753
620,Puskas,Puskas,Puskas__CPTu 102,Quaternary,MASW,5.5,283.6958939452112,1.0,236.7894680741318,265.0655656450277,265.48892366993795,244.93997047693625,244.93997047693625
621,Puskas,Puskas,Puskas__CPTu 102,Quaternary,MASW,6.6,281.5545998734863,1.0,255.56186755667218,296.35583187874556,279.33843519166084,267.17220859579163,267.17220859579163
622,Puskas,Puskas,Puskas__CPTu 102,Quaternary,MASW,8.25,250.98040992645232,1.0,218.97958967443174,265.6299655136467,245.09216760417505,232.04150100446734,232.04150100446734
623,Puskas,Puskas,Puskas__CPTu 102,Quaternary,MASW,10.15,312.01853719663126,1.0,291.09169677333506,335.05786732708697,312.8890588999024,303.6384866971878,303.6384866971878
624,Puskas,Puskas,Puskas__CPTu 102,Quaternary,MASW,11.75,284.46017559275367,1.0,302.08416419659596,315.1404692907419,316.05676136581195,305.9432140292769,305.9432140292769
625,Puskas,Puskas,Puskas__CPTu 102,Quaternary,MASW,12.95,306.02310728847925,1.0,309.5796600247057,362.7462009041609,346.51157449525346,324.6545957843573,324.6545957843573
626,Puskas,Puskas,Puskas__CPTu 102,Tertiary,MASW,13.95,301.69541044289565,1.0,310.05035622564094,296.48881800626003,307.5171572905914,305.9180201142162,305.9180201142162
627,Puskas,Puskas,Puskas__CPTu 102,Tertiary,MASW,15.0,315.54632358270493,1.0,289.9551541629701,287.5177999344599,291.5300600345451,289.2217863143686,289.2217863143686
628,Puskas,Puskas,Puskas__CPTu 102,Tertiary,MASW,16.0,422.7887352526375,1.0,289.2463899853711,281.53219333867844,286.85456761269194,286.91019608034867,286.91019608034867
629,Puskas,Puskas,Puskas__CPTu 102,Tertiary,MASW,17.0,424.2404683388645,1.0,296.94030371897713,299.7996752144583,301.9114699696796,297.7952397535274,297.7952397535274
630,Puskas,Puskas,Puskas__CPTu 102,Tertiary,MASW,18.0,467.0582993691288,1.0,332.68380082203487,331.8226819247316,327.5692869471141,332.4252307723111,338.4147027482424
631,Puskas,Puskas,Puskas__CPTu 102,Tertiary,MASW,19.0,477.7239513029948,1.0,344.97052787750545,332.46153749772594,332.51695202015384,341.1692006699519,343.5463064793023
632,Puskas,Puskas,Puskas__CPTu 102,Tertiary,MASW,20.0,450.0473236722789,1.0,361.19947142317085,345.3464094181573,341.5048584306755,356.36862202659177,355.8570288606587
633,Puskas,Puskas,Puskas__CPTu 102,Tertiary,MASW,20.75,449.6692803496859,1.0,391.8300073740213,373.09404781464065,380.56641665209133,386.112516992038,387.9388482599945
634,Puskas,Puskas,Puskas__CPTu 102,Tertiary,MASW,21.5,519.3171293282068,1.0,451.1097727051712,423.83760967884183,424.57228919713015,442.7488200408541,442.49833978051663
635,Puskas,Puskas,Puskas__CPTu 102,Tertiary,MASW,22.5,474.5245914648232,1.0,440.15256748931444,392.77130610368516,397.8247825328771,425.36739104737984,422.0520750771209
636,Puskas,Puskas,Puskas__CPTu 102,Tertiary,MASW,23.5,420.604743225581,1.0,399.3429674248953,372.22858447069257,371.13482116317397,391.0075513018616,386.51578740085637
637,Puskas,Puskas,Puskas__CPTu 102,Tertiary,MASW,24.5,418.0843408364796,1.0,402.3509211470303,369.83902224280587,370.0902658817822,392.30814022044126,387.41763117138817
638,Puskas,Puskas,Puskas__CPTu 102,Tertiary,MASW,25.58,420.0,1.0,420.9528370760577,366.0572109395213,369.4901646906465,403.6715093656329,398.2235340317137
639,Puskas,Puskas,Puskas__CPTu 103,Quaternary,MASW,1.5,163.74777189115315,1.0,192.46566699840258,196.0879871817215,198.602263378733,193.54528014335017,193.54528014335017
640,Puskas,Puskas,Puskas__CPTu 103,Quaternary,MASW,2.45,179.81892629917368,1.0,198.64683215115605,204.49511530128976,210.37500669181017,200.38353425033137,200.38353425033137
641,Puskas,Puskas,Puskas__CPTu 103,Quaternary,MASW,3.2,231.63812966562637,1.0,202.56775592972312,216.57142528040782,220.7122000243209,206.6710130466934,206.6710130466934
642,Puskas,Puskas,Puskas__CPTu 103,Quaternary,MASW,4.0,269.85890736778634,1.0,202.78969881304099,221.05234730163775,221.2110899985016,208.10411235891252,208.10411235891252
643,Puskas,Puskas,Puskas__CPTu 103,Quaternary,MASW,5.0,284.97715277718333,1.0,215.45062098016535,247.08492359670603,244.78551017476886,224.49015466974495,224.49015466974495
644,Puskas,Puskas,Puskas__CPTu 103,Quaternary,MASW,6.1,321.91311668643067,1.0,256.35762182817666,273.91638449815156,265.6110100701951,261.50365724778,261.50365724778
645,Puskas,Puskas,Puskas__CPTu 103,Quaternary,MASW,7.1,302.5285363643705,1.0,256.268211553144,268.7675002442627,264.85693627004866,259.95569860975496,259.95569860975496
646,Puskas,Puskas,Puskas__CPTu 103,Tertiary,MASW,7.9,249.9512931083937,1.0,195.03591471978612,206.28079846152025,206.82213784062176,198.34344638239753,198.34344638239753
647,Puskas,Puskas,Puskas__CPTu 103,Tertiary,MASW,9.05,276.09700022109786,1.0,214.8950762951224,230.55326272016762,232.65855563765925,219.4774507958804,219.4774507958804
648,Puskas,Puskas,Puskas__CPTu 103,Tertiary,MASW,10.15,303.7635396941799,1.0,237.49874893625645,259.5446466324192,259.6102783458478,243.9082841556633,243.9082841556633
649,Puskas,Puskas,Puskas__CPTu 103,Tertiary,MASW,11.05,290.5035179205965,1.0,249.16374995125906,268.8025387920788,269.36390808949886,254.89975073989604,254.89975073989604
650,Puskas,Puskas,Puskas__CPTu 103,Tertiary,MASW,12.2,297.05205747794787,1.0,281.2454629839837,295.71552878136566,293.54543024639963,285.5105146984688,285.5105146984688
651,Puskas,Puskas,Puskas__CPTu 103,Tertiary,MASW,13.3,275.1647179618006,1.0,268.7334349520843,271.41795140791686,279.6421073010144,269.5359899349441,269.5359899349441
652,Puskas,Puskas,Puskas__CPTu 103,Tertiary,MASW,14.15,301.4852781605907,1.0,296.37589677077193,289.71025970219034,288.4014459209443,294.36026103472517,294.36026103472517
653,Puskas,Puskas,Puskas__CPTu 103,Tertiary,MASW,14.9,304.3958867665379,1.0,320.67158609168166,311.4452635753368,312.66340301059563,317.8753527211607,317.8753527211607
654,Puskas,Puskas,Puskas__CPTu 103,Tertiary,MASW,15.9,431.2908772341572,1.0,326.309640007577,310.7057385901081,312.09277439292197,321.54792788570234,321.54792788570234
655,Puskas,Puskas,Puskas__CPTu 103,Tertiary,MASW,16.95,447.44510304030746,1.0,346.76353591361794,350.4971636519388,344.007469997113,347.8794287785161,354.2867860801727
656,Puskas,Puskas,Puskas__CPTu 103,Tertiary,MASW,17.799999999999997,456.2652742066623,1.0,355.75352307141344,367.32813888859266,361.1020685687784,359.187079689411,364.7314985131918
657,Puskas,Puskas,Puskas__CPTu 103,Tertiary,MASW,18.9,469.3597430439654,1.0,377.2013931659857,359.96700034901363,360.8325772350975,371.94618484048215,373.3775330186331
658,Puskas,Puskas,Puskas__CPTu 103,Tertiary,MASW,20.05,451.5714428500952,1.0,374.86792492564246,349.60241962396896,351.1519786362944,367.10231772082557,365.96342878334696
659,Puskas,Puskas,Puskas__CPTu 103,Tertiary,MASW,20.75,438.4973544759012,1.0,371.2154859615091,348.94218391761933,346.71013705961616,364.38819785869083,362.30198336779574
660,Puskas,Puskas,Puskas__CPTu 103,Tertiary,MASW,21.5,498.1918044529453,1.0,422.6747761959978,357.7997852624848,357.6863450939757,402.06517171937713,395.03843741649507
661,Puskas,Puskas,Puskas__CPTu 103,Tertiary,MASW,22.845,430.8360034864727,1.0,382.19757372219624,365.1324248129125,361.3933176155598,376.99593585523564,373.64569104538464
524,Puskas,Puskas,Puskas__CPTu 104,Quaternary,MASW,1.9,163.18443070516346,1.0,179.04616254121814,182.49937638105115,180.29142999792893,180.07520901704714,180.07520901704714
525,Puskas,Puskas,Puskas__CPTu 104,Quaternary,MASW,3.4,210.25515579391984,1.0,188.70425659769163,211.44592842650567,215.73575291601225,195.25716785230227,195.25716785230227
526,Puskas,Puskas,Puskas__CPTu 104,Quaternary,MASW,4.5,195.19172023592088,1.0,191.3689241067316,220.8703968509478,218.08497520527914,199.77964823997374,199.77964823997374
527,Puskas,Puskas,Puskas__CPTu 104,Quaternary,MASW,5.65,246.706066828521,1.0,249.57440402715906,263.1297494313896,257.5878222180736,253.56599757199953,253.56599757199953
528,Puskas,Puskas,Puskas__CPTu 104,Quaternary,MASW,6.699999999999999,285.97711503811126,1.0,258.55479928882215,275.9160078771312,270.0295904310582,263.64521394019226,263.64521394019226
529,Puskas,Puskas,Puskas__CPTu 104,Tertiary,MASW,7.7,234.8737739152925,1.0,200.9206663896767,222.99944519482,220.9606102856142,207.30432443053877,207.30432443053877
530,Puskas,Puskas,Puskas__CPTu 104,Tertiary,MASW,9.05,312.9671055278385,1.0,268.249892375001,287.35148814281865,284.58613624871094,273.8430509026316,273.8430509026316
531,Puskas,Puskas,Puskas__CPTu 104,Tertiary,MASW,10.15,276.2181107129158,1.0,239.64887087787938,250.83448079447703,262.40958900578386,242.95114034773835,242.95114034773835
532,Puskas,Puskas,Puskas__CPTu 104,Tertiary,MASW,11.0,324.4570490369466,1.0,272.4348802361443,300.15858148682787,297.57924832933156,280.47175136331236,280.47175136331236
533,Puskas,Puskas,Puskas__CPTu 104,Tertiary,MASW,12.0,311.63967452618743,1.0,286.01401943459473,292.9849234487509,292.52975459816145,288.08769364206165,288.08769364206165
534,Puskas,Puskas,Puskas__CPTu 104,Tertiary,MASW,13.0,295.5140211867028,1.0,272.73226209743746,296.77891708352394,294.45689805153324,279.7341407346352,279.7341407346352
535,Puskas,Puskas,Puskas__CPTu 104,Tertiary,MASW,14.0,335.13074954740495,1.0,322.242019481601,348.86586164476375,338.25001743930227,330.0084508882375,344.5775405712652
536,Puskas,Puskas,Puskas__CPTu 104,Tertiary,MASW,15.0,323.96592211186413,1.0,300.8925303492622,316.6636282109757,318.984891030511,305.5395534735378,305.5395534735378
537,Puskas,Puskas,Puskas__CPTu 104,Tertiary,MASW,16.0,437.4866573166197,1.0,386.91132390875737,443.7811542495051,444.28772576576404,403.16114044036266,417.8515167739353
538,Puskas,Puskas,Puskas__CPTu 104,Tertiary,MASW,16.75,413.7721971704041,1.0,375.90141814455166,472.3466512798245,440.78704741707395,402.55945098802005,417.13717964881766
539,Puskas,Puskas,Puskas__CPTu 104,Tertiary,MASW,17.45,341.0583951550048,1.0,337.9571306246394,426.28237287907785,402.93493847937043,362.33671470515725,379.81037724170744
540,Puskas,Puskas,Puskas__CPTu 105,Quaternary,MASW,1.5,207.27264054799303,1.0,212.86976001533097,231.8694133726612,233.24724303524533,218.4000926947297,218.4000926947297
541,Puskas,Puskas,Puskas__CPTu 105,Quaternary,MASW,2.5,158.72141746342407,1.0,176.80351917527125,183.41287336331786,192.19500613046702,178.7609187177001,178.7609187177001
542,Puskas,Puskas,Puskas__CPTu 105,Quaternary,MASW,3.5,215.63788526793937,1.0,205.28424292259723,236.9987371900083,237.90108956968362,214.32495456358797,214.32495456358797
543,Puskas,Puskas,Puskas__CPTu 105,Quaternary,MASW,4.5,206.6519916051882,1.0,218.02161712912203,248.81323834521348,249.5666715383712,226.83587169359146,226.83587169359146
544,Puskas,Puskas,Puskas__CPTu 105,Quaternary,MASW,5.75,244.4049327006428,1.0,251.84685791020001,273.2530387785745,273.70929387308985,258.08637394178544,258.08637394178544
545,Puskas,Puskas,Puskas__CPTu 105,Quaternary,MASW,6.9,300.54341875664136,1.0,256.2592224072429,279.86776267851815,277.33107233268174,263.1246379358488,263.1246379358488
546,Puskas,Puskas,Puskas__CPTu 105,Tertiary,MASW,8.0,257.4156054634633,1.0,220.70487162790724,243.21471046216482,240.83921210373643,227.22980476594546,227.22980476594546
547,Puskas,Puskas,Puskas__CPTu 105,Tertiary,MASW,9.35,289.92602749610785,1.0,249.95439468693263,281.99844124508877,271.74228535051265,259.16512297614094,259.16512297614094
548,Puskas,Puskas,Puskas__CPTu 105,Tertiary,MASW,10.5,269.63528133696855,1.0,241.60096376796895,260.9105360536065,272.3273220056275,247.23875546281596,247.23875546281596
549,Puskas,Puskas,Puskas__CPTu 105,Tertiary,MASW,11.5,296.4125627351424,1.0,260.2466327484955,291.7705920669692,294.9300140023988,269.3283300636681,269.3283300636681
550,Puskas,Puskas,Puskas__CPTu 105,Tertiary,MASW,12.5,332.81720212636026,1.0,291.0400794024613,302.5881474127678,308.1277446225488,294.4574412439778,294.4574412439778
551,Puskas,Puskas,Puskas__CPTu 105,Tertiary,MASW,13.56,319.0,1.0,286.02957702280446,294.36191038065056,304.09594148725614,288.50420306955016,288.50420306955016
552,Puskas,Puskas,Puskas__CPTu 105a,Quaternary,MASW,1.5,203.07003454043985,1.0,224.85554821843976,230.30429388090485,231.34785840883887,226.4764955409091,226.4764955409091
553,Puskas,Puskas,Puskas__CPTu 105a,Quaternary,MASW,2.5,164.1698805554823,1.0,193.4367136035059,205.0041382896251,207.56411889059203,196.83667578653228,196.83667578653228
554,Puskas,Puskas,Puskas__CPTu 105a,Quaternary,MASW,3.5,226.5301257540227,1.0,219.01078233819698,239.2846369280311,239.0738241629531,224.90561199828102,224.90561199828102
555,Puskas,Puskas,Puskas__CPTu 105a,Quaternary,MASW,4.6,214.0557725227909,1.0,235.6004302875711,261.0446374214939,265.27522781848,242.961627628509,242.961627628509
556,Puskas,Puskas,Puskas__CPTu 105a,Quaternary,MASW,5.85,228.08041455768125,1.0,254.47005026246433,297.7859700903175,285.4716544456641,266.7576867419552,266.7576867419552
557,Puskas,Puskas,Puskas__CPTu 105a,Quaternary,MASW,6.9,286.4074786821876,1.0,263.7180161722984,307.26415400511866,296.232463955978,276.0904784466078,276.0904784466078
558,Puskas,Puskas,Puskas__CPTu 105a,Tertiary,MASW,8.0,264.2290965879465,1.0,241.7508016963775,268.25843283511864,258.33693068909923,249.4155698761677,249.4155698761677
559,Puskas,Puskas,Puskas__CPTu 105a,Tertiary,MASW,9.35,294.3799419997476,1.0,268.12787711391985,290.89238383050605,288.5429402076514,274.76352790402876,274.76352790402876
560,Puskas,Puskas,Puskas__CPTu 105a,Tertiary,MASW,10.5,316.6613959944379,1.0,286.9851176693113,306.43863663782633,305.6568472569207,292.6877995249831,292.6877995249831
561,Puskas,Puskas,Puskas__CPTu 105a,Tertiary,MASW,11.5,320.1817390435761,1.0,284.9892142457367,296.4135129310613,294.30935408690135,288.3694813157904,288.3694813157904
562,Puskas,Puskas,Puskas__CPTu 105a,Tertiary,MASW,12.5,292.3243246637816,1.0,266.8804805588741,282.3999952004384,290.53079416404773,271.44457922813484,271.44457922813484
563,Puskas,Puskas,Puskas__CPTu 105a,Tertiary,MASW,13.225,293.2251197283667,1.0,282.8314477499415,307.3753192850677,311.9304758145236,289.9813620836851,289.9813620836851
564,Puskas,Puskas,Puskas__CPTu 105b,Quaternary,MASW,1.5,190.9938787397064,1.0,218.31431726637805,230.7527434151284,229.0723085870691,221.9737477295933,221.9737477295933
565,Puskas,Puskas,Puskas__CPTu 105b,Quaternary,MASW,2.5,191.8727199208419,1.0,219.34832787880688,226.71139812373602,224.93348723716468,221.53177957332707,221.53177957332707
566,Puskas,Puskas,Puskas__CPTu 105b,Quaternary,MASW,3.7,225.42125665162249,1.0,222.1844362049204,251.71423584948383,256.19985321942215,230.6597819049024,230.6597819049024
567,Puskas,Puskas,Puskas__CPTu 105b,Quaternary,MASW,4.85,215.9984124182276,1.0,240.8444225477468,277.22679640095157,280.6146162769944,251.22692190361948,251.22692190361948
568,Puskas,Puskas,Puskas__CPTu 105b,Quaternary,MASW,5.9,230.9055854621707,1.0,250.9295650438809,273.40626862641017,275.9546912298551,257.4712989253537,257.4712989253537
569,Puskas,Puskas,Puskas__CPTu 105b,Quaternary,MASW,6.9,263.38069592274184,1.0,240.72433661880257,278.4660250992275,264.5118061916305,251.4754903691415,251.4754903691415
570,Puskas,Puskas,Puskas__CPTu 105b,Tertiary,MASW,8.0,251.39253454287743,1.0,222.09438233314202,248.65358227905986,240.68042345989957,229.74957550812294,229.74957550812294
571,Puskas,Puskas,Puskas__CPTu 105b,Tertiary,MASW,9.35,312.61877516206926,1.0,269.38696811972386,286.10128678436416,286.95205630343537,274.29604838924024,274.29604838924024
572,Puskas,Puskas,Puskas__CPTu 105b,Tertiary,MASW,10.5,317.55627388021264,1.0,279.316074217107,286.78672547170106,291.9983089309822,281.5366017120947,281.5366017120947
573,Puskas,Puskas,Puskas__CPTu 105b,Tertiary,MASW,11.5,294.56513068992183,1.0,257.40110386418087,265.69379933382595,274.453468318909,259.8613613408616,259.8613613408616
574,Puskas,Puskas,Puskas__CPTu 105b,Tertiary,MASW,12.5,306.618003282423,1.0,274.35555753082457,295.886744455184,295.20168941070074,280.64498516237137,280.64498516237137
575,Puskas,Puskas,Puskas__CPTu 105b,Tertiary,MASW,13.75,309.0054926016797,1.0,284.72031283249027,298.7474812049067,298.39397881656,288.85786184109344,288.85786184109344
576,Puskas,Puskas,Puskas__CPTu 105b,Tertiary,MASW,15.05,373.22921534716966,1.0,322.9825101205897,313.88626195033186,307.3974563727032,320.2262991264596,320.2262991264596
577,Puskas,Puskas,Puskas__CPTu 105b,Tertiary,MASW,16.05,373.4975912838863,1.0,311.1338284675405,315.29259164782525,316.6953534748421,312.3756644947747,312.3756644947747
578,Puskas,Puskas,Puskas__CPTu 105b,Tertiary,MASW,17.22,400.1815312092543,1.0,342.8518606196626,354.83528378316146,339.62435424486034,346.40375967062505,357.2488511275599
579,Puskas,Puskas,Puskas__CPTu 105b,Tertiary,MASW,17.97,350.6081552017557,1.0,310.2362507200669,334.18379541897133,327.2168201339282,317.2344887662615,317.2344887662615
580,Puskas,Puskas,Puskas__CPTu 105b,Tertiary,MASW,18.5,374.65111799992616,1.0,337.2787797422866,339.42321406123,336.0276139464156,337.9206835604077,342.72362167021197
581,Puskas,Puskas,Puskas__CPTu 105b,Tertiary,MASW,19.49,378.7647664543246,1.0,341.226411072639,348.94684597110046,345.01930471651514,343.52443186315645,348.8802684246022
582,Puskas,Puskas,Puskas__CPTu 106b,Quaternary,MASW,1.65,166.46592004006249,1.0,205.7648310871678,216.56917285809624,211.98823859430482,208.94827733351673,208.94827733351673
583,Puskas,Puskas,Puskas__CPTu 106b,Quaternary,MASW,2.65,213.10110515722656,1.0,229.1382351098897,248.91888963134082,252.77362172441838,234.90142485124272,234.90142485124272
584,Puskas,Puskas,Puskas__CPTu 106b,Quaternary,MASW,3.5,255.60486092847967,1.0,252.12071662829706,286.54360172206,285.7199366557884,261.9890787053087,261.9890787053087
585,Puskas,Puskas,Puskas__CPTu 106b,Quaternary,MASW,4.5,214.86118457919997,1.0,243.05524418000232,326.4547797631024,302.9428957414369,265.54639299131594,265.54639299131594
586,Puskas,Puskas,Puskas__CPTu 106b,Quaternary,MASW,5.75,213.649738774907,1.0,243.7450910307915,293.37596397842276,284.1965465478374,257.6810452021399,257.6810452021399
587,Puskas,Puskas,Puskas__CPTu 106b,Quaternary,MASW,7.15,265.60177278354627,1.0,242.80350451785893,282.8194432244336,268.60011317749263,254.17407076242597,254.17407076242597
588,Puskas,Puskas,Puskas__CPTu 106b,Tertiary,MASW,8.4,285.95755638825125,1.0,240.6435970605229,267.27502224079007,255.05402778695188,248.34163140638108,248.34163140638108
589,Puskas,Puskas,Puskas__CPTu 106b,Tertiary,MASW,9.5,270.55175189310285,1.0,236.83645899124048,249.24754613268834,255.62475216394395,240.49345347132777,240.49345347132777
590,Puskas,Puskas,Puskas__CPTu 106b,Tertiary,MASW,10.5,300.2910177067554,1.0,257.8022979096804,290.28732383068325,279.1947829589562,267.14630419056795,267.14630419056795
591,Puskas,Puskas,Puskas__CPTu 106b,Tertiary,MASW,11.5,329.2169595598079,1.0,277.8966581775194,286.14369277356786,288.06259594369095,280.345494109358,280.345494109358
592,Puskas,Puskas,Puskas__CPTu 106b,Tertiary,MASW,12.5,304.37851762332224,1.0,264.9056917910475,273.48030704346473,278.09388155913035,267.44945696549803,267.44945696549803
593,Puskas,Puskas,Puskas__CPTu 106b,Tertiary,MASW,13.75,305.9080287175228,1.0,275.1581213165166,282.9661099775315,283.40327562151145,277.4776209319628,277.4776209319628
594,Puskas,Puskas,Puskas__CPTu 106b,Tertiary,MASW,15.05,339.95832130039133,1.0,293.976297730471,296.8891024715742,295.6452558849398,294.84712565621413,294.84712565621413
595,Puskas,Puskas,Puskas__CPTu 106b,Tertiary,MASW,16.05,346.8125163840661,1.0,296.29276235651787,306.1403219034963,308.34533409470436,299.2132975584354,299.2132975584354
596,Puskas,Puskas,Puskas__CPTu 106b,Tertiary,MASW,17.22,396.8175641011732,1.0,348.21114535831947,316.7548191030894,318.43777887142267,338.45959985020875,342.6640936272379
597,Puskas,Puskas,Puskas__CPTu 106b,Tertiary,MASW,17.97,400.8088318143445,1.0,361.38407025812455,337.57160703469845,330.3984685895343,354.0691406248051,354.505565460473
598,Puskas,Puskas,Puskas__CPTu 106b,Tertiary,MASW,18.5,401.38662122891856,1.0,361.4528895884096,337.2140442980778,336.9137996547727,354.0037697893525,353.9931365663084
599,Puskas,Puskas,Puskas__CPTu 106b,Tertiary,MASW,19.5,387.9174824560795,1.0,363.72601023912136,359.3193939719781,349.8397554526837,362.3983809144565,362.7899849401336
600,Puskas,Puskas,Puskas__CPTu 106b,Tertiary,MASW,20.5,585.5471353150621,1.0,387.1586237256599,402.3728287406006,392.5492840085515,391.66147037107476,394.5058455950641
601,Puskas,Puskas,Puskas__CPTu 106b,Tertiary,MASW,21.09,596.7310192112477,1.0,416.71125319020285,418.32071764116563,412.09845405451284,417.1934412454506,419.2503751456046
713,Puskas,Puskas,Puskas__CPTu 107,Quaternary,MASW,1.5,171.0314970781803,1.0,209.13428538286715,226.21291654145094,220.41255957969707,214.11785568165078,214.11785568165078
714,Puskas,Puskas,Puskas__CPTu 107,Quaternary,MASW,2.65,174.830611629113,1.0,207.98904990516306,226.08183873168923,236.04244598333437,213.25932621711348,213.25932621711348
715,Puskas,Puskas,Puskas__CPTu 107,Quaternary,MASW,3.65,282.7262832406957,1.0,209.20609578467432,235.9699977742515,243.87408409064395,216.89975968562132,216.89975968562132
716,Puskas,Puskas,Puskas__CPTu 107,Quaternary,MASW,4.5,306.5356378035019,1.0,224.0309333881484,253.75860254190516,253.68311249498424,232.56364415983347,232.56364415983347
717,Puskas,Puskas,Puskas__CPTu 107,Quaternary,MASW,5.5,312.2893837504623,1.0,223.44714271957395,255.86045890778215,250.68572597457174,232.7144314459469,232.7144314459469
718,Puskas,Puskas,Puskas__CPTu 107,Quaternary,MASW,6.5,262.9702795858493,1.0,227.78934181002256,256.51098217839785,247.8532366901373,236.05063272574233,236.05063272574233
719,Puskas,Puskas,Puskas__CPTu 107,Tertiary,MASW,7.5,222.69904339522503,1.0,217.49253145507274,238.87052381418565,227.59437347325118,223.69682099885605,223.69682099885605
720,Puskas,Puskas,Puskas__CPTu 107,Tertiary,MASW,8.5,255.54170957214,1.0,241.90228017628743,269.0148198957254,257.6260884435096,249.73581815892507,249.73581815892507
721,Puskas,Puskas,Puskas__CPTu 107,Tertiary,MASW,9.5,279.65852833582034,1.0,264.53612927825975,287.9109405807419,290.0911657150607,271.3419531191006,271.3419531191006
722,Puskas,Puskas,Puskas__CPTu 107,Tertiary,MASW,10.5,273.2041046674423,1.0,268.4152399935246,299.3287482817523,298.55489406446054,277.33810780877434,277.33810780877434
723,Puskas,Puskas,Puskas__CPTu 107,Tertiary,MASW,11.5,381.6608848999902,1.0,258.45614050314975,279.7460439092253,286.2051143957547,264.66711562526643,264.66711562526643
724,Puskas,Puskas,Puskas__CPTu 107,Tertiary,MASW,12.21,449.10579272697487,1.0,313.67079158354414,348.25950013132956,332.8342975524726,323.6702234529484,323.6702234529484
725,Puskas,Puskas,Puskas__CPTu 108,Quaternary,MASW,1.5,168.69504845605218,1.0,211.76729187391234,233.20953162647234,223.29943957884686,217.98424562570028,217.98424562570028
726,Puskas,Puskas,Puskas__CPTu 108,Quaternary,MASW,2.45,207.9253707484521,1.0,234.787926000042,251.87049980182317,256.18072361372015,239.7873249944455,239.7873249944455
727,Puskas,Puskas,Puskas__CPTu 108,Quaternary,MASW,3.2,257.99427658201216,1.0,237.98785012826238,299.01024890997155,299.9626448622727,254.85559503402877,254.85559503402877
728,Puskas,Puskas,Puskas__CPTu 108,Quaternary,MASW,3.75,320.2919012268393,1.0,258.23694562260454,342.3520893883842,316.2715536403642,281.03134263135865,281.03134263135865
729,Puskas,Puskas,Puskas__CPTu 108,Quaternary,MASW,4.75,310.9060148185139,1.0,251.75413970285496,330.26174435090877,304.42602813719213,273.1122093640833,273.1122093640833
730,Puskas,Puskas,Puskas__CPTu 108,Quaternary,MASW,6.15,291.42084093425814,1.0,238.087261907183,295.6840675840787,280.5009627600823,254.0760268960214,254.0760268960214
731,Puskas,Puskas,Puskas__CPTu 108,Quaternary,MASW,7.1,248.00923213838368,1.0,243.0528254728817,283.0341604706251,268.5168461077552,254.41465744908544,254.41465744908544
732,Puskas,Puskas,Puskas__CPTu 108,Tertiary,MASW,7.95,222.89708592256488,1.0,219.55670207125533,242.1967384576402,239.4553523062171,226.1169798858179,226.1169798858179
733,Puskas,Puskas,Puskas__CPTu 108,Tertiary,MASW,9.05,254.90147403751453,1.0,254.96651549446295,290.86131560770576,279.9707278943323,265.2430378894863,265.2430378894863
734,Puskas,Puskas,Puskas__CPTu 108,Tertiary,MASW,10.05,297.3943196732986,1.0,286.66493388097945,330.6649889913816,318.4444807501314,299.21176374851024,299.21176374851024
735,Puskas,Puskas,Puskas__CPTu 108,Tertiary,MASW,11.2,348.0762091527139,1.0,280.8257736941297,308.3576466453188,317.0021627973939,288.8166934450615,288.8166934450615
736,Puskas,Puskas,Puskas__CPTu 108,Tertiary,MASW,12.35,412.7767692618326,1.0,316.97973424792264,380.9992908790546,371.49192636665316,334.96489777910284,353.3408089437923
737,Puskas,Puskas,Puskas__CPTu 108,Tertiary,MASW,13.1,401.7184754897793,1.0,315.75655707078505,363.20533047323823,352.96056996089953,329.3004534119178,346.54308812599066
738,Puskas,Puskas,Puskas__CPTu 108,Tertiary,MASW,13.7,412.2886177356382,1.0,325.3206946386238,404.1958493109396,395.8791725336575,347.21280913851496,364.23504170701386
739,Puskas,Puskas,Puskas__CPTu 108,Tertiary,MASW,14.5,417.8024253946145,1.0,333.4904448784455,404.611790020696,389.6158719704054,353.4027597552361,371.7789334912311
740,Puskas,Puskas,Puskas__CPTu 108,Tertiary,MASW,15.5,407.0297928643518,1.0,322.8327233249537,345.21506321191146,341.4085695252955,329.3906036142161,344.60188137069207
741,Puskas,Puskas,Puskas__CPTu 108,Tertiary,MASW,16.5,415.2533959964566,1.0,296.30013278521136,305.44773479318553,298.4241844367582,299.0152683603968,299.0152683603968
742,Puskas,Puskas,Puskas__CPTu 108,Tertiary,MASW,17.5,431.8171552529777,1.0,312.02682123002194,321.2047781918707,313.92032899929495,314.75232575938367,314.75232575938367
743,Puskas,Puskas,Puskas__CPTu 108,Tertiary,MASW,18.95,509.5914898045308,1.0,379.0829099825647,346.0364397348151,352.0174442484264,368.85060025726494,371.1746876972958
744,Puskas,Puskas,Puskas__CPTu 108,Tertiary,MASW,20.2,584.1761783677528,1.0,432.4707273288102,430.9321365824019,430.54767252295386,432.00857419361125,435.1372654628112
745,Puskas,Puskas,Puskas__CPTu 108,Tertiary,MASW,20.75,552.889172343808,1.0,416.31947342354556,454.77038318010193,439.67488859268167,427.50023714728627,431.28735288061665
746,Puskas,Puskas,Puskas__CPTu 108,Tertiary,MASW,21.5,532.4758537595809,1.0,420.4824356255449,397.35489954760254,397.40109259485416,413.40628333195184,413.3630781400208
747,Puskas,Puskas,Puskas__CPTu 108,Tertiary,MASW,22.5,483.0520047601885,1.0,398.44861150383053,368.5126498917598,365.82931731757174,389.22107029579166,383.80819710839836
748,Puskas,Puskas,Puskas__CPTu 108,Tertiary,MASW,23.75,475.8107531307998,1.0,402.1765568701616,371.2458646846445,370.83539609652564,392.6360876373149,388.6621632957107
749,Puskas,Puskas,Puskas__CPTu 108,Tertiary,MASW,25.05,509.99439501805966,1.0,438.74046525618394,366.0615498348595,366.8548764565235,415.5388353678024,405.1761058376906
750,Puskas,Puskas,Puskas__CPTu 108,Tertiary,MASW,25.8,516.6209043516516,1.0,447.8665807252541,371.9327168987735,377.6563112597967,423.58773319060737,413.7393603722339
751,Puskas,Puskas,Puskas__CPTu 108,Tertiary,MASW,26.55,508.4925168924642,1.0,451.7005448582857,372.59286849933903,382.1950283472857,426.34953292855124,416.9383844999166
752,Puskas,Puskas,Puskas__CPTu 108,Tertiary,MASW,27.215,473.2015957908107,1.0,429.37971921090804,369.94637173717723,386.4068952256547,410.6111147804531,406.38830865949893
753,Puskas,Puskas,Puskas__CPTu 109,Quaternary,MASW,1.5,154.20132929995023,1.0,189.44089909964336,191.47194457627188,190.49870417275136,190.04794011985229,190.04794011985229
754,Puskas,Puskas,Puskas__CPTu 109,Quaternary,MASW,2.25,183.7380946685475,1.0,208.88710397953056,221.01333869927052,224.464498540112,212.45340002397586,212.45340002397586
755,Puskas,Puskas,Puskas__CPTu 109,Quaternary,MASW,2.9,195.28916953321456,1.0,228.83209503134046,241.31964828760212,243.42288836349445,232.50894245131556,232.50894245131556
756,Puskas,Puskas,Puskas__CPTu 109,Quaternary,MASW,3.7,295.06869709530383,1.0,232.95829033095936,272.2822898921931,271.7202888388011,244.1184127775597,244.1184127775597
757,Puskas,Puskas,Puskas__CPTu 109,Quaternary,MASW,5.0,302.040380113818,1.0,243.690897657541,308.3645352837339,292.6870959474797,261.5211653058439,261.5211653058439
758,Puskas,Puskas,Puskas__CPTu 109,Quaternary,MASW,5.95,290.78809470704414,1.0,235.0062678141204,319.7786874345819,290.43178625064303,257.7569988497145,257.7569988497145
759,Puskas,Puskas,Puskas__CPTu 109,Quaternary,MASW,6.5,285.1093118356397,1.0,245.90702197589331,321.09284301306764,291.95483941523474,266.39669890519315,266.39669890519315
760,Puskas,Puskas,Puskas__CPTu 109,Quaternary,MASW,7.5,240.57421175402212,1.0,265.5178671243012,303.16895345757536,291.6221656413562,276.2937385442996,276.2937385442996
761,Puskas,Puskas,Puskas__CPTu 109,Tertiary,MASW,8.5,229.16979180981505,1.0,231.9400139609261,269.3729004355317,259.7872678081284,242.5879061773015,242.5879061773015
762,Puskas,Puskas,Puskas__CPTu 109,Tertiary,MASW,9.9,280.50292776260176,1.0,283.05449330583855,320.72685824182486,312.3886908896816,293.86619951870574,293.86619951870574
763,Puskas,Puskas,Puskas__CPTu 109,Tertiary,MASW,11.2,389.1176536775279,1.0,301.1557006161209,351.6534769039126,349.27007194174433,315.49191674459,315.49191674459
764,Puskas,Puskas,Puskas__CPTu 109,Tertiary,MASW,11.8,366.3946567236064,1.0,290.8400114726613,310.67203018341485,318.33932974940717,296.6528696509794,296.6528696509794
765,Puskas,Puskas,Puskas__CPTu 109,Tertiary,MASW,12.5,415.2952021326748,1.0,327.97819047645294,401.5710521479962,377.9310202610877,348.51397329992733,367.2368303844142
766,Puskas,Puskas,Puskas__CPTu 109,Tertiary,MASW,13.5,416.89764952808366,1.0,338.39808963467897,448.92728115468685,424.73982070076784,368.3429239749988,389.0201363098098
767,Puskas,Puskas,Puskas__CPTu 109,Tertiary,MASW,14.9,401.2370520208633,1.0,339.523994729062,459.5554784608987,444.18193145016596,371.8011380293322,395.07432460140495
768,Puskas,Puskas,Puskas__CPTu 109,Tertiary,MASW,16.15,473.1945423642119,1.0,349.10696757150504,495.685173921459,448.612056017081,387.82226678073266,408.4852924620998
769,Puskas,Puskas,Puskas__CPTu 109,Tertiary,MASW,16.9,475.4318888902732,1.0,357.28374453958656,405.99336904474734,404.7960492658073,371.2487177452536,378.58395135838464
770,Puskas,Puskas,Puskas__CPTu 109,Tertiary,MASW,17.9,497.3965333145044,1.0,386.07831592674256,441.2664506021511,433.9220423463444,401.867661725119,410.74512480848495
771,Puskas,Puskas,Puskas__CPTu 109,Tertiary,MASW,19.05,488.5508029322555,1.0,398.86289674245205,447.46493295296176,437.2758259689535,412.86136977810804,419.421317703066
772,Puskas,Puskas,Puskas__CPTu 109,Tertiary,MASW,19.8,468.0945771377496,1.0,393.84768207757685,433.7470433951502,426.1626156383735,405.4158875429108,411.61921884550907
773,Puskas,Puskas,Puskas__CPTu 109,Tertiary,MASW,20.5,474.3049527618691,1.0,402.94499446932645,445.47503982081076,424.1409731949387,415.2589946797751,421.4145489816141
774,Puskas,Puskas,Puskas__CPTu 109,Tertiary,MASW,21.5,509.46030729542105,1.0,412.37498390802375,445.6275764311856,431.76493946401695,422.0814205838269,427.6060374163176
775,Puskas,Puskas,Puskas__CPTu 109,Tertiary,MASW,22.75,508.9807292766628,1.0,421.7779298986695,447.25111568891396,446.11321277365846,429.26366128997114,432.7836892784399
776,Puskas,Puskas,Puskas__CPTu 109,Tertiary,MASW,23.75,558.4984862565876,1.0,465.67493078535796,460.90307310322345,443.50145129426755,464.2382091574307,460.76177498699474
777,Puskas,Puskas,Puskas__CPTu 109,Tertiary,MASW,24.5,486.2469479510288,1.0,440.6716567375237,421.96362524020014,425.63847573918605,434.97378859804235,435.4645787837683
778,Puskas,Puskas,Puskas__CPTu 109,Tertiary,MASW,25.5,468.82748348780166,1.0,411.53362149288813,402.6199406561253,408.5427803441691,408.8389926573876,409.4229907845993
779,Puskas,Puskas,Puskas__CPTu 109,Tertiary,MASW,26.5,493.6580005594871,1.0,440.2653269489106,396.73002208753803,392.0587537655641,426.7255616960329,421.53394056574353
780,Puskas,Puskas,Puskas__CPTu 109,Tertiary,MASW,27.66,504.2900797769235,1.0,528.5214755443315,403.3489884629698,420.3434397244975,487.35804419130625,478.47923007738353
781,Puskas,Puskas,Puskas__CPTu 110,Quaternary,MASW,1.5,200.39827423258905,1.0,209.72601943989417,232.7702816274166,233.70804892451298,216.38885031218953,216.38885031218953
782,Puskas,Puskas,Puskas__CPTu 110,Quaternary,MASW,2.45,145.81757350484608,1.0,164.61764956079494,177.45469416453582,185.47549080812234,168.3680667226965,168.3680667226965
783,Puskas,Puskas,Puskas__CPTu 110,Quaternary,MASW,3.05,189.85635815921648,1.0,191.5578774007055,219.97150154873844,229.02492551239962,199.6732731045097,199.6732731045097
784,Puskas,Puskas,Puskas__CPTu 110,Quaternary,MASW,3.85,310.9234013659034,1.0,242.8174943640479,269.318597336085,264.07675180846417,250.48163214359542,250.48163214359542
785,Puskas,Puskas,Puskas__CPTu 110,Quaternary,MASW,5.05,302.5591536137546,1.0,242.9578762992611,275.64049159274924,282.770206121838,252.3333146709051,252.3333146709051
786,Puskas,Puskas,Puskas__CPTu 110,Quaternary,MASW,5.949999999999999,276.71814675465174,1.0,228.2774598097974,278.1117313937136,271.3831810261953,242.20879804379769,242.20879804379769
787,Puskas,Puskas,Puskas__CPTu 110,Quaternary,MASW,6.85,270.6218527389317,1.0,242.68565336502385,314.2923263714677,288.5248723772396,262.2593651489649,262.2593651489649
788,Puskas,Puskas,Puskas__CPTu 110,Quaternary,MASW,7.8,240.10991579143212,1.0,249.61521790918687,311.08912654458896,292.29597012248263,266.65835190902726,266.65835190902726
789,Puskas,Puskas,Puskas__CPTu 110,Tertiary,MASW,8.6,259.15796461510746,1.0,256.8873377339253,287.9256375305351,278.9380766262189,265.8299990294836,265.8299990294836
790,Puskas,Puskas,Puskas__CPTu 110,Tertiary,MASW,9.5,276.2420718485685,1.0,267.48758479866353,301.0395957299417,296.20632514124924,277.14026457051085,277.14026457051085
791,Puskas,Puskas,Puskas__CPTu 110,Tertiary,MASW,10.5,242.73062414832853,1.0,260.2382574320828,296.05373104240806,293.6965457907372,270.50229939603406,270.50229939603406
792,Puskas,Puskas,Puskas__CPTu 110,Tertiary,MASW,11.65,417.0864828726228,1.0,308.57081750959827,354.1071344689481,341.21085176427545,321.57982819285377,321.57982819285377
793,Puskas,Puskas,Puskas__CPTu 110,Tertiary,MASW,12.9,357.01092228030126,1.0,285.489828230974,299.23946175792435,303.3088327146579,289.5470249481272,289.5470249481272
794,Puskas,Puskas,Puskas__CPTu 110,Tertiary,MASW,14.05,404.08198793474,1.0,321.7920498772727,332.9473693990624,339.7151034702527,325.09882032523535,338.56750244642814
795,Puskas,Puskas,Puskas__CPTu 110,Tertiary,MASW,14.8,395.3061842804448,1.0,321.7399555590891,393.0762389515408,379.39786797962194,341.661887524791,364.49139010534776
796,Puskas,Puskas,Puskas__CPTu 110,Tertiary,MASW,15.5,484.57396015852,1.0,367.9451820072669,473.7370837742992,453.44581151578825,396.92586422534174,412.64728558165285
797,Puskas,Puskas,Puskas__CPTu 110,Tertiary,MASW,16.5,477.2386325952831,1.0,366.8252493768741,414.5541698685344,400.78736974041914,380.5360811504215,392.10425166241714
798,Puskas,Puskas,Puskas__CPTu 110,Tertiary,MASW,17.5,443.3628887189915,1.0,363.5498991399767,409.3310271404617,400.81189196774784,376.7187353646413,386.703600472767
799,Puskas,Puskas,Puskas__CPTu 110,Tertiary,MASW,19.0,469.2945504406817,1.0,375.8106080021,436.1608236861127,425.57794567049854,392.98169420667307,403.9663836928021
800,Puskas,Puskas,Puskas__CPTu 110,Tertiary,MASW,20.5,527.5931660235888,1.0,411.92496486102243,451.983343588703,440.9199434281339,423.55460561269444,426.4523909733486
801,Puskas,Puskas,Puskas__CPTu 110,Tertiary,MASW,21.75,511.7728837949055,1.0,438.2659563364912,443.0715757025334,433.4246457330975,439.7021434047222,439.69618301205935
802,Puskas,Puskas,Puskas__CPTu 110,Tertiary,MASW,22.25,481.0034745008721,1.0,430.96862201399074,442.91102438528014,433.89583887032035,434.5171305787829,436.62555187425477
803,Puskas,Puskas,Puskas__CPTu 110,Tertiary,MASW,22.36,462.4689505029692,1.0,427.07553961585313,433.6841891896472,423.44542234065733,429.04749000127066,430.91787368512956
825,Puskas,Puskas,Puskas__CPTu 112,Quaternary,MASW,1.5,247.8565513133917,1.0,208.9395789101097,217.14108228243194,222.72186101268534,211.36695943274657,211.36695943274657
826,Puskas,Puskas,Puskas__CPTu 112,Quaternary,MASW,2.15,206.6398675684603,1.0,181.3002624491301,188.6158669436661,189.1207849211066,183.46463879088776,183.46463879088776
827,Puskas,Puskas,Puskas__CPTu 112,Quaternary,MASW,2.75,192.14192162642937,1.0,160.7664817304986,190.22393507138696,188.3935606766696,169.08940805640546,169.08940805640546
828,Puskas,Puskas,Puskas__CPTu 112,Quaternary,MASW,3.85,188.58858106312715,1.0,166.50939117051337,204.49405453812412,206.88378736007144,177.0970466447746,177.0970466447746
829,Puskas,Puskas,Puskas__CPTu 112,Quaternary,MASW,4.75,211.57719445603627,1.0,209.06323881830974,240.800083923938,235.00970023775557,218.1179273292712,218.1179273292712
830,Puskas,Puskas,Puskas__CPTu 112,Quaternary,MASW,5.75,260.796572749255,1.0,250.9335167783687,278.0502817269612,268.0889111582848,258.7784296311779,258.7784296311779
831,Puskas,Puskas,Puskas__CPTu 112,Quaternary,MASW,7.45,266.3152922379172,1.0,250.46855554407648,314.65170871153845,289.87192031019526,268.21080905524906,268.21080905524906
832,Puskas,Puskas,Puskas__CPTu 112,Quaternary,MASW,9.0,293.1036579652522,1.0,268.1573516206356,307.29353952901846,295.77399872786043,279.3436634525828,279.3436634525828
833,Puskas,Puskas,Puskas__CPTu 112,Tertiary,MASW,10.1,298.53842624504034,1.0,276.3774711969521,298.96085918270205,304.8798615261791,282.96723233695855,282.96723233695855
834,Puskas,Puskas,Puskas__CPTu 112,Tertiary,MASW,11.05,313.2235594030481,1.0,297.9897991480494,319.40895565333864,319.04141749227017,304.26017089960027,304.26017089960027
835,Puskas,Puskas,Puskas__CPTu 112,Tertiary,MASW,12.05,389.4859402882468,1.0,313.96598016292194,390.0931992770962,367.99896349746734,335.0952938238348,355.25295470644005
836,Puskas,Puskas,Puskas__CPTu 112,Tertiary,MASW,12.85,448.3076900062492,1.0,314.48242875514774,385.6094155919685,374.4888390335083,334.3195382767412,354.1870848524579
837,Puskas,Puskas,Puskas__CPTu 112,Tertiary,MASW,13.5,456.5124040212682,1.0,323.10931546260446,391.43592085851003,396.5759592099254,342.24951277409883,363.2379063657442
838,Puskas,Puskas,Puskas__CPTu 112,Tertiary,MASW,14.4,434.7889089919266,1.0,322.09381208134874,339.3735272307951,341.7762608487849,327.1832451928962,344.2628718111114
839,Puskas,Puskas,Puskas__CPTu 112,Tertiary,MASW,15.4,413.5995258322484,1.0,327.9301642175301,327.9412357897995,319.1813443180516,327.9334856499627,335.12935986660494
840,Puskas,Puskas,Puskas__CPTu 112,Tertiary,MASW,16.2,413.57480049432417,1.0,335.7337570875258,318.49508691122935,313.76352661861165,330.466414587379,335.5440157476762
841,Puskas,Puskas,Puskas__CPTu 112,Tertiary,MASW,16.75,395.7007209996854,1.0,320.0056660972367,312.49547994976325,311.8097295226009,317.73385328861957,317.73385328861957
842,Puskas,Puskas,Puskas__CPTu 112,Tertiary,MASW,17.5,398.7051358684919,1.0,343.4645461920822,322.69398987753004,320.3713343437037,337.096779066485,341.20381300286664
843,Puskas,Puskas,Puskas__CPTu 112,Tertiary,MASW,18.5,433.7863395722361,1.0,383.86981921853635,345.54453337961775,346.2563219767804,371.94607979051494,372.49488263639205
844,Puskas,Puskas,Puskas__CPTu 112,Tertiary,MASW,19.5,446.826169371082,1.0,396.73100829446213,383.1407765865507,370.72334726676473,392.6040856389515,396.41418929358645
845,Puskas,Puskas,Puskas__CPTu 112,Tertiary,MASW,20.5,374.5451847602716,1.0,345.8384817443583,342.62916357221,340.5712175974387,344.8725426466516,347.54362909464476
846,Puskas,Puskas,Puskas__CPTu 112,Tertiary,MASW,21.5,378.6468007107174,1.0,362.51719704610275,351.25672668671206,348.437262719269,359.1016696134228,359.86516900336386
847,Puskas,Puskas,Puskas__CPTu 112,Tertiary,MASW,22.5,436.70603389526303,1.0,409.1738004312419,356.8218058636957,356.562607178744,392.70903086550464,385.86526247313293
848,Puskas,Puskas,Puskas__CPTu 112,Tertiary,MASW,23.5,537.9545240284157,1.0,441.77654422038876,368.3049377696102,374.59726728197097,418.3156569951624,411.39561555658196
849,Puskas,Puskas,Puskas__CPTu 112,Tertiary,MASW,24.5,486.7362618040775,1.0,413.4855377231249,378.25120731106426,384.5115329836895,402.5838267339456,398.12281091272087
850,Puskas,Puskas,Puskas__CPTu 112,Tertiary,MASW,25.545,519.6919159437585,1.0,448.4006054800551,381.7367427148809,399.04262836965756,427.2632329111313,421.02328964538316
851,Puskas,Puskas,Puskas__CPTu 113,Quaternary,MASW,1.5,218.4920718549121,1.0,203.32077361813316,206.05959988965446,215.68305593545668,204.13857700913414,204.13857700913414
852,Puskas,Puskas,Puskas__CPTu 113,Quaternary,MASW,2.25,235.1311823772301,1.0,214.08792601120328,213.69825672820494,214.11491418662442,213.97095067800709,213.97095067800709
853,Puskas,Puskas,Puskas__CPTu 113,Quaternary,MASW,2.85,209.8338655995791,1.0,189.17814608932218,193.24290976524188,199.6953837225164,190.3885148398899,190.3885148398899
854,Puskas,Puskas,Puskas__CPTu 113,Quaternary,MASW,3.85,210.7831944833367,1.0,201.33891366983445,229.19612996557902,231.84571085502807,209.32041580733966,209.32041580733966
855,Puskas,Puskas,Puskas__CPTu 113,Quaternary,MASW,5.05,249.12116863907616,1.0,234.685777720362,264.2763447502981,259.0213950323193,243.1970079438769,243.1970079438769
856,Puskas,Puskas,Puskas__CPTu 113,Quaternary,MASW,6.0,231.3198506695236,1.0,225.88385385154888,280.171679700692,265.3067342353214,240.96108066427868,240.96108066427868
857,Puskas,Puskas,Puskas__CPTu 113,Quaternary,MASW,7.1,254.818943702389,1.0,238.97580810446604,314.1879308894302,280.85322973283854,259.4206879300358,259.4206879300358
858,Puskas,Puskas,Puskas__CPTu 113,Quaternary,MASW,8.25,351.6203146859859,1.0,259.18506569071843,299.64376015797404,293.09629305113947,270.71265183224773,270.71265183224773
859,Puskas,Puskas,Puskas__CPTu 113,Tertiary,MASW,9.25,301.42449401020934,1.0,249.33007168798392,281.24139131340894,274.29193814232434,258.5032661154995,258.5032661154995
860,Puskas,Puskas,Puskas__CPTu 113,Tertiary,MASW,10.15,292.7843806065131,1.0,257.18794919849597,283.9671238147015,283.01547025760834,264.9450741879521,264.9450741879521
861,Puskas,Puskas,Puskas__CPTu 113,Tertiary,MASW,11.0,292.4659929065777,1.0,263.8301440757971,282.63307954363046,283.20330356764384,269.33574041774517,269.33574041774517
862,Puskas,Puskas,Puskas__CPTu 113,Tertiary,MASW,12.0,298.68228205638707,1.0,252.76545437452424,271.0226051981239,273.0285161003134,258.1095404182735,258.1095404182735
863,Puskas,Puskas,Puskas__CPTu 113,Tertiary,MASW,13.0,378.1991934507872,1.0,281.49753098390346,298.99472100995257,298.1233649283874,286.6363528037616,286.6363528037616
864,Puskas,Puskas,Puskas__CPTu 113,Tertiary,MASW,14.0,387.6000048615877,1.0,301.5835978669802,292.85406559901725,294.69799787302304,298.9377627064528,298.9377627064528
865,Puskas,Puskas,Puskas__CPTu 113,Tertiary,MASW,15.05,455.8586003549698,1.0,366.0978907030817,488.00102005776034,456.4417447584481,399.0655862086004,418.8803034344317
866,Puskas,Puskas,Puskas__CPTu 113,Tertiary,MASW,16.15,484.6370874975657,1.0,366.5261516543481,458.4795027906478,440.6221317372528,391.98500537602115,405.60004206307605
867,Puskas,Puskas,Puskas__CPTu 113,Tertiary,MASW,17.1,462.0016359922432,1.0,359.5780816361092,410.54771906128826,399.35298103773914,374.1660169715812,384.15426172305024
868,Puskas,Puskas,Puskas__CPTu 113,Tertiary,MASW,17.75,385.3383512141156,1.0,364.35764378631455,465.35694576320395,450.64600497988584,392.1077079072903,401.8241167241752
869,Puskas,Puskas,Puskas__CPTu 113,Tertiary,MASW,18.5,421.9505280282337,1.0,405.161216775901,476.78626005205797,468.25496476669645,425.4383407078478,435.4850953735839
870,Puskas,Puskas,Puskas__CPTu 113,Tertiary,MASW,19.5,372.45822962193984,1.0,372.8977387252412,429.9837051468472,422.3211994321166,389.17812748748474,395.10333000029374
871,Puskas,Puskas,Puskas__CPTu 113,Tertiary,MASW,20.64,438.658819466712,1.0,416.5309924048751,443.76005965876755,430.1959281854891,424.5194453329804,427.2832096604994
872,Puskas,Puskas,Puskas__CPTu 114,Quaternary,MASW,1.5,224.75092393174705,1.0,213.42243425083072,223.5557336260518,224.28859930826005,216.41322263489235,216.41322263489235
873,Puskas,Puskas,Puskas__CPTu 114,Quaternary,MASW,2.25,224.13193179464807,1.0,215.27808210751337,213.8799927366112,212.6343482565872,214.85769840695966,214.85769840695966
874,Puskas,Puskas,Puskas__CPTu 114,Quaternary,MASW,2.85,186.43379476265693,1.0,182.14119121986815,186.18445202337784,187.1359361904936,183.3448620586082,183.3448620586082
875,Puskas,Puskas,Puskas__CPTu 114,Quaternary,MASW,3.6,197.16634393812143,1.0,196.2276858589582,215.33333244995376,227.95810519441207,201.77417300487525,201.77417300487525
876,Puskas,Puskas,Puskas__CPTu 114,Quaternary,MASW,4.5,220.3446748699139,1.0,223.99674248751194,256.2009701598124,253.33984451074534,233.2079883740893,233.2079883740893
877,Puskas,Puskas,Puskas__CPTu 114,Quaternary,MASW,5.6,238.76717286650103,1.0,238.18000587533874,273.7331483793278,268.3324645341771,248.33156695332292,248.33156695332292
878,Puskas,Puskas,Puskas__CPTu 114,Quaternary,MASW,6.75,252.71605577583384,1.0,253.2846655296395,325.5008301494465,297.02329618005365,273.081235018565,273.081235018565
879,Puskas,Puskas,Puskas__CPTu 114,Quaternary,MASW,7.85,296.36910100833444,1.0,256.7125286344906,326.48113978653066,302.1470253922793,275.91186359414604,275.91186359414604
880,Puskas,Puskas,Puskas__CPTu 114,Tertiary,MASW,8.7,298.751297713141,1.0,262.35733435214826,292.3598533293518,284.58451202488476,271.0195172487344,271.0195172487344
881,Puskas,Puskas,Puskas__CPTu 114,Tertiary,MASW,9.5,273.3427491900246,1.0,258.3439204366121,291.58749943645853,285.803584317017,267.89798220584765,267.89798220584765
882,Puskas,Puskas,Puskas__CPTu 114,Tertiary,MASW,10.5,274.4851564238781,1.0,265.22373229788684,297.444702566914,295.00759662304614,274.50517686439497,274.50517686439497
883,Puskas,Puskas,Puskas__CPTu 114,Tertiary,MASW,11.6,349.02458754476305,1.0,333.029760223473,401.2002131274444,388.44796341632303,352.16523230360025,370.8886502527637
884,Puskas,Puskas,Puskas__CPTu 114,Tertiary,MASW,12.9,455.37679631018045,1.0,327.7107739137429,399.9722264381762,387.95867121034894,347.8984183990862,364.73851949298927
885,Puskas,Puskas,Puskas__CPTu 114,Tertiary,MASW,14.05,444.89322672508666,1.0,337.5238416919228,423.07153438216227,410.9701211245753,361.1912830465043,377.068846326957
886,Puskas,Puskas,Puskas__CPTu 114,Tertiary,MASW,14.85,419.3373064047892,1.0,343.80155364919153,437.5959828432694,428.3977511468297,369.60469762791286,383.8147322025087
887,Puskas,Puskas,Puskas__CPTu 114,Tertiary,MASW,15.6,413.0622284277911,1.0,342.54688078085695,476.27723124166675,445.0468960412156,378.1481309026566,400.885261198813
888,Puskas,Puskas,Puskas__CPTu 114,Tertiary,MASW,16.5,405.4488297502153,1.0,349.6856241269009,450.73816488161805,434.3983110672774,377.35642130087064,396.38100579900345
889,Puskas,Puskas,Puskas__CPTu 114,Tertiary,MASW,17.5,405.0860597221328,1.0,371.47522645117573,547.3442633697941,493.07572693610615,417.2814419759564,438.65549660189663
890,Puskas,Puskas,Puskas__CPTu 114,Tertiary,MASW,18.5,422.1799813005418,1.0,398.6750325274761,489.4557855078726,469.51240103981485,423.98194881467714,435.4843488562752
891,Puskas,Puskas,Puskas__CPTu 114,Tertiary,MASW,19.5,378.765919590836,1.0,384.1534329374398,423.88107672249544,429.52619622723506,395.6639766979958,400.11674977977566
892,Puskas,Puskas,Puskas__CPTu 114,Tertiary,MASW,20.5,414.0643271634791,1.0,423.40247817381805,480.2003744327544,470.54116883707326,439.6976304953377,444.5893942008402
893,Puskas,Puskas,Puskas__CPTu 114,Tertiary,MASW,21.5,410.2344894035193,1.0,418.4966676636777,460.8509638121444,441.49387165578304,430.77704517121936,433.3088897562949
894,Puskas,Puskas,Puskas__CPTu 114,Tertiary,MASW,22.55,461.6075672095514,1.0,428.8319335587619,426.6097851282393,422.21490762619305,428.16407640559305,428.60857473759813
662,Puskas,Puskas,Puskas__CPTu 115B,Quaternary,MASW,1.5,177.5775357627264,1.0,207.99073901282185,226.10270614499197,220.96739168490487,213.26644356186162,213.26644356186162
663,Puskas,Puskas,Puskas__CPTu 115B,Quaternary,MASW,2.85,194.80249713462203,1.0,201.14772790848366,223.1323530744962,231.9022422776062,207.5053773055478,207.5053773055478
664,Puskas,Puskas,Puskas__CPTu 115B,Quaternary,MASW,4.1,273.90570076495567,1.0,209.12581892161498,243.42647421357196,241.8402677412362,218.87476907754714,218.87476907754714
665,Puskas,Puskas,Puskas__CPTu 115B,Quaternary,MASW,4.9,292.45199750297326,1.0,228.69393349161152,259.59322085380126,254.4236855615645,237.55613737499556,237.55613737499556
666,Puskas,Puskas,Puskas__CPTu 115B,Quaternary,MASW,5.85,307.64613531995786,1.0,240.24122426929515,258.2069760605489,252.7587295705338,245.49557253983684,245.49557253983684
667,Puskas,Puskas,Puskas__CPTu 115B,Tertiary,MASW,7.1,263.54741981739886,1.0,205.78032080238583,232.88681520063264,226.00508819570348,213.56307158337523,213.56307158337523
668,Puskas,Puskas,Puskas__CPTu 115B,Tertiary,MASW,8.15,296.4455748931434,1.0,251.99893817666637,285.5613251581755,270.80857244457184,261.6308271158831,261.6308271158831
669,Puskas,Puskas,Puskas__CPTu 115B,Tertiary,MASW,9.15,313.7495228555593,1.0,275.10427517526796,293.405899630114,288.8828271840599,280.4715342866468,280.4715342866468
670,Puskas,Puskas,Puskas__CPTu 115B,Tertiary,MASW,10.15,279.609921790994,1.0,272.5961215883525,323.8986016848561,306.7082300182084,287.06912972864706,287.06912972864706
671,Puskas,Puskas,Puskas__CPTu 115B,Tertiary,MASW,10.9,271.70906152072064,1.0,280.76901272339876,325.67593221765577,317.72967389044743,293.54867328849014,293.54867328849014
672,Puskas,Puskas,Puskas__CPTu 115B,Tertiary,MASW,11.9,294.8011092106114,1.0,303.0751712940199,360.7867565645354,351.1995371099759,319.3452257195581,319.3452257195581
673,Puskas,Puskas,Puskas__CPTu 115B,Tertiary,MASW,13.0,299.7397989861046,1.0,314.96403230883345,347.34634446099136,355.19256253763297,324.34820072328955,324.34820072328955
674,Puskas,Puskas,Puskas__CPTu 115B,Tertiary,MASW,14.05,274.7841072091833,1.0,301.5593708864707,308.70377558008016,311.7869048053853,303.68515464234486,303.68515464234486
675,Puskas,Puskas,Puskas__CPTu 115B,Tertiary,MASW,15.0,336.55568493216555,1.0,346.32109604724633,408.6532986390285,399.69713737742524,363.95003523193685,382.40776176559774
676,Puskas,Puskas,Puskas__CPTu 115B,Tertiary,MASW,16.05,462.3761512596194,1.0,362.7221381499398,521.9529441195917,478.50280270602656,404.5677400435147,425.107405696601
677,Puskas,Puskas,Puskas__CPTu 115B,Tertiary,MASW,17.25,435.65513361182826,1.0,356.6218106554081,457.94257825683934,444.4472706816401,384.4048318374469,398.67243875735414
678,Puskas,Puskas,Puskas__CPTu 115B,Tertiary,MASW,18.0,513.5264931671679,1.0,415.50472786246667,527.2645256390742,492.2034122624379,446.2844396091081,456.1404425155094
679,Puskas,Puskas,Puskas__CPTu 115B,Tertiary,MASW,18.8,465.7402513651255,1.0,398.8759915613746,455.50567960268825,445.25833609317743,415.0827321797738,423.60051620731593
680,Puskas,Puskas,Puskas__CPTu 115B,Tertiary,MASW,19.85,382.9857694236487,1.0,353.25949355657974,401.2570843674891,385.3524171198842,367.0223429883377,370.8410373161521
681,Puskas,Puskas,Puskas__CPTu 115B,Tertiary,MASW,20.9,484.74342284797984,1.0,465.7752157462525,500.8073303183883,494.9420996846674,476.0194147750218,479.61652215641624
682,Puskas,Puskas,Puskas__CPTu 115B,Tertiary,MASW,21.9,413.1132090436036,1.0,429.9508864982884,442.2841549809508,433.5638147571512,433.61431215983396,435.0871413114617
683,Puskas,Puskas,Puskas__CPTu 116B,Quaternary,MASW,1.5,165.17598579807225,1.0,195.578923968194,208.02935745798987,207.3088414919737,199.23371128587166,199.23371128587166
684,Puskas,Puskas,Puskas__CPTu 116B,Quaternary,MASW,2.25,182.48225149002965,1.0,203.9577466135323,206.70841891918175,210.22693784583865,204.77908263167745,204.77908263167745
685,Puskas,Puskas,Puskas__CPTu 116B,Quaternary,MASW,3.1,211.939798054941,1.0,193.52517194688332,194.03090501353705,201.22678521088764,193.67675330235065,193.67675330235065
686,Puskas,Puskas,Puskas__CPTu 116B,Quaternary,MASW,4.1,271.3842887981581,1.0,204.68996741233113,219.16081330530997,217.47424507711244,208.92791047470038,208.92791047470038
687,Puskas,Puskas,Puskas__CPTu 116B,Quaternary,MASW,5.0,282.5296903549559,1.0,219.29842676254003,257.929778624278,250.64508083255532,230.237100261931,230.237100261931
688,Puskas,Puskas,Puskas__CPTu 116B,Quaternary,MASW,5.95,323.5496490378933,1.0,242.02166591204548,279.5614441668878,265.6181845998052,252.72089724347555,252.72089724347555
689,Puskas,Puskas,Puskas__CPTu 116B,Quaternary,MASW,7.45,286.9464469554483,1.0,242.6786377674312,276.43478346432545,259.0168656855563,252.34801367125382,252.34801367125382
690,Puskas,Puskas,Puskas__CPTu 116B,Tertiary,MASW,8.8,271.498292730628,1.0,236.75709014572988,267.5614779992119,258.136506016418,245.6061127161041,245.6061127161041
691,Puskas,Puskas,Puskas__CPTu 116B,Tertiary,MASW,9.65,300.0730102578347,1.0,261.44027021754414,300.65492507960494,287.2271349920116,272.634765816898,272.634765816898
692,Puskas,Puskas,Puskas__CPTu 116B,Tertiary,MASW,10.55,290.23879428544615,1.0,281.68605324977267,308.0825965116916,309.5944543423141,289.3582646290659,289.3582646290659
693,Puskas,Puskas,Puskas__CPTu 116B,Tertiary,MASW,11.2,294.0468611837509,1.0,308.8271643004422,354.3437032521941,339.54438228895,321.8312866330185,321.8312866330185
694,Puskas,Puskas,Puskas__CPTu 116B,Tertiary,MASW,11.75,260.1769190191595,1.0,283.11773655179593,312.0021357140611,319.003916834538,291.49037863519266,291.49037863519266
695,Puskas,Puskas,Puskas__CPTu 116B,Tertiary,MASW,12.75,292.19423384599014,1.0,317.6719496788606,402.8207543543866,392.5673362802315,341.1290929302623,360.788003358357
696,Puskas,Puskas,Puskas__CPTu 116B,Tertiary,MASW,14.2,294.6537441290555,1.0,334.6470677192949,350.18845861761747,353.3068726055361,339.23563415489434,349.6366054682386
697,Puskas,Puskas,Puskas__CPTu 116B,Tertiary,MASW,15.05,313.17368201624055,1.0,352.88320158000937,403.0350826007197,389.78991617606465,367.23540518863155,382.4787917447742
698,Puskas,Puskas,Puskas__CPTu 116B,Tertiary,MASW,15.6,391.0747429266331,1.0,333.5433886965141,388.62080241282297,358.32356261322036,349.1921314763047,357.314864275003
699,Puskas,Puskas,Puskas__CPTu 116B,Tertiary,MASW,16.75,460.0133192978093,1.0,380.4484676288765,468.8858881481541,447.684172331491,405.0673474884464,418.3513992448709
700,Puskas,Puskas,Puskas__CPTu 116B,Tertiary,MASW,17.75,499.9847697664736,1.0,413.47994777713996,506.2849770032295,479.41639340866885,439.37630184279243,446.52874933740566
701,Puskas,Puskas,Puskas__CPTu 116B,Tertiary,MASW,18.5,474.3334713691037,1.0,413.23287967293965,460.99591489758575,451.0084482101957,427.01736062783175,432.5433086332531
702,Puskas,Puskas,Puskas__CPTu 116B,Tertiary,MASW,19.5,438.0534386036963,1.0,408.007666571832,459.88055972921575,439.5758793833978,422.92303675774866,427.60437913168744
703,Puskas,Puskas,Puskas__CPTu 116B,Tertiary,MASW,20.5,444.8571547773184,1.0,425.5086934869098,458.39586819416223,440.76626577209646,435.11906699657663,437.2164234740013
704,Puskas,Puskas,Puskas__CPTu 116B,Tertiary,MASW,21.5,478.1757734714046,1.0,457.3031797782048,472.64256913883816,458.9613617476806,461.85197500693266,461.0608279697154
705,Puskas,Puskas,Puskas__CPTu 116B,Tertiary,MASW,22.5,437.9925398709746,1.0,432.56600367147536,456.93378819515976,447.93111148821686,439.7366372924937,439.961369017377
706,Puskas,Puskas,Puskas__CPTu 116B,Tertiary,MASW,23.5,435.4314006524327,1.0,451.2103116255296,459.01162845853054,442.0162339526116,453.53668113401636,451.95263042051846
707,Puskas,Puskas,Puskas__CPTu 116B,Tertiary,MASW,24.5,426.0934640483595,1.0,453.11713562196775,467.07397978707445,456.02543123108444,457.2598215917552,455.7008901168641
708,Puskas,Puskas,Puskas__CPTu 116B,Tertiary,MASW,25.5,484.2937101128108,1.0,510.8725983277622,478.00809864893006,465.9177541621454,500.78279846494837,493.4016158797145
709,Puskas,Puskas,Puskas__CPTu 116B,Tertiary,MASW,26.5,461.6646301279563,1.0,509.013549150615,477.5191685836607,458.5191882851296,499.353137366703,491.96434596413593
710,Puskas,Puskas,Puskas__CPTu 116B,Tertiary,MASW,27.5,446.080165661899,1.0,513.1116979347324,454.7671000296375,449.57573949631615,494.863078549966,484.9562635646427
711,Puskas,Puskas,Puskas__CPTu 116B,Tertiary,MASW,28.5,449.5151864902999,1.0,526.4997633003721,469.1690630190267,463.3409808701598,508.60138243600267,496.08682024612443
712,Puskas,Puskas,Puskas__CPTu 116B,Tertiary,MASW,29.5,441.4789918862944,1.0,541.6652658981153,450.59089093271155,443.6559463578318,512.5620094558043,498.34970895163883
804,Puskas,Puskas,Puskas__CPTu 120a,Quaternary,MASW,1.5,169.27417404343785,1.0,198.8110466163945,209.62455690868728,209.5934584723824,201.99517951596206,201.99517951596206
805,Puskas,Puskas,Puskas__CPTu 120a,Quaternary,MASW,2.15,148.7533414958771,1.0,176.21111538725563,180.722182278031,186.88582253044763,177.5524824648694,177.5524824648694
806,Puskas,Puskas,Puskas__CPTu 120a,Quaternary,MASW,2.75,188.84556930451924,1.0,210.24428579973852,226.0381180033968,224.7680493157701,214.86290614060684,214.86290614060684
807,Puskas,Puskas,Puskas__CPTu 120a,Quaternary,MASW,3.95,295.0128794371489,1.0,235.50646634777135,266.95573201997655,262.0897387690368,244.530907951527,244.530907951527
808,Puskas,Puskas,Puskas__CPTu 120a,Quaternary,MASW,5.300000000000001,306.83201423995195,1.0,245.14707160442438,289.0629763314559,284.516331120215,257.57068790304766,257.57068790304766
809,Puskas,Puskas,Puskas__CPTu 120a,Quaternary,MASW,6.4,304.3360650771512,1.0,243.13085042721343,323.7910146476799,292.952087840456,264.9521733103565,264.9521733103565
810,Puskas,Puskas,Puskas__CPTu 120a,Quaternary,MASW,7.4,265.04783653843504,1.0,252.90112666183882,308.1366055534195,286.0650776328227,268.3419201495866,268.3419201495866
811,Puskas,Puskas,Puskas__CPTu 120a,Quaternary,MASW,8.4,258.2649911120815,1.0,255.11546627426912,286.25724137279445,269.8584493771646,264.0843690137785,264.0843690137785
812,Puskas,Puskas,Puskas__CPTu 120a,Tertiary,MASW,9.4,231.19395467894705,1.0,240.93140756757825,258.0017431380037,261.3679752176088,245.93038211026916,245.93038211026916
813,Puskas,Puskas,Puskas__CPTu 120a,Tertiary,MASW,10.35,265.01827986137533,1.0,278.3382135098497,293.15611992266605,292.85941281910374,282.70316736096487,282.70316736096487
814,Puskas,Puskas,Puskas__CPTu 120a,Tertiary,MASW,11.15,372.0626210861618,1.0,294.90966541670497,319.72735327652043,317.049918023156,302.1455777763243,302.1455777763243
815,Puskas,Puskas,Puskas__CPTu 120a,Tertiary,MASW,11.75,374.5058530745233,1.0,302.1240698840405,326.87767676025305,326.3305896999956,309.3465716316721,309.3465716316721
816,Puskas,Puskas,Puskas__CPTu 120a,Tertiary,MASW,12.5,400.4545339037271,1.0,318.49952694066405,355.897418473307,359.2215337544882,329.2862569929303,344.4340943199115
817,Puskas,Puskas,Puskas__CPTu 120a,Tertiary,MASW,13.5,450.7630066078721,1.0,347.2915387815252,388.28303890797855,391.8529965714894,359.1124548847354,378.1808701089756
818,Puskas,Puskas,Puskas__CPTu 120a,Tertiary,MASW,14.8,387.7574696092931,1.0,321.2997227934692,353.85732085083424,352.05074014974497,330.73922248420655,343.0721403176269
819,Puskas,Puskas,Puskas__CPTu 120a,Tertiary,MASW,16.0,528.035828356596,1.0,380.39937795906815,485.7677910924705,457.41115789988226,409.3515821696924,426.29358802958234
820,Puskas,Puskas,Puskas__CPTu 120a,Tertiary,MASW,16.799999999999997,541.4113022349106,1.0,398.50825013281235,509.59942180245383,490.2064546273106,429.0172944775404,443.33450932804527
821,Puskas,Puskas,Puskas__CPTu 120a,Tertiary,MASW,17.6,526.5325021850196,1.0,394.8136870787857,492.42887882527447,472.01891208266915,421.86898141663573,434.81227615238765
822,Puskas,Puskas,Puskas__CPTu 120a,Tertiary,MASW,19.0,449.0788780094532,1.0,368.5959483603136,367.73787968993327,360.8683259475106,368.3383177413232,370.0938581666561
823,Puskas,Puskas,Puskas__CPTu 120a,Tertiary,MASW,20.0,438.5401246438102,1.0,359.8171579326147,341.9386827771791,339.14110393732125,354.35762195915447,354.7086905288452
824,Puskas,Puskas,Puskas__CPTu 120a,Tertiary,MASW,20.5,441.683963026819,1.0,367.3081400544127,345.1333770488369,341.54209768201025,360.51013240149723,359.6166219614044
895,Puskas,Puskas,Puskas__CPTu 121A,Quaternary,MASW,1.5,243.63319066437415,1.0,201.19011741150342,213.510527353566,218.0136100394781,204.80966104428043,204.80966104428043
896,Puskas,Puskas,Puskas__CPTu 121A,Quaternary,MASW,2.7,178.24327434404807,1.0,161.06149157564772,184.28177096928533,187.50177992821935,167.70225983355294,167.70225983355294
897,Puskas,Puskas,Puskas__CPTu 121A,Quaternary,MASW,4.05,214.51341235432335,1.0,190.50354247946072,210.04095002254505,214.24045868156833,196.16581698687236,196.16581698687236
898,Puskas,Puskas,Puskas__CPTu 121A,Quaternary,MASW,5.45,265.99977478840395,1.0,248.37507734426612,268.07945993694386,258.08338799392783,254.12926051833452,254.12926051833452
899,Puskas,Puskas,Puskas__CPTu 121A,Quaternary,MASW,6.6,249.06811188904564,1.0,240.52989798658743,284.63926793453055,280.8287626843595,252.99200161167082,252.99200161167082
900,Puskas,Puskas,Puskas__CPTu 121A,Quaternary,MASW,7.5,258.6120744886227,1.0,233.5777905519013,297.8521064478895,272.8931348275673,251.2478100427066,251.2478100427066
901,Puskas,Puskas,Puskas__CPTu 121A,Quaternary,MASW,8.5,349.60936029235586,1.0,271.97697206394656,305.8280748148609,295.7231386114042,281.71871537791486,281.71871537791486
902,Puskas,Puskas,Puskas__CPTu 121A,Tertiary,MASW,10.25,274.3252209805548,1.0,246.2778634042048,278.4990886774405,277.000366008612,255.53176666992377,255.53176666992377
903,Puskas,Puskas,Puskas__CPTu 121A,Tertiary,MASW,12.25,429.7297539613017,1.0,334.4298668785802,397.9414800973917,386.8348891803056,352.33785207113203,370.22442369273256
904,Puskas,Puskas,Puskas__CPTu 121A,Tertiary,MASW,13.5,457.5477116999507,1.0,344.486246126285,408.99545775250755,407.8620168553887,362.69023792671373,381.29472033560904
905,Puskas,Puskas,Puskas__CPTu 121A,Tertiary,MASW,14.5,429.23450448963655,1.0,352.61334696805056,397.969715896242,397.1261249698232,365.64878142207596,376.3432947319502
906,Puskas,Puskas,Puskas__CPTu 121A,Tertiary,MASW,15.5,393.2011106231139,1.0,332.5415257908348,381.1016791485485,383.02039566868444,346.4211334057222,359.5038984985608
907,Puskas,Puskas,Puskas__CPTu 121A,Tertiary,MASW,16.5,407.15217775269457,1.0,352.21117530184955,376.5054276876379,374.65948964911973,359.33007206522524,368.8128756359933
908,Puskas,Puskas,Puskas__CPTu 121A,Tertiary,MASW,17.5,431.4541433745016,1.0,413.80848558133613,519.7350312663323,488.1589254961341,443.0922679000364,452.3347241878096
909,Puskas,Puskas,Puskas__CPTu 121A,Tertiary,MASW,18.5,410.1982569149331,1.0,419.7032497791318,539.5196590109974,510.8270657936561,452.54504556344546,464.8511003048652
910,Puskas,Puskas,Puskas__CPTu 121A,Tertiary,MASW,19.5,391.8910877493569,1.0,403.3265362413302,480.97814862547887,470.1173536646594,425.20401976581303,434.24219066249157
911,Puskas,Puskas,Puskas__CPTu 121A,Tertiary,MASW,20.5,410.3707620497225,1.0,439.78235833335646,501.420825017768,483.8152846926213,457.432663671359,462.13345473980127
912,Puskas,Puskas,Puskas__CPTu 121A,Tertiary,MASW,21.95,421.3272325672114,1.0,452.1536657590579,482.0917490510145,476.4311050777703,460.93442943624325,464.11861806078986
180,River,River,River__CPT2,Quaternary,MASW,1.65,115.33052569156412,4.0,137.47020610388591,161.20224154918725,164.74216090793257,148.86404995893116,148.86404995893116
181,River,River,River__CPT2,Quaternary,MASW,2.7,164.93791717262042,4.0,168.07501063340683,183.13895013847085,189.7817325581274,175.44537894146558,175.44537894146558
182,River,River,River__CPT2,Quaternary,MASW,3.65,234.05003282834616,4.0,213.22318014708006,209.77404270139215,207.55294687766053,211.49158020379963,211.49158020379963
183,River,River,River__CPT2,Quaternary,MASW,4.85,319.5102089316684,4.0,238.8225198690687,245.6025279569602,233.5239511626578,242.1887995199088,242.1887995199088
184,River,River,River__CPT2,Quaternary,MASW,6.15,322.2077314793199,4.0,250.16988235875837,260.0782310337754,253.59310775175413,255.07595037908516,255.07595037908516
185,River,River,River__CPT2,Quaternary,MASW,7.199999999999999,246.8972404710532,4.0,233.13010779475098,244.81137826150533,240.5550248917313,238.89935747817813,238.89935747817813
186,River,River,River__CPT2,Quaternary,MASW,8.05,259.9961823769368,4.0,259.79783018949365,269.3663506054068,269.3264551849589,264.538831579311,264.538831579311
187,River,River,River__CPT2,Quaternary,MASW,9.25,239.59756278151008,4.0,258.7086868560911,262.6546204925477,273.01396400371493,260.67418737633375,260.67418737633375
188,River,River,River__CPT2,Quaternary,MASW,11.0,251.45450563660305,4.0,271.10787933792653,296.72818408418306,298.38420712054386,283.6288926164906,283.6288926164906
189,River,River,River__CPT2,Quaternary,MASW,12.4,489.6128465352403,4.0,296.73617100758304,327.0231097098061,321.6157845444763,311.5117741053789,311.5117741053789
190,River,River,River__CPT2,Tertiary,MASW,14.15,693.5362539919386,4.0,377.9745366753481,415.0277460078382,415.2120209374733,396.06807496278554,413.55861169497354
191,River,River,River__CPT2,Tertiary,MASW,16.25,751.0262122133416,4.0,409.54353382312223,426.5357133967988,418.3232040288436,417.9532789275511,418.24399276315205
192,River,River,River__CPT5,Quaternary,MASW,2.05,202.0,4.0,190.64499239366157,174.3202003197634,174.8880473928151,182.29995409769822,182.29995409769822
193,River,River,River__CPT5,Quaternary,MASW,3.65,211.3071752491552,4.0,187.13946826799517,193.16218205421745,195.76988896141998,190.12697872504032,190.12697872504032
194,River,River,River__CPT5,Quaternary,MASW,4.65,217.06157804322785,4.0,186.92904391994932,207.97787307903928,205.3616925358988,197.17277948837,197.17277948837
195,River,River,River__CPT5,Quaternary,MASW,5.65,292.9070627467941,4.0,233.35048573208962,230.45271211221447,231.98575018736392,231.89707266298706,231.89707266298706
196,River,River,River__CPT5,Quaternary,MASW,6.7,325.46149347739083,4.0,255.0897915257355,258.3198192180371,254.42316539246605,256.69972503159164,256.69972503159164
197,River,River,River__CPT5,Quaternary,MASW,8.1,276.7262155606347,4.0,244.11553715003035,246.80707730386314,247.3421493653511,245.45761802898207,245.45761802898207
198,River,River,River__CPT5,Quaternary,MASW,9.75,259.21651334725726,4.0,254.69194686214502,263.33292277047764,269.8796617214574,258.97639810089214,258.97639810089214
199,River,River,River__CPT5,Quaternary,MASW,11.35,263.8911524267684,4.0,261.69930835026764,290.4951595796814,286.57605741493495,275.7215666956491,275.7215666956491
200,River,River,River__CPT5,Tertiary,MASW,13.1,445.1012939042873,4.0,343.30573858285646,407.2986835554267,411.187356007363,373.9357904531484,373.9357904531484
201,River,River,River__CPT5,Tertiary,MASW,14.65,499.49813265589256,4.0,381.8284488662569,411.1826122567145,414.2931463975001,396.23379340833213,402.27042907078317
202,River,River,River__CPT5,Tertiary,MASW,16.4,670.414393337913,4.0,416.7994782416882,418.99494691646004,420.4052902843617,417.8957708097613,414.6255336601401
203,River,River,River__CPT5,Tertiary,MASW,18.0,646.2767046306219,4.0,421.2269800776101,430.2783335021847,428.4982684936585,425.72860253212025,422.6443453825466
204,River,River,River__CPT5,Tertiary,MASW,19.45,650.1372413207323,4.0,440.81830379361327,441.21178041438145,432.68011128051995,441.01499822118046,438.0011370005279
205,River,River,River__CPT7,Quaternary,MASW,1.75,230.0,4.0,180.4433311447963,169.34905786271102,159.16971882888203,174.80820383202968,174.80820383202968
206,River,River,River__CPT7,Quaternary,MASW,3.1,176.88507959680965,4.0,212.57093868145753,202.18873293815616,207.4421235736685,207.31485415058503,207.31485415058503
207,River,River,River__CPT7,Quaternary,MASW,4.25,215.8194474926102,4.0,244.53042502936847,255.68844117648277,242.38524649835497,250.0472019359185,250.0472019359185
208,River,River,River__CPT7,Quaternary,MASW,5.65,215.6930991940163,4.0,244.1604424642307,233.45783547579217,235.12016017867765,238.74917467189502,238.74917467189502
209,River,River,River__CPT7,Quaternary,MASW,7.05,304.0688582275734,4.0,235.46257355542724,230.20744117924747,230.95887391699426,232.82018072253808,232.82018072253808
210,River,River,River__CPT7,Quaternary,MASW,8.0,318.12506802788243,4.0,250.4186936091682,251.40504215658385,252.0253286058993,250.91138320851366,250.91138320851366
211,River,River,River__CPT7,Quaternary,MASW,8.95,217.8391962302913,4.0,250.27162619574477,255.99892379742408,255.57278832566064,253.1190766480114,253.1190766480114
212,River,River,River__CPT7,Quaternary,MASW,9.9,236.6873001066819,4.0,271.79838816300673,273.1805110671362,280.33856783196086,272.48857331197206,272.48857331197206
213,River,River,River__CPT7,Quaternary,MASW,11.0,236.26600586720053,4.0,277.3950553557022,297.4682173089153,301.9198824710419,287.2563534666703,287.2563534666703
214,River,River,River__CPT7,Quaternary,MASW,11.9,277.38594435616045,4.0,313.3222442992068,309.26595358526504,322.2022732278906,311.28749197915016,311.28749197915016
215,River,River,River__CPT7,Quaternary,MASW,12.75,313.4911476710846,4.0,349.6989023514593,364.31306606987107,366.6219296605673,356.9311968950441,356.9311968950441
216,River,River,River__CPT7,Quaternary,MASW,13.85,310.73352908732784,4.0,356.87099923916725,375.3498835740627,379.73056009512777,365.99383603468067,365.99383603468067
217,River,River,River__CPT7,Quaternary,MASW,14.9,713.9594253985106,4.0,377.3025660790254,439.629204808583,426.1119156099905,407.275370109168,424.3560568127553
218,River,River,River__CPT7,Quaternary,MASW,16.3,773.4776656548057,4.0,412.1364456130494,437.4929044815464,431.75916142168626,424.62544746394286,431.30175706660924
510,Tömő u. 23,Tömő u. 23,Tömő u. 23__CPT2,Quaternary,MASW,2.5,145.07791806916796,4.0,184.44069727740322,187.0455342885093,190.7442530703609,185.73854949039816,185.73854949039816
511,Tömő u. 23,Tömő u. 23,Tömő u. 23__CPT2,Quaternary,MASW,3.5,135.77595066181453,4.0,175.52842720906176,198.76306834143864,198.81863758274164,186.78481943996414,186.78481943996414
512,Tömő u. 23,Tömő u. 23,Tömő u. 23__CPT2,Quaternary,MASW,4.5,207.83062350057065,4.0,220.1253314799036,220.57918645062313,221.07735201476652,220.3521421157754,220.3521421157754
513,Tömő u. 23,Tömő u. 23,Tömő u. 23__CPT2,Quaternary,MASW,5.5,241.49697661905745,4.0,226.59790944132672,237.98732458719985,236.09880097185044,232.22280298238132,232.22280298238132
514,Tömő u. 23,Tömő u. 23,Tömő u. 23__CPT2,Quaternary,MASW,6.5,220.1001456011517,4.0,223.73035109082366,234.07484307214597,233.86185042814122,228.8441540045555,228.8441540045555
515,Tömő u. 23,Tömő u. 23,Tömő u. 23__CPT2,Quaternary,MASW,7.5,192.10938907392375,4.0,232.10291562724709,237.39835081382157,241.5086563496069,234.73570113851042,234.73570113851042
516,Tömő u. 23,Tömő u. 23,Tömő u. 23__CPT2,Quaternary,MASW,8.5,173.70283986615854,4.0,233.19572713408786,231.7498346008965,230.43827083073725,232.47165675187298,232.47165675187298
517,Tömő u. 23,Tömő u. 23,Tömő u. 23__CPT2,Quaternary,MASW,9.5,220.16264992636596,4.0,281.0289484057695,270.19092310962856,260.17891837381524,275.55665658859164,275.55665658859164
518,Tömő u. 23,Tömő u. 23,Tömő u. 23__CPT2,Quaternary,MASW,10.5,204.12092081968143,4.0,282.2764166937847,264.8589698583689,259.26525508519984,273.4290418752689,273.4290418752689
519,Tömő u. 23,Tömő u. 23,Tömő u. 23__CPT2,Quaternary,MASW,11.5,232.16348896923972,4.0,308.1988143379997,299.915353180428,291.28405110478064,304.02887404319074,304.02887404319074
520,Tömő u. 23,Tömő u. 23,Tömő u. 23__CPT2,Quaternary,MASW,12.5,208.5698011236357,4.0,298.48485104538105,289.1390433609727,285.59926860217746,293.7747849782277,293.7747849782277
521,Tömő u. 23,Tömő u. 23,Tömő u. 23__CPT2,Quaternary,MASW,13.5,221.35743614256288,4.0,328.7673503830447,307.8459538551109,302.74310552679793,318.1347176513212,318.1347176513212
522,Tömő u. 23,Tömő u. 23,Tömő u. 23__CPT2,Quaternary,MASW,14.5,437.1449424002657,4.0,344.1300886480936,315.06937009666666,314.8014616902225,329.2792891477765,329.2792891477765
523,Tömő u. 23,Tömő u. 23,Tömő u. 23__CPT2,Quaternary,MASW,15.45,462.6168452811813,4.0,363.4375929676151,336.1938148874666,335.8091964555008,349.55038385517605,349.55038385517605
496,Tömő u. 23,Tömő u. 23,Tömő u. 23__Cpt1,Quaternary,MASW,1.5,195.33301458310092,4.0,170.39899594391446,163.45911576517827,170.20712522348649,166.89298728306846,166.89298728306846
497,Tömő u. 23,Tömő u. 23,Tömő u. 23__Cpt1,Quaternary,MASW,2.5,192.41851868248412,4.0,185.02225136762243,188.08585151855905,193.698347779071,186.54776251233923,186.54776251233923
498,Tömő u. 23,Tömő u. 23,Tömő u. 23__Cpt1,Quaternary,MASW,3.5,208.20137017551997,4.0,190.41004128694985,207.920484429406,210.61290831061544,198.97273186194587,198.97273186194587
499,Tömő u. 23,Tömő u. 23,Tömő u. 23__Cpt1,Quaternary,MASW,4.5,192.24780332045268,4.0,217.86994823959512,229.21439541364757,229.5091452511081,223.47019592004085,223.47019592004085
500,Tömő u. 23,Tömő u. 23,Tömő u. 23__Cpt1,Quaternary,MASW,5.5,180.71573428578316,4.0,233.20331910764978,240.92729089128738,239.13134293409308,237.03384547246097,237.03384547246097
501,Tömő u. 23,Tömő u. 23,Tömő u. 23__Cpt1,Quaternary,MASW,6.5,171.01706808707598,4.0,230.04916759519213,234.3517785666735,236.63323301509058,232.1905070921636,232.1905070921636
502,Tömő u. 23,Tömő u. 23,Tömő u. 23__Cpt1,Quaternary,MASW,7.5,188.8576036691429,4.0,229.80879153847732,234.66519143149208,236.07017781345775,232.22429687484598,232.22429687484598
503,Tömő u. 23,Tömő u. 23,Tömő u. 23__Cpt1,Quaternary,MASW,8.5,245.96683319461823,4.0,259.77911055736706,258.9707660980664,252.48329205479567,259.37462342587725,259.37462342587725
504,Tömő u. 23,Tömő u. 23,Tömő u. 23__Cpt1,Quaternary,MASW,9.5,283.93973209690654,4.0,257.91727360343396,243.97358156248686,241.68149691433453,250.84856186125862,250.84856186125862
505,Tömő u. 23,Tömő u. 23,Tömő u. 23__Cpt1,Tertiary,MASW,10.5,305.5845956841096,4.0,268.21890848142397,269.09309481365835,259.93868456797884,268.6556460802709,268.6556460802709
506,Tömő u. 23,Tömő u. 23,Tömő u. 23__Cpt1,Tertiary,MASW,11.5,318.64401219028895,4.0,286.79297108111945,281.44411191012097,278.3247607984411,284.10595391154817,284.10595391154817
507,Tömő u. 23,Tömő u. 23,Tömő u. 23__Cpt1,Tertiary,MASW,12.5,322.0731260784149,4.0,298.71699739451316,298.53877345843864,291.44353773857705,298.62787213076007,298.62787213076007
508,Tömő u. 23,Tömő u. 23,Tömő u. 23__Cpt1,Tertiary,MASW,13.5,319.8451162543098,4.0,307.09955842730824,307.96131297441156,302.56210288413223,307.5301338521737,307.5301338521737
509,Tömő u. 23,Tömő u. 23,Tömő u. 23__Cpt1,Tertiary,MASW,14.1,322.0,4.0,303.4543258343458,297.98978552284234,292.0940336875567,300.7096431299725,300.7096431299725
