project,cpt_id,z_top_m,z_bot_m,z_mid_m,gwl_m,geo_age,test_method,qc_mpa,fs_mpa,u2_mpa,rf_pct,vs_meas_mps,qt_mpa,z_above_gwl_m,z_below_gwl_m,gamma_sat_kn_m3,gamma_unsat_kn_m3,sigma_v_kpa,u0_kpa,sigma_eff_kpa,bq,log_vs_meas,group_project,group_cpt
Hungaria krt,CPT4,1.0,2.0,1.5,6.8,Quaternary,SCPT,7.015411764705882,0.0342401960784313,0.0,0.4880710815962614,162.4,7.015411764705882,5.3,0.0,18.96740968557088,17.96740968557088,26.951114528356317,0.0,26.951114528356317,0.0,5.090062427727577,Hungaria krt,Hungaria krt__CPT4
Hungaria krt,CPT4,2.0,3.0,2.5,6.8,Quaternary,SCPT,8.271196078431371,0.0630927450980392,0.0,0.7628007424774378,288.5,8.271196078431371,4.3,0.0,19.913554237218865,18.913554237218865,47.28388559304716,0.0,47.28388559304716,0.0,5.664695085948154,Hungaria krt,Hungaria krt__CPT4
Hungaria krt,CPT4,3.0,4.0,3.5,6.8,Quaternary,SCPT,9.575372549019606,0.0795292156862744,0.0001372549019607,0.830560015071343,350.1,9.575413725490195,3.3,0.0,20.31798550636852,19.31798550636852,67.61294927228981,0.0,67.61294927228981,1.4436030496560156e-05,5.85821882796062,Hungaria krt,Hungaria krt__CPT4
Hungaria krt,CPT4,4.0,5.0,4.5,6.8,Quaternary,SCPT,22.12003921568628,0.1795603921568627,0.000235294117647,0.8117544024493801,433.7,22.12010980392157,2.3,0.0,21.7049639146644,20.7049639146644,93.1723376159898,0.0,93.1723376159898,1.0682107669617143e-05,6.07235305084132,Hungaria krt,Hungaria krt__CPT4
Hungaria krt,CPT4,5.0,6.0,5.5,6.8,Quaternary,SCPT,30.437843137254905,0.2594201960784314,0.002,0.852294937287819,462.7,30.438443137254904,1.2999999999999998,0.0,22.326127120400884,21.326127120400884,117.29369916220486,0.0,117.29369916220486,6.596056010618727e-05,6.137078895912954,Hungaria krt,Hungaria krt__CPT4
Hungaria krt,CPT4,6.0,7.0,6.5,6.8,Quaternary,SCPT,30.48896078431373,0.2579956862745098,0.0059215686274509,0.8461937686221372,333.9,30.49073725490197,0.2999999999999998,0.0,22.343177533720585,21.343177533720585,138.7306539691838,0.0,138.7306539691838,0.00019509644635056574,5.810841546949609,Hungaria krt,Hungaria krt__CPT4
Hungaria krt,CPT4,7.0,8.0,7.5,6.8,Quaternary,SCPT,16.363529411764706,0.1855998039215686,0.0694117647058823,1.1342284372229012,343.2,16.38435294117647,0.0,0.7000000000000002,21.731461013715478,20.731461013715478,156.18595760286607,6.867000000000002,149.31895760286608,0.0038540868336634105,5.838313367613807,Hungaria krt,Hungaria krt__CPT4
Hungaria krt,CPT4,8.0,9.0,8.5,6.8,Quaternary,SCPT,26.857098039215696,0.0946101960784313,0.0280980392156862,0.3522725945308208,227.5,26.8655274509804,0.0,1.7000000000000002,20.992552627447935,19.992552627447935,171.63669733330744,16.677000000000003,154.95969733330745,0.0004278521749073158,5.427150238391005,Hungaria krt,Hungaria krt__CPT4
Hungaria krt,CPT4,9.0,10.0,9.5,6.8,Quaternary,SCPT,12.717823529411763,0.1193778431372549,0.0440392156862745,0.9386656676055992,242.8,12.731035294117646,0.0,2.7,21.094516952032183,20.094516952032183,193.59791104430576,26.487000000000002,167.11091104430577,0.0013999843149742513,5.492238059185343,Hungaria krt,Hungaria krt__CPT4
Hungaria krt,CPT4,10.0,11.0,10.5,6.8,Tertiary,SCPT,4.805019607843136,0.1777654901960784,0.0760588235294117,3.699578871768086,233.1,4.82783725490196,0.0,3.7,21.350146413674274,20.350146413674274,217.37653734357988,36.297000000000004,181.0795373435799,0.008624262511983592,5.451467546041712,Hungaria krt,Hungaria krt__CPT4
Hungaria krt,CPT4,11.0,12.0,11.5,6.8,Tertiary,SCPT,5.648941176470588,0.1823270588235294,0.0725882352941176,3.2276324558480507,247.4,5.670717647058823,0.0,4.7,21.446215395383195,20.446215395383195,239.83147704690674,46.107000000000006,193.72447704690674,0.004876043147496037,5.511006459958388,Hungaria krt,Hungaria krt__CPT4
Hungaria krt,CPT4,12.0,13.0,12.5,6.8,Tertiary,SCPT,6.17486274509804,0.175641568627451,0.0620980392156863,2.8444610978095883,278.2,6.193492156862746,0.0,5.7,21.434679870570005,20.434679870570005,261.133498382125,55.917,205.21649838212502,0.0010419193395952522,5.628340279489343,Hungaria krt,Hungaria krt__CPT4
Hungaria krt,CPT4,13.0,14.0,13.5,6.8,Tertiary,SCPT,5.543176470588235,0.2157856862745098,0.0441176470588235,3.892816463979739,206.7,5.556411764705882,0.0,6.7,21.689836402110934,20.689836402110934,286.0127914284976,65.727,220.28579142849762,-0.004100136071432706,5.331268466687723,Hungaria krt,Hungaria krt__CPT4
Hungaria krt,CPT4,14.0,15.0,14.5,6.8,Tertiary,SCPT,6.822490196078431,0.2559747058823528,0.0103529411764705,3.751924862119804,238.6,6.8255960784313725,0.0,7.7,21.992560712964025,20.992560712964025,312.09213033797835,75.537,236.55513033797834,-0.010007525802238888,5.474788509663815,Hungaria krt,Hungaria krt__CPT4
Hungaria krt,CPT4,15.0,16.0,15.5,6.8,Tertiary,SCPT,7.360274509803921,0.2588839215686275,0.2558823529411764,3.517313399436296,342.0,7.437039215686275,0.0,8.7,22.04341525433917,21.04341525433917,334.8729364422571,85.347,249.52593644225715,0.024011737579217714,5.834810737062605,Hungaria krt,Hungaria krt__CPT4
Hungaria krt,CPT4,16.0,17.0,16.5,6.8,Tertiary,SCPT,5.207156862745099,0.2034472549019607,0.5636666666666668,3.907069832244459,266.7,5.376256862745099,0.0,9.7,21.629306394959414,20.629306394959414,350.0835555168303,95.157,254.92655551683032,0.0932139896554882,5.586124431187969,Hungaria krt,Hungaria krt__CPT4
Hungaria krt,CPT4,17.0,18.0,17.5,6.8,Tertiary,SCPT,4.974980392156863,0.1554527450980392,0.9340588235294116,3.124690608692911,185.1,5.255198039215687,0.0,10.7,21.268569943000788,20.268569943000788,365.3999740025138,104.967,260.4329740025138,0.1695554320387394,5.220896219579452,Hungaria krt,Hungaria krt__CPT4
Hungaria krt,CPT4,18.0,19.0,18.5,6.8,Tertiary,SCPT,5.845607843137255,0.1421011764705882,1.3473333333333335,2.4309050535679546,209.6,6.249807843137256,0.0,11.7,21.208326123559033,20.208326123559033,385.5540332858421,114.777,270.7770332858421,0.2101812734064734,5.345200952446887,Hungaria krt,Hungaria krt__CPT4
Hungaria krt,CPT4,19.0,20.0,19.5,6.8,Tertiary,SCPT,4.712666666666666,0.1291994117647058,0.903313725490196,2.7415351202017084,268.3,4.9836607843137255,0.0,12.7,21.018903016354916,20.018903016354916,403.06860881892084,124.587,278.48160881892085,0.1700056882724069,5.592105757431579,Hungaria krt,Hungaria krt__CPT4
Hungaria krt,CPT4,20.0,21.0,20.5,6.8,Tertiary,SCPT,5.016549019607844,0.1419680392156863,0.7006274509803921,2.82999405887963,241.8,5.226737254901962,0.0,13.7,21.167431053218717,20.167431053218717,427.1323365909837,134.397,292.7353365909837,0.1179743876043142,5.488110938180692,Hungaria krt,Hungaria krt__CPT4
Hungaria krt,CPT4,21.0,22.0,21.5,6.8,Tertiary,SCPT,6.585705882352942,0.1836739215686274,1.3304117647058824,2.788978506629033,230.6,6.984829411764706,0.0,14.7,21.609161000155797,20.609161000155797,457.7969615033496,144.207,313.5899615033496,0.18173722495563574,5.440684607834958,Hungaria krt,Hungaria krt__CPT4
Hungaria krt,CPT4,1.5,2.1,1.8,6.8,Quaternary,MASW,9.111419354838707,0.0476322580645161,0.0,0.522775389975005,226.755552052112,9.111419354838707,5.0,0.0,19.517443779375668,18.517443779375668,33.3313988028762,0.0,33.3313988028762,0.0,5.423872574041073,Hungaria krt,Hungaria krt__CPT4
Hungaria krt,CPT4,2.1,4.0,3.05,6.8,Quaternary,MASW,8.919760416666671,0.0721867708333333,7.291666666666667e-05,0.8092904681436458,253.7146866871708,8.919782291666671,3.75,0.0,20.146285530836295,19.146285530836295,58.39617086905069,0.0,58.39617086905069,8.228584746525343e-06,5.536210354906699,Hungaria krt,Hungaria krt__CPT4
Hungaria krt,CPT4,4.0,5.0,4.5,6.8,Quaternary,MASW,22.12003921568628,0.1795603921568627,0.000235294117647,0.8117544024493801,309.832496723211,22.12010980392157,2.3,0.0,21.7049639146644,20.7049639146644,93.1723376159898,0.0,93.1723376159898,1.0682107669617143e-05,5.736031818295697,Hungaria krt,Hungaria krt__CPT4
Hungaria krt,CPT4,5.0,6.7,5.85,6.8,Quaternary,MASW,31.719023255813955,0.2750639534883722,0.0034186046511627,0.867189229851062,338.34076859735893,31.720048837209305,0.9500000000000002,0.0,22.426339539411803,21.426339539411803,125.34408630555905,0.0,125.34408630555905,0.00010820182299899204,5.824053578716136,Hungaria krt,Hungaria krt__CPT4
Hungaria krt,CPT4,6.7,7.8,7.25,6.8,Quaternary,MASW,14.434875000000003,0.1894707142857142,0.0544642857142857,1.3125899204926554,293.18947731215565,14.45121428571429,0.0,0.4500000000000002,21.71622506713319,20.71622506713319,150.64263173671563,4.414500000000002,146.22813173671562,0.0034998451058678346,5.680819080255764,Hungaria krt,Hungaria krt__CPT4
Hungaria krt,CPT4,7.8,9.0,8.4,6.8,Quaternary,MASW,28.764360655737708,0.0981278688524589,0.0342131147540983,0.341143924688224,160.45082839849806,28.77462459016394,0.0,1.6000000000000005,21.06087526822708,20.06087526822708,170.11135225310747,15.696000000000007,154.41535225310747,0.0006473494095175422,5.077987530512298,Hungaria krt,Hungaria krt__CPT4
Hungaria krt,CPT4,9.0,11.5,10.25,6.8,Quaternary,MASW,8.191761904761908,0.1543450793650793,0.0628809523809522,1.8841499687064625,185.96619822180912,8.210626190476193,0.0,3.45,21.31792991580959,20.31792991580959,211.70878163704828,33.844500000000004,177.86428163704826,0.0036300477798240152,5.2255649272080325,Hungaria krt,Hungaria krt__CPT4
Hungaria krt,CPT4,11.5,13.5,12.5,6.8,Tertiary,MASW,5.756762376237623,0.1779920792079208,0.0608712871287128,3.0918781699697133,257.62484692640925,5.775023762376238,0.0,5.7,21.431310043651635,20.431310043651635,261.0913755456454,55.917,205.1743755456454,0.0008985034238986239,5.551504445038333,Hungaria krt,Hungaria krt__CPT4
Hungaria krt,CPT4,13.5,15.5,14.5,6.8,Tertiary,MASW,7.016386138613864,0.2596622772277227,0.0575544554455445,3.7007979905595794,281.53442457121537,7.033652475247528,0.0,7.7,22.020945546012705,21.020945546012705,312.50371041718427,75.537,236.96671041718426,-0.0026755165201152076,5.640254729876372,Hungaria krt,Hungaria krt__CPT4
Hungaria krt,CPT4,15.5,17.0,16.25,6.8,Tertiary,MASW,5.609499999999998,0.2149944736842105,0.4947500000000001,3.832685153475543,270.888556241701,5.757924999999998,0.0,9.45,21.722292433063238,20.722292433063238,346.18725203727763,92.7045,253.48275203727763,0.07429138637609561,5.601707504720367,Hungaria krt,Hungaria krt__CPT4
Hungaria krt,CPT4,17.0,20.5,18.75,6.8,Tertiary,MASW,5.095624999999998,0.1414821022727272,0.9990738636363634,2.7765407044813406,244.4248801792452,5.395347159090908,0.0,11.95,21.159678659204523,20.159678659204523,389.94397486008484,117.2295,272.7144748600848,0.1761784877618956,5.4989080231768055,Hungaria krt,Hungaria krt__CPT4
Hungaria krt,CPT4,20.5,22.5,21.5,6.8,Tertiary,MASW,6.316227722772282,0.1703072277227723,1.1894059405940591,2.6963440078126584,379.2784974614476,6.673049504950499,0.0,14.7,21.493554280987027,20.493554280987027,455.3114170412211,144.207,311.1044170412211,0.16809954453155623,5.9382707570310895,Hungaria krt,Hungaria krt__CPT4
Hungaria krt,CPT5,1.0,2.0,1.5,6.8,Quaternary,SCPT,5.364843137254904,0.0502776470588235,0.0,0.9371690051789604,130.3,5.364843137254904,5.3,0.0,19.403062364574094,18.403062364574094,27.60459354686114,0.0,27.60459354686114,0.0,4.869839484130799,Hungaria krt,Hungaria krt__CPT5
Hungaria krt,CPT5,2.0,3.0,2.5,6.8,Quaternary,SCPT,7.222803921568628,0.0658062745098039,0.0,0.9110904189617308,151.8,7.222803921568628,4.3,0.0,19.929042925314597,18.929042925314597,47.3226073132865,0.0,47.3226073132865,0.0,5.02256386496153,Hungaria krt,Hungaria krt__CPT5
Hungaria krt,CPT5,3.0,4.0,3.5,6.8,Quaternary,SCPT,19.99447058823529,0.1550723529411764,0.0001372549019607,0.7755761887109967,291.8,19.99451176470588,3.3,0.0,21.440836584649126,20.440836584649126,71.54292804627194,0.0,71.54292804627194,6.889279558985289e-06,5.676068636088686,Hungaria krt,Hungaria krt__CPT5
Hungaria krt,CPT5,4.0,5.0,4.5,6.8,Quaternary,SCPT,41.8202549019608,0.2343658823529412,0.0021176470588235,0.5604123717140534,433.5,41.820890196078444,2.3,0.0,22.257208029094294,21.257208029094294,95.65743613092432,0.0,95.65743613092432,5.0752192827939154e-05,6.071891796220597,Hungaria krt,Hungaria krt__CPT5
Hungaria krt,CPT5,5.0,6.0,5.5,6.8,Quaternary,SCPT,33.898411764705884,0.1819880392156863,0.005156862745098,0.5368630261467512,594.0,33.89995882352941,1.2999999999999998,0.0,21.88159192906975,20.88159192906975,114.84875560988363,0.0,114.84875560988363,0.00015263714502427127,6.386879319362645,Hungaria krt,Hungaria krt__CPT5
Hungaria krt,CPT5,6.0,7.0,6.5,6.8,Quaternary,SCPT,26.45058823529412,0.1361952941176471,0.029313725490196,0.5149045945825738,361.6,26.459382352941176,0.2999999999999998,0.0,21.439969715060478,20.439969715060478,132.8598031478931,0.0,132.8598031478931,0.001113467433260614,5.890538628518022,Hungaria krt,Hungaria krt__CPT5
Hungaria krt,CPT5,7.0,8.0,7.5,6.8,Quaternary,SCPT,21.45733333333333,0.3219429411764706,0.0345490196078431,1.5003865400009506,202.8,21.467698039215687,0.0,0.7000000000000002,22.55513466418576,21.55513466418576,162.3635099813932,6.867000000000002,155.49650998139322,0.0012992999274364354,5.312220271717028,Hungaria krt,Hungaria krt__CPT5
Hungaria krt,CPT5,8.0,9.0,8.5,6.8,Tertiary,SCPT,6.916098039215687,0.2063547058823529,0.0798431372549018,2.9836868232966003,239.5,6.940050980392157,0.0,1.7000000000000002,21.630966677725603,20.630966677725603,177.06321676066761,16.677000000000003,160.38621676066762,0.00933997509127294,5.4785534168509695,Hungaria krt,Hungaria krt__CPT5
Hungaria krt,CPT5,9.0,10.0,9.5,6.8,Tertiary,SCPT,7.231862745098039,0.2447301960784313,0.0856078431372548,3.3840547685216564,230.7,7.257545098039215,0.0,2.7,21.89013304027689,20.89013304027689,201.15626388263044,26.487000000000002,174.66926388263045,0.008378342595164148,5.441118165179708,Hungaria krt,Hungaria krt__CPT5
Hungaria krt,CPT5,10.0,11.0,10.5,6.8,Tertiary,SCPT,7.785490196078433,0.2942931372549019,0.0829019607843137,3.78002065179066,291.4,7.810360784313727,0.0,3.7,22.175080653339236,21.175080653339236,226.03834686006198,36.297000000000004,189.74134686006198,0.006144907626047699,5.674696893761104,Hungaria krt,Hungaria krt__CPT5
Hungaria krt,CPT5,11.0,12.0,11.5,6.8,Tertiary,SCPT,8.501411764705882,0.3477376470588235,0.0804313725490196,4.090351775483658,361.5,8.525541176470588,0.0,4.7,22.439415961357856,21.439415961357856,251.25328355561535,46.107000000000006,205.14628355561535,0.0041483174133221225,5.890262041598819,Hungaria krt,Hungaria krt__CPT5
Hungaria krt,CPT5,12.0,13.0,12.5,6.8,Tertiary,SCPT,9.773607843137254,0.4002758823529411,0.0760980392156863,4.095477215550482,394.1,9.79643725490196,0.0,5.7,22.68304223011432,21.68304223011432,276.738027876429,55.917,220.82102787642899,0.0021199240369269463,5.976604684200958,Hungaria krt,Hungaria krt__CPT5
Hungaria krt,CPT5,13.0,14.0,13.5,6.8,Tertiary,SCPT,9.902607843137256,0.4012135294117647,0.0710980392156862,4.051594648270508,339.5,9.92393725490196,0.0,6.7,22.701153215985663,21.701153215985663,299.66556841580643,65.727,233.93856841580643,0.0005580722771186846,5.827473946998751,Hungaria krt,Hungaria krt__CPT5
Hungaria krt,CPT5,14.0,15.0,14.5,6.8,Tertiary,SCPT,6.7169607843137245,0.2743286274509803,0.0689019607843137,4.084118342504342,280.7,6.737631372549019,0.0,7.7,22.081847017976116,21.081847017976116,313.38678176065366,75.537,237.84978176065366,-0.0010328123597909387,5.637286483367837,Hungaria krt,Hungaria krt__CPT5
Hungaria krt,CPT5,15.0,16.0,15.5,6.8,Tertiary,SCPT,6.524666666666665,0.2452825490196078,0.0663725490196077,3.759311571772881,342.0,6.544578431372547,0.0,8.7,21.931893251586708,20.931893251586708,333.14434539959393,85.347,247.79734539959395,-0.0030547617052302935,5.834810737062605,Hungaria krt,Hungaria krt__CPT5
Hungaria krt,CPT5,16.0,17.0,16.5,6.8,Tertiary,SCPT,6.638235294117648,0.2226958823529411,0.0591176470588234,3.354745237040318,282.4,6.655970588235295,0.0,9.7,21.81592545724165,20.81592545724165,353.1627700444872,95.157,258.00577004448724,-0.005717983790837132,5.643324505619087,Hungaria krt,Hungaria krt__CPT5
Hungaria krt,CPT5,17.0,18.0,17.5,6.8,Tertiary,SCPT,6.899156862745097,0.290106862745098,0.0526666666666666,4.2049611063585495,253.3,6.914956862745097,0.0,10.7,22.19198499665348,21.19198499665348,381.5597374414359,104.967,276.59273744143593,-0.008005074899056065,5.5345745570076295,Hungaria krt,Hungaria krt__CPT5
Hungaria krt,CPT5,18.0,19.0,18.5,6.8,Tertiary,SCPT,9.291411764705884,0.362390980392157,0.0564117647058823,3.900278984176829,321.4,9.308335294117647,0.0,11.7,22.58982696109093,21.58982696109093,411.1117987801822,114.777,296.3347987801822,-0.006559938089079548,5.772686453303412,Hungaria krt,Hungaria krt__CPT5
Hungaria krt,CPT5,1.0,2.0,1.5,6.8,Quaternary,MASW,5.364843137254904,0.0502776470588235,0.0,0.9371690051789604,262.2764591222678,5.364843137254904,5.3,0.0,19.403062364574094,18.403062364574094,27.60459354686114,0.0,27.60459354686114,0.0,5.569399134931662,Hungaria krt,Hungaria krt__CPT5
Hungaria krt,CPT5,2.0,3.2,2.6,6.8,Quaternary,MASW,7.836196721311476,0.0691295081967213,0.0,0.8821818881692358,290.34645849246823,7.836196721311476,4.199999999999999,0.0,20.025771684266477,19.025771684266477,49.467006379092844,0.0,49.467006379092844,0.0,5.671074894369702,Hungaria krt,Hungaria krt__CPT5
Hungaria krt,CPT5,3.2,4.4,3.8,6.8,Quaternary,MASW,25.51037704918033,0.1818998360655737,0.0004426229508196,0.7130425227149604,355.89919580552174,25.510509836065577,3.0,0.0,21.74151213738896,20.74151213738896,78.81774612207803,0.0,78.81774612207803,1.7404384625851427e-05,5.87464753290562,Hungaria krt,Hungaria krt__CPT5
Hungaria krt,CPT5,4.4,5.5,4.95,6.8,Quaternary,MASW,41.528125,0.2435689285714285,0.0026964285714285,0.5865155929178805,374.2177132653614,41.52893392857143,1.8499999999999996,0.0,22.32059310925666,21.32059310925666,105.53693589082047,0.0,105.53693589082047,6.509433719076566e-05,5.924837749078188,Hungaria krt,Hungaria krt__CPT5
Hungaria krt,CPT5,5.5,6.9,6.2,6.8,Quaternary,MASW,29.386295774647888,0.1392946478873239,0.0226056338028168,0.4740122707384443,338.7293209269103,29.39307746478873,0.5999999999999996,0.0,21.495457531574957,20.495457531574957,127.07183669576473,0.0,127.07183669576473,0.0007724195125937258,5.825201325096361,Hungaria krt,Hungaria krt__CPT5
Hungaria krt,CPT5,6.9,7.4,7.15,6.8,Quaternary,MASW,27.688,0.0834057692307692,0.0235,0.3012343586780165,307.6345446313491,27.69505,0.0,0.35000000000000053,20.807310386806137,19.807310386806137,141.9722692656639,3.4335000000000053,138.5387692656639,0.0007282852462473415,5.728912535068903,Hungaria krt,Hungaria krt__CPT5
Hungaria krt,CPT5,7.4,8.0,7.7,6.8,Quaternary,MASW,17.07470967741935,0.4759209677419354,0.0402258064516129,2.787285855708122,469.3785994440153,17.086777419354835,0.0,0.9000000000000004,23.01576205375325,22.01576205375325,170.42136781390002,8.829000000000004,161.5923678139,0.0018560029332530463,6.1514096910781095,Hungaria krt,Hungaria krt__CPT5
Hungaria krt,CPT5,8.0,10.0,9.0,6.8,Tertiary,MASW,7.06483168316832,0.2252750495049505,0.0826930693069307,3.188682471256312,236.95193333557484,7.089639603960399,0.0,2.2,21.76374753001044,20.76374753001044,189.07372777009397,21.582000000000004,167.49172777009397,0.008855950425426437,5.467857307635744,Hungaria krt,Hungaria krt__CPT5
Hungaria krt,CPT5,10.0,12.0,11.0,6.8,Tertiary,MASW,8.144524752475249,0.3209235643564356,0.0816633663366337,3.940359617163689,232.340247034248,8.16902376237624,0.0,4.2,22.312023679580964,21.312023679580964,238.6322604753906,41.202000000000005,197.4302604753906,0.005102064170089893,5.4482028793293535,Hungaria krt,Hungaria krt__CPT5
Hungaria krt,CPT5,12.0,14.0,13.0,6.8,Tertiary,MASW,9.842594059405938,0.3992600990099009,0.0735940594059406,4.056451953622466,242.56775610640275,9.86467227722772,0.0,6.2,22.687352490894096,21.687352490894096,288.13558238162324,60.822,227.31358238162323,0.0013336825005656027,5.491281077975118,Hungaria krt,Hungaria krt__CPT5
Hungaria krt,CPT5,14.0,16.0,15.0,6.8,Tertiary,MASW,6.62870297029703,0.2589818811881187,0.0676336633663366,3.906976709449901,301.8585277306017,6.648993069306931,0.0,8.2,22.005174313280385,21.005174313280385,323.27761469920574,80.442,242.83561469920573,-0.0020248044234006226,5.709958456394143,Hungaria krt,Hungaria krt__CPT5
Hungaria krt,CPT5,16.0,18.0,17.0,6.8,Tertiary,MASW,6.782059405940594,0.2561254455445543,0.0558712871287128,3.7765143330978046,349.3932717135017,6.7988207920792085,0.0,10.2,22.01495511314014,21.01495511314014,367.4542369233824,100.062,267.39223692338237,-0.0068711233440521095,5.85619814082737,Hungaria krt,Hungaria krt__CPT5
Hungaria krt,CPT5,18.0,19.62,18.81,6.8,Tertiary,MASW,9.143573170731711,0.3387679268292684,0.0538902439024389,3.704984041836662,368.9090098180544,9.159740243902442,0.0,12.009999999999998,22.49656360081775,21.49656360081775,416.3603613313818,117.81809999999999,298.54226133138184,-0.007311572521856685,5.910550027774304,Hungaria krt,Hungaria krt__CPT5
Futo u,CPT1,2.0,3.0,2.5,4.6,Quaternary,SCPT,6.505235294117647,0.2719272549019607,0.028078431372549,4.180129428183032,261.0,6.513658823529411,2.0999999999999996,0.0,21.807801197225977,20.807801197225977,52.01950299306495,0.0,52.01950299306495,0.004345403693968229,5.564520407322694,Futo u,Futo u__CPT1
Futo u,CPT1,3.0,3.9,3.45,4.6,Quaternary,SCPT,14.69221739130435,0.1486432608695652,0.0132826086956521,1.0117142764137177,350.0,14.696202173913044,1.1499999999999995,0.0,21.288174078637265,20.288174078637265,69.99420057129856,0.0,69.99420057129856,0.0009081375514324329,5.857933154483459,Futo u,Futo u__CPT1
Futo u,CPT1,3.9,4.8,4.35,4.6,Quaternary,SCPT,9.06060869565217,0.09243,0.0360652173913043,1.0201301381037848,195.0,9.071428260869562,0.25,0.0,20.535094578495297,19.535094578495297,84.97766141645454,0.0,84.97766141645454,0.0040132883380563115,5.272999558563747,Futo u,Futo u__CPT1
Futo u,CPT1,4.8,5.7,5.25,4.6,Quaternary,SCPT,19.78271739130435,0.1560015217391303,0.0300869565217391,0.7885747880506148,350.0,19.79174347826087,0.0,0.6500000000000004,21.503890795275208,20.503890795275208,108.29542667519485,6.376500000000004,101.91892667519484,0.0012045885690149197,5.857933154483459,Futo u,Futo u__CPT1
Futo u,CPT1,6.2,7.1,6.65,4.6,Quaternary,SCPT,44.35186956521739,0.1190482608695652,0.0174782608695652,0.2684176834857214,310.0,44.357113043478265,0.0,2.0500000000000007,21.41914690533901,20.41914690533901,137.83732692050444,20.11050000000001,117.72682692050444,-5.952696166502733e-05,5.736572297479192,Futo u,Futo u__CPT1
Futo u,CPT1,7.1,8.0,7.55,4.6,Quaternary,SCPT,39.66117391304349,0.1561717391304347,0.0157173913043478,0.3937647924210183,446.0,39.6658891304348,0.0,2.95,21.768782114161542,20.768782114161542,159.75430496191964,28.939500000000002,130.81480496191963,-0.00033468494840266713,6.100318952020064,Futo u,Futo u__CPT1
Futo u,CPT1,8.0,9.0,8.5,4.6,Tertiary,SCPT,7.107960784313726,0.2316574509803921,0.0677058823529411,3.25912674548835,284.0,7.128272549019608,0.0,3.9000000000000004,21.79482070036823,20.79482070036823,180.65597595312997,38.25900000000001,142.39697595312995,0.004238415007975043,5.648974238161206,Futo u,Futo u__CPT1
Futo u,CPT1,9.0,10.0,9.5,4.6,Tertiary,SCPT,6.787980392156865,0.2195717647058823,0.0397843137254902,3.2347141862634925,243.0,6.799915686274512,0.0,4.9,21.724288385448915,20.724288385448915,201.7807396617647,48.069,153.71173966176468,-0.0012556103113293964,5.493061443340548,Futo u,Futo u__CPT1
Futo u,CPT1,10.0,11.0,10.5,4.6,Tertiary,SCPT,10.035019607843138,0.25908,0.0417058823529411,2.5817587819909105,333.0,10.04753137254902,0.0,5.9,22.080079082316075,21.080079082316075,227.2408303643188,57.879000000000005,169.3618303643188,-0.0016469082638221925,5.808142489980444,Futo u,Futo u__CPT1
Futo u,CPT1,11.0,12.0,11.5,4.6,Tertiary,SCPT,11.949960784313726,0.369160588235294,0.0355294117647058,3.0892200811225887,276.0,11.960619607843135,0.0,6.9,22.622825383159675,21.622825383159675,255.56249190633628,67.68900000000001,187.87349190633626,-0.0027474951994474186,5.62040086571715,Futo u,Futo u__CPT1
Futo u,CPT1,12.0,13.0,12.5,4.6,Tertiary,SCPT,29.433196078431365,0.4173450980392155,0.0844313725490196,1.4179401276270025,430.0,29.45852549019607,0.0,7.9,23.073963489940333,22.073963489940333,283.82454362425415,77.49900000000001,206.32554362425412,0.00023761589062095187,6.063785208687608,Futo u,Futo u__CPT1
Futo u,CPT1,13.0,14.0,13.5,4.6,Tertiary,SCPT,8.728117647058824,0.279961568627451,0.4999019607843136,3.207582435850777,366.0,8.878088235294118,0.0,8.9,22.182838859914014,21.182838859914014,294.8683246088392,87.30900000000001,207.55932460883918,0.04806971801697346,5.902633333401366,Futo u,Futo u__CPT1
Futo u,CPT1,14.0,15.0,14.5,4.6,Tertiary,SCPT,7.980392156862746,0.2778127450980393,0.9656078431372548,3.4811916461916472,341.0,8.270074509803923,0.0,9.9,22.161139750390927,21.161139750390927,316.73652638066847,97.11900000000001,219.61752638066844,0.10919803043041837,5.831882477283517,Futo u,Futo u__CPT1
Futo u,CPT1,15.0,16.0,15.5,4.6,Tertiary,SCPT,9.172333333333333,0.2947658823529412,1.519666666666667,3.2136411929310014,435.0,9.628233333333332,0.0,10.9,22.296671450626725,21.296671450626725,340.9984074847142,106.929,234.06940748471422,0.15211606877033731,6.075346031088684,Futo u,Futo u__CPT1
Futo u,CPT1,16.0,17.0,16.5,4.6,Tertiary,SCPT,10.55386274509804,0.3472723529411766,1.5363137254901964,3.290476305488002,369.0,11.0147568627451,0.0,11.9,22.56722979196261,21.56722979196261,367.75929156738306,116.739,251.02029156738305,0.1333309898870551,5.910796644040527,Futo u,Futo u__CPT1
Futo u,CPT1,17.0,18.0,17.5,4.6,Tertiary,SCPT,21.25441176470589,0.6006235294117648,0.789627450980392,2.8258769805576693,481.0,21.49130000000001,0.0,12.9,23.516453695856633,22.516453695856633,406.93793967749104,126.549,280.38893967749107,0.03144882681692335,6.175867270105761,Futo u,Futo u__CPT1
Futo u,CPT2,1.0,2.6,1.8,4.8,Quaternary,SCPT,1.2430987654320989,0.0328661728395061,0.0079259259259259,2.6438907151582565,170.0,1.2454765432098769,3.0,0.0,18.41289713148147,17.41289713148147,31.343214836666643,0.0,31.343214836666643,0.006528052348703474,5.135798437050262,Futo u,Futo u__CPT2
Futo u,CPT2,2.6,4.0,3.3,4.8,Quaternary,SCPT,6.5553661971831,0.1923573239436619,0.0278873239436619,2.9343490227337656,310.0,6.563732394366199,1.5,0.0,21.383852259046055,20.383852259046055,67.26671245485198,0.0,67.26671245485198,0.004292691643290121,5.736572297479192,Futo u,Futo u__CPT2
Futo u,CPT2,4.0,5.0,4.5,4.8,Quaternary,SCPT,6.651901960784314,0.0827107843137254,0.0351764705882353,1.2434155644707243,230.0,6.662454901960785,0.2999999999999998,0.0,20.296546758338135,19.296546758338135,86.83446041252161,0.0,86.83446041252161,0.005349528748035954,5.438079308923196,Futo u,Futo u__CPT2
Futo u,CPT2,5.0,6.1,5.55,4.8,Quaternary,SCPT,9.463374999999996,0.0873187499999999,0.0246964285714285,0.9227019958524312,378.0,9.470783928571429,0.0,0.75,20.50652011537161,19.50652011537161,109.01118664031243,7.3575,101.65368664031243,0.0018520988545009144,5.934894195619588,Futo u,Futo u__CPT2
Futo u,CPT2,6.1,8.2,7.15,4.8,Quaternary,SCPT,43.14122641509434,0.1381649056603774,0.024877358490566,0.32026188669508,289.0,43.14868962264151,0.0,2.3500000000000005,21.621631330591224,20.621631330591224,149.79466401372727,23.053500000000007,126.74116401372726,4.241640377783786e-05,5.666426688112432,Futo u,Futo u__CPT2
Futo u,CPT2,8.2,9.5,8.85,4.8,Tertiary,SCPT,5.017939393939393,0.1834121212121212,0.269939393939394,3.655128267066043,319.0,5.098921212121211,0.0,4.05,21.3843529945413,20.3843529945413,184.45152400169047,39.7305,144.72102400169047,0.04684307942643583,5.765191102784844,Futo u,Futo u__CPT2
Futo u,CPT2,9.5,10.5,10.0,4.8,Tertiary,SCPT,4.984176470588235,0.2181049019607843,0.2549411764705882,4.375946623235103,225.0,5.060658823529411,0.0,5.2,21.632807763847158,20.632807763847158,211.5280776384716,51.01200000000001,160.5160776384716,0.042054790261820414,5.41610040220442,Futo u,Futo u__CPT2
Futo u,CPT2,10.5,11.5,11.0,4.8,Tertiary,SCPT,4.999039215686273,0.2098458823529412,0.4458823529411767,4.197724268584945,180.0,5.132803921568626,0.0,6.2,21.598799258533592,20.598799258533592,232.78679184386954,60.822,171.96479184386953,0.07858347078121465,5.19295685089021,Futo u,Futo u__CPT2
Futo u,CPT2,11.5,13.0,12.25,4.8,Tertiary,SCPT,10.491355263157894,0.3805743421052632,1.1389210526315787,3.6275040979854345,200.0,10.833031578947368,0.0,7.45,22.64277238207579,21.64277238207579,272.5739616804284,73.0845,199.4894616804284,0.10092711805299766,5.298317366548036,Futo u,Futo u__CPT2
Futo u,CPT2,13.0,14.0,13.5,4.8,Tertiary,SCPT,8.774156862745098,0.2959992156862744,1.676411764705882,3.3735345779271566,240.0,9.277080392156863,0.0,8.7,22.271198804592384,21.271198804592384,295.8611838619972,85.347,210.5141838619972,0.17715465214749548,5.480638923341991,Futo u,Futo u__CPT2
Futo u,CPT2,14.0,15.0,14.5,4.8,Tertiary,SCPT,12.856078431372548,0.388733137254902,1.608901960784315,3.023730287039015,280.0,13.33874901960784,0.0,9.7,22.75875185768027,21.75875185768027,325.2019019363639,95.157,230.04490193636394,0.11632070388624145,5.634789603169249,Futo u,Futo u__CPT2
Futo u,CPT2,15.0,16.5,15.75,4.8,Tertiary,SCPT,9.53402631578948,0.344865,1.166236842105264,3.617202098853688,325.0,9.883897368421058,0.0,10.95,22.518264616733845,21.518264616733845,349.86266771355804,107.4195,242.44316771355804,0.1110565857313999,5.783825182329737,Futo u,Futo u__CPT2
Futo u,CPT2,16.5,17.5,17.0,4.8,Tertiary,SCPT,6.704568627450981,0.3278609803921568,0.574921568627451,4.890112975348971,340.0,6.877045098039217,0.0,12.2,22.350867627629608,21.350867627629608,375.1647496697033,119.682,255.4827496697033,0.07001660200369761,5.828945617610208,Futo u,Futo u__CPT2
Futo u,CPT2,17.5,18.5,18.0,4.8,Tertiary,SCPT,6.562803921568627,0.3226941176470587,0.705470588235294,4.917015981332702,330.0,6.774445098039216,0.0,13.2,22.33310378711938,21.33310378711938,397.1958681681489,129.492,267.7038681681489,0.09031771653794043,5.799092654460526,Futo u,Futo u__CPT2
Futo u,CPT2,18.5,19.5,19.0,4.8,Tertiary,SCPT,8.260490196078432,0.4289945098039214,1.550372549019608,5.193329931044303,325.0,8.725601960784315,0.0,14.2,22.801145842726704,21.801145842726704,428.4217710118074,139.302,289.1197710118074,0.17006627754799877,5.783825182329737,Futo u,Futo u__CPT2
Balazs Bela u,CPT1,1.0,2.0,1.5,2.0,Quaternary,MASW,1.423930693069307,0.0126732673267326,0.0009871287128712,0.8900199559161996,160.22927084196056,1.4242268316831683,0.5,0.0,17.14457017704363,16.14457017704363,24.216855265565442,0.0,24.216855265565442,0.0007050869133069334,5.076605732313313,Balazs Bela u,Balazs Bela u__CPT1
Balazs Bela u,CPT1,2.0,3.0,2.5,2.0,Quaternary,MASW,3.485108910891089,0.0538613861386138,0.0059257425742574,1.5454721076375852,225.09300694348687,3.486886633663367,0.0,0.5,19.43798701261711,18.43798701261711,46.59496753154278,4.905,41.68996753154278,0.00029670233611474463,5.416513680986253,Balazs Bela u,Balazs Bela u__CPT1
Balazs Bela u,CPT1,3.0,4.0,3.5,2.0,Quaternary,MASW,2.328712871287129,0.0780198019801979,0.1026168316831683,3.3503401360544203,240.09620888267037,2.359497920792079,0.0,1.5,19.86635118940984,18.86635118940984,67.53222916293444,14.715,52.81722916293444,0.038352158587804636,5.481039713359401,Balazs Bela u,Balazs Bela u__CPT1
Balazs Bela u,CPT1,4.0,5.0,4.5,2.0,Quaternary,MASW,8.244128712871289,0.1869306930693069,0.0728425742574256,2.2674402545105603,207.03853585650089,8.265981485148517,0.0,2.5,21.459876139425855,20.459876139425855,94.56944262741635,24.525000000000002,70.04444262741634,0.005913001817311163,5.33290493949706,Balazs Bela u,Balazs Bela u__CPT1
Balazs Bela u,CPT1,5.0,6.0,5.5,2.0,Quaternary,MASW,6.745148514851485,0.1213861386138611,0.0722485148514851,1.7996066112790965,191.0690633873746,6.766823069306931,0.0,3.5,20.846513261230438,19.846513261230438,112.65582293676741,34.335,78.3208229367674,0.005697709938409926,5.252634951104867,Balazs Bela u,Balazs Bela u__CPT1
Balazs Bela u,CPT1,6.0,7.0,6.5,2.0,Quaternary,MASW,8.86248514851485,0.0809900990099011,0.0333950495049504,0.9138531422359922,179.8770125717389,8.872503663366334,0.0,4.5,20.40803272148186,19.40803272148186,130.65221268963208,44.145,86.50721268963207,-0.001229710954905034,5.192273353868991,Balazs Bela u,Balazs Bela u__CPT1
Balazs Bela u,CPT1,7.0,8.0,7.5,2.0,Quaternary,MASW,10.177970297029706,0.0724752475247526,0.0151118811881188,0.7120795739196003,179.09335493620526,10.182503861386142,0.0,5.5,20.320856517889254,19.320856517889254,150.4064238841694,53.955000000000005,96.4514238841694,-0.0038718841253154016,5.187907205844599,Balazs Bela u,Balazs Bela u__CPT1
Balazs Bela u,CPT1,8.0,8.8,8.4,2.0,Quaternary,MASW,5.183419753086418,0.1001234567901235,0.0955320987654321,1.9316100481830731,202.76392077368945,5.212079382716047,0.0,6.4,20.568580969068535,19.568580969068535,170.7760801401757,62.784000000000006,107.9920801401757,0.006495958842369061,5.312042350434795,Balazs Bela u,Balazs Bela u__CPT1
Balazs Bela u,CPT1,8.8,10.2,9.5,2.0,Quaternary,MASW,9.3513829787234,0.1797872340425532,0.0551042553191489,1.9225737460610004,274.80579295238493,9.367914255319144,0.0,7.5,21.552551262772973,20.552551262772973,202.74923699634326,73.575,129.17423699634327,-0.0020153204709271234,5.616064640738756,Balazs Bela u,Balazs Bela u__CPT1
Balazs Bela u,CPT1,10.2,11.0,10.6,2.0,Tertiary,MASW,4.289197530864197,0.222962962962963,0.0143888888888888,5.198244225372385,284.31066554681274,4.293514197530864,0.0,8.6,21.6208414218787,20.6208414218787,227.18091907191422,84.366,142.81491907191423,-0.017208897136348593,5.650067533066937,Balazs Bela u,Balazs Bela u__CPT1
Balazs Bela u,CPT1,11.0,12.0,11.5,2.0,Tertiary,MASW,4.791633663366336,0.2173267326732671,0.0130712871287128,4.535545660237001,287.2940421350688,4.79555504950495,0.0,9.5,21.63166827130259,20.63166827130259,246.76418511997977,93.19500000000001,153.56918511997975,-0.0176142881174469,5.660506228335723,Balazs Bela u,Balazs Bela u__CPT1
Balazs Bela u,CPT1,12.0,13.0,12.5,2.0,Tertiary,MASW,8.504910891089105,0.264158415841584,0.032890099009901,3.105951599308961,305.5982001643207,8.514777920792076,0.0,10.5,22.08088143156413,21.08088143156413,274.0110178945516,103.00500000000001,171.00601789455163,-0.008508298052387094,5.722271167760365,Balazs Bela u,Balazs Bela u__CPT1
Balazs Bela u,CPT1,13.0,13.8,13.4,2.0,Tertiary,MASW,14.586641975308638,0.4339506172839504,0.1909407407407407,2.974986415780377,323.77912492398366,14.64392419753086,0.0,11.4,22.923969776440096,21.923969776440096,305.18119500429725,111.834,193.34719500429725,0.0055169927187342475,5.780061570122648,Balazs Bela u,Balazs Bela u__CPT1
Balazs Bela u,CPT1,13.8,14.5,14.15,2.0,Tertiary,MASW,9.315394366197186,0.3477464788732397,0.0247112676056338,3.733030134881986,286.7956655723814,9.322807746478876,0.0,12.15,22.49634683276474,21.49634683276474,316.32330768362107,119.1915,197.13180768362105,-0.010490245448867312,5.658769995544251,Balazs Bela u,Balazs Bela u__CPT1
Balazs Bela u,CPT1,14.5,14.99,14.745,2.0,Tertiary,MASW,10.558,0.3292,0.022442,3.118014775525668,281.62953012015385,10.5647326,0.0,12.745,22.466479195131136,21.466479195131136,329.2682357322086,125.02844999999999,204.23978573220862,-0.010022647370854156,5.640592484269388,Balazs Bela u,Balazs Bela u__CPT1
Balazs Bela u,CPT3,1.0,2.0,1.5,2.0,Quaternary,MASW,1.8932475247524745,0.0202970297029703,0.0044623762376237,1.0720748046732014,181.2593016532936,1.8945862376237617,0.5,0.0,17.865410890804547,16.865410890804547,25.29811633620682,0.0,25.29811633620682,0.002387206224019677,5.199928611884433,Balazs Bela u,Balazs Bela u__CPT3
Balazs Bela u,CPT3,2.0,3.0,2.5,2.0,Quaternary,MASW,3.615663366336634,0.0324752475247524,0.002179207920792,0.8981822762348637,213.7389977658518,3.616317128712872,0.0,0.5,18.767919415536763,17.767919415536763,44.91979853884191,4.905,40.01479853884191,-0.0007632284585583132,5.364755634051659,Balazs Bela u,Balazs Bela u__CPT3
Balazs Bela u,CPT3,3.0,4.0,3.5,2.0,Quaternary,MASW,5.961445544554454,0.0611881188118811,0.0803673267326732,1.0263973453179327,242.16945631577872,5.985555742574256,0.0,1.5,19.82218360445804,18.82218360445804,67.37764261560314,14.715,52.66264261560313,0.01109333406730897,5.489637713817979,Balazs Bela u,Balazs Bela u__CPT3
Balazs Bela u,CPT3,4.0,5.0,4.5,2.0,Quaternary,MASW,4.589485148514852,0.1499009900990099,0.0759316831683168,3.2661831392464054,183.9976083561228,4.612264653465346,0.0,2.5,20.98529403735009,19.98529403735009,92.4338231680754,24.525000000000002,67.9088231680754,0.011373585671332696,5.21492275945996,Balazs Bela u,Balazs Bela u__CPT3
Balazs Bela u,CPT3,5.0,6.0,5.5,2.0,Quaternary,MASW,7.812396039603958,0.1346534653465345,0.0692643564356435,1.7235872920922823,196.25096508768468,7.833175346534651,0.0,3.5,21.030650538623064,20.030650538623064,113.66857796242685,34.335,79.33357796242686,0.004524817126639288,5.279394274294679,Balazs Bela u,Balazs Bela u__CPT3
Balazs Bela u,CPT3,6.0,7.0,6.5,2.0,Quaternary,MASW,5.046455445544556,0.0938613861386137,0.0622801980198019,1.8599467913955856,181.47621716786065,5.065139504950497,0.0,4.5,20.43618498260642,19.43618498260642,130.83520238694172,44.145,86.6902023869417,0.0036753302811867493,5.201124610231265,Balazs Bela u,Balazs Bela u__CPT3
Balazs Bela u,CPT3,7.0,8.0,7.5,2.0,Quaternary,MASW,10.862188118811876,0.1147524752475246,0.0395415841584158,1.056439770627692,195.9799207328963,10.8740505940594,0.0,5.5,20.959506554209028,19.959506554209028,155.1962991565677,53.955000000000005,101.24129915656769,-0.0013446787730325112,5.27801220874232,Balazs Bela u,Balazs Bela u__CPT3
Balazs Bela u,CPT3,8.0,8.8,8.4,2.0,Quaternary,MASW,8.70811111111112,0.0849382716049382,0.0152543209876543,0.9753926026111592,204.43626559443783,8.712687407407415,0.0,6.4,20.503339257336094,19.503339257336094,170.2280497616232,62.784000000000006,107.44404976162319,-0.005563933876934987,5.320256267221983,Balazs Bela u,Balazs Bela u__CPT3
Balazs Bela u,CPT3,8.8,10.2,9.5,2.0,Quaternary,MASW,4.176205673758865,0.1484397163120566,0.0523056737588652,3.554415847973573,257.70007980133306,4.191897375886525,0.0,7.5,21.050141597698488,20.050141597698488,197.97634517813563,73.575,124.40134517813563,-0.005325424833791051,5.551796427325843,Balazs Bela u,Balazs Bela u__CPT3
Balazs Bela u,CPT3,10.2,11.0,10.6,2.0,Tertiary,MASW,5.600493827160493,0.2076543209876542,0.0074111111111111,3.707785909531786,293.3543261321456,5.602717160493826,0.0,8.6,21.60598703965197,20.60598703965197,227.0234626203109,84.366,142.65746262031092,-0.014315341091574889,5.68138118260298,Balazs Bela u,Balazs Bela u__CPT3
Balazs Bela u,CPT3,11.0,12.0,11.5,2.0,Tertiary,MASW,5.5493267326732685,0.2136633663366337,0.0064871287128712,3.850257456974533,297.0572278925097,5.5512728712871295,0.0,9.5,21.653268296503292,20.653268296503292,247.01258540978785,93.19500000000001,153.81758540978785,-0.016346835678103803,5.693924806747805,Balazs Bela u,Balazs Bela u__CPT3
Balazs Bela u,CPT3,12.0,13.0,12.5,2.0,Tertiary,MASW,11.659673267326736,0.2774257425742573,0.0722148514851485,2.3793612069016743,320.18378589781827,11.68133772277228,0.0,10.5,22.242980057605383,21.242980057605383,276.0372507200673,103.00500000000001,173.03225072006728,-0.0026996350153422385,5.768895161859567,Balazs Bela u,Balazs Bela u__CPT3
Balazs Bela u,CPT3,13.0,13.8,13.4,2.0,Tertiary,MASW,8.395333333333333,0.3079012345679012,0.0545901234567901,3.667528403492828,299.2427491507408,8.41171037037037,0.0,11.4,22.29343903481536,21.29343903481536,296.73208306652583,111.834,184.89808306652583,-0.007054101011307678,5.7012551140718175,Balazs Bela u,Balazs Bela u__CPT3
Balazs Bela u,CPT3,13.8,14.5,14.15,2.0,Tertiary,MASW,12.428704225352108,0.4360563380281689,0.1120830985915492,3.508461784283996,295.38867195232734,12.462329154929574,0.0,12.15,22.889251147715044,21.889251147715044,321.8829037401679,119.1915,202.69140374016786,-0.0005855140133546894,5.688292021197878,Balazs Bela u,Balazs Bela u__CPT3
Balazs Bela u,CPT3,14.5,14.99,14.745,2.0,Tertiary,MASW,10.806980000000005,0.3768000000000001,0.060166,3.486635489285628,284.7713855793395,10.825029800000005,0.0,12.745,22.655696918558707,21.655696918558707,332.0582510641481,125.02844999999999,207.02980106414813,-0.0061815139493614675,5.651686702507517,Balazs Bela u,Balazs Bela u__CPT3
Balazs Bela u,CPT5,1.2,1.8,1.5,2.0,Quaternary,MASW,3.175540983606558,0.0786885245901639,0.0041409836065573,2.477956511863215,225.344560762992,3.176783278688525,0.5,0.0,19.84682677449638,18.84682677449638,28.270240161744574,0.0,28.270240161744574,0.0013152188210390596,5.417630612004853,Balazs Bela u,Balazs Bela u__CPT5
Balazs Bela u,CPT5,1.8,2.8,2.3,2.0,Quaternary,MASW,5.053158415841585,0.0549504950495048,0.0030999999999999,1.0874484931490729,218.7736372966365,5.054088415841585,0.0,0.2999999999999998,19.565832159455596,18.565832159455596,43.00141396674787,2.9429999999999983,40.05841396674787,3.133052767616332e-05,5.388037575613267,Balazs Bela u,Balazs Bela u__CPT5
Balazs Bela u,CPT5,2.8,3.3,3.05,2.0,Quaternary,MASW,6.952039215686272,0.0754901960784313,0.0270215686274509,1.0858712636156973,238.47002457839076,6.960145686274507,0.0,1.0499999999999998,20.13111249365499,19.13111249365499,59.39989310564771,10.3005,49.099393105647714,0.0024230813782480307,5.47424361932014,Balazs Bela u,Balazs Bela u__CPT5
Balazs Bela u,CPT5,3.3,3.8,3.55,2.0,Quaternary,MASW,1.1794509803921571,0.0272549019607843,0.1492745098039215,2.310812608059583,172.9944254712481,1.2242333333333335,0.0,1.5499999999999998,18.252958631575478,17.252958631575478,62.79800314209294,15.205499999999999,47.59250314209294,0.11543390003629894,5.153259371269067,Balazs Bela u,Balazs Bela u__CPT5
Balazs Bela u,CPT5,3.8,4.2,4.0,2.0,Quaternary,MASW,3.5492926829268296,0.0985365853658536,0.0338463414634146,2.776231609183554,208.06999100282263,3.559446585365854,0.0,2.0,20.324799809224338,19.324799809224338,79.29919923689735,19.62,59.67919923689735,0.004087856025902073,5.337874518305381,Balazs Bela u,Balazs Bela u__CPT5
Balazs Bela u,CPT5,4.2,5.2,4.7,2.0,Quaternary,MASW,7.231386138613864,0.1453465346534654,0.0700415841584158,2.009940167312458,192.08137490019047,7.252398613861389,0.0,2.7,21.087583973047305,20.087583973047305,97.11164467332233,26.487000000000002,70.62464467332234,0.006087049247076959,5.25791910984339,Balazs Bela u,Balazs Bela u__CPT5
Balazs Bela u,CPT5,5.2,6.2,5.7,2.0,Quaternary,MASW,7.655396039603959,0.1367326732673267,0.0744683168316831,1.7860953575747387,192.82835352083657,7.677736534653464,0.0,3.7,21.050306090743693,20.050306090743693,117.98674471723905,36.297000000000004,81.68974471723905,0.005049283096974709,5.261800433193979,Balazs Bela u,Balazs Bela u__CPT5
Balazs Bela u,CPT5,6.2,7.0,6.6,2.0,Quaternary,MASW,7.430975308641975,0.1290123456790123,0.0609296296296296,1.7361428388676683,192.23263736765307,7.449254197530864,0.0,4.6,20.98388539663188,19.98388539663188,136.4936436177704,45.126,91.3676436177704,0.00216110311736831,5.25870629152527,Balazs Bela u,Balazs Bela u__CPT5
Balazs Bela u,CPT5,7.0,9.0,8.0,2.0,Quaternary,MASW,9.883303482587063,0.0906467661691541,0.0190616915422885,0.9171707246353454,194.1878028074128,9.88902199004975,0.0,6.0,20.6224192127165,19.6224192127165,162.979353701732,58.86,104.11935370173201,-0.004091932345533616,5.268825746507893,Balazs Bela u,Balazs Bela u__CPT5
Balazs Bela u,CPT5,9.0,10.2,9.6,2.0,Tertiary,MASW,3.334644628099173,0.1225619834710746,0.0524809917355371,3.675413638932131,256.0695961005619,3.3503889256198343,0.0,7.6,20.72561908424853,19.72561908424853,196.96594320878592,74.556,122.40994320878592,-0.007000332143068468,5.545449267300212,Balazs Bela u,Balazs Bela u__CPT5
Balazs Bela u,CPT5,10.2,11.4,10.8,2.0,Tertiary,MASW,4.18896694214876,0.1796694214876033,0.0650157024793388,4.289110512661165,282.3878377195648,4.208471652892562,0.0,8.8,21.326786848919074,20.326786848919074,228.32929796832602,86.32800000000002,142.001297968326,-0.005354657100214926,5.643281437126372,Balazs Bela u,Balazs Bela u__CPT5
Balazs Bela u,CPT5,11.4,14.5,12.95,2.0,Tertiary,MASW,11.972819935691318,0.3295498392282955,0.0437389067524115,2.7524830490927044,301.7575919193504,11.985941607717042,0.0,10.95,22.4876749566218,21.4876749566218,289.2153906882523,107.4195,181.79589068825229,-0.005444309122571281,5.709624019294449,Balazs Bela u,Balazs Bela u__CPT5
Balazs Bela u,CPT7,1.0,2.1,1.55,2.0,Quaternary,MASW,3.2488468468468463,0.1138738738738738,0.004936036036036,3.5050551547049262,218.61843680273475,3.250327657657657,0.44999999999999996,0.0,20.35607315574358,19.35607315574358,30.00191339140255,0.0,30.00191339140255,0.0015327753861001622,5.387327912546168,Balazs Bela u,Balazs Bela u__CPT7
Balazs Bela u,CPT7,2.1,2.9,2.5,2.0,Quaternary,MASW,8.739876543209878,0.1259259259259259,0.0023987654320987,1.4408204200980326,243.5136525721244,8.740596172839508,0.0,0.5,20.860755915801995,19.860755915801995,50.15188978950499,4.905,45.24688978950499,-0.00028838969404469976,5.495173009008895,Balazs Bela u,Balazs Bela u__CPT7
Balazs Bela u,CPT7,2.9,3.6,3.25,2.0,Quaternary,MASW,1.5398873239436623,0.0333802816901408,0.0259169014084507,2.1677093623092967,173.9745978721373,1.5476623943661976,0.0,1.25,18.584513861784227,17.584513861784227,58.39967005079874,12.262500000000001,46.13717005079874,0.00916856454238288,5.1589092993164725,Balazs Bela u,Balazs Bela u__CPT7
Balazs Bela u,CPT7,3.6,4.2,3.9,2.0,Quaternary,MASW,5.471983606557375,0.1324590163934427,0.0469426229508196,2.4206764112873054,217.03384928200185,5.486066393442621,0.0,1.9,20.850986791638213,19.850986791638213,79.31884848738903,18.639,60.67984848738904,0.005234870449467962,5.380053328850341,Balazs Bela u,Balazs Bela u__CPT7
Balazs Bela u,CPT7,4.2,5.5,4.85,2.0,Quaternary,MASW,8.216908396946568,0.2145038167938932,0.0724900763358778,2.610517319063744,203.1240160584304,8.238655419847332,0.0,2.8499999999999996,21.65484278618063,20.65484278618063,103.02598751297606,27.958499999999997,75.06748751297606,0.005473648561092385,5.313816709052235,Balazs Bela u,Balazs Bela u__CPT7
Balazs Bela u,CPT7,5.5,7.0,6.25,2.0,Quaternary,MASW,6.406059602649009,0.1211258278145694,0.0723920529801324,1.8908008249639443,184.60127439809037,6.427777218543048,0.0,4.25,20.846316927336133,19.846316927336133,128.28948079585084,41.6925,86.59698079585084,0.004873341176009825,5.218198225609876,Balazs Bela u,Balazs Bela u__CPT7
Balazs Bela u,CPT7,7.0,7.7,7.35,2.0,Quaternary,MASW,4.443605633802817,0.0707042253521126,0.0560943661971831,1.5911453710982064,165.4915602191897,4.460433943661972,0.0,5.35,20.033719442497684,19.033719442497684,145.24783790235796,52.4835,92.76433790235797,0.0008367811048435595,5.108920197862352,Balazs Bela u,Balazs Bela u__CPT7
Balazs Bela u,CPT7,7.7,8.0,7.85,2.0,Quaternary,MASW,8.823096774193548,0.1248387096774193,0.0595548387096774,1.414908085815821,192.86192210827696,8.840963225806451,0.0,5.85,21.016539436279007,20.016539436279007,162.9798345747902,57.3885,105.59133457479021,0.00024963618988557777,5.261974503372287,Balazs Bela u,Balazs Bela u__CPT7
Balazs Bela u,CPT7,8.0,10.0,9.0,2.0,Quaternary,MASW,6.613492537313434,0.1109950248756219,0.0400114427860696,1.6783117883536756,247.33548914468648,6.625495970149254,0.0,7.0,20.790193793904454,19.790193793904454,185.11174414514008,68.67,116.44174414514008,-0.004449821036797268,5.510745670679694,Balazs Bela u,Balazs Bela u__CPT7
Balazs Bela u,CPT7,10.0,11.5,10.75,2.0,Tertiary,MASW,4.057715231788079,0.1637086092715231,0.0186165562913907,4.034502174746824,273.0212382878847,4.063300198675496,0.0,8.75,21.19020173907175,20.19020173907175,225.79466869502133,85.8375,139.95716869502132,-0.017516833052994018,5.609549588085331,Balazs Bela u,Balazs Bela u__CPT7
Balazs Bela u,CPT7,11.5,13.0,12.25,2.0,Tertiary,MASW,8.968774834437088,0.2673509933774835,0.0094317880794702,2.9809087452050345,316.70687811949347,8.971604370860929,0.0,10.25,22.110047575527638,21.110047575527638,268.84808280021355,100.55250000000001,168.29558280021354,-0.01047032789434056,5.757976671399993,Balazs Bela u,Balazs Bela u__CPT7
Balazs Bela u,CPT7,13.0,14.0,13.5,2.0,Tertiary,MASW,14.413198019801987,0.49990099009901,0.0665623762376237,3.46835580425806,335.72412127806666,14.433166732673277,0.0,11.5,23.11110367408331,22.11110367408331,309.99989960012465,112.81500000000001,197.18489960012465,-0.0032749470645679468,5.816289755077759,Balazs Bela u,Balazs Bela u__CPT7
Balazs Bela u,CPT7,14.0,15.0,14.5,2.0,Tertiary,MASW,8.98660396039604,0.3619801980198023,0.0299722772277227,4.0279976686971946,276.8066629898324,8.995595643564357,0.0,12.5,22.54299530971959,21.54299530971959,324.8734319909341,122.625,202.24843199093408,-0.010685698435662857,5.62331929494886,Balazs Bela u,Balazs Bela u__CPT7
Marina,CPT1,1.0,2.0,1.5,5.9,Quaternary,MASW,2.5559801980198014,0.0507821782178217,0.0010881188118811,1.9867985775932209,154.37361376580503,2.556306633663365,4.4,0.0,19.191144286786788,18.191144286786788,27.28671643018018,0.0,27.28671643018018,0.00043025316031181397,5.03937572768722,Marina,Marina__CPT1
Marina,CPT1,2.0,2.8,2.4,5.9,Quaternary,MASW,3.2134691358024683,0.0808148148148148,0.0010654320987654,2.51487757932468,188.9515464665028,3.213788765432098,3.5000000000000004,0.0,19.95360388402131,18.95360388402131,45.48864932165114,0.0,45.48864932165114,0.0003362787803301205,5.241490614289672,Marina,Marina__CPT1
Marina,CPT1,2.8,3.4,3.1,5.9,Quaternary,MASW,3.4380655737704924,0.0957868852459016,0.0008360655737704,2.786069177291843,210.7618990419121,3.438316393442624,2.8000000000000003,0.0,20.23964020453324,19.23964020453324,59.64288463405305,0.0,59.64288463405305,0.00024745379261733506,5.350729055747977,Marina,Marina__CPT1
Marina,CPT1,3.4,4.0,3.7,5.9,Quaternary,MASW,3.73427868852459,0.1162950819672131,0.0002606557377049,3.1142582454969694,216.8659416178409,3.7343568852459015,2.2,0.0,20.55129782542463,19.55129782542463,72.33980195407113,0.0,72.33980195407113,7.117818726028264e-05,5.379279382072474,Marina,Marina__CPT1
Marina,CPT1,4.0,4.9,4.45,5.9,Quaternary,MASW,1.4912527472527468,0.0689450549450549,0.0082461538461538,4.623297765725405,192.58263899576804,1.4937265934065929,1.4500000000000002,0.0,19.595308261036195,18.595308261036195,82.74912176161106,0.0,82.74912176161106,0.005844284555826437,5.260525355092264,Marina,Marina__CPT1
Marina,CPT1,4.9,5.5,5.2,5.9,Quaternary,MASW,3.139655737704917,0.1130655737704918,0.0481245901639344,3.6012092794970743,254.04192770326176,3.1540931147540974,0.7000000000000002,0.0,20.510817472691613,19.510817472691613,101.4562508579964,0.0,101.4562508579964,0.015764924656813804,5.537499323093914,Marina,Marina__CPT1
Marina,CPT1,5.5,6.0,5.75,5.9,Quaternary,MASW,2.008019607843137,0.0712745098039215,0.0666921568627451,3.549492720366374,254.85619390992656,2.0280272549019607,0.15000000000000036,0.0,19.769738181014024,18.769738181014024,107.92599454083063,0.0,107.92599454083063,0.03473366652038014,5.540699440630112,Marina,Marina__CPT1
Marina,CPT1,6.0,7.0,6.5,5.9,Quaternary,MASW,1.7645049504950492,0.0337128712871286,0.032069306930693,1.910613584715091,229.95709832009632,1.7741257425742571,0.0,0.5999999999999996,18.73871728762482,17.73871728762482,115.90166236956132,5.885999999999997,110.01566236956133,0.015789969065858014,5.437892762481431,Marina,Marina__CPT1
Marina,CPT1,7.0,8.3,7.65,5.9,Quaternary,MASW,2.049312977099237,0.0288091603053434,0.0332412213740458,1.4057960217537049,204.7285980178102,2.059285343511451,0.0,1.75,18.59575470409814,17.59575470409814,136.35752348635077,17.1675,119.19002348635077,0.008358983216455826,5.321685189884269,Marina,Marina__CPT1
Marina,CPT1,8.3,9.0,8.65,5.9,Quaternary,MASW,7.658718309859154,0.0738450704225352,0.0265535211267605,0.96419619360427,253.02665478008373,7.666684366197182,0.0,2.75,20.28023730209357,19.28023730209357,169.5240526631094,26.977500000000003,142.5465526631094,-5.6551928398026135e-05,5.5334948380400775,Marina,Marina__CPT1
Marina,CPT1,9.0,10.0,9.5,5.9,Quaternary,MASW,7.261930693069311,0.0781089108910891,0.0401514851485148,1.075594276404142,254.45081735336137,7.2739761386138655,0.0,3.5999999999999996,20.353260905256146,19.353260905256146,187.4559785999334,35.315999999999995,152.1399785999334,0.0006823497343307212,5.539107565265334,Marina,Marina__CPT1
Marina,CPT1,10.0,12.0,11.0,5.9,Quaternary,MASW,9.858407960199008,0.0942835820895523,0.0528094527363183,0.956377363061054,248.69925764605333,9.874250796019904,0.0,5.1,20.720564323668256,19.720564323668256,222.02620756035083,50.031,171.99520756035082,0.00028785620463496985,5.5162443658674425,Marina,Marina__CPT1
Marina,CPT1,12.0,13.0,12.5,5.9,Quaternary,MASW,26.196960396039607,0.258930693069307,0.0572415841584158,0.988399757662158,300.69654630824925,26.21413287128713,0.0,6.6,22.395824106522358,21.395824106522358,274.04780133152946,64.746,209.30180133152948,-0.0002892980428300902,5.706101604422203,Marina,Marina__CPT1
Marina,CPT1,13.0,15.0,14.0,5.9,Quaternary,MASW,32.6016069651741,0.558636815920398,0.1521731343283582,1.713525399276019,318.2497071346119,32.647258905472604,0.0,8.1,23.51401657453483,22.51401657453483,323.2962320434876,79.461,243.83523204348757,0.0022494808282936454,5.762836317200209,Marina,Marina__CPT1
Marina,CPT1,15.0,16.1,15.55,5.9,Tertiary,MASW,15.659981981981984,0.688045045045045,0.0098351351351351,4.393651575312755,335.13417893108965,15.662932522522524,0.0,9.65,23.586294485722206,22.586294485722206,360.8668792529803,94.66650000000001,266.20037925298027,-0.005543785188385799,5.814530985755343,Marina,Marina__CPT1
Marina,CPT2,1.0,1.9,1.45,5.9,Quaternary,MASW,2.591043956043956,0.0611758241758241,0.0007868131868131,2.361049260979282,162.8655867742902,2.59128,4.45,0.0,19.441108950752586,18.441108950752586,26.73960797859125,0.0,26.73960797859125,0.0003068047550590234,5.092925239603198,Marina,Marina__CPT2
Marina,CPT2,1.9,2.4,2.15,5.9,Quaternary,MASW,2.153294117647059,0.0246274509803921,0.0023666666666666,1.1437105028319587,152.4065336873562,2.1540041176470592,3.7500000000000004,0.0,18.216377598431706,17.216377598431706,37.01521183662817,0.0,37.01521183662817,0.001117940042184863,5.026551514297849,Marina,Marina__CPT2
Marina,CPT2,2.4,3.4,2.9,5.9,Quaternary,MASW,2.925970297029703,0.0527524752475247,0.0027435643564356,1.80290535762022,172.2616758424782,2.926793366336634,3.0000000000000004,0.0,19.378018594098286,18.378018594098286,53.29625392288503,0.0,53.29625392288503,0.0009547823606932375,5.149014691877959,Marina,Marina__CPT2
Marina,CPT2,3.4,5.0,4.2,5.9,Quaternary,MASW,6.714596273291925,0.2271242236024844,0.0118440993788819,3.3825447481615094,225.0811766638941,6.71814950310559,1.7000000000000002,0.0,21.649163743570806,20.649163743570806,86.72648772299739,0.0,86.72648772299739,0.0017860569822506745,5.416461122309962,Marina,Marina__CPT2
Marina,CPT2,5.0,6.0,5.5,5.9,Quaternary,MASW,3.106564356435644,0.085,0.0614544554455445,2.736141610068748,224.0938681444996,3.1250006930693077,0.40000000000000036,0.0,20.13191343984661,19.13191343984661,105.22552391915636,0.0,105.22552391915636,0.02035067248494513,5.41206501829286,Marina,Marina__CPT2
Marina,CPT2,6.0,7.0,6.5,5.9,Quaternary,MASW,5.188207920792079,0.0506237623762375,0.0659465346534653,0.9757465997721404,228.58095676543687,5.207991881188119,0.0,0.5999999999999996,19.613429315391226,18.613429315391226,121.58729055004297,5.885999999999997,115.70129055004297,0.011808052934682269,5.431890444152515,Marina,Marina__CPT2
Marina,CPT2,7.0,9.0,8.0,5.9,Quaternary,MASW,8.32481592039801,0.0779651741293532,0.0239258706467661,0.936539316603,250.2333078399093,8.331993681592039,0.0,2.0999999999999996,20.36743597295643,19.36743597295643,157.03948778365142,20.601,136.43848778365142,0.0004067142846236763,5.522393714032233,Marina,Marina__CPT2
Marina,CPT2,9.0,10.0,9.5,5.9,Quaternary,MASW,6.008198019801979,0.0553960396039604,0.0369524752475247,0.9220075540350812,236.1418597383989,6.0192837623762365,0.0,3.5999999999999996,19.83311418488688,18.83311418488688,182.51458475642536,35.315999999999995,147.19858475642536,0.0002803734733591177,5.464432725023453,Marina,Marina__CPT2
Marina,CPT2,10.0,11.0,10.5,5.9,Quaternary,MASW,22.43309900990099,0.1155940594059405,0.0406950495049505,0.5152835074410469,282.537697681028,22.445307524752472,0.0,4.6,21.23788045865973,20.23788045865973,217.09774481592717,45.126,171.97174481592717,-0.0001993390623409054,5.643811984802437,Marina,Marina__CPT2
Marina,CPT2,11.0,12.5,11.75,5.9,Quaternary,MASW,18.600152317880795,0.0641854304635761,0.0599966887417218,0.3450801335743529,275.1829064009047,18.618151324503312,0.0,5.85,20.405121105401527,19.405121105401527,233.86017298846795,57.3885,176.47167298846796,0.0001418705089158084,5.617435990761268,Marina,Marina__CPT2
Marina,CPT2,12.5,13.8,13.15,5.9,Quaternary,MASW,32.13334351145038,0.2062137404580153,0.0652618320610687,0.6417438023047095,319.4455185892932,32.1529220610687,0.0,7.25,22.15868437148506,21.15868437148506,285.4866994850285,71.1225,214.3641994850285,-0.0001839077375519324,5.766586738429974,Marina,Marina__CPT2
Marina,CPT2,13.8,15.0,14.4,5.9,Quaternary,MASW,9.112495867768594,0.2599586776859504,0.0647652892561983,2.85277141913928,305.3404635400741,9.131925454545453,0.0,8.5,22.10085666225488,21.10085666225488,312.3523359364703,83.385,228.9673359364703,-0.0021111804951777975,5.7214274279388455,Marina,Marina__CPT2
Marina,CPT2,15.0,16.0,15.5,5.9,Tertiary,MASW,6.534396039603958,0.2467227722772276,0.063459405940594,3.775754802461915,318.45230541235145,6.553433861386137,0.0,9.6,21.940186337507242,20.940186337507242,334.17288823136226,94.176,239.99688823136228,-0.00493894599245684,5.763472716270998,Marina,Marina__CPT2
Marina,CPT2,16.0,17.0,16.5,5.9,Tertiary,MASW,10.779920792079206,0.4133762376237623,0.0589940594059406,3.834687152131025,354.9977594624199,10.79761900990099,0.0,10.6,22.795770376571262,21.795770376571262,370.23021121342583,103.986,266.24421121342584,-0.004314784982384304,5.872111478082034,Marina,Marina__CPT2
Marina,CPT2,17.0,18.0,17.5,5.9,Tertiary,MASW,10.260485148514851,0.4770297029702967,0.0526524752475247,4.649192470585507,355.3165664289617,10.27628089108911,0.0,11.6,22.981978540603976,21.981978540603976,396.28462446056955,113.796,282.48862446056955,-0.006188618204138247,5.873009128534315,Marina,Marina__CPT2
River,CPT2,1.0,2.3,1.65,7.6,Quaternary,MASW,0.7693545454545457,0.0055287878787878,0.0016560606060606,0.7186267906588364,115.33052569156412,0.7698513636363639,5.949999999999999,0.0,15.854407296204009,14.854407296204009,24.509772038736614,0.0,24.509772038736614,0.002221881382616609,4.747802142378539,River,River__CPT2
River,CPT2,2.3,3.1,2.7,7.6,Quaternary,MASW,1.3169243902439025,0.0200097560975609,0.0037439024390243,1.519430898675592,164.93791717262042,1.3180475609756095,4.8999999999999995,0.0,17.820151363862138,16.820151363862138,45.414408682427776,0.0,45.414408682427776,0.0029418551860589926,5.105569143537315,River,River__CPT2
River,CPT2,3.1,4.2,3.65,7.6,Quaternary,MASW,4.510462500000001,0.0778982142857143,0.0012374999999999,1.727056023317216,234.05003282834616,4.510833750000001,3.9499999999999997,0.0,20.067271676765397,19.067271676765397,69.5955416201937,0.0,69.5955416201937,0.0002786385106894206,5.455534908008177,River,River__CPT2
River,CPT2,4.2,5.5,4.85,7.6,Quaternary,MASW,9.039871212121213,0.1301303030303029,0.0099166666666666,1.439515010521569,319.5102089316684,9.042846212121212,2.75,0.0,21.01028154272395,20.01028154272395,97.04986548221115,0.0,97.04986548221115,0.0011085281044199448,5.766789226144881,River,River__CPT2
River,CPT2,5.5,6.8,6.15,7.6,Quaternary,MASW,21.81164242424242,0.0865590909090908,0.0045287878787878,0.3968481108643396,322.2077314793199,21.81300106060606,1.4499999999999993,0.0,20.76309891096566,19.76309891096566,121.54305830243881,0.0,121.54305830243881,0.000208782087322431,5.775196466356032,River,River__CPT2
River,CPT2,6.8,7.6,7.199999999999999,7.6,Quaternary,MASW,8.4966756097561,0.0775,0.0220634146341463,0.9121214408963962,246.8972404710532,8.503294634146343,0.40000000000000036,0.0,20.350466060761406,19.350466060761406,139.3233556374821,0.0,139.3233556374821,0.0026379113341574974,5.508972219581721,River,River__CPT2
River,CPT2,7.6,8.5,8.05,7.6,Quaternary,MASW,16.393499999999996,0.1339086956521739,0.0079173913043478,0.8168401845376152,259.9961823769368,16.3958752173913,0.0,0.45000000000000107,21.302334080938866,20.302334080938866,163.88378935155788,4.414500000000011,159.46928935155788,0.0002158016975228785,5.560666947742101,River,River__CPT2
River,CPT2,8.5,10.0,9.25,7.6,Quaternary,MASW,21.19255,0.0749684210526316,0.0201657894736842,0.3537489403239893,239.59756278151008,21.198599736842105,0.0,1.6500000000000004,20.61936472269329,19.61936472269329,183.12912368491294,16.186500000000006,166.94262368491295,0.0001893504812208618,5.478960694159134,River,River__CPT2
River,CPT2,10.0,12.0,11.0,7.6,Quaternary,MASW,16.92916831683168,0.106059405940594,0.0253148514851485,0.6264891692000332,251.45450563660305,16.936762772277227,0.0,3.4000000000000004,21.04304335897265,20.04304335897265,223.87347694869914,33.354000000000006,190.51947694869912,-0.0004810148845477336,5.527262081075863,River,River__CPT2
River,CPT2,12.0,12.8,12.4,7.6,Quaternary,MASW,25.856621951219516,0.1440048780487804,0.0426512195121951,0.5569361625059014,489.6128465352403,25.86941731707317,0.0,4.800000000000001,21.600749140374152,20.600749140374152,260.2492893406395,47.08800000000001,213.16128934063948,-0.00017324969257104527,6.193614969692201,River,River__CPT2
River,CPT2,12.8,15.5,14.15,7.6,Tertiary,MASW,24.044763235294138,1.0603382352941169,1.080372794117647,4.409851013786229,693.5362539919386,24.36887507352943,0.0,6.550000000000001,24.28941217088783,23.28941217088783,336.0951822180628,64.25550000000001,271.83968221806276,0.04228047270074681,6.541803515233401,River,River__CPT2
River,CPT2,15.5,17.0,16.25,7.6,Tertiary,MASW,29.96789868421054,1.448971052631579,3.822682894736841,4.835077253497962,751.0262122133416,31.114703552631592,0.0,8.65,24.80394267660691,23.80394267660691,395.46406849486226,84.85650000000001,310.6075684948622,0.12167704856974199,6.6214405542353845,River,River__CPT2
River,CPT5,1.0,3.1,2.05,7.1,Quaternary,MASW,2.94965,0.0513254716981132,0.0007330188679245,1.7400529452007274,202.0,2.949869905660377,5.05,0.0,19.29377292148606,18.29377292148606,37.502234489046415,0.0,37.502234489046415,0.0002516917335611289,5.308267697401205,River,River__CPT5
River,CPT5,3.1,4.2,3.65,7.1,Quaternary,MASW,2.4174160714285717,0.0316482142857142,0.0009142857142857,1.3091753074600758,211.3071752491552,2.417690357142857,3.4499999999999997,0.0,18.665019672575134,17.665019672575134,64.47732180489923,0.0,64.47732180489923,0.0003885265382079588,5.3533128816846265,River,River__CPT5
River,CPT5,4.2,5.1,4.65,7.1,Quaternary,MASW,1.857419565217391,0.0304652173913043,0.0059021739130434,1.6401903997247238,217.06157804322785,1.859190217391304,2.4499999999999993,0.0,18.56857942492393,17.56857942492393,81.69389432589628,0.0,81.69389432589628,0.0033204985216873572,5.38018108306989,River,River__CPT5
River,CPT5,5.1,6.2,5.65,7.1,Quaternary,MASW,8.677708928571427,0.0938642857142857,0.0123749999999999,1.0816712854384505,292.9070627467941,8.681421428571428,1.4499999999999993,0.0,20.57994075190191,19.57994075190191,110.62666524824579,0.0,110.62666524824579,0.001443856764947397,5.679855366710584,River,River__CPT5
River,CPT5,6.2,7.2,6.7,7.1,Quaternary,MASW,18.86940588235294,0.1176607843137254,0.0012843137254901,0.6235532006005778,325.46149347739083,18.869791176470585,0.39999999999999947,0.0,21.144600041687166,20.144600041687166,134.96882027930403,0.0,134.96882027930403,6.855222329160083e-05,5.785244155042043,River,River__CPT5
River,CPT5,7.2,9.0,8.1,7.1,Quaternary,MASW,10.346143956043957,0.0911582417582417,0.0084912087912087,0.8810842198362165,276.7262155606347,10.348691318681318,0.0,1.0,20.645587273331248,19.645587273331248,160.1292569139831,9.81,150.3192569139831,-0.00012943840365266818,5.623028625928531,River,River__CPT5
River,CPT5,9.0,10.5,9.75,7.1,Quaternary,MASW,15.274092105263165,0.071903947368421,0.0178092105263157,0.4707575865909851,259.21651334725726,15.279434868421058,0.0,2.6500000000000004,20.471180099087718,19.471180099087718,192.49400596610525,25.996500000000005,166.49750596610525,-0.0005426739289512975,5.557663671350249,River,River__CPT5
River,CPT5,10.5,12.2,11.35,7.1,Quaternary,MASW,11.885613953488368,0.0832825581395348,0.0386511627906976,0.7007005146342642,263.8911524267684,11.897209302325576,0.0,4.25,20.61467778137142,19.61467778137142,226.8765928185656,41.6925,185.1840928185656,-0.0002606041562829514,5.575536716712962,River,River__CPT5
River,CPT5,12.2,14.0,13.1,7.1,Tertiary,MASW,23.657017582417584,0.6231021978021978,0.6830219780219781,2.633900049452138,445.1012939042873,23.86192417582418,0.0,6.0,23.55622712811468,22.55622712811468,301.4865753783023,58.86,242.62657537830228,0.02649195183073195,6.098301883014409,River,River__CPT5
River,CPT5,14.0,15.3,14.65,7.1,Tertiary,MASW,33.37858333333333,1.0112030303030304,1.692321212121212,3.029496549343357,499.49813265589256,33.886279696969694,0.0,7.550000000000001,24.330742063426424,23.330742063426424,349.3453712291971,74.06550000000001,275.27987122919706,0.048252940963633556,6.213603859654979,River,River__CPT5
River,CPT5,15.3,17.5,16.4,7.1,Tertiary,MASW,30.11680090090089,1.2874855855855851,0.9446954954954956,4.27497458917382,670.414393337913,30.400209549549544,0.0,9.299999999999999,24.6391134378754,23.6391134378754,396.9814603811566,91.23299999999999,305.7484603811566,0.02844568900916393,6.507896018713524,River,River__CPT5
River,CPT5,17.5,18.5,18.0,7.1,Tertiary,MASW,25.115558823529412,1.0766647058823533,0.8564411764705883,4.286843519777406,646.2767046306219,25.372491176470596,0.0,10.9,24.356743581528296,23.356743581528296,431.32138446750935,106.929,324.3923844675094,0.030051203801631836,6.471227747414726,River,River__CPT5
River,CPT5,18.5,20.4,19.45,7.1,Tertiary,MASW,24.986724999999996,1.161861458333333,1.2706510416666668,4.649914938165501,650.1372413207323,25.367920312499997,0.0,12.35,24.470321345893286,23.470321345893286,468.8477501776244,121.15350000000001,347.6942501776244,0.04616627943829934,6.4771834810961,River,River__CPT5
River,CPT7,1.0,2.5,1.75,6.0,Quaternary,MASW,2.870418421052632,0.0348657894736842,0.003853947368421,1.2146587834709597,230.0,2.8715746052631577,4.25,0.0,18.742325089645224,17.742325089645224,31.049068906879143,0.0,31.049068906879143,0.0013567726531917405,5.438079308923196,River,River__CPT7
River,CPT7,2.5,3.7,3.1,6.0,Quaternary,MASW,6.6381491803278685,0.0683672131147541,0.0008901639344262,1.029913779542046,176.88507959680965,6.638416229508197,2.9,0.0,19.985622912851056,18.985622912851056,58.85543102983828,0.0,58.85543102983828,0.00013529230319325668,5.17550025389357,River,River__CPT7
River,CPT7,3.7,4.8,4.25,6.0,Quaternary,MASW,14.844399999999997,0.1326071428571428,0.0009,0.8933142656971174,215.8194474926102,14.844669999999995,1.75,0.0,21.167425175666796,20.167425175666796,85.71155699658388,0.0,85.71155699658388,6.0979912876348766e-05,5.374442166894363,River,River__CPT7
River,CPT7,4.8,6.5,5.65,6.0,Quaternary,MASW,11.790446511627906,0.1221151162790697,0.003156976744186,1.0357123978183365,215.6930991940163,11.791393604651162,0.34999999999999964,0.0,21.02725680818242,20.02725680818242,113.15400096623067,0.0,113.15400096623067,0.00027032984861775336,5.373856560273305,River,River__CPT7
River,CPT7,6.5,7.6,7.05,6.0,Quaternary,MASW,7.377839285714288,0.0903089285714285,0.0034374999999999,1.224056598065151,304.0688582275734,7.378870535714288,0.0,1.0499999999999998,20.510260470473266,19.510260470473266,138.5973363168365,10.3005,128.2968363168365,-0.0009478924083377477,5.7172541830848544,River,River__CPT7
River,CPT7,7.6,8.4,8.0,6.0,Quaternary,MASW,14.228729268292682,0.0874073170731707,0.0152292682926829,0.6143016387833685,318.12506802788243,14.233298048780489,0.0,2.0,20.684131725206083,19.684131725206083,159.47305380164866,19.62,139.85305380164866,-0.0003119785636728889,5.762444601144867,River,River__CPT7
River,CPT7,8.4,9.5,8.95,6.0,Quaternary,MASW,10.738607142857145,0.0883803571428571,0.0269732142857142,0.8230150890811192,217.8391962302913,10.746699107142858,0.0,2.9499999999999993,20.629696996061654,19.629696996061654,178.6357881147518,28.939499999999995,149.69628811475178,-0.0001860592291063814,5.383757158633629,River,River__CPT7
River,CPT7,9.5,10.3,9.9,6.0,Quaternary,MASW,17.91506829268293,0.1148658536585365,0.0376658536585365,0.641168941038597,236.6873001066819,17.92636804878049,0.0,3.9000000000000004,21.15259615832735,20.15259615832735,203.41070196744076,38.25900000000001,165.15170196744074,-3.346768430665787e-05,5.466739861116347,River,River__CPT7
River,CPT7,10.3,11.7,11.0,6.0,Quaternary,MASW,18.164094366197183,0.1073380281690141,0.0414802816901408,0.5909352043929414,236.26600586720053,18.176538450704225,0.0,5.0,21.080653611763413,20.080653611763413,225.88718972939756,49.050000000000004,176.83718972939755,-0.0004216960265010532,5.464958313781381,River,River__CPT7
River,CPT7,11.7,12.1,11.9,6.0,Quaternary,MASW,15.44374285714286,0.3259142857142856,0.1214095238095238,2.110332247364165,277.38594435616045,15.480165714285718,0.0,5.9,22.538393952398692,21.538393952398692,262.2068880335445,57.879000000000005,204.32788803354447,0.004174707300425118,5.62540983736903,River,River__CPT7
River,CPT7,12.1,13.4,12.75,6.0,Quaternary,MASW,15.069445454545455,0.6166515151515153,0.2836454545454545,4.092065079710762,313.4911476710846,15.154539090909092,0.0,6.75,23.400321662656992,22.400321662656992,292.35410119887666,66.2175,226.13660119887666,0.014629608950231073,5.747771122580472,River,River__CPT7
River,CPT7,13.4,14.3,13.85,6.0,Quaternary,MASW,14.307523913043475,0.5864586956521738,0.2232499999999999,4.098953104789347,310.73352908732784,14.374498913043476,0.0,7.85,23.328529358656443,22.328529358656443,317.10013161739175,77.0085,240.09163161739176,0.01040316933978052,5.738935725244569,River,River__CPT7
River,CPT7,14.3,15.5,14.9,6.0,Quaternary,MASW,21.157832786885244,0.8245409836065574,2.1591639344262297,3.897095661506749,713.9594253985106,21.80558196721311,0.0,8.9,23.92440681173703,22.92440681173703,350.47366149488175,87.30900000000001,263.1646614948817,0.09656697626056902,6.570826133551905,River,River__CPT7
River,CPT7,15.5,17.1,16.3,6.0,Quaternary,MASW,28.346713580246917,1.323420987654321,5.608925925925924,4.668692841263024,773.4776656548057,30.02939135802469,0.0,10.3,24.671568335206715,23.671568335206715,396.14656386386946,101.043,295.10356386386945,0.18586837061499398,6.650896795200392,River,River__CPT7
Dunaterasz,CPT1,1.0,2.0,1.5,7.0,Quaternary,MASW,12.699254901960783,0.1679190196078431,0.0027254901960784,1.3222745814946686,233.01496865580825,12.700072549019607,5.5,0.0,21.28858411567405,20.28858411567405,30.432876173511072,0.0,30.432876173511072,0.00021511978765424104,5.451102694660173,Dunaterasz,Dunaterasz__CPT1
Dunaterasz,CPT1,2.0,3.3,2.65,7.0,Quaternary,MASW,8.432363636363636,0.1280033333333333,0.0047727272727272,1.518000632483793,161.46583675030033,8.433795454545454,4.35,0.0,20.880273248764286,19.880273248764286,52.682724109225354,0.0,52.682724109225354,0.0005694622451974566,5.08429358313573,Dunaterasz,Dunaterasz__CPT1
Dunaterasz,CPT1,3.3,4.5,3.9,7.0,Quaternary,MASW,7.778016393442622,0.0683427868852459,0.0049344262295082,0.8786660175062547,163.01239029095743,7.779496721311474,3.1,0.0,20.06626469375186,19.06626469375186,74.35843230563226,0.0,74.35843230563226,0.0006404072249486994,5.093826211972794,Dunaterasz,Dunaterasz__CPT1
Dunaterasz,CPT1,4.5,5.0,4.75,7.0,Quaternary,MASW,6.715230769230768,0.0660426923076923,0.0106923076923076,0.9834761392013566,193.26324287162743,6.718438461538461,2.25,0.0,20.003853517024993,19.003853517024993,90.26830420586872,0.0,90.26830420586872,0.0016131613157937634,5.264053212269084,Dunaterasz,Dunaterasz__CPT1
Dunaterasz,CPT1,5.0,6.2,5.6,7.0,Quaternary,MASW,13.49077049180328,0.0847701639344262,0.0034426229508196,0.6283567271856774,210.21097857471867,13.491803278688526,1.4000000000000004,0.0,20.575504420436587,19.575504420436587,109.62282475444488,0.0,109.62282475444488,0.00025725426156598724,5.348111686264105,Dunaterasz,Dunaterasz__CPT1
Dunaterasz,CPT1,6.2,7.5,6.85,7.0,Quaternary,MASW,11.944939393939393,0.082920909090909,0.0028787878787878,0.694192798776203,189.28960459252335,11.94580303030303,0.15000000000000036,0.0,20.537687203070067,19.537687203070067,133.83315734102996,0.0,133.83315734102996,0.00024371784805999577,5.243278141718083,Dunaterasz,Dunaterasz__CPT1
Dunaterasz,CPT1,7.5,8.5,8.0,7.0,Quaternary,MASW,13.81292156862745,0.1100158823529411,0.0095882352941176,0.7964707669289482,246.14239114562568,13.815798039215686,0.0,1.0,20.984794576319526,19.984794576319526,160.8783566105562,9.81,151.0683566105562,-1.624064520605741e-05,5.505910194272554,Dunaterasz,Dunaterasz__CPT1
Dunaterasz,CPT1,8.5,9.5,9.0,7.0,Quaternary,MASW,10.941764705882353,0.098358431372549,0.015313725490196,0.8989265810081898,242.36010701922967,10.946358823529412,0.0,2.0,20.780104745597953,19.780104745597953,180.02094271038158,19.62,160.40094271038157,-0.0003999757909767929,5.49042466564803,Dunaterasz,Dunaterasz__CPT1
Dunaterasz,CPT1,9.5,10.5,10.0,7.0,Quaternary,MASW,17.067803921568625,0.1357394117647058,0.0273529411764705,0.7952951204997828,260.6009835718683,17.07600980392157,0.0,3.0,21.364058961565483,20.364058961565483,206.64058961565482,29.43,177.2105896156548,-0.00012312605155194938,5.562990438942518,Dunaterasz,Dunaterasz__CPT1
Dunaterasz,CPT1,10.5,11.8,11.15,7.0,Quaternary,MASW,16.372969696969697,0.4134536363636363,0.3035151515151515,2.525220799988155,322.7997524378964,16.464024242424244,0.0,4.15,22.86809903348755,21.86809903348755,247.97930422338618,40.71150000000001,207.26780422338618,0.0162063963510642,5.777032169474484,Dunaterasz,Dunaterasz__CPT1
Dunaterasz,CPT1,11.8,12.9,12.35,7.0,Quaternary,MASW,33.14423214285716,1.0558192857142856,1.0599642857142857,3.1855294796498197,401.7820453738461,33.46222142857144,0.0,5.35,24.360566165005977,23.360566165005977,293.8529921378238,52.4835,241.36949213782378,0.030374746579564158,5.995909765901687,Dunaterasz,Dunaterasz__CPT1
Dunaterasz,CPT1,12.9,13.6,13.25,7.0,Quaternary,MASW,35.700944444444445,1.1159169444444446,0.3677222222222222,3.125735080148829,412.5906561194893,35.811261111111115,0.0,6.25,24.465803773961923,23.465803773961923,317.1719000049955,61.3125,255.8594000049955,0.008632697134438552,6.0224559540392,Dunaterasz,Dunaterasz__CPT1
Dunaterasz,CPT1,13.6,14.3,13.95,7.0,Quaternary,MASW,22.718222222222224,0.4995113888888889,1.033,2.1987256925424523,350.4190840317688,23.028122222222223,0.0,6.949999999999999,23.256781179887202,22.256781179887202,317.4320974594265,68.17949999999999,249.25259745942648,0.042483099135239386,5.859129821140135,Dunaterasz,Dunaterasz__CPT1
Dunaterasz,CPT1,14.3,15.0,14.65,7.0,Quaternary,MASW,27.70877777777777,0.6990013888888889,0.9155555555555552,2.522671315547821,377.4406562832872,27.98344444444444,0.0,7.65,23.77543915515173,22.77543915515173,341.3101836229729,75.04650000000001,266.26368362297285,0.030406807507148578,5.933413354432989,Dunaterasz,Dunaterasz__CPT1
Dunaterasz,CPT1,15.0,16.0,15.5,7.0,Quaternary,MASW,24.95739215686273,0.5684564705882355,0.2164509803921569,2.277707811037951,391.6336238720198,25.02232745098038,0.0,8.5,23.4712002169308,22.4712002169308,356.8036033624274,83.385,273.4186033624274,0.005394816717221581,5.970326769769181,Dunaterasz,Dunaterasz__CPT1
Dunaterasz,CPT7,1.0,2.0,1.5,5.0,Quaternary,MASW,11.483764705882354,0.1969015686274509,0.0127450980392156,1.7146081765903098,341.41245087622747,11.48758823529412,3.5,0.0,21.472442763169834,20.472442763169834,30.70866414475475,0.0,30.70866414475475,0.001112440604796983,5.833091279748714,Dunaterasz,Dunaterasz__CPT7
Dunaterasz,CPT7,2.0,3.0,2.5,5.0,Quaternary,MASW,3.631450980392157,0.0470898039215686,0.0022549019607843,1.2967214531003657,167.41803185818335,3.632127450980392,2.5,0.0,19.26950629292514,18.26950629292514,45.67376573231285,0.0,45.67376573231285,0.0006287274725055667,5.120493869447744,Dunaterasz,Dunaterasz__CPT7
Dunaterasz,CPT7,3.0,4.0,3.5,5.0,Quaternary,MASW,4.651803921568626,0.0424994117647058,0.0054117647058823,0.9136114178771044,169.2805907738425,4.653427450980391,1.5,0.0,19.254970566793325,18.254970566793325,63.892396983776635,0.0,63.892396983776635,0.0011791531478051748,5.131557638584937,Dunaterasz,Dunaterasz__CPT7
Dunaterasz,CPT7,4.0,5.0,4.5,5.0,Quaternary,MASW,4.761196078431372,0.050145294117647,0.0089607843137254,1.0532079185902374,209.3771254247548,4.763884313725489,0.5,0.0,19.520846541185023,18.520846541185023,83.3438094353326,0.0,83.3438094353326,0.0019144763955171408,5.344137053810218,Dunaterasz,Dunaterasz__CPT7
Dunaterasz,CPT7,5.0,6.0,5.5,5.0,Quaternary,MASW,11.1363137254902,0.0992849019607843,0.0008823529411764,0.8915418908640164,254.79265277134243,11.136578431372552,0.0,0.5,20.727383888565377,19.727383888565377,109.00061138710959,4.905,104.09561138710959,-0.00036478065487176135,5.540450088004958,Dunaterasz,Dunaterasz__CPT7
Dunaterasz,CPT7,6.0,7.0,6.5,5.0,Quaternary,MASW,10.183372549019609,0.0790835294117647,0.0015686274509803,0.7765946795237141,246.1751443855289,10.183843137254902,0.0,1.5,20.417866332351117,19.417866332351117,127.71613116028226,14.715,113.00113116028226,-0.0013072997726711493,5.506043251649501,Dunaterasz,Dunaterasz__CPT7
Dunaterasz,CPT7,7.0,8.0,7.5,5.0,Quaternary,MASW,6.617509803921568,0.0620539215686274,0.0058431372549019,0.9377231527765018,234.7209428058546,6.619262745098038,0.0,2.5,19.98092157170508,18.98092157170508,144.85691178778808,24.525000000000002,120.33191178778807,-0.0028854945497827082,5.458397331112297,Dunaterasz,Dunaterasz__CPT7
Dunaterasz,CPT7,8.0,8.5,8.25,5.0,Quaternary,MASW,9.260730769230772,0.0910757692307692,0.0121153846153846,0.983462012883183,243.5669812326419,9.264365384615388,0.0,3.25,20.61334960447543,19.61334960447543,165.0601342369223,31.8825,133.1776342369223,-0.002172376334313351,5.49539198162669,Dunaterasz,Dunaterasz__CPT7
Dunaterasz,CPT7,8.5,9.3,8.9,5.0,Quaternary,MASW,9.784585365853657,0.0994170731707317,0.018170731707317,1.016058110317872,252.1126054825733,9.790036585365852,0.0,3.9000000000000004,20.758976740075944,19.758976740075944,179.7548929866759,38.25900000000001,141.4958929866759,-0.0020902892272775656,5.529875834858034,Dunaterasz,Dunaterasz__CPT7
Dunaterasz,CPT7,9.3,10.6,9.95,5.0,Quaternary,MASW,12.300621212121216,0.1006737878787878,0.0289999999999999,0.8184447447221805,256.3556830690226,12.309321212121215,0.0,4.949999999999999,20.861486359018773,19.861486359018773,202.57178927223677,48.55949999999999,154.01228927223679,-0.001615586423477601,5.546565867162922,Dunaterasz,Dunaterasz__CPT7
Dunaterasz,CPT7,10.6,11.5,11.05,5.0,Quaternary,MASW,38.6291304347826,0.1675584782608696,0.0230434782608695,0.4337619728296961,288.57899310866173,38.63604347826087,0.0,6.050000000000001,21.910120267325834,20.910120267325834,237.10682895395047,59.35050000000001,177.75632895395046,-0.0009455215406280223,5.66496885473925,Dunaterasz,Dunaterasz__CPT7
Dunaterasz,CPT7,11.5,12.5,12.0,5.0,Quaternary,MASW,17.01996078431372,0.1937925490196078,0.0572156862745098,1.1386192452230255,295.9273911577772,17.037125490196075,0.0,7.0,21.868852169865036,20.868852169865036,257.42622603838043,68.67,188.75622603838042,-0.0006826292620128901,5.690114124090415,Dunaterasz,Dunaterasz__CPT7
Dunaterasz,CPT7,12.5,13.5,13.0,5.0,Tertiary,MASW,4.801490196078431,0.1137031372549019,0.0777254901960784,2.368080171188683,259.40578487448937,4.824807843137255,0.0,8.0,20.77893190928543,19.77893190928543,265.1261148207106,78.48,186.64611482071058,-0.00016547422580746125,5.55839357261475,Dunaterasz,Dunaterasz__CPT7
Dunaterasz,CPT7,13.5,14.5,14.0,5.0,Tertiary,MASW,3.77421568627451,0.1026888235294117,0.0771372549019607,2.720799023300517,254.7858427540241,3.797356862745098,0.0,9.0,20.579581093384235,19.579581093384235,283.1141353073793,88.29,194.82413530737927,-0.003173584172477158,5.540423359964514,Dunaterasz,Dunaterasz__CPT7
Dunaterasz,CPT7,14.5,15.5,15.0,5.0,Tertiary,MASW,5.202392156862744,0.1374033333333333,0.0747450980392157,2.641156783078676,321.06754082146693,5.224815686274509,0.0,10.0,21.078551330412253,20.078551330412253,311.1782699561838,98.10000000000001,213.07826995618376,-0.004753078011662408,5.771651508540964,Dunaterasz,Dunaterasz__CPT7
Dunaterasz,CPT7,15.5,16.5,16.0,5.0,Tertiary,MASW,24.531431372549022,0.6250043137254899,0.0621372549019607,2.547769448238873,447.3862948626886,24.55007254901961,0.0,11.0,23.597633886114597,22.597633886114597,372.5621421778335,107.91000000000001,264.65214217783347,-0.0018931951358021747,6.103422415736339,Dunaterasz,Dunaterasz__CPT7
Dunaterasz,CPT7,16.5,18.21,17.355,5.0,Tertiary,MASW,36.99862068965516,0.5127542528735632,0.0659999999999999,1.385873968585347,485.3425983295048,37.01842068965516,0.0,12.355,23.467621385177235,22.467621385177235,402.2805691397509,121.20255000000002,281.0780191397509,-0.0015076015609048604,6.18485502987095,Dunaterasz,Dunaterasz__CPT7
Dunaterasz,CPT3,1.0,2.0,1.5,6.0,Quaternary,MASW,9.521941176470587,0.137956862745098,0.0077450980392156,1.4488312854315837,243.6522670525204,9.524264705882352,4.5,0.0,20.9364963952153,19.9364963952153,29.90474459282295,0.0,29.90474459282295,0.0008157577836519753,5.495742073791766,Dunaterasz,Dunaterasz__CPT3
Dunaterasz,CPT3,2.0,3.0,2.5,6.0,Quaternary,MASW,7.454843137254902,0.0925396078431372,0.002392156862745,1.241335412956967,164.52161984464115,7.455560784313725,3.5,0.0,20.397672153303446,19.397672153303446,48.494180383258616,0.0,48.494180383258616,0.0003229560351834331,5.10304198919657,Dunaterasz,Dunaterasz__CPT3
Dunaterasz,CPT3,3.0,4.0,3.5,6.0,Quaternary,MASW,4.090176470588235,0.0424690196078431,0.0117058823529411,1.038317537476211,140.1436187015576,4.093688235294117,2.5,0.0,19.215046719985004,18.215046719985004,63.75266351994752,0.0,63.75266351994752,0.00290473188577246,4.942667744655227,Dunaterasz,Dunaterasz__CPT3
Dunaterasz,CPT3,4.0,6.5,5.25,6.0,Quaternary,MASW,5.512357142857143,0.0431527777777777,0.0076507936507936,0.7828371177599536,189.96998362234584,5.514652380952381,0.75,0.0,19.385242415436103,18.385242415436103,96.52252268103955,0.0,96.52252268103955,0.001412072772510955,5.246866078745162,Dunaterasz,Dunaterasz__CPT3
Dunaterasz,CPT3,6.5,8.5,7.5,6.0,Quaternary,MASW,12.542089108910892,0.1026155445544554,0.0069207920792079,0.8181694745060394,280.89288071320817,12.544165346534657,0.0,1.5,20.852440233780595,19.852440233780595,150.39330175335445,14.715,135.67830175335445,-0.0006288810131919474,5.637973389229418,Dunaterasz,Dunaterasz__CPT3
Dunaterasz,CPT3,8.5,10.5,9.5,6.0,Quaternary,MASW,11.310673267326733,0.1026887128712871,0.0185643564356435,0.907892133777086,290.1925091008787,11.316242574257426,0.0,3.5,20.855960765627056,19.855960765627056,192.131627273457,34.335,157.796627273457,-0.0014176992336302006,5.670544527232293,Dunaterasz,Dunaterasz__CPT3
Dunaterasz,CPT3,10.5,12.0,11.25,6.0,Quaternary,MASW,31.56360526315792,0.1456381578947368,0.0961710526315789,0.4614116691692711,308.0070638324241,31.592456578947395,0.0,5.25,21.66274175956338,20.66274175956338,237.70584479508804,51.502500000000005,186.20334479508804,0.0014246183300996515,5.73012271723144,Dunaterasz,Dunaterasz__CPT3
Dunaterasz,CPT3,12.0,14.0,13.0,6.0,Tertiary,MASW,7.4731980198019805,0.1583872277227722,0.2378910891089109,2.119403598072584,302.338687860811,7.544565346534654,0.0,7.0,21.361077751180893,20.361077751180893,271.6940107653516,68.67,203.0240107653516,0.023267438855497258,5.711547871965424,Dunaterasz,Dunaterasz__CPT3
Dunaterasz,CPT3,14.0,16.0,15.0,6.0,Tertiary,MASW,38.59914851485147,0.6038416831683168,3.509881188118814,1.5643912013654435,421.9515002325058,39.65211287128712,0.0,9.0,23.687758125174746,22.687758125174746,349.3163718776212,88.29,261.02637187762116,0.08705719421696166,6.044890379072251,Dunaterasz,Dunaterasz__CPT3
Dunaterasz,CPT3,16.0,17.0,16.5,6.0,Tertiary,MASW,17.735843137254896,0.3147713725490195,2.552549019607842,1.774775352449012,434.4731468104367,18.50160784313725,0.0,10.5,22.592601537771383,21.592601537771383,366.77792537322784,103.00500000000001,263.77292537322785,0.13507400018173782,6.074134140287968,Dunaterasz,Dunaterasz__CPT3
Dunaterasz,CPT3,17.0,18.0,17.5,6.0,Tertiary,MASW,10.049823529411764,0.2911901960784314,0.0532156862745098,2.897465763714513,449.12414076315633,10.065788235294118,0.0,11.5,22.311143930162064,21.311143930162064,384.44501877783614,112.81500000000001,271.63001877783614,-0.006156099664333182,6.10729933229666,Dunaterasz,Dunaterasz__CPT3
Paskal,CPT1,1.0,2.0,1.5,4.3,Quaternary,MASW,4.15056435643564,0.0470099009900989,0.0047326732673267,1.132614674850372,161.2812034755749,4.151984158415838,2.8,0.0,19.23467604011597,18.23467604011597,27.352014060173957,0.0,27.352014060173957,0.001147417054828297,5.083149446881297,Paskal,Paskal__CPT1
Paskal,CPT1,2.0,3.0,2.5,4.3,Quaternary,MASW,25.458069306930696,0.1363366336633663,0.0142564356435643,0.5355340659169708,222.76172789332315,25.46234623762377,1.7999999999999998,0.0,21.292748052506784,20.292748052506784,50.73187013126696,0.0,50.73187013126696,0.0005610204624308194,5.406102715440007,Paskal,Paskal__CPT1
Paskal,CPT1,3.0,3.5,3.25,4.3,Quaternary,MASW,22.17943137254901,0.1572941176470588,0.0156490196078431,0.7091891356680056,223.9108492496985,22.184126078431365,1.0499999999999998,0.0,21.480959829274337,20.480959829274337,66.5631194451416,0.0,66.5631194451416,0.0007075381513262518,5.411247978213251,Paskal,Paskal__CPT1
Paskal,CPT1,3.5,4.8,4.15,4.3,Quaternary,MASW,15.331587786259549,0.133648854961832,0.0262961832061068,0.8717222040212342,229.6152703338023,15.33947664122138,0.14999999999999947,0.0,21.184515502694968,20.184515502694968,83.76573933618413,0.0,83.76573933618413,0.0017236943840393108,5.436405170656308,Paskal,Paskal__CPT1
Paskal,CPT1,4.8,5.8,5.3,4.3,Quaternary,MASW,7.612940594059406,0.1021782178217822,0.0633653465346534,1.3421649172136554,284.8468157056311,7.631950198019802,0.0,1.0,20.645866709258797,19.645866709258797,105.12309355907162,9.81,95.31309355907162,0.0071152619545245205,5.65195154701762,Paskal,Paskal__CPT1
Paskal,CPT1,5.8,6.5,6.15,4.3,Quaternary,MASW,10.394943661971835,0.1532676056338028,0.0758830985915492,1.474443831711246,267.058512604076,10.4177085915493,0.0,1.8500000000000005,21.30766548754468,20.30766548754468,126.74214274839977,18.148500000000006,108.59364274839976,0.005610221243921791,5.587467782720634,Paskal,Paskal__CPT1
Paskal,CPT1,6.5,7.5,7.0,4.3,Quaternary,MASW,18.39026732673268,0.1679207920792078,0.0642574257425742,0.9130959822161632,225.18262954113905,18.409544554455447,0.0,2.7,21.622236354075458,20.622236354075458,147.0556544785282,26.487000000000002,120.5686544785282,0.002068197054051156,5.416911759814304,Paskal,Paskal__CPT1
Paskal,CPT1,7.5,9.0,8.25,4.3,Quaternary,MASW,11.400741721854304,0.2247880794701985,0.0570768211920529,1.971696973358303,211.45499754260985,11.41786476821192,0.0,3.95,21.893236387694404,20.893236387694404,176.31920019847882,38.749500000000005,137.5697001984788,0.0016303204111186667,5.354012198269659,Paskal,Paskal__CPT1
Paskal,CPT1,9.0,10.04,9.52,4.3,Quaternary,MASW,6.1694,0.1187142857142857,0.0558780952380952,1.9242436171148865,187.58499662470868,6.186163428571428,0.0,5.22,20.867904415083814,19.867904415083814,194.36245003159792,51.2082,143.1542500315979,0.0007793808998030555,5.234232058025891,Paskal,Paskal__CPT1
Paskal,CPT2,1.0,2.0,1.5,3.5,Quaternary,MASW,5.348772277227723,0.034089108910891,0.000869306930693,0.6373258599178862,157.3610543809992,5.34903306930693,2.0,0.0,18.879011325134982,17.879011325134982,26.818516987702473,0.0,26.818516987702473,0.0001633355668298242,5.058542874496836,Paskal,Paskal__CPT2
Paskal,CPT2,2.0,3.0,2.5,3.5,Quaternary,MASW,21.275485148514854,0.1313762376237623,0.0045425742574257,0.6175005491375746,212.313686919956,21.276847920792083,1.0,0.0,21.18825744840097,20.18825744840097,50.47064362100243,0.0,50.47064362100243,0.00021400610184721576,5.358064836343591,Paskal,Paskal__CPT2
Paskal,CPT2,3.0,3.7,3.35,3.5,Quaternary,MASW,19.55311267605634,0.1974366197183099,0.0250647887323943,1.00974521545145,203.21529879091256,19.560632112676057,0.1499999999999999,0.0,21.753058697402146,20.753058697402146,69.52274663629719,0.0,69.52274663629719,0.0012859600888631723,5.314266002195585,Paskal,Paskal__CPT2
Paskal,CPT2,3.7,4.5,4.1,3.5,Tertiary,MASW,1.7680987654320983,0.0550617283950617,0.0587802469135802,3.114177186906492,194.23547021582692,1.785732839506173,0.0,0.5999999999999996,19.335124715941888,18.335124715941888,75.77401133536172,5.885999999999997,69.88801133536172,0.030933052914591284,5.26907118704642,Paskal,Paskal__CPT2
Paskal,CPT2,4.5,5.5,5.0,3.5,Tertiary,MASW,1.1005445544554462,0.045019801980198,0.0383504950495049,4.090684179748996,267.27963511620146,1.1120497029702976,0.0,1.5,18.948498139645793,17.948498139645793,91.24249069822896,14.715,76.52749069822896,0.02315373046483286,5.588295432873226,Paskal,Paskal__CPT2
Paskal,CPT2,5.5,6.5,6.0,3.5,Tertiary,MASW,1.538831683168317,0.0528514851485148,0.0270326732673267,3.4345202094941487,248.23038318074427,1.546941485148515,0.0,2.5,19.290898939623187,18.290898939623187,112.24539363773911,24.525000000000002,87.72039363773911,0.0017478776739999666,5.5143572793830415,Paskal,Paskal__CPT2
Paskal,CPT2,6.5,7.0,6.75,3.5,Tertiary,MASW,2.221549019607843,0.0728431372549019,0.0126941176470588,3.278934500745814,188.43348036726303,2.2253572549019607,0.0,3.25,19.850254854475303,18.850254854475303,130.48922026770828,31.8825,98.60672026770828,-0.009159709363884272,5.2387450553096455,Paskal,Paskal__CPT2
Paskal,CPT2,7.0,7.5,7.25,3.5,Tertiary,MASW,2.2337647058823533,0.0769607843137255,0.008135294117647,3.4453397938940675,189.31716125851733,2.236205294117648,0.0,3.75,19.93600511553501,18.93600511553501,141.0360370876288,36.7875,104.24853708762882,-0.01367536574251217,5.243423710516784,Paskal,Paskal__CPT2
Paskal,CPT2,7.5,8.0,7.75,3.5,Tertiary,MASW,3.013450980392156,0.0804509803921569,0.0084470588235294,2.669729188084798,197.5519360067566,3.015985098039215,0.0,4.25,20.096217152470885,19.096217152470885,152.24568293164936,41.6925,110.55318293164936,-0.011609101373220392,5.286001516894201,Paskal,Paskal__CPT2
Paskal,CPT2,8.0,8.5,8.25,3.5,Tertiary,MASW,3.3200196078431365,0.0942941176470588,0.0271901960784313,2.84016749251422,202.310932199361,3.328176666666666,0.0,4.75,20.34887652609774,19.34887652609774,164.37823134030634,46.597500000000004,117.78073134030635,-0.006134178367645206,5.309805782255688,Paskal,Paskal__CPT2
Paskal,CPT2,8.5,9.0,8.75,3.5,Tertiary,MASW,3.8079411764705866,0.0979019607843137,0.0625450980392157,2.570994567596099,205.9751159322853,3.826704705882351,0.0,5.25,20.45029343168092,19.45029343168092,175.44006752720804,51.502500000000005,123.93756752720805,0.00302432147021539,5.327755365047886,Paskal,Paskal__CPT2
Paskal,CPT2,9.0,10.01,9.505,3.5,Tertiary,MASW,9.036205882352943,0.2395196078431373,1.0103,2.650665677183184,243.3681410722542,9.339295882352944,0.0,6.005000000000001,21.937901417311956,20.937901417311956,205.01975297155013,58.90905000000001,146.11070297155013,0.10415614073016112,5.49457528074671,Paskal,Paskal__CPT2
Lang,CPT7,1.5,2.5,2.0,5.2,Quaternary,MASW,1.687372549019608,0.0339150980392156,0.0,2.009935390908246,198.0,1.687372549019608,3.2,0.0,18.56260612240147,17.56260612240147,35.12521224480294,0.0,35.12521224480294,0.0,5.288267030694535,Lang,Lang__CPT7
Lang,CPT7,2.5,3.5,3.0,5.2,Quaternary,MASW,1.2454509803921572,0.0253880392156862,0.0028823529411764,2.038461538461538,199.0,1.2463156862745102,2.2,0.0,18.13874005432988,17.13874005432988,51.41622016298964,0.0,51.41622016298964,0.002412213766030245,5.293304824724492,Lang,Lang__CPT7
Lang,CPT7,3.5,4.5,4.0,5.2,Quaternary,MASW,0.798254901960784,0.0334099999999999,0.0219607843137255,4.185379872761662,205.0,0.8048431372549016,1.2000000000000002,0.0,18.416694743297526,17.416694743297526,69.6667789731901,0.0,69.6667789731901,0.029871450661244425,5.3230099791384085,Lang,Lang__CPT7
Lang,CPT7,4.5,5.5,5.0,5.2,Quaternary,MASW,3.247607843137255,0.1081058823529411,0.0420392156862745,3.328784988045499,212.0,3.2602196078431374,0.20000000000000018,0.0,20.454865809987343,19.454865809987343,97.27432904993671,0.0,97.27432904993671,0.01329116123764059,5.356586274672012,Lang,Lang__CPT7
Lang,CPT7,5.5,6.5,6.0,5.2,Quaternary,MASW,1.9298823529411764,0.0533864705882353,0.034235294117647,2.7663069982931003,223.0,1.9401529411764704,0.0,0.7999999999999998,19.373311841201165,18.373311841201165,111.03987104720699,7.847999999999999,103.19187104720699,0.014426278259431066,5.407171771460119,Lang,Lang__CPT7
Lang,CPT7,6.5,7.2,6.85,5.2,Quaternary,MASW,2.905972222222223,0.0409919444444444,0.0222777777777777,1.4106103331262243,234.0,2.912655555555556,0.0,1.6499999999999995,19.160145689209696,18.160145689209696,126.04699797108641,16.186499999999995,109.86049797108642,0.0021859108130557942,5.455321115357702,Lang,Lang__CPT7
Lang,CPT7,7.2,8.2,7.699999999999999,5.2,Quaternary,MASW,15.175647058823529,0.0552635294117647,0.0227647058823529,0.3641592954656455,244.0,15.182476470588233,0.0,2.499999999999999,20.08104148599821,19.08104148599821,149.4240194421862,24.52499999999999,124.8990194421862,-0.00011709492289524312,5.497168225293202,Lang,Lang__CPT7
Lang,CPT7,8.2,9.5,8.85,5.2,Quaternary,MASW,25.447121212121218,0.1254098484848484,0.0383636363636363,0.4928252883281432,254.0,25.458630303030308,0.0,3.6499999999999995,21.36140389725936,20.36140389725936,183.84842449074534,35.8065,148.04192449074534,0.00010117342954431307,5.537334267018537,Lang,Lang__CPT7
Lang,CPT7,9.5,10.68,10.09,5.2,Quaternary,MASW,20.566233333333336,0.2340378333333333,0.4120999999999999,1.1379713024747682,265.0,20.68986333333333,0.0,4.89,22.15710123369424,21.15710123369424,218.36515144797488,47.9709,170.39425144797488,0.01778712514173522,5.579729825986222,Lang,Lang__CPT7
Lang,CPT12,1.5,2.5,2.0,5.2,Quaternary,MASW,1.490117647058823,0.0144127450980392,0.0022156862745098,0.9672219590504768,190.0,1.4907823529411763,3.2,0.0,17.372844656844308,16.372844656844308,32.745689313688615,0.0,32.745689313688615,0.0015196368718172943,5.247024072160486,Lang,Lang__CPT12
Lang,CPT12,2.5,3.5,3.0,5.2,Quaternary,MASW,1.870588235294118,0.0227815686274509,0.0028823529411764,1.2178825995807123,197.0,1.871452941176471,2.2,0.0,18.116484486669254,17.116484486669254,51.349453460007766,0.0,51.349453460007766,0.0015836203603964605,5.2832037287379885,Lang,Lang__CPT12
Lang,CPT12,3.5,4.5,4.0,5.2,Quaternary,MASW,1.3348627450980393,0.0223598039215686,0.015078431372549,1.6750638972942802,200.0,1.339386274509804,1.2000000000000002,0.0,18.030864659520876,17.030864659520876,68.1234586380835,0.0,68.1234586380835,0.011860986716747107,5.298317366548036,Lang,Lang__CPT12
Lang,CPT12,4.5,5.5,5.0,5.2,Quaternary,MASW,3.294901960784313,0.0217139215686274,0.0091960784313725,0.6590157105451084,208.0,3.2976607843137247,0.20000000000000018,0.0,18.297292908105643,17.297292908105643,86.48646454052822,0.0,86.48646454052822,0.002863774281809159,5.337538079701318,Lang,Lang__CPT12
Lang,CPT12,5.5,6.5,6.0,5.2,Quaternary,MASW,2.916450980392157,0.0162154901960784,0.0178627450980392,0.5560007798896052,218.0,2.9218098039215694,0.0,0.7999999999999998,17.893529526151614,16.893529526151614,102.16117715690969,7.847999999999999,94.31317715690969,0.0035517706011228747,5.384495062789089,Lang,Lang__CPT12
Lang,CPT12,6.5,7.5,7.0,5.2,Quaternary,MASW,1.6349411764705883,0.007445294117647,0.0303333333333333,0.4553860545441462,228.0,1.6440411764705885,0.0,1.7999999999999998,16.692854998688563,15.692854998688563,111.64998499081995,17.657999999999998,93.99198499081994,0.008271604146388523,5.429345628954441,Lang,Lang__CPT12
Lang,CPT12,7.5,8.5,8.0,5.2,Quaternary,MASW,3.091627450980393,0.0105064705882352,0.0418627450980392,0.3398362433644314,239.0,3.104186274509805,0.0,2.8,17.368899369909325,16.368899369909325,133.7511949592746,27.468,106.28319495927461,0.004846005622926231,5.476463551931511,Lang,Lang__CPT12
Lang,CPT12,8.5,9.5,9.0,5.2,Quaternary,MASW,2.406901960784314,0.0103025490196078,0.0518627450980392,0.4280419056308655,250.0,2.4224607843137256,0.0,3.8,17.28400829448952,16.28400829448952,150.35607465040567,37.278,113.07807465040568,0.00641904619800747,5.521460917862246,Lang,Lang__CPT12
Lang,CPT12,9.5,10.5,10.0,5.2,Quaternary,MASW,6.747960784313726,0.1134774509803921,0.1805490196078431,1.6816554601825968,260.0,6.802125490196079,0.0,4.8,20.843070920365683,19.843070920365683,203.23070920365683,47.088,156.14270920365684,0.020224753392381205,5.560681631015528,Lang,Lang__CPT12
Lang,CPT12,10.5,11.5,11.0,5.2,Tertiary,MASW,6.483823529411763,0.2248509803921567,0.2328823529411764,3.467876313600968,270.0,6.553688235294116,0.0,5.8,21.76607346562972,20.76607346562972,234.22680812192692,56.898,177.32880812192693,0.027847998594387385,5.598421958998375,Lang,Lang__CPT12
Lang,CPT12,11.5,12.5,12.0,5.2,Tertiary,MASW,5.486235294117647,0.2605221568627451,0.0409607843137254,4.748650812371783,280.0,5.498523529411765,0.0,6.8,21.923420534307855,20.923420534307855,257.8810464116943,66.708,191.1730464116943,-0.0049129883921284565,5.634789603169249,Lang,Lang__CPT12
Lang,CPT12,12.5,13.5,13.0,5.2,Tertiary,MASW,8.709607843137254,0.3140566666666667,0.1236470588235294,3.605864607487788,290.0,8.746701960784312,0.0,7.8,22.327617188436047,21.327617188436047,285.05902344966864,76.518,208.54102344966864,0.005569729090740234,5.66988092298052,Lang,Lang__CPT12
Lang,CPT12,13.5,14.5,14.0,5.2,Tertiary,MASW,16.651588235294117,0.5845613725490195,0.2878431372549019,3.5105442453231213,297.0,16.73794117647059,0.0,8.8,23.371987031436678,22.371987031436678,322.0078184401135,86.32800000000002,235.67981844011348,0.012275582073822388,5.6937321388027,Lang,Lang__CPT12
Lang,CPT12,14.5,15.5,15.0,5.2,Tertiary,MASW,11.59578431372549,0.3453994117647058,0.0927058823529412,2.978663645510116,304.0,11.623596078431373,0.0,9.8,22.56264541248988,21.56264541248988,333.2396811873482,96.138,237.1016811873482,-0.00030398665252910856,5.717027701406222,Lang,Lang__CPT12
Lang,CPT12,15.5,16.5,16.0,5.2,Tertiary,MASW,11.931078431372548,0.3687041176470588,0.0932352941176471,3.090283244451384,310.0,11.959049019607844,0.0,10.8,22.668449008644536,21.668449008644536,357.4951841383126,105.94800000000001,251.5471841383126,-0.0010957761402172043,5.736572297479192,Lang,Lang__CPT12
Lang,CPT12,16.5,17.5,17.0,5.2,Tertiary,MASW,10.501647058823533,0.3333245098039215,0.0989411764705882,3.174021255302621,318.0,10.531329411764707,0.0,11.8,22.502674854418814,21.502674854418814,377.3454725251199,115.75800000000001,261.5874725251199,-0.001656179843305049,5.762051382780177,Lang,Lang__CPT12
Lang,CPT12,17.5,18.5,18.0,5.2,Tertiary,MASW,12.549568627450975,0.4133368627450979,0.1988039215686274,3.2936340285112524,325.0,12.609209803921564,0.0,12.8,22.855264266727794,21.855264266727794,406.1947568011003,125.56800000000001,280.6267568011003,0.00600146121969331,5.783825182329737,Lang,Lang__CPT12
Lang,CPT12,18.5,19.5,19.0,5.2,Tertiary,MASW,14.681450980392151,0.5987696078431373,0.3132549019607844,4.078408930035767,335.0,14.775427450980388,0.0,13.8,23.41017194617628,22.41017194617628,439.59326697734934,135.37800000000001,304.2152669773493,0.012407851519325771,5.814130531825066,Lang,Lang__CPT12
Lang,CPT12,19.5,20.5,20.0,5.2,Tertiary,MASW,9.81211764705882,0.3190319607843137,0.2241372549019607,3.2514078230599237,348.0,9.879358823529408,0.0,14.8,22.447536028780167,21.447536028780167,443.75072057560334,145.18800000000002,298.5627205756033,0.008367161293742768,5.8522024797744745,Lang,Lang__CPT12
Lang,CPT12,20.5,21.78,21.14,5.2,Tertiary,MASW,15.728123076923076,0.5150380000000002,0.8924461538461539,3.274631038179529,360.0,15.99585692307692,0.0,15.940000000000001,23.24679164795031,22.24679164795031,486.2371754376696,156.37140000000002,329.8657754376695,0.04745923922204432,5.886104031450156,Lang,Lang__CPT12
Lang,CPT11,1.5,2.5,2.0,4.9,Quaternary,MASW,2.014611764705883,0.0126549019607843,0.0009411764705882,0.6281558651888358,189.0,2.01489411764706,2.9000000000000004,0.0,17.289318692257403,16.289318692257403,32.578637384514806,0.0,32.578637384514806,0.0004747864202036838,5.241747015059643,Lang,Lang__CPT11
Lang,CPT11,2.5,3.5,3.0,4.9,Quaternary,MASW,2.2200607843137266,0.0486431372549019,0.0206529411764705,2.191072316514915,196.0,2.226256666666668,1.9000000000000004,0.0,19.19051956626154,18.19051956626154,54.571558698784614,0.0,54.571558698784614,0.009510099369699196,5.278114659230517,Lang,Lang__CPT11
Lang,CPT11,3.5,4.5,4.0,4.9,Quaternary,MASW,5.5992,0.0774803921568627,0.0448745098039215,1.383776113674503,204.0,5.612662352941176,0.9000000000000004,0.0,20.139592650362516,19.139592650362516,76.55837060145006,0.0,76.55837060145006,0.008105792439425273,5.318119993844216,Lang,Lang__CPT11
Lang,CPT11,4.5,5.5,5.0,4.9,Quaternary,MASW,8.396331372549017,0.0838862745098039,0.0121274509803921,0.9990824657547684,212.0,8.399969607843135,0.0,0.09999999999999964,20.401096314327884,19.401096314327884,97.10548157163942,0.9809999999999965,96.12448157163942,0.0013424826434438543,5.356586274672012,Lang,Lang__CPT11
Lang,CPT11,5.5,6.5,6.0,4.9,Quaternary,MASW,11.588074509803922,0.1030294117647058,0.0186686274509803,0.8890986304716916,225.0,11.593675098039215,0.0,1.0999999999999996,20.801924483334933,19.801924483334933,119.9115469000096,10.790999999999997,109.1205469000096,0.0006865774613420676,5.41610040220442,Lang,Lang__CPT11
Lang,CPT11,6.5,8.0,7.25,4.9,Quaternary,MASW,10.990578431372546,0.1010313725490196,0.0286921568627451,0.9192543702761458,236.0,10.99918607843137,0.0,2.3499999999999996,20.7866783112159,19.7866783112159,145.8034177563153,23.053499999999996,122.7499177563153,0.000519529905010683,5.4638318050256105,Lang,Lang__CPT11
Lang,CPT11,8.0,9.2,8.6,4.9,Quaternary,MASW,28.46620784313726,0.1090862745098039,0.0308019607843137,0.3832132299142993,255.0,28.475448431372552,0.0,3.6999999999999993,21.203601230605372,20.203601230605372,177.45097058320619,36.297,141.1539705832062,-0.00019418473774691683,5.541263545158426,Lang,Lang__CPT11
Lang,CPT11,9.2,9.8,9.5,4.9,Quaternary,MASW,33.5982862745098,0.0956431372549019,0.0190294117647058,0.2846667132765759,265.0,33.60399509803921,0.0,4.6,21.091149249739303,20.091149249739303,195.46591787252336,45.126,150.33991787252336,-0.0007811355026903339,5.579729825986222,Lang,Lang__CPT11
Lang,CPT11,9.8,10.5,10.15,4.9,Quaternary,MASW,31.08364313725491,0.1594745098039215,0.0415176470588235,0.513049609724754,271.0,31.09609843137256,0.0,5.25,21.765370880810334,20.765370880810334,216.01851444022492,51.502500000000005,164.51601444022492,-0.00032334284652228365,5.602118820879701,Lang,Lang__CPT11
Lang,CPT11,10.5,11.5,11.0,4.9,Quaternary,MASW,7.236813725490196,0.2243431372549018,0.3374098039215687,3.100026417215894,283.0,7.338036666666667,0.0,6.1,21.797395145737774,20.797395145737774,234.8713466031155,59.841,175.0303466031155,0.039076776537574,5.645446897643238,Lang,Lang__CPT11
Lang,CPT11,11.5,12.5,12.0,4.9,Tertiary,MASW,4.598507843137254,0.2437254901960783,0.117513725490196,5.300099478134212,293.0,4.633761960784312,0.0,7.1,21.78167636811694,20.78167636811694,256.4801164174033,69.651,186.82911641740327,0.010934348573370977,5.680172609017068,Lang,Lang__CPT11
Lang,CPT11,12.5,13.5,13.0,4.9,Tertiary,MASW,7.377623529411767,0.3083117647058823,0.3593039215686274,4.179011892877986,301.0,7.485414705882355,0.0,8.1,22.255421713383427,21.255421713383427,284.42048227398453,79.461,204.95948227398452,0.038861706158736506,5.707110264748875,Lang,Lang__CPT11
Lang,CPT11,13.5,14.5,14.0,4.9,Tertiary,MASW,14.743082352941173,0.4618098039215687,0.5007254901960785,3.1323829906535114,308.0,14.893299999999996,0.0,9.1,23.01915166842361,22.01915166842361,317.36812335793053,89.271,228.0971233579305,0.028228348875273927,5.730099782973574,Lang,Lang__CPT11
Lang,CPT11,14.5,15.98,15.24,4.9,Tertiary,MASW,11.1188,0.3555133333333334,0.4296120000000001,3.1974073940832954,312.0,11.2476836,0.0,10.34,22.59378247222028,21.59378247222028,339.4292448766371,101.4354,237.99384487663707,0.03008516205398739,5.7430031878094825,Lang,Lang__CPT11
Lang,CPT10,1.5,2.5,2.0,4.6,Quaternary,MASW,1.4087333333333338,0.0159450980392156,0.0025431372549019,1.1318748312348457,187.0,1.4094962745098043,2.5999999999999996,0.0,17.49182895217697,16.49182895217697,32.98365790435394,0.0,32.98365790435394,0.0018475219363941644,5.231108616854587,Lang,Lang__CPT10
Lang,CPT10,2.5,3.5,3.0,4.6,Quaternary,MASW,5.725784313725489,0.0990078431372549,0.0490254901960784,1.7291577487457843,193.0,5.740491960784313,1.5999999999999996,0.0,20.43529015200495,19.43529015200495,58.305870456014844,0.0,58.305870456014844,0.008627927599823797,5.262690188904886,Lang,Lang__CPT10
Lang,CPT10,3.5,4.5,4.0,4.6,Quaternary,MASW,5.772317647058824,0.0635,0.0767901960784313,1.1000780601939888,200.0,5.795354705882353,0.5999999999999996,0.0,19.881434361080977,18.881434361080977,75.52573744432391,0.0,75.52573744432391,0.013425260877931661,5.298317366548036,Lang,Lang__CPT10
Lang,CPT10,4.5,5.5,5.0,4.6,Quaternary,MASW,10.495966666666668,0.0913411764705882,0.0267529411764705,0.8702502529916722,210.0,10.503992549019609,0.0,0.40000000000000036,20.583674648048277,19.583674648048277,98.31837324024137,3.9240000000000035,94.39437324024136,0.0021938935229788366,5.3471075307174685,Lang,Lang__CPT10
Lang,CPT10,5.5,7.0,6.25,4.6,Quaternary,MASW,9.443825,0.0827644736842105,0.0200342105263157,0.8763872020522456,221.0,9.449835263157896,0.0,1.6500000000000004,20.450753640716258,19.450753640716258,123.21721025447661,16.186500000000006,107.0307102544766,0.0004125515277338804,5.3981627015177525,Lang,Lang__CPT10
Lang,CPT10,7.0,8.0,7.5,4.6,Quaternary,MASW,15.47814705882353,0.1131843137254902,0.0313058823529411,0.7312523475538885,238.0,15.487538823529412,0.0,2.9000000000000004,21.048495252506335,20.048495252506335,153.2637143937975,28.449000000000005,124.81471439379749,0.00018630697131806817,5.472270673671475,Lang,Lang__CPT10
Lang,CPT10,8.0,9.2,8.6,4.6,Quaternary,MASW,38.784783606557376,0.1444163934426229,0.0289688524590164,0.3723532272543255,259.0,38.79347426229508,0.0,4.0,21.67532669655618,20.67532669655618,181.80780959038316,39.24,142.56780959038315,-0.00026601150596710705,5.556828061699537,Lang,Lang__CPT10
Lang,CPT10,9.2,11.5,10.35,4.6,Quaternary,MASW,21.852379310344823,0.2799094827586207,0.1733318965517241,1.2809107822236674,268.0,21.90437887931034,0.0,5.75,22.41905657174867,21.41905657174867,227.4372355175987,56.407500000000006,171.0297355175987,0.0053939526374656155,5.5909869805108565,Lang,Lang__CPT10
Lang,CPT10,11.5,13.0,12.25,4.6,Quaternary,MASW,11.66817894736842,0.3261157894736841,0.0142013157894736,2.7949159071410588,285.0,11.672439342105264,0.0,7.65,22.457550709276,21.457550709276,270.50499618863097,75.04650000000001,195.45849618863096,-0.0053363913845300166,5.652489180268651,Lang,Lang__CPT10
Lang,CPT10,13.0,14.0,13.5,4.6,Tertiary,MASW,4.948103921568628,0.2408725490196077,0.0269019607843137,4.867976761151922,294.0,4.9561745098039225,0.0,8.9,21.803153412940187,20.803153412940187,289.74257107469253,87.30900000000001,202.4335710746925,-0.012945016665588923,5.683579767338681,Lang,Lang__CPT10
Lang,CPT10,14.0,15.0,14.5,4.6,Tertiary,MASW,8.780954901960786,0.3294333333333334,0.0323549019607843,3.7516800508765966,300.0,8.790661372549021,0.0,9.9,22.409145902298583,21.409145902298583,320.33261558332947,97.11900000000001,223.21361558332944,-0.007645995792779126,5.703782474656201,Lang,Lang__CPT10
Lang,CPT10,15.0,16.5,15.75,4.6,Tertiary,MASW,11.637350000000003,0.3281513157894736,0.0315013157894736,2.8198113469945785,313.0,11.646800394736845,0.0,11.15,22.501277091900636,21.501277091900636,349.79511419743505,109.3815,240.41361419743504,-0.0068938787117932354,5.746203190540153,Lang,Lang__CPT10
Lang,CPT10,16.5,17.5,17.0,4.6,Tertiary,MASW,13.942549019607844,0.4805588235294118,0.0206313725490196,3.4467070752527884,320.0,13.948738431372549,0.0,12.4,23.08063691810163,22.08063691810163,387.77082760772765,121.644,266.12682760772765,-0.007448777285105902,5.768320995793772,Lang,Lang__CPT10
Lang,CPT10,17.5,18.5,18.0,4.6,Tertiary,MASW,16.159841176470593,0.4491235294117648,0.0120901960784313,2.7792570762744098,329.0,16.163468235294122,0.0,13.4,23.042548119903294,22.042548119903294,410.1658661582593,131.454,278.7118661582593,-0.007577065501861266,5.796057750765372,Lang,Lang__CPT10
Lang,CPT10,18.5,19.5,19.0,4.6,Tertiary,MASW,10.497996078431372,0.3709039215686276,0.0501686274509804,3.533092590219835,337.0,10.513046666666666,0.0,14.4,22.66190912083419,21.66190912083419,425.97627329584964,141.264,284.7122732958496,-0.009030904811459146,5.820082930352362,Lang,Lang__CPT10
Lang,CPT10,19.5,20.5,20.0,4.6,Tertiary,MASW,10.913454901960783,0.4461411764705884,0.1071058823529411,4.087992120537665,348.0,10.945586666666664,0.0,15.4,22.93017138474341,21.93017138474341,454.0034276948682,151.074,302.9294276948682,-0.004190799104918306,5.8522024797744745,Lang,Lang__CPT10
Lang,CPT10,20.5,21.78,21.14,4.6,Tertiary,MASW,16.667290769230767,0.4360800000000002,0.6236692307692308,2.616382026556115,360.0,16.854391538461538,0.0,16.54,23.038638923393144,22.038638923393144,482.436826840531,162.2574,320.17942684053105,0.028183062981582477,5.886104031450156,Lang,Lang__CPT10
Lang,CPT2,1.5,3.0,2.25,4.25,Quaternary,MASW,1.7059684210526314,0.0225736842105263,0.0008684210526315,1.3232181751991468,197.0,1.706228947368421,2.0,0.0,18.03481392541887,17.03481392541887,38.328331332192455,0.0,38.328331332192455,0.0005206671454413787,5.2832037287379885,Lang,Lang__CPT2
Lang,CPT2,3.0,3.5,3.25,4.25,Quaternary,MASW,7.777046153846154,0.0757576923076923,0.0002307692307692,0.9741191039508774,210.0,7.777115384615385,1.0,0.0,20.178717373301236,19.178717373301236,62.33083146322902,0.0,62.33083146322902,2.9912595637542572e-05,5.3471075307174685,Lang,Lang__CPT2
Lang,CPT2,3.5,4.8,4.15,4.25,Quaternary,MASW,4.993563636363638,0.0406075757575757,0.0073257575757575,0.8131983231748018,224.0,4.995761363636365,0.09999999999999964,0.0,19.239658947287005,18.239658947287005,75.69458463124107,0.0,75.69458463124107,0.0014889549074857933,5.41164605185504,Lang,Lang__CPT2
Lang,CPT2,4.8,5.8,5.3,4.25,Quaternary,MASW,12.858045098039218,0.0563176470588235,0.013035294117647,0.4379954077732366,233.0,12.861955686274513,0.0,1.0499999999999998,20.002523898720025,19.002523898720025,101.76337666321612,10.3005,91.46287666321612,0.00021432232769619648,5.4510384535657,Lang,Lang__CPT2
Lang,CPT2,5.8,6.5,6.15,4.25,Quaternary,MASW,6.860363888888888,0.0429166666666666,0.0138138888888888,0.6255742022106864,240.0,6.864508055555555,0.0,1.9000000000000004,19.467095928790947,18.467095928790947,115.47263996206433,18.639000000000003,96.83363996206432,-0.0007149334407051555,5.480638923341991,Lang,Lang__CPT2
Lang,CPT2,6.5,7.5,7.0,4.25,Quaternary,MASW,36.85810588235294,0.1145313725490196,0.0162843137254902,0.3107359149561057,247.0,36.86299117647059,0.0,2.75,21.31816159641494,20.31816159641494,144.97713117490457,26.977500000000003,117.99963117490456,-0.0002912245270487284,5.5093883366279774,Lang,Lang__CPT2
Lang,CPT2,7.5,8.9,8.2,4.25,Quaternary,MASW,34.19645774647886,0.0905183098591548,0.0129422535211267,0.2647008369411459,252.0,34.2003404225352,0.0,3.9499999999999993,21.001262824060106,20.001262824060106,167.96035515729284,38.7495,129.21085515729283,-0.0007583144766184338,5.529429087511423,Lang,Lang__CPT2
Lang,CPT2,8.9,9.8,9.35,4.25,Quaternary,MASW,15.294469565217394,0.0899695652173912,0.0336717391304347,0.5882490061767138,258.0,15.304571086956525,0.0,5.1,20.767439073014263,19.767439073014263,189.92555533268336,50.031,139.89455533268335,-0.001082344990184348,5.552959584921617,Lang,Lang__CPT2
Lang,CPT2,9.8,10.5,10.15,4.25,Quaternary,MASW,23.917797222222227,0.0858777777777777,0.0422888888888888,0.3590538751536367,262.0,23.930483888888894,0.0,5.9,20.85243030358377,19.85243030358377,207.4021675813753,57.879000000000005,149.52316758137528,-0.0006571705689108903,5.568344503761097,Lang,Lang__CPT2
Lang,CPT2,10.5,11.5,11.0,4.25,Quaternary,MASW,13.629931372549018,0.0464901960784313,0.0585725490196078,0.3410889960316576,267.0,13.6475031372549,0.0,6.75,19.867017099499797,18.867017099499797,214.28718809449776,66.2175,148.06968809449776,-0.0005691080236724712,5.58724865840025,Lang,Lang__CPT2
Lang,CPT2,11.5,13.0,12.25,4.25,Quaternary,MASW,29.138248684210524,0.0772776315789473,0.0577421052631578,0.2652102822529024,270.0,29.15557131578947,0.0,8.0,20.797356788604276,19.797356788604276,250.51762066040237,78.48,172.03762066040235,-0.0007174487532724025,5.598421958998375,Lang,Lang__CPT2
Lang,CPT2,13.0,14.7,13.85,4.25,Tertiary,MASW,4.643829069767442,0.0978825581395349,0.0324848837209302,2.107798471239528,278.0,4.653574534883721,0.0,9.6,20.575315561372907,19.575315561372907,280.71812052501474,94.176,186.54212052501475,-0.01410773884010939,5.627621113690637,Lang,Lang__CPT2
Lang,CPT2,14.7,15.5,15.1,4.25,Tertiary,MASW,12.405853658536588,0.3185609756097561,0.2660121951219512,2.5678279333123624,282.0,12.485657317073173,0.0,10.85,22.47644735582587,21.47644735582587,335.1443550729706,106.4385,228.7058550729706,0.013133082991722706,5.641907070938114,Lang,Lang__CPT2
Lang,CPT2,15.5,16.5,16.0,4.25,Tertiary,MASW,12.546052941176464,0.3590901960784314,0.4787843137254901,2.862176636445462,287.0,12.689688235294112,0.0,11.75,22.65090626010933,21.65090626010933,358.1645001617493,115.26750000000001,242.89700016174928,0.029478661480400428,5.659482215759621,Lang,Lang__CPT2
Lang,CPT2,16.5,17.5,17.0,4.25,Tertiary,MASW,13.951105882352948,0.361770588235294,0.8016745098039216,2.593131980260471,292.0,14.191608235294124,0.0,12.75,22.7036133674275,21.7036133674275,381.7114272462675,125.0775,256.6339272462675,0.04899363255267975,5.676753802268282,Lang,Lang__CPT2
Lang,CPT2,17.5,18.5,18.0,4.25,Tertiary,MASW,11.438294117647056,0.3347784313725489,0.3770137254901962,2.9268213243096373,297.0,11.551398235294116,0.0,13.75,22.54483227355872,21.54483227355872,401.5569809240569,134.88750000000002,266.66948092405687,0.02171566571813724,5.6937321388027,Lang,Lang__CPT2
Lang,CPT2,18.5,19.98,19.24,4.25,Tertiary,MASW,14.586142666666667,0.3735853333333334,0.4099599999999999,2.561234603765931,303.0,14.709130666666669,0.0,14.989999999999998,22.775507011810056,21.775507011810056,433.9507549072255,147.0519,286.8988549072255,0.01841714791863495,5.713732805509369,Lang,Lang__CPT2
Lang,CPT19,1.5,2.5,2.0,4.0,Quaternary,MASW,3.8216843137254894,0.0270745098039215,0.0007098039215686,0.7084444339550524,180.0,3.8218972549019607,2.0,0.0,18.507873070949927,17.507873070949927,35.015746141899854,0.0,35.015746141899854,0.00018743758417754435,5.19295685089021,Lang,Lang__CPT19
Lang,CPT19,2.5,3.5,3.0,4.0,Quaternary,MASW,3.374970588235294,0.0461392156862745,0.0019862745098039,1.3670997859095355,195.0,3.375566470588235,1.0,0.0,19.245910323130445,18.245910323130445,54.737730969391336,0.0,54.737730969391336,0.0005981261502909902,5.272999558563747,Lang,Lang__CPT19
Lang,CPT19,3.5,4.5,4.0,4.0,Quaternary,MASW,4.979247058823528,0.0538862745098039,0.0076313725490196,1.0822173287086485,210.0,4.981536470588234,0.0,0.0,19.61441641053847,18.61441641053847,74.45766564215388,0.0,74.45766564215388,0.0015551762774479133,5.3471075307174685,Lang,Lang__CPT19
Lang,CPT19,4.5,5.5,5.0,4.0,Quaternary,MASW,6.900398039215686,0.0540333333333333,0.054,0.7830466159525329,223.0,6.916598039215686,0.0,1.0,19.749836333883888,18.749836333883888,94.74918166941944,9.81,84.93918166941944,0.006477716074157437,5.407171771460119,Lang,Lang__CPT19
Lang,CPT19,5.5,6.2,5.85,4.0,Quaternary,MASW,5.803647222222223,0.0457416666666666,0.01295,0.7881538094100787,235.0,5.807532222222223,0.0,1.8499999999999996,19.494922728150254,18.494922728150254,110.04529795967898,18.1485,91.89679795967898,-0.0009124198210727564,5.459585514144159,Lang,Lang__CPT19
Lang,CPT19,6.2,7.5,6.85,4.0,Quaternary,MASW,28.94715757575757,0.1089121212121211,0.0156227272727272,0.3762446137486466,247.0,28.95184439393939,0.0,2.8499999999999996,21.173887525207405,20.173887525207405,141.04112954767072,27.958499999999997,113.08262954767072,-0.0004281648315761821,5.5093883366279774,Lang,Lang__CPT19
Lang,CPT19,7.5,9.0,8.25,4.0,Quaternary,MASW,38.93191710526315,0.1102697368421052,0.0094355263157894,0.283237366770202,255.0,38.93474776315789,0.0,4.25,21.30728060708028,20.30728060708028,171.7850650084123,41.6925,130.0925650084123,-0.000832159655478309,5.541263545158426,Lang,Lang__CPT19
Lang,CPT19,9.0,9.8,9.4,4.0,Quaternary,MASW,21.246124390243903,0.0827975609756097,0.0347341463414634,0.3897066563990838,268.0,21.25654463414634,0.0,5.4,20.756231445357027,19.756231445357027,191.10857558635607,52.974000000000004,138.13457558635605,-0.0008658664177580507,5.5909869805108565,Lang,Lang__CPT19
Lang,CPT19,9.8,10.5,10.15,4.0,Quaternary,MASW,8.414438888888887,0.0352333333333333,0.0528861111111111,0.4187246921462382,271.0,8.43030472222222,0.0,6.15,19.335780656021498,18.335780656021498,192.2581736586182,60.331500000000005,131.9266736586182,-0.0009037808714721449,5.602118820879701,Lang,Lang__CPT19
Lang,CPT19,10.5,11.4,10.95,4.0,Quaternary,MASW,18.984919565217396,0.0668978260869565,0.0612782608695652,0.3523735028591915,274.0,19.00330304347826,0.0,6.949999999999999,20.456964241145798,19.456964241145798,220.00375844054648,68.17949999999999,151.8242584405465,-0.00036741357445824944,5.613128106388071,Lang,Lang__CPT19
Lang,CPT19,11.4,12.6,12.0,4.0,Quaternary,MASW,29.96245737704918,0.099939344262295,0.0609508196721311,0.3335485571315228,275.0,29.98074262295082,0.0,8.0,21.1491026176991,20.1491026176991,249.7892314123892,78.48,171.30923141238918,-0.0005895936163573481,5.616771097666572,Lang,Lang__CPT19
Lang,CPT19,12.6,13.5,13.05,4.0,Quaternary,MASW,13.54046086956522,0.2841347826086956,1.325095652173913,2.0984129369432543,277.0,13.937989565217393,0.0,9.05,22.335017208088487,21.335017208088487,287.4719745655548,88.78050000000002,198.69147456555476,0.09056910435546911,5.6240175061873385,Lang,Lang__CPT19
Lang,CPT19,13.5,14.5,14.0,4.0,Tertiary,MASW,10.2820568627451,0.2926784313725491,1.6469843137254905,2.8464969147662345,278.0,10.776152156862748,0.0,10.0,22.30675808029892,21.30675808029892,308.2946131241849,98.10000000000001,210.19461312418485,0.1479657424887262,5.627621113690637,Lang,Lang__CPT19
Lang,CPT19,14.5,15.5,15.0,4.0,Tertiary,MASW,11.056894117647056,0.3712705882352942,1.985190196078432,3.3578198749569093,283.0,11.652451176470583,0.0,11.0,22.660642912809084,21.660642912809084,335.9096436921363,107.91000000000001,227.99964369213626,0.16588815501987736,5.645446897643238,Lang,Lang__CPT19
Lang,CPT19,15.5,16.5,16.0,4.0,Tertiary,MASW,15.454184313725492,0.4862980392156862,0.9719098039215688,3.146707903462657,287.0,15.745757254901964,0.0,12.0,23.124771887817914,22.124771887817914,365.9963502050866,117.72,248.27635020508663,0.05553986236942766,5.659482215759621,Lang,Lang__CPT19
Lang,CPT19,16.5,17.6,17.05,4.0,Tertiary,MASW,11.619403571428572,0.3903089285714286,1.3133035714285717,3.359113281263207,292.0,12.013394642857143,0.0,13.05,22.755601374397788,21.755601374397788,383.9830034334823,128.02050000000003,255.96250343348225,0.1019211554443964,5.676753802268282,Lang,Lang__CPT19
Lang,CPT9,1.5,2.5,2.0,4.5,Quaternary,MASW,2.347470588235294,0.0135307843137254,0.0020196078431372,0.5763984597522571,169.0,2.348076470588236,2.5,0.0,17.425939675124088,16.425939675124088,32.851879350248176,0.0,32.851879350248176,0.0008723161678484431,5.1298987149230735,Lang,Lang__CPT9
Lang,CPT9,2.5,4.0,3.25,4.5,Quaternary,MASW,2.3762500000000006,0.0277628947368421,0.00925,1.168349068357374,190.0,2.379025000000001,1.25,0.0,18.46714152724867,17.46714152724867,56.76820996355818,0.0,56.76820996355818,0.003983194296034265,5.247024072160486,Lang,Lang__CPT9
Lang,CPT9,4.0,5.0,4.5,4.5,Quaternary,MASW,5.281313725490196,0.0438149019607843,0.077313725490196,0.829621269217775,218.0,5.304507843137254,0.0,0.0,19.37183941388119,18.37183941388119,82.67327736246536,0.0,82.67327736246536,0.014805855014429126,5.384495062789089,Lang,Lang__CPT9
Lang,CPT9,5.0,6.0,5.5,4.5,Quaternary,MASW,8.673137254901961,0.0610590196078431,0.0360392156862744,0.7040015373137699,238.0,8.683949019607844,0.0,1.0,19.997246236202205,18.997246236202205,105.48485429911213,9.81,95.67485429911213,0.0030575654547051923,5.472270673671475,Lang,Lang__CPT9
Lang,CPT9,6.0,7.0,6.5,4.5,Quaternary,MASW,10.792098039215688,0.0757713725490196,0.0214313725490196,0.7021004838325793,254.0,10.798527450980394,0.0,2.0,20.37808256161671,19.37808256161671,127.95753665050862,19.62,108.33753665050861,0.00016975405845821276,5.537334267018537,Lang,Lang__CPT9
Lang,CPT9,7.0,8.0,7.5,4.5,Quaternary,MASW,10.507862745098038,0.0787341176470588,0.0288627450980392,0.7492876482783201,278.0,10.51652156862745,0.0,3.0,20.442185889689036,19.442185889689036,148.81639417266777,29.43,119.38639417266776,-5.4713641294359876e-05,5.627621113690637,Lang,Lang__CPT9
Lang,CPT9,8.0,9.0,8.5,4.5,Quaternary,MASW,43.883509803921584,0.1207350980392156,0.0185686274509804,0.2751263483223631,279.0,43.88908039215688,0.0,4.0,21.470041753522654,20.470041753522654,177.99535490494256,39.24,138.75535490494255,-0.0004729091609463096,5.631211781821365,Lang,Lang__CPT9
Lang,CPT9,9.0,10.0,9.5,4.5,Quaternary,MASW,23.69413725490196,0.1004450980392156,0.0414509803921568,0.4239238464714941,284.0,23.706572549019608,0.0,5.0,21.051036043758707,20.051036043758707,195.4848424157077,49.050000000000004,146.4348424157077,-0.0003232100404146234,5.648974238161206,Lang,Lang__CPT9
Lang,CPT9,10.0,11.0,10.5,4.5,Quaternary,MASW,24.92990196078431,0.1104290196078431,0.0539607843137254,0.442958098196905,286.0,24.946090196078423,0.0,6.0,21.208452181639487,20.208452181639487,218.1887479072146,58.86,159.32874790721462,-0.00019812500856747513,5.655991810819852,Lang,Lang__CPT9
Lang,CPT9,11.0,12.0,11.5,4.5,Tertiary,MASW,7.232137254901962,0.1702343137254901,0.144156862745098,2.353859000810651,286.0,7.275384313725491,0.0,7.0,21.429575468132782,20.429575468132782,241.940117883527,68.67,173.270117883527,0.010732560128894515,5.655991810819852,Lang,Lang__CPT9
Lang,CPT9,12.0,13.0,12.5,4.5,Tertiary,MASW,10.403156862745096,0.263348431372549,0.2024313725490195,2.531428054455567,286.0,10.463886274509802,0.0,8.0,22.13941069304181,21.13941069304181,272.2426336630226,78.48,193.7626336630226,0.012162059125795821,5.655991810819852,Lang,Lang__CPT9
Lang,CPT9,13.0,14.0,13.5,4.5,Tertiary,MASW,9.967098039215688,0.3151588235294117,0.4662745098039214,3.1619918083419565,282.0,10.106980392156864,0.0,9.0,22.3816864987132,21.3816864987132,297.6527677326282,88.29,209.36276773262819,0.038533172127188216,5.641907070938114,Lang,Lang__CPT9
Lang,CPT9,14.0,15.0,14.5,4.5,Tertiary,MASW,8.41537254901961,0.2880821568627451,0.3914117647058824,3.4232846518043534,281.5,8.532796078431375,0.0,10.0,22.21951611322653,21.21951611322653,317.6829836417847,98.10000000000001,219.58298364178466,0.03570392291883534,5.640132447579745,Lang,Lang__CPT9
Lang,CPT9,15.0,16.5,15.75,4.5,Tertiary,MASW,11.225934210526312,0.3625782894736841,0.9028026315789472,3.2298273148055903,285.0,11.496774999999996,0.0,11.25,22.631651373486246,21.631651373486246,351.9485091324084,110.36250000000001,241.58600913240838,0.07110385542819325,5.652489180268651,Lang,Lang__CPT9
Lang,CPT9,16.5,17.5,17.0,4.5,Tertiary,MASW,19.79180392156863,0.7305121568627453,0.3028039215686275,3.690983195658334,290.0,19.882645098039216,0.0,12.5,23.752225144175693,22.752225144175693,399.28782745098675,122.625,276.66282745098675,0.009247837478226753,5.66988092298052,Lang,Lang__CPT9
Lang,CPT9,17.5,18.5,18.0,4.5,Tertiary,MASW,5.749411764705883,0.294544705882353,0.0373333333333333,5.12304072027829,298.0,5.7606117647058825,0.0,13.5,22.16093673724418,21.16093673724418,394.3968612703953,132.435,261.9618612703953,-0.017722299307428403,5.697093486505405,Lang,Lang__CPT9
Lang,CPT9,18.5,19.5,19.0,4.5,Tertiary,MASW,10.01456862745098,0.4736092156862744,0.2008039215686274,4.729202358133151,309.0,10.07480980392157,0.0,14.5,22.97805693548525,21.97805693548525,432.08308177421975,142.245,289.83808177421975,0.006072859187653806,5.733341276897746,Lang,Lang__CPT9
Lang,CPT9,19.5,20.5,20.0,4.5,Tertiary,MASW,17.561823529411758,0.6098033333333334,1.2969215686274511,3.4723235449443046,320.0,17.950899999999994,0.0,15.5,23.501288619259448,22.501288619259448,465.525772385189,152.055,313.470772385189,0.06547566862019763,5.768320995793772,Lang,Lang__CPT9
Lang,CPT9,20.5,21.1,20.8,4.5,Tertiary,MASW,19.748516129032257,0.4901303225806451,1.3914193548387097,2.4818589881804103,333.0,20.165941935483872,0.0,16.3,23.248159731048897,22.248159731048897,479.0617224058171,159.90300000000002,319.15872240581706,0.06255518098904314,5.808142489980444,Lang,Lang__CPT9
Lang,CPT20,1.5,2.5,2.0,4.6,Quaternary,MASW,3.812341176470589,0.0467039215686274,0.0011509803921568,1.2250719284223472,158.0,3.812686470588236,2.5999999999999996,0.0,19.241197043683094,18.241197043683094,36.48239408736619,0.0,36.48239408736619,0.0003047982494694325,5.062595033026967,Lang,Lang__CPT20
Lang,CPT20,2.5,3.5,3.0,4.6,Quaternary,MASW,3.3307647058823524,0.0423176470588235,0.0006980392156862,1.2705084506296032,177.0,3.330974117647058,1.5999999999999996,0.0,19.125466582283448,18.125466582283448,54.37639974685034,0.0,54.37639974685034,0.00021303781415484083,5.176149732573829,Lang,Lang__CPT20
Lang,CPT20,3.5,4.5,4.0,4.6,Quaternary,MASW,1.8924137254901965,0.0446156862745098,0.0121431372549019,2.3576074128797027,200.0,1.8960566666666672,0.5999999999999996,0.0,19.06658720680443,18.06658720680443,72.26634882721773,0.0,72.26634882721773,0.006658187148009016,5.298317366548036,Lang,Lang__CPT20
Lang,CPT20,4.5,5.5,5.0,4.6,Quaternary,MASW,3.584168627450979,0.067456862745098,0.0616725490196078,1.8820783773522565,225.0,3.602670392156861,0.0,0.40000000000000036,19.850278304664137,18.850278304664137,94.65139152332068,3.9240000000000035,90.72739152332068,0.016461868937761893,5.41610040220442,Lang,Lang__CPT20
Lang,CPT20,5.5,6.3,5.9,4.6,Quaternary,MASW,2.2870926829268297,0.0360048780487804,0.0654536585365853,1.5742640566146386,244.0,2.306728780487805,0.0,1.3000000000000007,18.893198905053424,17.893198905053424,106.86987353981522,12.753000000000007,94.1168735398152,0.023956381188873797,5.497168225293202,Lang,Lang__CPT20
Lang,CPT20,6.3,7.5,6.9,4.6,Quaternary,MASW,9.266337704918032,0.0675147540983606,0.0323196721311475,0.7286023480725049,260.0,9.276033606557377,0.0,2.3000000000000007,20.18510975898083,19.18510975898083,134.67725733696773,22.56300000000001,112.11425733696771,0.0010673112127369984,5.560681631015528,Lang,Lang__CPT20
Lang,CPT20,7.5,8.9,8.2,4.6,Quaternary,MASW,8.54729718309859,0.0627450704225352,0.0362676056338028,0.7340925333286316,274.0,8.558177464788733,0.0,3.5999999999999996,20.086722267133467,19.086722267133467,160.1111225904944,35.315999999999995,124.7951225904944,0.00011331246920749126,5.613128106388071,Lang,Lang__CPT20
Lang,CPT20,8.9,10.0,9.45,4.6,Quaternary,MASW,28.293869642857143,0.0927607142857142,0.0415089285714285,0.3278473939994699,280.0,28.30632232142857,0.0,4.85,20.997039571103635,19.997039571103635,193.82202394692933,47.5785,146.24352394692934,-0.0002159029387050007,5.634789603169249,Lang,Lang__CPT20
Lang,CPT20,10.0,11.0,10.5,4.6,Tertiary,MASW,13.309349019607843,0.3251333333333333,0.1599392156862745,2.442894335811124,283.5,13.357330784313728,0.0,5.9,22.47238688471318,21.47238688471318,231.36006228948838,57.879000000000005,173.48106228948836,0.007775441363359612,5.647212123167807,Lang,Lang__CPT20
Lang,CPT20,11.0,12.0,11.5,4.6,Tertiary,MASW,8.280066666666666,0.2205333333333333,0.0474764705882352,2.663424610107809,284.0,8.294309607843138,0.0,6.9,21.817946606767503,20.817946606767503,246.30638597782627,67.68900000000001,178.61738597782625,-0.002511496187880512,5.648974238161206,Lang,Lang__CPT20
Lang,CPT20,12.0,13.5,12.75,4.6,Tertiary,MASW,15.22767368421052,0.3825657894736841,0.1158578947368421,2.512306195990817,285.0,15.262431052631571,0.0,8.15,22.759743967980803,21.759743967980803,285.58673559175526,79.95150000000001,205.63523559175525,0.002397460638352887,5.652489180268651,Lang,Lang__CPT20
Lang,CPT20,13.5,14.7,14.1,4.6,Tertiary,MASW,11.973801639344265,0.2866688524590163,0.1962180327868852,2.394133969257198,285.0,12.032667049180333,0.0,9.5,22.313375211587168,21.313375211587168,310.01859048337906,93.19500000000001,216.82359048337906,0.008788375182440373,5.652489180268651,Lang,Lang__CPT20
Lang,CPT20,14.7,15.5,15.1,4.6,Tertiary,MASW,6.12558536585366,0.2107243902439024,0.2227,3.440069440849853,285.0,6.192395365853661,0.0,10.5,21.706879364544296,20.706879364544296,323.17387840461885,103.00500000000001,220.16887840461885,0.020393675763635807,5.652489180268651,Lang,Lang__CPT20
Lang,CPT20,15.5,16.5,16.0,4.6,Tertiary,MASW,4.093470588235296,0.1718647058823529,0.1548823529411765,4.198508384945896,287.0,4.139935294117649,0.0,11.4,21.318333849020885,20.318333849020885,336.4933415843342,111.834,224.6593415843342,0.01131826211058743,5.659482215759621,Lang,Lang__CPT20
Lang,CPT20,16.5,17.5,17.0,4.6,Tertiary,MASW,9.615650980392155,0.3181313725490196,0.5828313725490195,3.3084746232755347,292.0,9.79050039215686,0.0,12.4,22.41769171398396,21.41769171398396,376.5007591377273,121.644,254.8567591377273,0.0489895252312766,5.676753802268282,Lang,Lang__CPT20
Lang,CPT20,17.5,18.5,18.0,4.6,Tertiary,MASW,15.109535294117649,0.48041568627451,0.7721333333333333,3.1795530234575944,298.0,15.34117529411765,0.0,13.4,23.117354225215493,22.117354225215493,411.5123760538788,131.454,280.0583760538788,0.042913181419398254,5.697093486505405,Lang,Lang__CPT20
Lang,CPT20,18.5,19.78,19.14,4.6,Tertiary,MASW,12.504778461538464,0.3616276923076924,0.671470769230769,2.891916025701437,309.0,12.706219692307693,0.0,14.540000000000001,22.686463498020352,21.686463498020352,429.61891135210954,142.6374,286.9815113521095,0.04307653060211393,5.733341276897746,Lang,Lang__CPT20
Lang,CPT4,1.5,2.5,2.0,3.6,Quaternary,MASW,11.611849019607844,0.057935294117647,0.0007176470588235,0.4989325474333774,218.0,11.61206431372549,1.6,0.0,19.869900471150814,18.869900471150814,37.73980094230163,0.0,37.73980094230163,6.200336425947788e-05,5.384495062789089,Lang,Lang__CPT4
Lang,CPT4,2.5,3.5,3.0,3.6,Quaternary,MASW,15.139188235294116,0.0759411764705882,0.0011745098039215,0.5016198708299691,224.0,15.139540588235292,0.6000000000000001,0.0,20.373008596451005,19.373008596451005,58.11902578935302,0.0,58.11902578935302,7.787792411069073e-05,5.41164605185504,Lang,Lang__CPT4
Lang,CPT4,3.5,4.5,4.0,3.6,Quaternary,MASW,4.3533823529411775,0.0530529411764706,0.0256549019607843,1.218660270918488,228.0,4.361078823529413,0.0,0.3999999999999999,19.55299489576047,18.55299489576047,74.61197958304187,3.9239999999999995,70.68797958304188,0.005069653575292225,5.429345628954441,Lang,Lang__CPT4
Lang,CPT4,4.5,5.8,5.15,3.6,Quaternary,MASW,6.032495454545455,0.0418045454545454,0.0471439393939394,0.6929892574232436,235.0,6.046638636363636,0.0,1.5500000000000003,19.367749063467883,18.367749063467883,96.14390767685961,15.205500000000004,80.93840767685961,0.005367358656746164,5.459585514144159,Lang,Lang__CPT4
Lang,CPT4,5.8,6.5,6.15,3.6,Quaternary,MASW,33.32335277777778,0.0966611111111111,0.0151194444444444,0.2900701851812798,242.0,33.32788861111111,0.0,2.5500000000000003,21.040574776305093,20.040574776305093,125.79953487427633,25.015500000000003,100.78403487427633,-0.0002980552076959018,5.488937726156687,Lang,Lang__CPT4
Lang,CPT4,6.5,7.5,7.0,3.6,Quaternary,MASW,49.772368627450966,0.0927549019607843,0.0173882352941176,0.1863582234855249,250.0,49.7775850980392,0.0,3.4,21.125550328882852,20.125550328882852,144.27885230217998,33.354,110.92485230217999,-0.0003216744140886986,5.521460917862246,Lang,Lang__CPT4
Lang,CPT4,7.5,8.5,8.0,3.6,Quaternary,MASW,34.97880392156862,0.062956862745098,0.0281725490196078,0.1799857504740967,258.0,34.9872556862745,0.0,4.4,20.515790153332745,19.515790153332745,160.526321226662,43.16400000000001,117.36232122666198,-0.00043045819270751427,5.552959584921617,Lang,Lang__CPT4
Lang,CPT4,8.5,9.3,8.9,3.6,Quaternary,MASW,20.64859756097561,0.0748219512195122,0.0286170731707317,0.3623585136886991,266.0,20.65718268292683,0.0,5.300000000000001,20.603338457165766,19.603338457165766,179.76971226877532,51.99300000000001,127.77671226877531,-0.001141546877174549,5.583496308781699,Lang,Lang__CPT4
Lang,CPT4,9.3,10.5,9.9,3.6,Quaternary,MASW,34.44659836065574,0.0858983606557377,0.0345508196721311,0.2493667437242488,275.0,34.45696360655738,0.0,6.300000000000001,20.960006631298086,19.960006631298086,203.90406564985108,61.80300000000001,142.10106564985108,-0.0007956130253217922,5.616771097666572,Lang,Lang__CPT4
Lang,CPT4,10.5,11.5,11.0,3.6,Quaternary,MASW,38.95059803921569,0.1082176470588235,0.0521588235294117,0.2778330821772476,281.0,38.96624568627451,0.0,7.4,21.323465650855702,20.323465650855702,230.95812215941274,72.59400000000001,158.36412215941272,-0.0005275596944198171,5.638354669333745,Lang,Lang__CPT4
Lang,CPT4,11.5,12.5,12.0,3.6,Quaternary,MASW,28.00830784313726,0.064513725490196,0.0585549019607843,0.2303378192338869,290.0,28.02587431372549,0.0,8.4,20.539342808190153,19.539342808190153,242.87211369828182,82.40400000000001,160.4681136982818,-0.0008584060810819196,5.66988092298052,Lang,Lang__CPT4
Lang,CPT4,12.5,13.5,13.0,3.6,Quaternary,MASW,9.847047058823527,0.1424980392156862,0.4557176470588236,1.447114433031979,294.0,9.983762352941175,0.0,9.4,21.303914824840994,20.303914824840994,273.35089272293294,92.21400000000001,181.13689272293294,0.03743442268620961,5.683579767338681,Lang,Lang__CPT4
Lang,CPT4,13.5,15.0,14.25,3.6,Tertiary,MASW,3.658405263157895,0.1198026315789473,0.0458342105263158,3.274722808471336,300.0,3.67215552631579,0.0,10.65,20.77944936114386,19.77944936114386,292.5071533963,104.47650000000002,188.03065339629998,-0.017351594900692706,5.703782474656201,Lang,Lang__CPT4
Lang,CPT4,15.0,16.2,15.6,3.6,Tertiary,MASW,12.949472131147544,0.3917098360655737,1.0240180327868853,3.0249096804756133,306.0,13.256677540983608,0.0,12.0,22.77762528115221,21.77762528115221,351.7309543859745,117.72,234.0109543859745,0.07022873180491242,5.723585101952381,Lang,Lang__CPT4
Lang,CPT4,16.2,17.0,16.6,3.6,Tertiary,MASW,22.53028292682927,0.4946951219512195,0.8432512195121948,2.195689790304994,314.0,22.783258292682927,0.0,13.000000000000002,23.265413399269832,22.265413399269832,382.60586242787923,127.53000000000003,255.0758624278792,0.03195090954339877,5.749392985908253,Lang,Lang__CPT4
Lang,CPT4,17.0,18.0,17.5,3.6,Tertiary,MASW,12.456252941176473,0.3187215686274509,1.0805254901960784,2.558727493192252,325.0,12.780410588235297,0.0,13.9,22.505359428479725,21.505359428479725,390.2437899983952,136.359,253.88478999839518,0.07620288778763105,5.783825182329737,Lang,Lang__CPT4
Lang,CPT4,18.0,19.0,18.5,3.6,Tertiary,MASW,14.476435294117646,0.3740588235294118,1.2669313725490197,2.583915279760942,334.0,14.856514705882352,0.0,14.9,22.774622227576337,21.774622227576337,417.73051121016226,146.169,271.5615112101623,0.07762165826694556,5.811140992976701,Lang,Lang__CPT4
Lang,CPT4,19.0,20.0,19.5,3.6,Tertiary,MASW,11.761952941176474,0.3282980392156862,2.023327450980392,2.7911864709675385,340.0,12.368951176470592,0.0,15.9,22.55077612995556,21.55077612995556,436.1401345341334,155.979,280.16113453413334,0.15648856287238738,5.828945617610208,Lang,Lang__CPT4
Lang,CPT4,20.0,21.0,20.5,3.6,Tertiary,MASW,12.037558823529418,0.3455627450980392,1.949729411764706,2.870704518781492,348.0,12.62247764705883,0.0,16.9,22.633113438825927,21.633113438825927,460.37882549593144,165.789,294.58982549593145,0.14668030887907713,5.8522024797744745,Lang,Lang__CPT4
Lang,CPT4,21.0,22.8,21.9,3.6,Tertiary,MASW,10.230529670329672,0.3585087912087912,0.8789439560439561,3.504303323106813,360.0,10.49421285714286,0.0,18.299999999999997,22.63596087626891,21.63596087626891,492.1275431902891,179.52299999999997,312.6045431902891,0.06992751352243393,5.886104031450156,Lang,Lang__CPT4
Lang,CPT15,1.5,2.5,2.0,3.6,Quaternary,MASW,1.6933529411764707,0.0054266666666666,0.0011176470588235,0.3204687300980766,160.0,1.6936882352941178,1.6,0.0,16.09657608024091,15.096576080240911,30.193152160481823,0.0,30.193152160481823,0.0006718667642336003,5.075173815233827,Lang,Lang__CPT15
Lang,CPT15,2.5,3.5,3.0,3.6,Quaternary,MASW,2.085392156862745,0.0114601960784313,0.0009215686274509,0.54954633068497,173.0,2.0856686274509806,0.6000000000000001,0.0,17.224417079660206,16.224417079660206,48.67325123898062,0.0,48.67325123898062,0.0004524156697717452,5.153291594497779,Lang,Lang__CPT15
Lang,CPT15,3.5,4.5,4.0,3.6,Quaternary,MASW,1.1847647058823532,0.0186243137254901,0.0202156862745098,1.571984178210284,188.0,1.190829411764706,0.0,0.3999999999999999,17.74902334788567,16.74902334788567,67.39609339154269,3.9239999999999995,63.47209339154269,0.014501694055239244,5.236441962829949,Lang,Lang__CPT15
Lang,CPT15,4.5,5.5,5.0,3.6,Quaternary,MASW,1.269372549019608,0.0514439215686274,0.136156862745098,4.0527047483703535,197.0,1.3102196078431374,0.0,1.4,19.1779365766226,18.1779365766226,92.28968288311299,13.734,78.555682883113,0.10051716460544004,5.2832037287379885,Lang,Lang__CPT15
Lang,CPT15,5.5,6.5,6.0,3.6,Quaternary,MASW,2.670098039215686,0.0345507843137255,0.0160980392156862,1.2939893519368464,208.0,2.674927450980392,0.0,2.4,18.885127840352077,17.885127840352077,109.71076704211247,23.544,86.16676704211247,-0.002902663479048601,5.337538079701318,Lang,Lang__CPT15
Lang,CPT15,6.5,7.5,7.0,3.6,Quaternary,MASW,3.063274509803922,0.0296866666666666,0.0091176470588235,0.9691154537947986,218.0,3.066009803921569,0.0,3.4,18.74442428249813,17.74442428249813,127.61096997748692,33.354,94.25696997748692,-0.008248149523203125,5.384495062789089,Lang,Lang__CPT15
Lang,CPT15,7.5,8.8,8.15,3.6,Quaternary,MASW,12.003560606060608,0.0280209090909091,0.0228333333333333,0.2334383106022834,230.0,12.010410606060608,0.0,4.550000000000001,19.103567394950534,18.103567394950534,152.09407426884687,44.63550000000001,107.45857426884686,-0.0018385549591475154,5.438079308923196,Lang,Lang__CPT15
Lang,CPT15,8.8,9.7,9.25,3.6,Quaternary,MASW,26.40741304347825,0.070760652173913,0.0340652173913043,0.2679575316878249,240.0,26.417632608695644,0.0,5.65,20.608507162741226,19.608507162741226,187.02869125535636,55.426500000000004,131.60219125535636,-0.0008143648798910401,5.480638923341991,Lang,Lang__CPT15
Lang,CPT15,9.7,10.5,10.1,3.6,Tertiary,MASW,2.917024390243903,0.0961712195121951,0.0249024390243902,3.2968945968996133,250.0,2.92449512195122,0.0,6.5,20.365101566211383,19.365101566211383,202.08752581873495,63.765,138.32252581873496,-0.0142750707244642,5.521460917862246,Lang,Lang__CPT15
Lang,CPT15,10.5,11.5,11.0,3.6,Tertiary,MASW,5.948098039215687,0.1722388235294117,0.0776470588235294,2.8956957735707243,263.0,5.971392156862746,0.0,7.4,21.378918757680598,20.378918757680598,231.56810633448657,72.59400000000001,158.97410633448658,0.0008803508224375526,5.572154032177765,Lang,Lang__CPT15
Lang,CPT15,11.5,12.5,12.0,3.6,Tertiary,MASW,9.428705882352938,0.2373062745098039,0.390235294117647,2.5168488387569057,272.0,9.545776470588232,0.0,8.4,21.965456279722655,20.965456279722655,259.9854753566719,82.40400000000001,177.5814753566719,0.03315078858394773,5.605802066295998,Lang,Lang__CPT15
Lang,CPT15,12.5,13.5,13.0,3.6,Tertiary,MASW,12.956235294117644,0.3190060784313725,0.416235294117647,2.462181885321323,281.0,13.08110588235294,0.0,9.4,22.47102919969539,21.47102919969539,288.52337959604006,92.21400000000001,196.30937959604006,0.025328841463232138,5.638354669333745,Lang,Lang__CPT15
Lang,CPT15,13.5,14.3,13.9,3.6,Tertiary,MASW,9.59621951219512,0.3251597560975608,0.203390243902439,3.3884151533251154,290.0,9.657236585365853,0.0,10.3,22.41409194003795,21.41409194003795,307.9558779665275,101.043,206.9128779665275,0.010947071449190531,5.66988092298052,Lang,Lang__CPT15
Lang,CPT15,14.3,15.5,14.9,3.6,Tertiary,MASW,22.002786885245907,0.4882691803278688,0.4558688524590163,2.2191242540065708,298.0,22.139547540983614,0.0,11.3,23.223613455698818,22.223613455698818,342.43184048991236,110.85300000000001,231.57884048991235,0.015828509478031615,5.697093486505405,Lang,Lang__CPT15
Lang,CPT15,15.5,16.36,15.93,3.6,Tertiary,MASW,17.728136363636363,0.3966050000000001,0.2000909090909091,2.237149985000732,304.0,17.788163636363635,0.0,12.33,22.886733360846605,21.886733360846605,360.9856624382864,120.9573,240.0283624382864,0.004540816029382914,5.717027701406222,Lang,Lang__CPT15
Bacso,SCPTu1,1.0,3.5,2.25,6.4,Quaternary,SCPT,6.074642857142856,0.0347777777777777,0.0006507936507936,0.5725073653817261,87.8,6.074838095238095,4.15,0.0,19.002730193525704,18.002730193525704,40.506142935432834,0.0,40.506142935432834,0.00010784850020477597,4.475061500641071,Bacso,Bacso__SCPTu1
Bacso,SCPTu1,3.5,5.5,4.5,6.4,Quaternary,SCPT,27.03218811881189,0.107650693069307,0.0051089108910891,0.3982315179080605,349.0,27.03372079207922,1.9000000000000004,0.0,21.077146380027646,20.077146380027646,90.3471587101244,0.0,90.3471587101244,0.0001896165996362744,5.855071922202427,Bacso,Bacso__SCPTu1
Bacso,SCPTu1,5.5,6.3,5.9,6.4,Quaternary,SCPT,24.729951219512188,0.0343751219512195,0.0019512195121951,0.1390019804167554,231.4,24.730536585365847,0.5,0.0,19.552001808939185,18.552001808939185,109.4568106727412,0.0,109.4568106727412,7.924995694951895e-05,5.444147814759576,Bacso,Bacso__SCPTu1
Bacso,SCPTu1,6.3,8.5,7.4,6.4,Quaternary,SCPT,16.309216216216214,0.0486326126126126,0.0144594594594594,0.2981909858075051,271.3,16.313554054054052,0.0,1.0,19.925106041351945,18.925106041351945,141.0457847060044,9.81,131.2357847060044,0.00028749154936415016,5.603225219664886,Bacso,Bacso__SCPTu1
Bacso,SCPTu1,8.5,10.5,9.5,6.4,Quaternary,SCPT,22.9190198019802,0.0753063366336633,0.0286930693069306,0.3285757300456491,278.0,22.92762772277228,0.0,3.0999999999999996,20.653077890922,19.653077890922,189.804239963759,30.410999999999998,159.393239963759,-7.555387587419179e-05,5.627621113690637,Bacso,Bacso__SCPTu1
Bacso,SCPTu1,10.5,11.8,11.15,6.4,Quaternary,SCPT,19.345772727272724,0.1014371212121212,0.0467121212121212,0.5243373973329074,358.7,19.35978636363636,0.0,4.75,21.025641536428026,20.025641536428026,228.0359031311725,46.597500000000004,181.4384031311725,5.991151325008788e-06,5.882486384538237,Bacso,Bacso__SCPTu1
Bacso,SCPTu1,11.8,12.8,12.3,6.4,Tertiary,SCPT,8.048568627450981,0.2431876470588235,0.1978235294117647,3.0215018137435226,351.5,8.107915686274511,0.0,5.9,21.952323826856556,20.952323826856556,263.61358307033566,57.879000000000005,205.73458307033565,0.01784027789477936,5.86220971125072,Bacso,Bacso__SCPTu1
Bacso,SCPTu1,12.8,14.0,13.4,6.4,Tertiary,SCPT,7.420000000000002,0.2347132786885245,0.2987704918032786,3.1632517343466917,365.6,7.509631147540985,0.0,7.0,21.89354435411113,20.89354435411113,286.97349434508914,68.67,218.30349434508912,0.03185814735403709,5.901539839579995,Bacso,Bacso__SCPTu1
Bacso,SCPTu1,14.0,15.0,14.5,6.4,Tertiary,SCPT,10.01113725490196,0.2838435294117647,0.2979411764705882,2.8352775732125792,455.0,10.100519607843138,0.0,8.1,22.250836936889694,21.250836936889694,316.23713558490056,79.461,236.77613558490054,0.022329708600508386,6.12029741895095,Bacso,Bacso__SCPTu1
Bacso,SCPTu1,15.0,16.0,15.5,6.4,Tertiary,SCPT,7.678568627450979,0.2936717647058823,0.3425490196078431,3.8245639122896176,365.6,7.781333333333332,0.0,9.1,22.22692007244764,21.22692007244764,338.11726112293843,89.271,248.84626112293842,0.03402803534798201,5.901539839579995,Bacso,Bacso__SCPTu1
Bacso,SCPTu1,16.0,17.0,16.5,6.4,Tertiary,SCPT,8.184647058823527,0.3026933333333333,0.4343921568627452,3.6983064896733975,282.0,8.314964705882351,0.0,10.1,22.296780842117833,21.296780842117833,361.4968838949443,99.081,262.4158838949443,0.042159114032721115,5.641907070938114,Bacso,Bacso__SCPTu1
Bacso,SCPTu1,17.0,18.0,17.5,6.4,Tertiary,SCPT,8.975372549019609,0.3034017647058822,0.8570392156862748,3.3803807368310657,270.0,9.232484313725491,0.0,11.1,22.34018167869093,21.34018167869093,384.5531793770913,108.891,275.66217937709126,0.084556288280986,5.598421958998375,Bacso,Bacso__SCPTu1
Bacso,SCPTu1,18.0,19.0,18.5,6.4,Tertiary,SCPT,7.695862745098041,0.2608143137254902,0.7868627450980394,3.3890198196637358,320.0,7.931921568627453,0.0,12.1,22.09835896701086,21.09835896701086,402.41964088970093,118.70100000000001,283.7186408897009,0.08873916913901228,5.768320995793772,Bacso,Bacso__SCPTu1
Bacso,SCPTu1,19.0,20.0,19.5,6.4,Tertiary,SCPT,8.935666666666668,0.2650931372549019,1.0204313725490195,2.9666856110892894,482.9,9.241796078431374,0.0,13.1,22.174276191816706,21.174276191816706,425.99838574042576,128.511,297.4873857404258,0.10117296286058128,6.179809592879496,Bacso,Bacso__SCPTu1
Bacso,SCPTu1,20.0,21.0,20.5,6.4,Tertiary,SCPT,9.094764705882351,0.3775405882352942,0.7561372549019607,4.151185879400562,470.0,9.32160588235294,0.0,14.1,22.66010959931257,21.66010959931257,458.1322467859077,138.321,319.81124678590766,0.06970362640024218,6.152732694704104,Bacso,Bacso__SCPTu1
Bacso,SCPTu1,21.0,22.08,21.54,6.4,Tertiary,SCPT,8.025763636363635,0.2882772727272727,0.8211636363636359,3.59189836367879,440.2,8.272112727272726,0.0,15.139999999999999,22.26771484616811,21.26771484616811,473.2465777864611,148.5234,324.72317778646106,0.08624846528593706,6.087229169092361,Bacso,Bacso__SCPTu1
Bacso,SCPTu2,1.0,2.0,1.5,6.4,Quaternary,SCPT,2.0084313725490204,0.023778431372549,0.0008627450980392,1.1839304891145168,62.3,2.008690196078432,4.9,0.0,18.09631711197463,17.09631711197463,25.64447566796195,0.0,25.64447566796195,0.0004350606187035469,4.131961425793407,Bacso,Bacso__SCPTu2
Bacso,SCPTu2,2.0,3.5,2.75,6.4,Quaternary,SCPT,9.529855263157891,0.0774471052631578,0.0020131578947368,0.812678714676453,260.0,9.530459210526312,3.6500000000000004,0.0,20.246275556193456,19.246275556193456,52.927257779532006,0.0,52.927257779532006,0.00021241372804376002,5.560681631015528,Bacso,Bacso__SCPTu2
Bacso,SCPTu2,3.5,4.3,3.9,6.4,Quaternary,SCPT,22.22597560975609,0.1047726829268292,0.0007317073170731,0.4713974529911717,318.6,22.226195121951218,2.5000000000000004,0.0,20.960625907946586,19.960625907946586,77.84644104099168,0.0,77.84644104099168,3.3036653324126244e-05,5.763936397475948,Bacso,Bacso__SCPTu2
Bacso,SCPTu2,4.3,5.0,4.65,6.4,Quaternary,SCPT,22.28391666666667,0.1056738888888888,0.00025,0.4742159579467502,282.0,22.28399166666667,1.75,0.0,20.998154405001067,19.998154405001067,92.99141798325496,0.0,92.99141798325496,1.1265828362776593e-05,5.641907070938114,Bacso,Bacso__SCPTu2
Bacso,SCPTu2,5.0,6.7,5.85,6.4,Quaternary,SCPT,20.080546511627904,0.0655255813953488,0.0037209302325581,0.3263137353229174,230.0,20.08166279069767,0.5500000000000007,0.0,20.355994942363083,19.355994942363083,113.23257041282403,0.0,113.23257041282403,0.00018634064828882785,5.438079308923196,Bacso,Bacso__SCPTu2
Bacso,SCPTu2,6.7,7.8,7.25,6.4,Quaternary,SCPT,17.66257142857143,0.06375625,0.0126964285714285,0.3609681085103286,260.0,17.666380357142856,0.0,0.8499999999999996,20.31093541698021,19.31093541698021,140.85428177310655,8.338499999999996,132.51578177310654,0.0002486617835428692,5.560681631015528,Bacso,Bacso__SCPTu2
Bacso,SCPTu2,7.8,8.5,8.15,6.4,Quaternary,SCPT,14.333722222222226,0.069605,0.0229166666666666,0.4856031037917574,280.0,14.340597222222229,0.0,1.75,20.38246443478549,19.38246443478549,159.71708514350175,17.1675,142.54958514350176,0.0004054167732251162,5.634789603169249,Bacso,Bacso__SCPTu2
Bacso,SCPTu2,8.5,9.7,9.1,6.4,Quaternary,SCPT,15.557278688524589,0.0647386885245901,0.0294098360655737,0.4161311873415429,303.3,15.56610163934426,0.0,2.6999999999999993,20.325617644164446,19.325617644164446,178.56312056189643,26.486999999999995,152.07612056189643,0.00018994825338737755,5.714722414694536,Bacso,Bacso__SCPTu2
Bacso,SCPTu2,9.7,10.2,9.95,6.4,Quaternary,SCPT,15.54073076923077,0.0838723076923076,0.0386923076923077,0.5396934606084753,390.0,15.55233846153846,0.0,3.549999999999999,20.686756242825314,19.686756242825314,199.4332246161119,34.82549999999999,164.6077246161119,0.00025186162701039714,5.966146739123692,Bacso,Bacso__SCPTu2
Bacso,SCPTu2,10.2,11.5,10.85,6.4,Quaternary,SCPT,19.726303030303026,0.0838857575757576,0.0904696969696969,0.4252482456894965,423.9,19.753443939393936,0.0,4.449999999999999,20.77207530668196,19.77207530668196,218.97701707749923,43.6545,175.32251707749924,0.00239654335876525,6.049497578358592,Bacso,Bacso__SCPTu2
Bacso,SCPTu2,11.5,12.0,11.75,6.4,Quaternary,SCPT,21.3805,0.1439111538461538,0.0571923076923077,0.6730953618771957,391.7,21.397657692307693,0.0,5.35,21.53446167227053,20.53446167227053,246.62992464917875,52.4835,194.14642464917875,0.00022262784314943865,5.970496240671785,Bacso,Bacso__SCPTu2
Bacso,SCPTu2,12.0,13.0,12.5,6.4,Tertiary,SCPT,7.087235294117647,0.2215715686274509,0.1206666666666666,3.1263470088449545,350.0,7.123435294117647,0.0,6.1,21.789956443091587,20.789956443091587,265.97445553864486,59.841,206.13345553864485,0.008869998400059524,5.857933154483459,Bacso,Bacso__SCPTu2
Bacso,SCPTu2,13.0,14.0,13.5,6.4,Tertiary,SCPT,7.274686274509803,0.2960709803921568,0.0438823529411764,4.069879706422216,355.0,7.2878509803921565,0.0,7.1,22.198156891780755,21.198156891780755,293.2751180390402,69.651,223.62411803904018,-0.0036840900100202083,5.872117789475416,Bacso,Bacso__SCPTu2
Bacso,SCPTu2,14.0,15.0,14.5,6.4,Tertiary,SCPT,7.847196078431371,0.3125786274509805,0.0956078431372548,3.983316133900708,422.0,7.875878431372548,0.0,8.1,22.305034510977432,21.305034510977432,317.02300040917277,79.461,237.56200040917275,0.0021361492205701433,6.045005314036012,Bacso,Bacso__SCPTu2
Bacso,SCPTu2,15.0,16.32,15.66,6.4,Tertiary,SCPT,8.212029850746267,0.2733700000000001,0.0807462686567164,3.3288968131936065,380.0,8.236253731343282,0.0,9.26,22.149219725759007,21.149219725759007,340.45678090538604,90.84060000000001,249.61618090538605,-0.0012784436335744156,5.940171252720432,Bacso,Bacso__SCPTu2
Dévai 14,SCPTu1,1.0,1.5,1.25,4.5,Quaternary,SCPT,4.351292307692309,0.0694115384615384,0.0004576923076923,1.5951936471569894,217.0,4.351429615384617,3.25,0.0,19.747460856643517,18.747460856643517,23.434326070804396,0.0,23.434326070804396,0.00010575157251727636,5.37989735354046,Dévai 14,Dévai 14__SCPTu1
Dévai 14,SCPTu1,1.5,2.5,2.0,4.5,Quaternary,SCPT,4.390198039215687,0.0910215686274509,0.0003725490196078,2.073290722067564,240.0,4.3903098039215696,2.5,0.0,20.182433894425586,19.182433894425586,38.36486778885117,0.0,38.36486778885117,8.560517770219294e-05,5.480638923341991,Dévai 14,Dévai 14__SCPTu1
Dévai 14,SCPTu1,2.5,3.5,3.0,4.5,Quaternary,SCPT,4.789872549019608,0.0856647058823529,0.0027588235294117,1.7884548076312974,159.0,4.790700196078432,1.5,0.0,20.18541528664511,19.18541528664511,57.55624585993533,0.0,57.55624585993533,0.0005828733624897134,5.068904202220232,Dévai 14,Dévai 14__SCPTu1
Dévai 14,SCPTu1,3.5,4.8,4.15,4.5,Quaternary,SCPT,6.433837878787879,0.080460606060606,0.005490909090909,1.2505849164443763,205.0,6.435485151515152,0.34999999999999964,0.0,20.237271005259018,19.237271005259018,79.83467467182493,0.0,79.83467467182493,0.0008639413244820506,5.3230099791384085,Dévai 14,Dévai 14__SCPTu1
Dévai 14,SCPTu1,4.8,5.5,5.15,4.5,Quaternary,SCPT,6.273402777777779,0.0668055555555555,0.0078222222222222,1.0649014246654198,160.0,6.275749444444446,0.0,0.6500000000000004,20.010181300824435,19.010181300824435,98.55243369924584,6.376500000000004,92.17593369924583,0.00023404178621911677,5.075173815233827,Dévai 14,Dévai 14__SCPTu1
Dévai 14,SCPTu1,5.5,7.0,6.25,4.5,Quaternary,SCPT,23.384931578947363,0.0789210526315789,0.009653947368421,0.3374867801735577,375.0,23.38782776315789,0.0,1.75,20.66223122087328,19.66223122087328,124.63894513045801,17.1675,107.47144513045801,-0.0003229803398989091,5.926926025970411,Dévai 14,Dévai 14__SCPTu1
Dévai 14,SCPTu1,7.0,8.0,7.5,4.5,Quaternary,SCPT,39.32936078431372,0.1494333333333333,0.0145235294117647,0.3799536284173069,440.0,39.33371784313725,0.0,3.0,21.70589291643284,20.70589291643284,158.2941968732463,29.43,128.8641968732463,-0.0003805056640314563,6.0867747269123065,Dévai 14,Dévai 14__SCPTu1
Dévai 14,SCPTu1,8.0,9.0,8.5,4.5,Quaternary,SCPT,41.93187450980392,0.1233509803921569,0.0126254901960784,0.2941699645774641,405.0,41.93566215686274,0.0,4.0,21.485058776257034,20.485058776257034,178.12299959818478,39.24,138.88299959818477,-0.0006373581954551428,6.003887067106539,Dévai 14,Dévai 14__SCPTu1
Dévai 14,SCPTu1,9.0,10.0,9.5,4.5,Quaternary,SCPT,48.028364705882346,0.1491588235294118,0.0295980392156862,0.3105640269928726,333.0,48.03724411764705,0.0,5.0,21.798065191328725,20.798065191328725,202.58161931762288,49.050000000000004,153.53161931762287,-0.00040664990131357453,5.808142489980444,Dévai 14,Dévai 14__SCPTu1
Dévai 14,SCPTu1,10.0,10.5,10.25,4.5,Quaternary,SCPT,52.74126923076925,0.2049884615384615,0.0388346153846153,0.3886680478650128,358.0,52.75291961538464,0.0,5.75,22.265472615751463,21.265472615751463,223.72109431145248,56.407500000000006,167.31359431145248,-0.00033453555565548886,5.8805329864007,Dévai 14,Dévai 14__SCPTu1
Dévai 14,SCPTu1,10.5,11.5,11.0,4.5,Tertiary,SCPT,13.988419607843138,0.3722607843137254,0.0347215686274509,2.6612068750425766,391.0,13.998836078431374,0.0,6.5,22.675550528661482,21.675550528661482,244.9310558152763,63.765,181.1660558152763,-0.0021116498423387263,5.968707559985366,Dévai 14,Dévai 14__SCPTu1
Dévai 14,SCPTu1,11.5,12.5,12.0,4.5,Tertiary,SCPT,15.535233333333334,0.4570274509803922,0.0387627450980392,2.941876965566823,472.0,15.546862156862746,0.0,7.5,22.996100822621134,21.996100822621134,271.4532098714536,73.575,197.87820987145363,-0.0022789736774161823,6.156978985585555,Dévai 14,Dévai 14__SCPTu1
Dévai 14,SCPTu1,12.5,13.5,13.0,4.5,Tertiary,SCPT,17.08557450980392,0.5465000000000001,0.0399705882352941,3.1986047626693,475.0,17.097565686274507,0.0,8.5,23.277184818378615,22.277184818378615,298.103402638922,83.385,214.718402638922,-0.0025842738911349586,6.163314804034641,Dévai 14,Dévai 14__SCPTu1
Dévai 14,SCPTu1,13.5,14.5,14.0,4.5,Tertiary,SCPT,17.806756862745083,0.4859117647058824,0.0292705882352941,2.728805522820928,596.0,17.81553803921567,0.0,9.5,23.142109495640746,22.142109495640746,319.48953293897046,93.19500000000001,226.29453293897046,-0.0036536485219375706,6.39024066706535,Dévai 14,Dévai 14__SCPTu1
Dévai 14,SCPTu1,14.5,15.5,15.0,4.5,Tertiary,SCPT,22.079672549019616,0.6418058823529411,0.0156196078431372,2.906772647683304,598.0,22.08435843137256,0.0,10.5,23.591920915498886,22.591920915498886,349.3788137324833,103.00500000000001,246.3738137324833,-0.004020495702970015,6.393590753950631,Dévai 14,Dévai 14__SCPTu1
Dévai 14,SCPTu1,15.5,16.5,16.0,4.5,Tertiary,SCPT,22.84023725490196,0.6118647058823529,0.6857666666666666,2.6788894487119865,600.0,23.04596725490196,0.0,11.5,23.549807800556607,22.549807800556607,372.2969248089057,112.81500000000001,259.4819248089057,0.02526947152028717,6.396929655216146,Dévai 14,Dévai 14__SCPTu1
Dévai 14,SCPTu1,16.5,17.5,17.0,4.5,Tertiary,SCPT,21.38767647058824,0.5761098039215686,1.365986274509804,2.693653070326828,601.0,21.797472352941178,0.0,12.5,23.46049876311422,22.46049876311422,394.32847897294175,122.625,271.70347897294175,0.05809245977279315,6.398594934535208,Dévai 14,Dévai 14__SCPTu1
Dévai 14,SCPTu1,17.5,18.71,18.105,4.5,Tertiary,SCPT,19.37584677419354,0.5248725806451615,1.0726564516129031,2.7089013799605035,602.0,19.69764370967741,0.0,13.605,23.313330555000302,22.313330555000302,417.5878496982805,133.46505000000002,284.12279969828046,0.04871310583505331,6.400257445308821,Dévai 14,Dévai 14__SCPTu1
Tömő u. 23,Cpt1,1.0,2.0,1.5,3.5,Quaternary,MASW,3.535673267326731,0.0177524752475247,0.0009514851485148,0.5020960339173856,195.33301458310092,3.535958712871285,2.0,0.0,17.874767784179134,16.874767784179134,25.3121516762687,0.0,25.3121516762687,0.00027102846496484585,5.274705869080443,Tömő u. 23,Tömő u. 23__Cpt1
Tömő u. 23,Cpt1,2.0,3.0,2.5,3.5,Quaternary,MASW,3.5419207920792064,0.0291782178217821,0.0013455445544554,0.823796452112463,192.41851868248412,3.542324455445543,1.0,0.0,18.617504201462694,17.617504201462694,44.043760503656735,0.0,44.043760503656735,0.00038463024319372184,5.259672784548243,Tömő u. 23,Tömő u. 23__Cpt1
Tömő u. 23,Cpt1,3.0,4.0,3.5,3.5,Quaternary,MASW,1.257316831683168,0.0478712871287128,0.0420475247524752,3.8074163903960168,208.20137017551997,1.2699310891089106,0.0,0.0,19.020421387691545,18.020421387691545,63.07147485692041,0.0,63.07147485692041,0.03484044395547712,5.338505737213584,Tömő u. 23,Tömő u. 23__Cpt1
Tömő u. 23,Cpt1,4.0,5.0,4.5,3.5,Quaternary,MASW,3.2757029702970297,0.0972277227722772,0.0637376237623762,2.9681483227846197,192.24780332045268,3.2948242574257427,0.0,1.0,20.30019206126456,19.30019206126456,87.85086427569053,9.81,78.04086427569052,0.016815737816086383,5.25878518215898,Tömő u. 23,Tömő u. 23__Cpt1
Tömő u. 23,Cpt1,5.0,6.0,5.5,3.5,Quaternary,MASW,6.588683168316833,0.1164455445544555,0.0893851485148514,1.7673568690388717,180.71573428578316,6.615498712871289,0.0,2.0,20.78369441621692,19.78369441621692,110.81031928919307,19.62,91.19031928919307,0.010725363659800482,5.196925267884838,Tömő u. 23,Tömő u. 23__Cpt1
Tömő u. 23,Cpt1,6.0,7.0,6.5,3.5,Quaternary,MASW,7.707108910891088,0.0744950495049505,0.0432039603960396,0.9665757986069184,171.01706808707598,7.7200700990099,0.0,3.0,20.25319125894254,19.25319125894254,128.1457431831265,29.43,98.7157431831265,0.0018142910480223814,5.14176336489635,Tömő u. 23,Tömő u. 23__Cpt1
Tömő u. 23,Cpt1,7.0,8.0,7.5,3.5,Quaternary,MASW,6.821376237623761,0.063089108910891,0.0296574257425742,0.924873613669318,188.8576036691429,6.830273465346534,0.0,4.0,20.012735500682837,19.012735500682837,146.59551625512128,39.24,107.35551625512127,-0.0014337277065733646,5.240993311356368,Tömő u. 23,Tömő u. 23__Cpt1
Tömő u. 23,Cpt1,8.0,9.0,8.5,3.5,Quaternary,MASW,16.69129702970298,0.0877722772277228,0.0349346534653465,0.525856541115575,245.96683319461823,16.701777425742584,0.0,5.0,20.747049964833273,19.747049964833273,172.84992470108284,49.050000000000004,123.79992470108283,-0.0008539783681526878,5.505196702430614,Tömő u. 23,Tömő u. 23__Cpt1
Tömő u. 23,Cpt1,9.0,10.0,9.5,3.5,Quaternary,MASW,9.105475247524751,0.1066336633663366,0.2253871287128712,1.1710938799742947,283.93973209690654,9.173091386138612,0.0,6.0,20.842882215348425,19.842882215348425,194.50738104581004,58.86,135.64738104581005,0.018547148260618186,5.648762004714896,Tömő u. 23,Tömő u. 23__Cpt1
Tömő u. 23,Cpt1,10.0,11.0,10.5,3.5,Tertiary,MASW,5.3326336633663365,0.1594455445544554,0.1130039603960396,2.989996212374396,305.5845956841096,5.366534851485149,0.0,7.0,21.235876639674967,20.235876639674967,219.47670471658716,68.67,150.80670471658715,0.008613456295199124,5.722226649229065,Tömő u. 23,Tömő u. 23__Cpt1
Tömő u. 23,Cpt1,11.0,12.0,11.5,3.5,Tertiary,MASW,6.989613861386134,0.2024455445544552,0.1294851485148515,2.8963766607030794,318.64401219028895,7.028459405940589,0.0,8.0,21.65238787783697,20.65238787783697,245.50246059512514,78.48,167.02246059512515,0.007519603754797787,5.764074530403106,Tömő u. 23,Tömő u. 23__Cpt1
Tömő u. 23,Cpt1,12.0,13.0,12.5,3.5,Tertiary,MASW,7.363316831683169,0.2175841584158416,0.0710415841584158,2.954974821667485,322.0731260784149,7.384629306930694,0.0,9.0,21.776454939104493,20.776454939104493,268.70568673880615,88.29,180.41568673880613,-0.002423918069137325,5.774778619383599,Tömő u. 23,Tömő u. 23__Cpt1
Tömő u. 23,Cpt1,13.0,14.0,13.5,3.5,Tertiary,MASW,7.588999999999998,0.2279801980198019,0.2287999999999998,3.0040874689656345,319.8451162543098,7.657639999999998,0.0,10.0,21.86135769773407,20.86135769773407,291.62832891940997,98.10000000000001,193.52832891940994,0.017743659097518946,5.767836866917016,Tömő u. 23,Tömő u. 23__Cpt1
Tömő u. 23,Cpt1,14.0,14.2,14.1,3.5,Tertiary,MASW,5.942095238095239,0.1864285714285714,0.0702714285714285,3.137421464290293,322.0,5.963176666666668,0.0,10.6,21.52066534256497,20.52066534256497,299.9413813301661,103.986,195.95538133016612,-0.005953235161510375,5.7745515455444085,Tömő u. 23,Tömő u. 23__Cpt1
Tömő u. 23,CPT2,2.0,3.0,2.5,3.5,Quaternary,MASW,3.554831683168316,0.0281386138613861,0.003109900990099,0.7915596677788979,145.07791806916796,3.5557646534653453,1.0,0.0,18.569811678192025,17.569811678192025,43.92452919548006,0.0,43.92452919548006,0.0008855474281436911,4.977270964085434,Tömő u. 23,Tömő u. 23__CPT2
Tömő u. 23,CPT2,3.0,4.0,3.5,3.5,Quaternary,MASW,1.918960396039604,0.0204158415841584,0.0159584158415841,1.063901142842401,135.77595066181453,1.9237479207920796,0.0,0.0,17.999344759261316,16.999344759261316,59.497706657414604,0.0,59.497706657414604,0.008560232805976406,4.911006105640566,Tömő u. 23,Tömő u. 23__CPT2
Tömő u. 23,CPT2,4.0,5.0,4.5,3.5,Quaternary,MASW,1.6053762376237624,0.0986930693069306,0.0590316831683168,6.147659781797548,207.83062350057065,1.6230857425742573,0.0,1.0,20.105087785698235,19.105087785698235,86.97289503564205,9.81,77.16289503564205,0.0320430124955904,5.336723437877343,Tömő u. 23,Tömő u. 23__CPT2
Tömő u. 23,CPT2,5.0,6.0,5.5,3.5,Quaternary,MASW,4.993297029702971,0.1024554455445544,0.0870980198019801,2.0518596217106886,241.49697661905745,5.019426435643565,0.0,2.0,20.52743619648294,19.52743619648294,109.40089908065619,19.62,89.78089908065618,0.013742906080528394,5.486856953838516,Tömő u. 23,Tömő u. 23__CPT2
Tömő u. 23,CPT2,6.0,7.0,6.5,3.5,Quaternary,MASW,7.129821782178219,0.0594851485148515,0.058989108910891,0.8343146621636637,220.1001456011517,7.147518514851487,0.0,3.0,19.926836615670013,18.926836615670013,126.02443800185507,29.43,96.59443800185508,0.004209803296473537,5.394082650054922,Tömő u. 23,Tömő u. 23__CPT2
Tömő u. 23,CPT2,7.0,8.0,7.5,3.5,Quaternary,MASW,8.101910891089112,0.0613465346534653,0.0265960396039603,0.7571859957252476,192.10938907392375,8.1098897029703,0.0,4.0,20.027229789760916,19.027229789760916,146.70422342320688,39.24,107.46422342320687,-0.0015878018198263579,5.258064944550571,Tömő u. 23,Tömő u. 23__CPT2
Tömő u. 23,CPT2,8.0,9.0,8.5,3.5,Quaternary,MASW,2.7807128712871285,0.0835940594059406,0.0311049504950495,3.0062096762707773,173.70283986615854,2.790044356435643,0.0,5.0,20.137379808959842,19.137379808959842,167.66772837615866,49.050000000000004,118.61772837615865,-0.006843048139210097,5.157346022371665,Tömő u. 23,Tömő u. 23__CPT2
Tömő u. 23,CPT2,9.0,10.0,9.5,3.5,Quaternary,MASW,10.776237623762375,0.2006435643564356,0.0453168316831683,1.8619073869900773,220.16264992636596,10.789832673267329,0.0,6.0,21.743277312903587,20.743277312903587,203.06113447258406,58.86,144.20113447258404,-0.001279253856305803,5.394366591038667,Tömő u. 23,Tömő u. 23__CPT2
Tömő u. 23,CPT2,10.0,11.0,10.5,3.5,Quaternary,MASW,5.852653465346535,0.1969504950495049,0.0714663366336633,3.3651487520258225,204.12092081968143,5.874093366336634,0.0,7.0,21.54775799832713,20.54775799832713,222.75145898243483,68.67,154.0814589824348,0.0004948093177700612,5.318712567353935,Tömő u. 23,Tömő u. 23__CPT2
Tömő u. 23,CPT2,11.0,12.0,11.5,3.5,Quaternary,MASW,12.887643564356429,0.2613762376237625,0.0533643564356435,2.02811504150111,232.16348896923972,12.903652871287122,0.0,8.0,22.18105407415031,21.18105407415031,251.58212185272856,78.48,173.10212185272854,-0.0019851014163416126,5.447441817319128,Tömő u. 23,Tömő u. 23__CPT2
Tömő u. 23,CPT2,12.0,13.0,12.5,3.5,Quaternary,MASW,6.799346534653465,0.1944851485148515,0.0139336633663366,2.860350586981277,208.5698011236357,6.803526633663366,0.0,9.0,21.60044213964558,20.60044213964558,266.50552674556974,88.29,178.21552674556972,-0.011374651453240053,5.340273762784743,Tömő u. 23,Tömő u. 23__CPT2
Tömő u. 23,CPT2,13.0,14.0,13.5,3.5,Quaternary,MASW,8.431108910891092,0.3036930693069306,0.0470178217821782,3.602053686136442,221.35743614256288,8.445214257425746,0.0,10.0,22.27718574474339,21.27718574474339,297.2420075540358,98.10000000000001,199.14200755403579,-0.006269311756508019,5.399778753113813,Tömő u. 23,Tömő u. 23__CPT2
Tömő u. 23,CPT2,14.0,15.0,14.5,3.5,Quaternary,MASW,14.805019801980198,0.3223861386138614,0.1094029702970297,2.177546149386046,437.1449424002657,14.837840693069309,0.0,11.0,22.539177651093496,21.539177651093496,323.3180759408557,107.91000000000001,215.40807594085567,0.00010286044787086869,6.080264816076422,Tömő u. 23,Tömő u. 23__CPT2
Tömő u. 23,CPT2,15.0,15.9,15.45,3.5,Quaternary,MASW,14.048285714285717,0.4131098901098901,0.2549483516483518,2.940642712653532,462.6168452811813,14.124770219780222,0.0,11.95,22.867136710075084,21.867136710075084,349.79726217066,117.2295,232.56776217066002,0.009997758403748676,6.136899163490559,Tömő u. 23,Tömő u. 23__CPT2
Puskas,CPTu 104,1.0,2.8,1.9,2.0,Quaternary,MASW,2.687098901098901,0.0260401098901099,0.0008901098901098,0.9690789527494011,163.18443070516346,2.6873659340659346,0.10000000000000009,0.0,18.341010172811178,17.341010172811178,32.947919328341236,0.0,32.947919328341236,0.0003353314682042622,5.094881037888219,Puskas,Puskas__CPTu 104
Puskas,CPTu 104,2.8,4.0,3.4,2.0,Quaternary,MASW,6.007704918032786,0.0548801639344262,0.0029508196721311,0.9134963298496468,210.25515579391984,6.008590163934426,0.0,1.4,19.672716590370616,18.672716590370616,64.88723640726009,13.734,51.15323640726009,-0.001814219260173416,5.348321820758908,Puskas,Puskas__CPTu 104
Puskas,CPTu 104,4.0,5.0,4.5,2.0,Quaternary,MASW,7.375549019607845,0.0590160784313725,0.0087058823529411,0.8001584461641937,195.19172023592088,7.378160784313727,0.0,2.5,19.87313188774433,18.87313188774433,87.42909349484948,24.525000000000002,62.90409349484948,-0.002169757209277048,5.273982256255198,Puskas,Puskas__CPTu 104
Puskas,CPTu 104,5.0,6.3,5.65,2.0,Quaternary,MASW,38.8105303030303,0.1692496969696969,0.0276212121212121,0.436092203966824,246.706066828521,38.81881666666666,0.0,3.6500000000000004,21.828942081813626,20.828942081813626,121.33352276224699,35.80650000000001,85.52702276224699,-0.00021151990294431444,5.508197615160462,Puskas,Puskas__CPTu 104
Puskas,CPTu 104,6.3,7.1,6.699999999999999,2.0,Quaternary,MASW,34.82160975609757,0.2395368292682926,0.0240243902439024,0.6878970585969181,285.97711503811126,34.82881707317075,0.0,4.699999999999999,22.288015911166557,21.288015911166557,147.32970660481593,46.10699999999999,101.22270660481593,-0.0006367261450668329,5.655911790269032,Puskas,Puskas__CPTu 104
Puskas,CPTu 104,7.1,8.3,7.7,2.0,Tertiary,MASW,2.852147540983607,0.0940480327868852,0.0427704918032786,3.297446272868877,234.8737739152925,2.8649786885245905,0.0,5.7,20.28991103530938,19.28991103530938,154.23231497188223,55.917,98.31531497188223,-0.004849774337055212,5.45904823756159,Puskas,Puskas__CPTu 104
Puskas,CPTu 104,8.3,9.8,9.05,2.0,Tertiary,MASW,14.571184210526312,0.3513647368421052,0.0621184210526315,2.411367063689149,312.9671055278385,14.5898197368421,0.0,7.050000000000001,22.58237931663916,21.58237931663916,202.3705328155844,69.16050000000001,133.21003281558438,-0.0004894598651578691,5.746098090857115,Puskas,Puskas__CPTu 104
Puskas,CPTu 104,9.8,10.5,10.15,2.0,Tertiary,MASW,5.5125,0.1714141666666666,0.0763611111111111,3.109554043839758,276.2181107129158,5.535408333333334,0.0,8.15,21.337883364467505,20.337883364467505,214.57951614934518,79.95150000000001,134.62801614934517,-0.0006747800036891805,5.62119080983534,Puskas,Puskas__CPTu 104
Puskas,CPTu 104,10.5,11.5,11.0,2.0,Tertiary,MASW,11.760176470588242,0.2900625490196079,0.0718039215686274,2.4664812619525174,324.4570490369466,11.78171764705883,0.0,9.0,22.287229756845253,21.287229756845253,243.15952732529777,88.29,154.86952732529778,-0.0014287815046125822,5.782153166942886,Puskas,Puskas__CPTu 104
Puskas,CPTu 104,11.5,12.5,12.0,2.0,Tertiary,MASW,8.358156862745101,0.3351811764705882,0.0573921568627451,4.010228355064676,311.63967452618743,8.375374509803924,0.0,10.0,22.39059960135666,21.39059960135666,266.6871952162799,98.10000000000001,168.5871952162799,-0.005020275361219186,5.741847631071749,Puskas,Puskas__CPTu 104
Puskas,CPTu 104,12.5,13.5,13.0,2.0,Tertiary,MASW,7.277098039215686,0.2257449019607842,0.0264901960784313,3.102128083808456,295.5140211867028,7.285045098039216,0.0,11.0,21.827519526653283,20.827519526653283,281.7577538464927,107.91000000000001,173.84775384649265,-0.011625940778952012,5.688716284744858,Puskas,Puskas__CPTu 104
Puskas,CPTu 104,13.5,14.5,14.0,2.0,Tertiary,MASW,21.356117647058834,0.4398009803921568,0.2666862745098039,2.05936766064185,335.13074954740495,21.436123529411777,0.0,12.0,23.06411882627105,22.06411882627105,320.89766356779467,117.72,203.17766356779467,0.007054922142735493,5.814520752835376,Puskas,Puskas__CPTu 104
Puskas,CPTu 104,14.5,15.5,15.0,2.0,Tertiary,MASW,10.56556862745098,0.2768441176470588,0.0802352941176471,2.620248160877731,323.96592211186413,10.589639215686272,0.0,13.0,22.236456360712026,21.236456360712026,331.5468454106804,127.53,204.01684541068042,-0.004610477677057834,5.78063833159358,Puskas,Puskas__CPTu 104
Puskas,CPTu 104,15.5,16.5,16.0,2.0,Tertiary,MASW,27.10019607843137,0.9581470588235298,0.0744901960784313,3.5355724218766973,437.4866573166197,27.122543137254905,0.0,14.0,24.203130609791224,23.203130609791224,385.2500897566596,137.34,247.91008975665957,-0.0023506419969260665,6.081046207770597,Puskas,Puskas__CPTu 104
Puskas,CPTu 104,16.5,17.0,16.75,2.0,Tertiary,MASW,18.92253846153846,0.7223461538461537,0.0689999999999999,3.817385047542004,413.7721971704041,18.94323846153846,0.0,14.75,23.720253476774236,22.720253476774236,395.3142457359685,144.69750000000002,250.61674573596846,-0.004081184455967705,6.025315574002452,Puskas,Puskas__CPTu 104
Puskas,CPTu 104,17.0,17.9,17.45,2.0,Tertiary,MASW,20.48502173913044,0.3033604347826086,0.0564565217391304,1.480889005858999,341.0583951550048,20.501958695652178,0.0,15.45,22.582121948393905,21.582121948393905,392.0580279994736,151.5645,240.4935279994736,-0.004729410643676288,5.83205370941133,Puskas,Puskas__CPTu 104
Puskas,CPTu 105,1.0,2.0,1.5,2.0,Quaternary,MASW,9.833725490196075,0.0833382352941176,0.0004705882352941,0.8474736800127611,207.27264054799303,9.833866666666664,0.5,0.0,20.267634466189968,19.267634466189968,28.90145169928495,0.0,28.90145169928495,4.799489085139663e-05,5.334035030741223,Puskas,Puskas__CPTu 105
Puskas,CPTu 105,2.0,3.0,2.5,2.0,Quaternary,MASW,3.3862745098039224,0.0293878431372548,0.0003333333333333,0.867851766068326,158.72141746342407,3.386374509803922,0.0,0.5,18.613454603829844,17.613454603829844,44.533636509574606,4.905,39.628636509574605,-0.001368008483946755,5.067150574087814,Puskas,Puskas__CPTu 105
Puskas,CPTu 105,3.0,4.0,3.5,2.0,Quaternary,MASW,11.71243137254902,0.0718870588235294,0.001235294117647,0.6137671721348523,215.63788526793937,11.712801960784317,0.0,1.5,20.243222232341548,19.243222232341548,68.85127781319542,14.715,54.13627781319542,-0.0011576574179472101,5.373600543764557,Puskas,Puskas__CPTu 105
Puskas,CPTu 105,4.0,5.0,4.5,2.0,Quaternary,MASW,23.232333333333337,0.0661911764705882,0.0409607843137255,0.284909722673522,206.6519916051882,23.24462156862745,0.0,2.5,20.376466176332727,19.376466176332727,89.69409779349726,24.525000000000002,65.16909779349726,0.0007098180002691902,5.331036178487822,Puskas,Puskas__CPTu 105
Puskas,CPTu 105,5.0,6.5,5.75,2.0,Quaternary,MASW,38.44953947368422,0.1897094736842105,0.035578947368421,0.4933985589451656,244.4049327006428,38.46021315789474,0.0,3.75,21.982274528987897,20.982274528987897,124.3980785416804,36.7875,87.61057854168041,-3.152541896076444e-05,5.498826409993288,Puskas,Puskas__CPTu 105
Puskas,CPTu 105,6.5,7.3,6.9,2.0,Quaternary,MASW,33.549780487804874,0.2132851219512195,0.0408780487804878,0.635727324739866,300.54341875664136,33.56204390243902,0.0,4.9,22.124691821689034,21.124691821689034,150.66037356965433,48.069,102.59137356965432,-0.0002152245869524919,5.705592231912669,Puskas,Puskas__CPTu 105
Puskas,CPTu 105,7.3,8.7,8.0,2.0,Tertiary,MASW,4.991380281690141,0.1462347887323943,0.0703521126760563,2.929746492544893,257.4156054634633,5.012485915492958,0.0,6.0,21.059714087671658,20.059714087671658,166.47771270137326,58.86,107.61771270137326,0.0023714596003853597,5.550691920610449,Puskas,Puskas__CPTu 105
Puskas,CPTu 105,8.7,10.0,9.35,2.0,Tertiary,MASW,8.472848484848484,0.2357521212121212,0.0103030303030303,2.7824423112687944,289.92602749610785,8.475939393939393,0.0,7.35,21.88471170952686,20.88471170952686,202.62205448407616,72.1035,130.51855448407616,-0.007469853646522689,5.669625812843067,Puskas,Puskas__CPTu 105
Puskas,CPTu 105,10.0,11.0,10.5,2.0,Tertiary,MASW,5.087098039215687,0.1713003921568627,0.0337843137254902,3.3673499279222328,269.63528133696855,5.0972333333333335,0.0,8.5,21.31677753615249,20.31677753615249,221.82616412960112,83.385,138.44116412960113,-0.010173650026159919,5.597070235969217,Puskas,Puskas__CPTu 105
Puskas,CPTu 105,11.0,12.0,11.5,2.0,Tertiary,MASW,7.229313725490197,0.218121568627451,0.126156862745098,3.017182223789311,296.4125627351424,7.2671607843137265,0.0,9.5,21.762951323622488,20.762951323622488,248.27394022165862,93.19500000000001,155.07894022165863,0.00469616671094258,5.6917522769203055,Puskas,Puskas__CPTu 105
Puskas,CPTu 105,12.0,13.0,12.5,2.0,Tertiary,MASW,15.087254901960783,0.3206160784313726,0.1155686274509803,2.1250789524985385,332.81720212636026,15.121925490196077,0.0,10.5,22.516259693172834,21.516259693172834,279.4532461646604,103.00500000000001,176.44824616466042,0.0008464646080798625,5.80759339669283,Puskas,Puskas__CPTu 105
Puskas,CPTu 105,13.0,14.12,13.56,2.0,Tertiary,MASW,12.816982456140346,0.2421631578947367,0.0185438596491228,1.889392910721521,319.0,12.822545614035084,0.0,11.56,22.099962695573552,21.099962695573552,297.6754941519774,113.40360000000001,184.27189415197736,-0.007573710501020552,5.765191102784844,Puskas,Puskas__CPTu 105
Puskas,CPTu 105a,1.0,2.0,1.5,2.0,Quaternary,MASW,13.154803921568629,0.1253821568627451,0.0021764705882352,0.9531282838596205,203.07003454043985,13.155456862745098,0.5,0.0,20.906015052843173,19.906015052843173,29.85902257926476,0.0,29.85902257926476,0.0001658187775321708,5.313550917279909,Puskas,Puskas__CPTu 105a
Puskas,CPTu 105a,2.0,3.0,2.5,2.0,Quaternary,MASW,5.457411764705883,0.0515692156862745,0.0005294117647058,0.9449390647006408,164.1698805554823,5.457570588235295,0.0,0.5,19.51563038747873,18.51563038747873,46.78907596869682,4.905,41.88407596869682,-0.0008086795272317786,5.1009017487401165,Puskas,Puskas__CPTu 105a
Puskas,CPTu 105a,3.0,4.0,3.5,2.0,Quaternary,MASW,12.228137254901958,0.1473117647058823,0.0008627450980392,1.204695053997932,226.5301257540227,12.22839607843137,0.0,1.5,21.2222371422114,20.2222371422114,72.2778299977399,14.715,57.5628299977399,-0.0011395294631775833,5.422877941615161,Puskas,Puskas__CPTu 105a
Puskas,CPTu 105a,4.0,5.2,4.6,2.0,Quaternary,MASW,29.28695081967213,0.1364213114754098,0.0330163934426229,0.4658092005391535,214.0557725227909,29.29685573770492,0.0,2.5999999999999996,21.423619676069734,20.423619676069734,96.54865050992078,25.505999999999997,71.04265050992078,0.0002572025499662084,5.366236600331928,Puskas,Puskas__CPTu 105a
Puskas,CPTu 105a,5.2,6.5,5.85,2.0,Quaternary,MASW,42.74128787878789,0.1833084848484848,0.0601363636363636,0.4288791797016934,228.08041455768125,42.75932878787879,0.0,3.8499999999999996,21.970749011268683,20.970749011268683,126.52888171592178,37.768499999999996,88.7603817159218,0.000524663256591087,5.429698262200455,Puskas,Puskas__CPTu 105a
Puskas,CPTu 105a,6.5,7.3,6.9,2.0,Quaternary,MASW,41.25868292682927,0.2351014634146341,0.0348780487804877,0.5698229966079572,286.4074786821876,41.26914634146341,0.0,4.9,22.318649570394033,21.318649570394033,151.99868203571884,48.069,103.92968203571884,-0.00032081386891845285,5.657415547462695,Puskas,Puskas__CPTu 105a
Puskas,CPTu 105a,7.3,8.7,8.0,2.0,Tertiary,MASW,5.656070422535215,0.236894366197183,0.0679859154929577,4.1883206625811455,264.2290965879465,5.676466197183101,0.0,6.0,21.74699400563421,20.74699400563421,171.97595204507368,58.86,113.11595204507368,0.0016579038360579137,5.576816516940031,Puskas,Puskas__CPTu 105a
Puskas,CPTu 105a,8.7,10.0,9.35,2.0,Tertiary,MASW,9.712893939393942,0.3496503030303031,0.0306212121212121,3.599857109652742,294.3799419997476,9.722080303030303,0.0,7.35,22.457064392155225,21.457064392155225,207.97355206665134,72.1035,135.87005206665134,-0.00436008224046743,5.684871252739309,Puskas,Puskas__CPTu 105a
Puskas,CPTu 105a,10.0,11.0,10.5,2.0,Tertiary,MASW,10.76443137254902,0.4265274509803922,0.0164117647058823,3.9623779112764272,316.6613959944379,10.769354901960783,0.0,8.5,22.77236091171037,21.77236091171037,237.10978957295887,83.385,153.72478957295885,-0.00635887548945714,5.757833051559869,Puskas,Puskas__CPTu 105a
Puskas,CPTu 105a,11.0,12.0,11.5,2.0,Tertiary,MASW,8.307372549019604,0.3516841176470587,0.0094313725490196,4.233397690688168,320.1817390435761,8.31020196078431,0.0,9.5,22.44683193476494,21.44683193476494,256.13856724979684,93.19500000000001,162.94356724979684,-0.010400169871796958,5.76888876909118,Puskas,Puskas__CPTu 105a
Puskas,CPTu 105a,12.0,13.0,12.5,2.0,Tertiary,MASW,6.37878431372549,0.2175478431372549,0.0142549019607843,3.4104906583711943,292.3243246637816,6.383060784313725,0.0,10.5,21.731920414173814,20.731920414173814,269.6490051771727,103.00500000000001,166.6440051771727,-0.014517277953056618,5.677863886799756,Puskas,Puskas__CPTu 105a
Puskas,CPTu 105a,13.0,13.45,13.225,2.0,Tertiary,MASW,17.442583333333335,0.1975654166666666,0.0304166666666666,1.1326614463645002,293.2251197283667,17.451708333333336,0.0,11.225,21.916051003597353,20.916051003597353,287.839774522575,110.11725,177.722524522575,-0.004643509303292849,5.68094064072317,Puskas,Puskas__CPTu 105a
Puskas,CPTu 105b,1.0,2.0,1.5,2.0,Quaternary,MASW,10.718509803921563,0.1062507843137254,0.0009411764705882,0.991283175156043,190.9938787397064,10.718792156862742,0.5,0.0,20.62084185853184,19.62084185853184,29.43126278779776,0.0,29.43126278779776,8.804796469262151e-05,5.252241379049853,Puskas,Puskas__CPTu 105b
Puskas,CPTu 105b,2.0,3.0,2.5,2.0,Quaternary,MASW,10.300607843137254,0.1217586274509803,0.0009215686274509,1.1820528390671785,191.8727199208419,10.300884313725488,0.0,0.5,20.865381565415547,19.865381565415547,50.163453913538866,4.905,45.258453913538865,-0.0003886001215940024,5.2568322351221495,Puskas,Puskas__CPTu 105b
Puskas,CPTu 105b,3.0,4.4,3.7,2.0,Quaternary,MASW,16.601352112676057,0.1317809859154929,0.0044225352112676,0.7937967041544215,225.42125665162249,16.602678873239437,0.0,1.7000000000000002,21.173174818878746,20.173174818878746,76.34074682985135,16.677000000000003,59.66374682985135,-0.0007415111983670113,5.417970903510587,Puskas,Puskas__CPTu 105b
Puskas,CPTu 105b,4.4,5.3,4.85,2.0,Quaternary,MASW,34.859760869565214,0.1394015217391304,0.0245217391304347,0.3998923637506558,215.9984124182276,34.86711739130435,0.0,2.8499999999999996,21.513215299901166,20.513215299901166,102.33909420452065,27.958499999999997,74.38059420452065,-9.88575517494959e-05,5.375271057741541,Puskas,Puskas__CPTu 105b
Puskas,CPTu 105b,5.3,6.5,5.9,2.0,Quaternary,MASW,35.6334262295082,0.1940011475409836,0.0379016393442622,0.5444358515834506,230.9055854621707,35.64479672131148,0.0,3.9000000000000004,21.992971789880688,20.992971789880688,127.75853356029606,38.25900000000001,89.49953356029604,-1.006166825760405e-05,5.442008906029638,Puskas,Puskas__CPTu 105b
Puskas,CPTu 105b,6.5,7.3,6.9,2.0,Quaternary,MASW,25.11241463414634,0.142440975609756,0.0396585365853658,0.5672133790594293,263.38069592274184,25.12431219512195,0.0,4.9,21.493154439597838,20.493154439597838,146.30276563322508,48.069,98.23376563322508,-0.00033671471853577385,5.573600498554921,Puskas,Puskas__CPTu 105b
Puskas,CPTu 105b,7.3,8.7,8.0,2.0,Tertiary,MASW,3.518197183098592,0.1506850704225352,0.0616197183098592,4.28301947220087,251.39253454287743,3.53668309859155,0.0,6.0,20.994054697368526,19.994054697368526,165.9524375789482,58.86,107.0924375789482,0.0008187299987445892,5.527015600181723,Puskas,Puskas__CPTu 105b
Puskas,CPTu 105b,8.7,10.0,9.35,2.0,Tertiary,MASW,11.325681818181822,0.3576201515151514,0.0824848484848485,3.157603729790833,312.61877516206926,11.350427272727275,0.0,7.35,22.53448452562799,21.53448452562799,208.6974303146217,72.1035,136.5939303146217,0.0009317537430615445,5.744984477482775,Puskas,Puskas__CPTu 105b
Puskas,CPTu 105b,10.0,11.0,10.5,2.0,Tertiary,MASW,9.930352941176473,0.3694801960784313,0.0879803921568627,3.720715650965153,317.55627388021264,9.95674705882353,0.0,8.5,22.555207313628674,21.555207313628674,234.82967679310107,83.385,151.44467679310105,0.0004726837285571477,5.760655043195092,Puskas,Puskas__CPTu 105b
Puskas,CPTu 105b,11.0,12.0,11.5,2.0,Tertiary,MASW,6.402509803921568,0.2070160784313725,0.0856666666666666,3.233358241865936,294.56513068992183,6.428209803921567,0.0,9.5,21.655305957094992,20.655305957094992,247.03601850659243,93.19500000000001,153.84101850659243,-0.0012179455868231977,5.685500135481912,Puskas,Puskas__CPTu 105b
Puskas,CPTu 105b,12.0,13.0,12.5,2.0,Tertiary,MASW,7.652921568627452,0.2510094117647058,0.0809803921568627,3.2799161668361934,306.618003282423,7.6772156862745105,0.0,10.5,21.980661942122214,20.980661942122214,272.7582742765277,103.00500000000001,169.7532742765277,-0.002974506654255209,5.725602683834567,Puskas,Puskas__CPTu 105b
Puskas,CPTu 105b,13.0,14.5,13.75,2.0,Tertiary,MASW,9.952776315789476,0.2458713157894738,0.0780263157894737,2.47037919861028,309.0054926016797,9.976184210526318,0.0,11.75,22.046109394922507,21.046109394922507,301.13400418018443,115.26750000000001,185.86650418018442,-0.003849198031664868,5.733359052149732,Puskas,Puskas__CPTu 105b
Puskas,CPTu 105b,14.5,15.6,15.05,2.0,Tertiary,MASW,11.863482142857142,0.4109242857142856,0.0717142857142857,3.463774638559204,373.22921534716966,11.884996428571428,0.0,13.05,22.803747991515035,21.803747991515035,341.19640727230126,128.02050000000003,213.17590727230123,-0.004877615185798902,5.922192749261751,Puskas,Puskas__CPTu 105b
Puskas,CPTu 105b,15.6,16.5,16.05,2.0,Tertiary,MASW,10.105195652173911,0.2863504347826087,0.0461739130434782,2.83369510733824,373.4975912838863,10.119047826086955,0.0,14.05,22.27778784138138,21.27778784138138,355.55849485417116,137.8305,217.72799485417116,-0.009387687521029822,5.92291155551295,Puskas,Puskas__CPTu 105b
Puskas,CPTu 105b,16.5,17.94,17.22,2.0,Tertiary,MASW,19.50590410958904,0.3683917808219178,0.0757671232876712,1.888616793931729,400.1815312092543,19.528634246575336,0.0,15.219999999999999,22.82692203815326,21.82692203815326,391.07959749699916,149.3082,241.77139749699916,-0.0038427624668270002,5.991918272182327,Puskas,Puskas__CPTu 105b
Puskas,CPTu 105b,17.94,18.0,17.97,2.0,Tertiary,MASW,8.006,0.211475,0.075,2.6414564076942293,350.6081552017557,8.028500000000001,0.0,15.969999999999999,21.815547957899607,20.815547957899607,390.0253968034559,156.6657,233.35969680345593,-0.010691362378271778,5.8596692329175655,Puskas,Puskas__CPTu 105b
Puskas,CPTu 105b,18.0,19.0,18.5,2.0,Tertiary,MASW,10.25662745098039,0.3074360784313725,0.073078431372549,2.9974382895421043,374.65111799992616,10.278550980392156,0.0,16.5,22.39855897479708,21.39855897479708,412.373341033746,161.865,250.50834103374598,-0.008999084739084905,5.9259952409241805,Puskas,Puskas__CPTu 105b
Puskas,CPTu 105b,19.0,19.98,19.49,2.0,Tertiary,MASW,13.20444,0.2604148,0.06902,1.972176025639861,378.7647664543246,13.225146,0.0,17.49,22.2591817935764,21.2591817935764,431.831453156804,171.5769,260.25455315680404,-0.008016444809864097,5.936915343401743,Puskas,Puskas__CPTu 105b
Puskas,CPTu 106b,1.0,2.3,1.65,2.0,Quaternary,MASW,7.590727272727274,0.0607246969696969,0.0007575757575757,0.799985229187126,166.46592004006249,7.590954545454546,0.3500000000000001,0.0,19.776409779591745,18.776409779591745,30.98107613632638,0.0,30.98107613632638,0.00010020878520940371,5.11479060402571,Puskas,Puskas__CPTu 106b
Puskas,CPTu 106b,2.3,3.0,2.65,2.0,Quaternary,MASW,13.245527777777776,0.1749952777777777,0.0020555555555555,1.321165005379174,213.10110515722656,13.246144444444443,0.0,0.6499999999999999,21.438515400351758,20.438515400351758,54.812065810932154,6.376499999999999,48.435565810932154,-0.0003275593640141532,5.361766725187917,Puskas,Puskas__CPTu 106b
Puskas,CPTu 106b,3.0,4.0,3.5,2.0,Quaternary,MASW,34.2056274509804,0.275987450980392,0.0086470588235294,0.8068480877186239,255.60486092847967,34.20822156862746,0.0,1.5,22.380190741757076,21.380190741757076,76.33066759614977,14.715,61.61566759614976,-0.00017777922688388923,5.543632740039602,Puskas,Puskas__CPTu 106b
Puskas,CPTu 106b,4.0,5.0,4.5,2.0,Quaternary,MASW,33.763568627450994,0.1722670588235293,0.0309019607843137,0.5102157912403551,214.86118457919997,33.77283921568629,0.0,2.5,21.77778437090122,20.77778437090122,96.0000296690555,24.525000000000002,71.47502966905549,0.00018935746163973251,5.369992166483926,Puskas,Puskas__CPTu 106b
Puskas,CPTu 106b,5.0,6.5,5.75,2.0,Quaternary,MASW,31.93111842105263,0.1591728947368421,0.0569342105263157,0.498488316750901,213.649738774907,31.948198684210524,0.0,3.75,21.689597107269933,20.689597107269933,122.71518336680211,36.7875,85.92768336680211,0.0006330370605612821,5.364337939411575,Puskas,Puskas__CPTu 106b
Puskas,CPTu 106b,6.5,7.8,7.15,2.0,Quaternary,MASW,22.026515151515145,0.1723971212121212,0.035060606060606,0.782679965606191,265.60177278354627,22.037033333333326,0.0,5.15,21.715371213082747,20.715371213082747,153.26490417354165,50.5215,102.74340417354165,-0.000706500527523066,5.58199809221685,Puskas,Puskas__CPTu 106b
Puskas,CPTu 106b,7.8,9.0,8.4,2.0,Tertiary,MASW,7.51901639344262,0.2198108196721311,0.0505081967213114,2.9233985959098256,285.95755638825125,7.534168852459014,0.0,6.4,21.739289012632113,20.739289012632113,180.61002770610975,62.784000000000006,117.82602770610974,-0.0016693690186263112,5.6558433955699705,Puskas,Puskas__CPTu 106b
Puskas,CPTu 106b,9.0,10.0,9.5,2.0,Tertiary,MASW,5.192509803921569,0.1766174509803921,0.0568431372549019,3.4013888783995045,270.55175189310285,5.209562745098039,0.0,7.5,21.350213879840588,20.350213879840588,200.8270318584856,73.575,127.25203185848561,-0.0033405361558348744,5.600463399370322,Puskas,Puskas__CPTu 106b
Puskas,CPTu 106b,10.0,11.0,10.5,2.0,Tertiary,MASW,8.091490196078432,0.238511568627451,0.032470588235294,2.947684083496096,300.2910177067554,8.10123137254902,0.0,8.5,21.903257484637752,20.903257484637752,227.9842035886964,83.385,144.5992035886964,-0.0064667615117473,5.704752063475524,Puskas,Puskas__CPTu 106b
Puskas,CPTu 106b,11.0,12.0,11.5,2.0,Tertiary,MASW,8.222529411764704,0.3104292156862745,0.1088627450980392,3.775349410634103,329.2169595598079,8.255188235294115,0.0,9.5,22.27682319534031,21.27682319534031,254.18346674641356,93.19500000000001,160.98846674641356,0.0019582221922463763,5.796716984972313,Puskas,Puskas__CPTu 106b
Puskas,CPTu 106b,12.0,13.0,12.5,2.0,Tertiary,MASW,6.485176470588237,0.2083849019607843,0.406921568627451,3.213249522289141,304.37851762332224,6.607252941176472,0.0,10.5,21.684480332287244,20.684480332287244,269.05600415359055,103.00500000000001,166.05100415359055,0.04795000402278505,5.718272050643412,Puskas,Puskas__CPTu 106b
Puskas,CPTu 106b,13.0,14.5,13.75,2.0,Tertiary,MASW,6.508157894736846,0.2124151315789472,0.5895394736842104,3.2638287978650244,305.9080287175228,6.68501973684211,0.0,11.75,21.72748667373196,20.72748667373196,296.7529417638144,115.26750000000001,181.4854417638144,0.0742411030875547,5.72328449702859,Puskas,Puskas__CPTu 106b
Puskas,CPTu 106b,14.5,15.6,15.05,2.0,Tertiary,MASW,7.640874999999999,0.2483333928571428,0.7957678571428571,3.250064853268021,339.95832130039133,7.879605357142856,0.0,13.05,22.000749050321087,21.000749050321087,329.1112732073324,128.02050000000003,201.09077320733235,0.08843757106750938,5.828823025685511,Puskas,Puskas__CPTu 106b
Puskas,CPTu 106b,15.6,16.5,16.05,2.0,Tertiary,MASW,7.012391304347824,0.2232080434782608,1.140065217391304,3.1830517407074432,346.8125163840661,7.354410869565216,0.0,14.05,21.845390790558,20.845390790558,348.6185221884559,137.8305,210.78802218845593,0.14305801081394875,5.848784335327975,Puskas,Puskas__CPTu 106b
Puskas,CPTu 106b,16.5,17.94,17.22,2.0,Tertiary,MASW,14.57298630136986,0.4405441095890413,0.5389726027397257,3.0230187586715167,396.8175641011732,14.734678082191778,0.0,15.219999999999999,22.982096531120423,21.982096531120423,393.75170226589364,149.3082,244.44350226589364,0.02717149453365645,5.983476638798956,Puskas,Puskas__CPTu 106b
Puskas,CPTu 106b,17.94,18.0,17.97,2.0,Tertiary,MASW,11.510750000000002,0.479125,0.035,4.162413396173142,400.8088318143445,11.521250000000002,0.0,15.969999999999999,23.026441965808,22.026441965808,411.78516212556974,156.6657,255.11946212556975,-0.010951535629800708,5.993484584992809,Puskas,Puskas__CPTu 106b
Puskas,CPTu 106b,18.0,19.0,18.5,2.0,Tertiary,MASW,14.701843137254905,0.4444527450980393,0.140156862745098,3.0231090139424968,401.38662122891856,14.743890196078434,0.0,16.5,23.00445446986133,22.00445446986133,423.5824076924346,161.865,261.71740769243456,-0.0015158987904231814,5.994925105535019,Puskas,Puskas__CPTu 106b
Puskas,CPTu 106b,19.0,20.0,19.5,2.0,Tertiary,MASW,11.566137254901962,0.3980445098039216,0.462313725490196,3.441464518633672,387.9174824560795,11.70483137254902,0.0,17.5,22.793355112825886,21.793355112825886,442.47042470010473,171.675,270.7954247001047,0.02580619879224412,5.960792642922664,Puskas,Puskas__CPTu 106b
Puskas,CPTu 106b,20.0,21.0,20.5,2.0,Tertiary,MASW,13.106117647058824,0.4782578431372549,0.7795490196078431,3.649119106180021,585.5471353150621,13.339982352941176,0.0,18.5,23.08743996555473,22.08743996555473,471.2925192938719,181.485,289.8075192938719,0.04647435188344555,6.372546684178445,Puskas,Puskas__CPTu 106b
Puskas,CPTu 106b,21.0,21.18,21.09,2.0,Tertiary,MASW,59.225,0.3455440000000001,0.6021,0.5834428028704096,596.7310192112477,59.40563,0.0,19.09,23.10798500005785,22.10798500005785,485.3474036512201,187.27290000000002,298.0745036512201,0.0070404804885594065,6.3914664577776,Puskas,Puskas__CPTu 106b
Puskas,CPTu 101,1.0,2.0,1.5,2.0,Quaternary,MASW,4.760784313725488,0.0512023529411764,0.0009215686274509,1.0755024711696874,138.68254140664703,4.761060784313724,0.5,0.0,19.391301472382544,18.391301472382544,27.586952208573816,0.0,27.586952208573816,0.00019469181834286058,4.932187446338605,Puskas,Puskas__CPTu 101
Puskas,CPTu 101,2.0,3.3,2.65,2.0,Quaternary,MASW,2.48439393939394,0.0518518181818181,0.0105454545454545,2.0871012990181126,175.6383057937299,2.487557575757576,0.0,0.6499999999999999,19.292480704926536,18.292480704926536,49.12507386805532,6.376499999999999,42.74857386805532,0.001709686260425094,5.168426799744751,Puskas,Puskas__CPTu 101
Puskas,CPTu 101,3.3,4.3,3.8,2.0,Quaternary,MASW,3.4461568627450982,0.040185294117647,0.1131176470588235,1.1660901032124449,226.254185497313,3.480092156862745,0.0,1.7999999999999998,19.1030502771944,18.1030502771944,70.5915910533387,17.657999999999998,52.9335910533387,0.02799813204787125,5.4216590818445605,Puskas,Puskas__CPTu 101
Puskas,CPTu 101,4.3,5.3,4.8,2.0,Quaternary,MASW,8.345137254901962,0.0530196078431372,0.0360980392156862,0.635335360266164,322.56166663971857,8.355966666666667,0.0,2.8,19.77596048215353,18.77596048215353,92.92461031433695,27.468,65.45661031433694,0.0010444142915927365,5.776294332343411,Puskas,Puskas__CPTu 101
Puskas,CPTu 101,5.3,6.5,5.9,2.0,Quaternary,MASW,39.51654098360655,0.1387552459016394,0.0324098360655737,0.3511320638089301,349.5909756775834,39.52626393442623,0.0,3.9000000000000004,21.573174375651597,20.573174375651597,125.28172881634443,38.25900000000001,87.02272881634443,-0.00014845223664483945,5.856763830168989,Puskas,Puskas__CPTu 101
Puskas,CPTu 101,6.5,7.5,7.0,2.0,Quaternary,MASW,25.756137254901944,0.1558631372549019,0.0508039215686274,0.6051495055813848,271.02729546635857,25.771378431372533,0.0,5.0,21.624183289092258,20.624183289092258,149.3692830236458,49.050000000000004,100.3192830236458,6.845370940554892e-05,5.6022195370857295,Puskas,Puskas__CPTu 101
Puskas,CPTu 101,7.5,8.0,7.75,2.0,Quaternary,MASW,1.9051923076923072,0.0928223076923077,0.0394230769230769,4.872070253356215,212.7095348061291,1.9170192307692304,0.0,5.75,20.151030410818557,19.151030410818557,154.17048568384382,56.407500000000006,97.76298568384382,-0.009634645697354163,5.359927548686797,Puskas,Puskas__CPTu 101
Puskas,CPTu 101,8.0,9.0,8.5,2.0,Quaternary,MASW,5.639882352941178,0.1200978431372549,0.0355686274509804,2.129438800698109,274.51122171261454,5.650552941176472,0.0,6.5,20.83973105372158,19.83973105372158,175.13771395663343,63.765,111.37271395663343,-0.005149631832275925,5.614992140669971,Puskas,Puskas__CPTu 101
Puskas,CPTu 101,9.0,10.0,9.5,2.0,Quaternary,MASW,24.505529411764705,0.1523925490196078,0.0500980392156862,0.6218700541374417,353.5717404298168,24.52055882352941,0.0,7.5,21.62250761780556,20.62250761780556,203.4138223691528,73.575,129.8388223691528,-0.0009654488955505934,5.868086407970813,Puskas,Puskas__CPTu 101
Puskas,CPTu 101,10.0,11.0,10.5,2.0,Quaternary,MASW,35.53696078431373,0.2057601960784313,0.0649215686274509,0.5790033574544039,351.59011300743686,35.556437254901965,0.0,8.5,22.15405546731901,21.15405546731901,230.61758240684964,83.385,147.23258240684964,-0.0005226610887934991,5.862466045414045,Puskas,Puskas__CPTu 101
Puskas,CPTu 101,11.0,12.0,11.5,2.0,Quaternary,MASW,23.143509803921567,0.2319233333333333,0.0742941176470588,1.0021095991846274,304.20050622200347,23.165798039215684,0.0,9.5,22.19799115077534,21.19799115077534,253.2768982339164,93.19500000000001,160.08189823391638,-0.0008249149989494057,5.717687043932958,Puskas,Puskas__CPTu 101
Puskas,CPTu 101,12.0,13.0,12.5,2.0,Tertiary,MASW,8.131490196078431,0.2278807843137255,0.0619215686274509,2.8024479993055325,265.2928323682341,8.150066666666666,0.0,10.5,21.868687004300764,20.868687004300764,271.35858755375955,103.00500000000001,168.35358755375955,-0.005214488334891429,5.58083424369706,Puskas,Puskas__CPTu 101
Puskas,CPTu 101,13.0,14.2,13.6,2.0,Tertiary,MASW,6.094737704918035,0.2609775409836066,0.0481475409836065,4.282014314955927,310.8084916587805,6.109181967213117,0.0,11.6,21.97572570028518,20.97572570028518,296.8698695238785,113.796,183.0738695238785,-0.011294723668141103,5.739176940059704,Puskas,Puskas__CPTu 101
Puskas,CPTu 101,14.2,16.2,15.2,2.0,Tertiary,MASW,12.858138613861389,0.3738365346534652,0.0599801980198019,2.907392320770755,312.0,12.876132673267328,0.0,13.2,22.702171595083083,21.702171595083083,343.0730082452628,129.492,213.58100824526284,-0.005546275517557405,5.7430031878094825,Puskas,Puskas__CPTu 101
Puskas,CPTu 102,1.0,2.0,1.5,2.0,Quaternary,MASW,4.722745098039216,0.0461758823529411,0.002235294117647,0.9777339533338868,173.75219099554448,4.723415686274509,0.5,0.0,19.249776561808858,18.249776561808858,27.374664842713287,0.0,27.374664842713287,0.0004759954411483125,5.157630094411695,Puskas,Puskas__CPTu 102
Puskas,CPTu 102,2.0,3.2,2.6,2.0,Quaternary,MASW,2.895163934426229,0.0298809836065573,0.0022131147540983,1.0320998839217463,169.63762925377875,2.8958278688524586,0.0,0.6000000000000001,18.593906281876713,17.593906281876713,46.34415633287946,5.886000000000001,40.458156332879454,-0.001288965165782278,5.133664569348272,Puskas,Puskas__CPTu 102
Puskas,CPTu 102,3.2,4.2,3.7,2.0,Quaternary,MASW,20.191372549019604,0.1412258823529412,0.0013529411764705,0.699436761963953,289.2965889689008,20.191778431372544,0.0,1.7000000000000002,21.32586308943578,20.32586308943578,76.9056934309124,16.677000000000003,60.22869343091239,-0.0007618272818910027,5.667452421276218,Puskas,Puskas__CPTu 102
Puskas,CPTu 102,4.2,5.0,4.6,2.0,Quaternary,MASW,19.37278048780488,0.119920975609756,0.008,0.6190178827724087,284.4555282995208,19.375180487804883,0.0,2.5999999999999996,21.124357088631005,20.124357088631005,95.17204260770262,25.505999999999997,69.66604260770262,-0.0009079871541426059,5.65057692605621,Puskas,Puskas__CPTu 102
Puskas,CPTu 102,5.0,6.0,5.5,2.0,Quaternary,MASW,31.90427450980392,0.1135741176470588,0.055313725490196,0.3559840159103398,283.6958939452112,31.92086862745098,0.0,3.5,21.228538029701348,20.228538029701348,114.75695916335741,34.335,80.4219591633574,0.0006595815832185771,5.647902868482049,Puskas,Puskas__CPTu 102
Puskas,CPTu 102,6.0,7.2,6.6,2.0,Quaternary,MASW,43.96563934426231,0.1537677049180328,0.0486229508196721,0.3497451810355628,281.5545998734863,43.98022622950821,0.0,4.6,21.760011630118278,20.760011630118278,141.61607675878062,45.126,96.49007675878062,7.976874283850402e-05,5.640326389246041,Puskas,Puskas__CPTu 102
Puskas,CPTu 102,7.2,9.3,8.25,2.0,Quaternary,MASW,4.342679245283018,0.1402010377358491,0.0531320754716981,3.228445616565726,250.98040992645232,4.358618867924528,0.0,6.25,20.96490283658251,19.96490283658251,170.9604484018057,61.3125,109.6479484018057,-0.0019534603133257084,5.525374887984089,Puskas,Puskas__CPTu 102
Puskas,CPTu 102,9.3,11.0,10.15,2.0,Quaternary,MASW,28.93784883720929,0.4041036046511627,0.0578372093023255,1.3964535060102747,312.01853719663126,28.95519999999999,0.0,8.15,22.995469837969413,21.995469837969413,231.40401885538955,79.95150000000001,151.45251885538954,-0.0007698944356863967,5.743062600136302,Puskas,Puskas__CPTu 102
Puskas,CPTu 102,11.0,12.5,11.75,2.0,Quaternary,MASW,39.811921052631575,0.2829898684210526,0.0604078947368421,0.7108169134740786,284.46017559275367,39.83004342105263,0.0,9.75,22.633749792291685,21.633749792291685,263.9465600594273,95.64750000000001,168.29906005942732,-0.0008906515440975775,5.650593263426408,Puskas,Puskas__CPTu 102
Puskas,CPTu 102,12.5,13.4,12.95,2.0,Quaternary,MASW,19.98313043478261,0.4286886956521739,0.0735869565217391,2.145252952490362,306.02310728847925,20.00520652173913,0.0,10.95,22.997489448594802,21.997489448594802,295.8174883593027,107.4195,188.39798835930267,-0.001716569875451851,5.723660613115979,Puskas,Puskas__CPTu 102
Puskas,CPTu 102,13.4,14.5,13.95,2.0,Tertiary,MASW,12.337374999999998,0.3877694642857143,0.0738928571428571,3.1430467525362107,301.69541044289565,12.359542857142856,0.0,11.95,22.726689354622998,21.726689354622998,315.0373164969908,117.2295,197.8078164969908,-0.003598042502525102,5.709417933728775,Puskas,Puskas__CPTu 102
Puskas,CPTu 102,14.5,15.5,15.0,2.0,Tertiary,MASW,6.341607843137257,0.2339015686274509,0.0731764705882352,3.688363809512029,315.54632358270493,6.363560784313727,0.0,13.0,21.85470296975477,20.85470296975477,325.82054454632157,127.53,198.29054454632157,-0.009002296762250023,5.754305497139068,Puskas,Puskas__CPTu 102
Puskas,CPTu 102,15.5,16.5,16.0,2.0,Tertiary,MASW,5.766666666666664,0.2002866666666666,0.0704901960784313,3.473179190751446,422.7887352526375,5.787813725490193,0.0,14.0,21.62624109610268,20.62624109610268,344.0198575376429,137.34,206.6798575376429,-0.012280002796415838,6.046872610435464,Puskas,Puskas__CPTu 102
Puskas,CPTu 102,16.5,17.5,17.0,2.0,Tertiary,MASW,7.096549019607842,0.1951249019607843,0.0759607843137255,2.7495744963030915,424.2404683388645,7.11933725490196,0.0,15.0,21.662725204103193,20.662725204103193,366.2663284697543,147.15,219.11632846975428,-0.010541754479081908,6.050300436776182,Puskas,Puskas__CPTu 102
Puskas,CPTu 102,17.5,18.5,18.0,2.0,Tertiary,MASW,13.124450980392153,0.2926541176470589,0.0731176470588235,2.2298389325715973,467.0582993691288,13.1463862745098,0.0,16.0,22.403103779823514,21.403103779823514,401.25586803682324,156.96,244.29586803682324,-0.006578383293637764,6.146454087926803,Puskas,Puskas__CPTu 102
Puskas,CPTu 102,18.5,19.5,19.0,2.0,Tertiary,MASW,11.159666666666665,0.3201819607843137,0.0567843137254901,2.869099681450884,477.7239513029948,11.17670196078431,0.0,17.0,22.482538523098626,21.482538523098626,425.1682319388739,166.77,258.3982319388739,-0.010229767124240872,6.169033057935313,Puskas,Puskas__CPTu 102
Puskas,CPTu 102,19.5,20.5,20.0,2.0,Tertiary,MASW,11.462058823529414,0.3549550980392157,0.051313725490196,3.0967830780152763,450.0473236722789,11.477452941176471,0.0,18.0,22.636769359246138,21.636769359246138,450.73538718492273,176.58,274.1553871849227,-0.011360250581956643,6.109352740951225,Puskas,Puskas__CPTu 102
Puskas,CPTu 102,20.5,21.0,20.75,2.0,Tertiary,MASW,15.04103846153846,0.4918461538461539,0.0728076923076923,3.2700278980328186,449.6692803496859,15.06288076923077,0.0,18.75,23.163822367099183,22.163822367099183,478.64931411730805,183.9375,294.71181411730805,-0.007619860397466735,6.108512380012789,Puskas,Puskas__CPTu 102
Puskas,CPTu 102,21.0,22.0,21.5,2.0,Tertiary,MASW,23.888705882352948,0.945074117647059,0.0679607843137254,3.956154520472386,519.3171293282068,23.909094117647065,0.0,19.5,24.18864307230746,23.18864307230746,518.0558260546104,191.29500000000002,326.7608260546104,-0.005272712316092662,6.252514735725497,Puskas,Puskas__CPTu 102
Puskas,CPTu 102,22.0,23.0,22.5,2.0,Tertiary,MASW,18.473901960784318,0.7087698039215685,0.0819215686274509,3.8366004400484406,474.5245914648232,18.49847843137255,0.0,20.5,23.72978157734965,22.72978157734965,531.9200854903671,201.10500000000002,330.8150854903671,-0.006633626155777642,6.162313442765695,Puskas,Puskas__CPTu 102
Puskas,CPTu 102,23.0,24.0,23.5,2.0,Tertiary,MASW,9.94227450980392,0.3626860784313727,0.066,3.647918573096464,420.604743225581,9.96207450980392,0.0,21.5,22.645842990080148,21.645842990080148,530.1773102668834,210.91500000000002,319.2623102668834,-0.015364353208505408,6.041693540488846,Puskas,Puskas__CPTu 102
Puskas,CPTu 102,24.0,25.0,24.5,2.0,Tertiary,MASW,10.424784313725493,0.3250535294117647,0.060470588235294,3.1180839778506724,418.0843408364796,10.44292549019608,0.0,22.5,22.518660479808897,21.518660479808897,549.707181755318,220.72500000000002,328.9821817553179,-0.016198410544319954,6.035683184507532,Puskas,Puskas__CPTu 102
Puskas,CPTu 102,25.0,26.16,25.58,2.0,Tertiary,MASW,14.218186440677968,0.3391998305084748,0.0482033898305084,2.3856757816737466,420.0,14.23264745762712,0.0,23.58,22.676319605049954,21.676319605049954,578.0602554971779,231.3198,346.7404554971779,-0.013410614869479741,6.040254711277414,Puskas,Puskas__CPTu 102
Puskas,CPTu 103,1.0,2.0,1.5,2.0,Quaternary,MASW,4.337784313725489,0.0547170588235294,0.0028039215686274,1.2614057054518664,163.74777189115315,4.338625490196078,0.5,0.0,19.45243713924941,18.45243713924941,27.678655708874118,0.0,27.678655708874118,0.0006504189627661999,5.098327267651205,Puskas,Puskas__CPTu 103
Puskas,CPTu 103,2.0,2.9,2.45,2.0,Quaternary,MASW,6.30504347826087,0.0585632608695652,0.0015869565217391,0.9288319909527224,179.81892629917368,6.305519565217392,0.0,0.4500000000000002,19.727867699441834,18.727867699441834,46.333275863632494,4.414500000000002,41.91877586363249,-0.0004517429818425865,5.1919503795632345,Puskas,Puskas__CPTu 103
Puskas,CPTu 103,2.9,3.5,3.2,2.0,Quaternary,MASW,8.701677419354839,0.0793899999999999,0.0014193548387096,0.9123528277825556,231.63812966562637,8.702103225806452,0.0,1.2000000000000002,20.273710440335975,19.273710440335975,62.875873409075126,11.772000000000002,51.10387340907512,-0.0011983299824164895,5.445176368009788,Puskas,Puskas__CPTu 103
Puskas,CPTu 103,3.5,4.5,4.0,2.0,Quaternary,MASW,8.59158823529412,0.0931809803921568,0.0071960784313725,1.084560593923377,269.85890736778634,8.593747058823531,0.0,2.0,20.51752214803747,19.51752214803747,80.07008859214989,19.62,60.45008859214988,-0.0014592897536597337,5.597899257109046,Puskas,Puskas__CPTu 103
Puskas,CPTu 103,4.5,5.5,5.0,2.0,Quaternary,MASW,13.87817647058824,0.1099190196078431,0.0212549019607843,0.7920278275808963,284.97715277718333,13.884552941176477,0.0,3.0,20.917758255079647,19.917758255079647,102.58879127539824,29.43,73.15879127539824,-0.0005931736543716361,5.652409011361116,Puskas,Puskas__CPTu 103
Puskas,CPTu 103,5.5,6.7,6.1,2.0,Quaternary,MASW,42.77680327868853,0.1906011475409836,0.0615737704918032,0.4455712744573911,321.91311668643067,42.79527540983607,0.0,4.1,22.029525007723706,21.029525007723706,132.3801025471146,40.221,92.1591025471146,0.0005004997981971252,5.774281685180191,Puskas,Puskas__CPTu 103
Puskas,CPTu 103,6.7,7.5,7.1,2.0,Quaternary,MASW,37.957439024390254,0.1717973170731707,0.0480487804878048,0.4526051321923462,302.5285363643705,37.9718536585366,0.0,5.1,21.875089283478044,20.875089283478044,153.3131339126941,50.031,103.28213391269409,-5.241396110737158e-05,5.712175608110449,Puskas,Puskas__CPTu 103
Puskas,CPTu 103,7.5,8.3,7.9,2.0,Tertiary,MASW,2.641,0.0785563414634146,0.0799268292682926,2.9744922932000994,249.9512931083937,2.664978048780488,0.0,5.9,20.029264358022715,19.029264358022715,156.23118842837945,57.879000000000005,98.35218842837945,0.008788383402380476,5.521266071314465,Puskas,Puskas__CPTu 103
Puskas,CPTu 103,8.3,9.8,9.05,2.0,Tertiary,MASW,3.506197368421052,0.1130640789473684,0.0514605263157894,3.224692368025039,276.09700022109786,3.521635526315789,0.0,7.050000000000001,20.623721528130755,19.623721528130755,184.64467982958337,69.16050000000001,115.48417982958335,-0.00530417208151721,5.62075225404948,Puskas,Puskas__CPTu 103
Puskas,CPTu 103,9.8,10.5,10.15,2.0,Tertiary,MASW,4.517611111111111,0.1643777777777778,0.0503611111111111,3.638599554828634,303.7635396941799,4.532719444444444,0.0,8.15,21.220698606484586,20.220698606484586,213.39009085581856,79.95150000000001,133.43859085581855,-0.006850690574059686,5.716249568786189,Puskas,Puskas__CPTu 103
Puskas,CPTu 103,10.5,11.6,11.05,2.0,Tertiary,MASW,6.672232142857143,0.1830760714285713,0.0437321428571428,2.7438504462792213,290.5035179205965,6.685351785714286,0.0,9.05,21.49605444905258,20.49605444905258,235.53140166203102,88.78050000000002,146.750901662031,-0.00698443591611376,5.671615686100213,Puskas,Puskas__CPTu 103
Puskas,CPTu 103,11.6,12.8,12.2,2.0,Tertiary,MASW,10.683885245901635,0.2941611475409837,0.0402131147540983,2.753316240024429,297.05205747794787,10.695949180327869,0.0,10.2,22.29156674000855,21.29156674000855,269.95711422810433,100.062,169.89511422810432,-0.005740353998589837,5.693907401146886,Puskas,Puskas__CPTu 103
Puskas,CPTu 103,12.8,13.8,13.3,2.0,Tertiary,MASW,6.19372549019608,0.2008856862745097,0.0419803921568627,3.2433740661010493,275.1647179618006,6.206319607843139,0.0,11.3,21.62499681563498,20.62499681563498,285.61245764794523,110.85300000000001,174.75945764794523,-0.011632496946055964,5.617369892759548,Puskas,Puskas__CPTu 103
Puskas,CPTu 103,13.8,14.5,14.15,2.0,Tertiary,MASW,8.53633333333333,0.2970886111111111,0.0420833333333333,3.480283624246685,301.4852781605907,8.54895833333333,0.0,12.15,22.258035476111953,21.258035476111953,312.95120198698413,119.1915,193.7597019869841,-0.009362323931604194,5.708721186320325,Puskas,Puskas__CPTu 103
Puskas,CPTu 103,14.5,15.3,14.9,2.0,Tertiary,MASW,13.45319512195122,0.4012051219512196,0.0480731707317073,2.9822292646048365,304.3958867665379,13.467617073170732,0.0,12.9,22.808091053426132,21.808091053426132,337.84055669604936,126.549,211.29155669604935,-0.0059769356447022986,5.718329113302732,Puskas,Puskas__CPTu 103
Puskas,CPTu 103,15.3,16.5,15.9,2.0,Tertiary,MASW,12.328754098360656,0.3802088524590163,0.0571967213114754,3.0839195057801696,431.2908772341572,12.3459131147541,0.0,13.9,22.718596198018748,21.718596198018748,359.22567954849814,136.359,222.86667954849813,-0.00660418310867274,6.066782751642841,Puskas,Puskas__CPTu 103
Puskas,CPTu 103,16.5,17.4,16.95,2.0,Tertiary,MASW,14.084043478260872,0.4511191304347827,0.052391304347826,3.203051248251953,447.44510304030746,14.09976086956522,0.0,14.95,22.998377082613406,21.998377082613406,387.82249155029723,146.6595,241.16299155029722,-0.006874899306965907,6.103553855419483,Puskas,Puskas__CPTu 103
Puskas,CPTu 103,17.4,18.2,17.799999999999997,2.0,Tertiary,MASW,15.341146341463416,0.4524268292682927,0.051170731707317,2.949107056266664,456.2652742066623,15.356497560975612,0.0,15.799999999999997,23.035243011509884,22.035243011509884,408.0273256048759,154.998,253.0293256048759,-0.006945678498058566,6.123074382049568,Puskas,Puskas__CPTu 103
Puskas,CPTu 103,18.2,19.6,18.9,2.0,Tertiary,MASW,16.046309859154935,0.5297757746478874,0.0356619718309859,3.301542717908026,469.3597430439654,16.05700845070423,0.0,16.9,23.269883135621182,22.269883135621182,437.8007912632403,165.789,272.0117912632403,-0.008331218267039246,6.1513695171570095,Puskas,Puskas__CPTu 103
Puskas,CPTu 103,19.6,20.5,20.05,2.0,Tertiary,MASW,12.99836956521739,0.4309999999999999,0.007195652173913,3.315800476648409,451.5714428500952,13.000528260869563,0.0,18.05,22.936349981684266,21.936349981684266,457.87381713276955,177.0705,280.8033171327695,-0.013543771662378409,6.112733594780255,Puskas,Puskas__CPTu 103
Puskas,CPTu 103,20.5,21.0,20.75,2.0,Tertiary,MASW,11.485846153846156,0.3682111538461538,0.0167307692307692,3.2057816978756457,438.4973544759012,11.490865384615386,0.0,18.75,22.69176340321791,21.69176340321791,468.8540906167716,183.9375,284.9165906167716,-0.01517025580079684,6.083353778671806,Puskas,Puskas__CPTu 103
Puskas,CPTu 103,21.0,22.0,21.5,2.0,Tertiary,MASW,16.44647058823529,0.6589472549019609,0.0260392156862744,4.0066180240113525,498.1918044529453,16.45428235294117,0.0,19.5,23.589536978217357,22.589536978217357,505.17504503167316,191.29500000000002,313.88004503167315,-0.010361444131219297,6.210985152377528,Puskas,Puskas__CPTu 103
Puskas,CPTu 103,22.0,23.69,22.845,2.0,Tertiary,MASW,9.657895348837206,0.3164724418604651,0.037360465116279,3.276826165843347,430.8360034864727,9.66910348837209,0.0,20.845,22.449212713412326,21.449212713412326,510.8522644379045,204.48945,306.3628144379045,-0.018249006365641716,6.065727515342788,Puskas,Puskas__CPTu 103
Puskas,CPTu 115B,1.0,2.0,1.5,2.0,Quaternary,MASW,8.669156862745098,0.0705090196078431,0.0034509803921568,0.8133319159427042,177.5775357627264,8.670192156862745,0.5,0.0,20.004288717294166,19.004288717294166,28.50643307594125,0.0,28.50643307594125,0.00039934111265557264,5.179407334735324,Puskas,Puskas__CPTu 115B
Puskas,CPTu 115B,2.0,3.7,2.85,2.0,Quaternary,MASW,8.64581395348837,0.0631202325581395,0.000813953488372,0.7300669768943164,194.80249713462203,8.646058139534881,0.0,0.8500000000000001,19.94639413985121,18.94639413985121,54.847223298575955,8.338500000000002,46.50872329857595,-0.000875842367856149,5.271986210092504,Puskas,Puskas__CPTu 115B
Puskas,CPTu 115B,3.7,4.5,4.1,2.0,Quaternary,MASW,14.303219512195122,0.0763134146341463,0.0537317073170731,0.533540120593692,273.90570076495567,14.319339024390244,0.0,2.0999999999999996,20.407427500774,19.407427500774,81.67045275317338,20.601,61.06945275317338,0.0023269755964872613,5.6127838893600535,Puskas,Puskas__CPTu 115B
Puskas,CPTu 115B,4.5,5.3,4.9,2.0,Quaternary,MASW,27.72768292682927,0.0952653658536585,0.0136097560975609,0.3435749251210597,292.45199750297326,27.73176585365854,0.0,2.9000000000000004,20.93254759659286,19.93254759659286,100.56948322330501,28.449000000000005,72.120483223305,-0.0005370467388924486,5.678300542103265,Puskas,Puskas__CPTu 115B
Puskas,CPTu 115B,5.3,6.4,5.85,2.0,Quaternary,MASW,33.62003571428571,0.1191919642857142,0.0201071428571428,0.3545265843815497,307.64613531995786,33.62606785714286,0.0,3.8499999999999996,21.318200324083456,20.318200324083456,122.71147189588821,37.768499999999996,84.9429718958882,-0.0005271518751665814,5.728950211170194,Puskas,Puskas__CPTu 115B
Puskas,CPTu 115B,6.4,7.8,7.1,2.0,Tertiary,MASW,3.753394366197184,0.1126216901408451,0.0141549295774647,3.000529098543666,263.54741981739886,3.7576408450704233,0.0,5.1,20.603384268534448,19.603384268534448,144.28402830659456,50.031,94.25302830659456,-0.009928737249554667,5.574233313146667,Puskas,Puskas__CPTu 115B
Puskas,CPTu 115B,7.8,8.5,8.15,2.0,Tertiary,MASW,10.186138888888886,0.2905877777777778,0.0141111111111111,2.8527765127447164,296.4455748931434,10.19037222222222,0.0,6.15,22.202574809966883,21.202574809966883,178.95098470123008,60.331500000000005,118.61948470123008,-0.00461676597081574,5.691863643049704,Puskas,Puskas__CPTu 115B
Puskas,CPTu 115B,8.5,9.8,9.15,2.0,Tertiary,MASW,23.830454545454543,0.3368748484848485,0.0296818181818181,1.4136316529014952,313.7495228555593,23.839359090909088,0.0,7.15,22.676527784167252,21.676527784167252,205.49022922513035,70.14150000000001,135.34872922513034,-0.0017119364609734522,5.748594969665743,Puskas,Puskas__CPTu 115B
Puskas,CPTu 115B,9.8,10.5,10.15,2.0,Tertiary,MASW,31.937388888888886,0.1746688888888888,0.0303888888888889,0.546910361071054,279.609921790994,31.946505555555557,0.0,8.15,21.896098374597003,20.896098374597003,220.2453985021596,79.95150000000001,140.29389850215958,-0.0015621951930597257,5.633395495391692,Puskas,Puskas__CPTu 115B
Puskas,CPTu 115B,10.5,11.3,10.9,2.0,Tertiary,MASW,29.495341463414643,0.214090731707317,0.042,0.7258459169658042,271.70906152072064,29.50794146341464,0.0,8.9,22.156161369668865,21.156161369668865,239.50215892939065,87.30900000000001,152.19315892939062,-0.001548049744936575,5.604731867074988,Puskas,Puskas__CPTu 115B
Puskas,CPTu 115B,11.3,12.5,11.9,2.0,Tertiary,MASW,18.228704918032783,0.4528660655737705,0.0449999999999999,2.4843567747139943,294.8011092106114,18.242204918032787,0.0,9.9,23.0311909433965,22.0311909433965,272.07117222641835,97.11900000000001,174.95217222641833,-0.0029003123035833247,5.68630092289498,Puskas,Puskas__CPTu 115B
Puskas,CPTu 115B,12.5,13.5,13.0,2.0,Tertiary,MASW,14.088215686274514,0.489369411764706,0.0426274509803921,3.473608174820006,299.7397989861046,14.101003921568632,0.0,11.0,23.069950471960794,22.069950471960794,297.9093561354903,107.91000000000001,189.9993561354903,-0.004729558919569667,5.7029147615890965,Puskas,Puskas__CPTu 115B
Puskas,CPTu 115B,13.5,14.6,14.05,2.0,Tertiary,MASW,9.77701785714286,0.3304130357142857,0.0299285714285714,3.379486879763585,274.7841072091833,9.785996428571432,0.0,12.05,22.441233960698497,21.441233960698497,313.2993371478139,118.21050000000001,195.08883714781388,-0.009319619082020178,5.615985724648025,Puskas,Puskas__CPTu 115B
Puskas,CPTu 115B,14.6,15.4,15.0,2.0,Tertiary,MASW,21.35278048780488,0.5961748780487804,0.0254878048780487,2.7920245721126165,336.55568493216555,21.36042682926829,0.0,13.0,23.482495445890862,22.482495445890862,350.23743168836296,127.53,222.70743168836296,-0.00485679558575065,5.818763618104773,Puskas,Puskas__CPTu 115B
Puskas,CPTu 115B,15.4,16.7,16.05,2.0,Tertiary,MASW,23.28486363636363,0.6540986363636363,0.0251060606060606,2.8091151684570743,462.3761512596194,23.29239545454545,0.0,14.05,23.643350726118328,22.643350726118328,377.47577915419913,137.8305,239.64527915419913,-0.004919259634804491,6.136378740032447,Puskas,Puskas__CPTu 115B
Puskas,CPTu 115B,16.7,17.8,17.25,2.0,Tertiary,MASW,17.528678571428575,0.4959548214285715,0.0293928571428571,2.8293908146445723,435.65513361182826,17.537496428571433,0.0,15.25,23.194788281228796,22.194788281228796,398.1100978511967,149.60250000000002,248.5075978511967,-0.007013649178423732,6.076850952406394,Puskas,Puskas__CPTu 115B
Puskas,CPTu 115B,17.8,18.2,18.0,2.0,Tertiary,MASW,27.379619047619048,1.038062857142857,0.0311428571428571,3.791370710225889,513.5264931671679,27.388961904761903,0.0,16.0,24.33083614781593,23.33083614781593,435.95505066068677,156.96,278.99505066068673,-0.004668018805404577,6.241301621352559,Puskas,Puskas__CPTu 115B
Puskas,CPTu 115B,18.2,19.4,18.8,2.0,Tertiary,MASW,37.70437704918033,0.6347193442622953,0.0266229508196721,1.683410240233882,465.7402513651255,37.71236393442623,0.0,16.8,23.772014096446796,22.772014096446796,444.9138650131998,164.80800000000002,280.10586501319983,-0.0037079287400385423,6.143628078216211,Puskas,Puskas__CPTu 115B
Puskas,CPTu 115B,19.4,20.3,19.85,2.0,Tertiary,MASW,10.677195652173912,0.32204,0.0080434782608695,3.0161477834718857,382.9857694236487,10.679608695652174,0.0,17.85,22.482770142575344,21.482770142575344,444.2829873301206,175.10850000000002,269.17448733012054,-0.016322394274497262,5.947997832938531,Puskas,Puskas__CPTu 115B
Puskas,CPTu 115B,20.3,21.5,20.9,2.0,Tertiary,MASW,26.12962295081968,1.2111159016393445,0.0185081967213114,4.635030149186872,484.74342284797984,26.13517540983607,0.0,18.9,24.545581757566225,23.545581757566225,511.00265873313407,185.409,325.5936587331341,-0.006513412350902322,6.1836197258986445,Puskas,Puskas__CPTu 115B
Puskas,CPTu 115B,21.5,22.3,21.9,2.0,Tertiary,MASW,43.931609756097565,0.5154526829268293,0.0272682926829268,1.1733070693028411,413.1132090436036,43.93979024390244,0.0,19.9,23.560132437313584,22.560132437313584,513.9669003771675,195.219,318.74790037716747,-0.003867530754419522,6.023721669305711,Puskas,Puskas__CPTu 115B
Puskas,CPTu 116B,1.0,2.0,1.5,2.0,Quaternary,MASW,4.050627450980392,0.0679954901960784,0.0026470588235294,1.6786409270894855,165.17598579807225,4.051421568627451,0.5,0.0,19.7241236586557,18.7241236586557,28.08618548798355,0.0,28.08618548798355,0.0006579264643515404,5.107011486101998,Puskas,Puskas__CPTu 116B
Puskas,CPTu 116B,2.0,2.5,2.25,2.0,Quaternary,MASW,4.532846153846154,0.0849088461538461,0.0071153846153846,1.8731905578088144,182.48225149002965,4.534980769230769,0.0,0.25,20.11557715730078,19.11557715730078,43.260048603926755,2.4525,40.807548603926755,0.0010381065309719147,5.206652916183827,Puskas,Puskas__CPTu 116B
Puskas,CPTu 116B,2.5,3.7,3.1,2.0,Quaternary,MASW,4.894688524590165,0.0766559016393442,0.0063442622950819,1.566103772573817,211.939798054941,4.896591803278689,0.0,1.1,20.047166438217666,19.047166438217666,60.14621595847477,10.791000000000002,49.355215958474766,-0.000919422667873321,5.356302262905532,Puskas,Puskas__CPTu 116B
Puskas,CPTu 116B,3.7,4.5,4.1,2.0,Quaternary,MASW,9.996878048780491,0.0898090243902439,0.0030975609756097,0.8983707108560717,271.3842887981581,9.997807317073176,0.0,2.0999999999999996,20.517443940175866,19.517443940175866,82.12152015472105,20.601,61.520520154721055,-0.0017652272755385133,5.603535856256274,Puskas,Puskas__CPTu 116B
Puskas,CPTu 116B,4.5,5.5,5.0,2.0,Quaternary,MASW,17.357666666666663,0.1044998039215686,0.0054901960784313,0.6020383149899294,282.5296903549559,17.359313725490193,0.0,3.0,20.917590862059942,19.917590862059942,102.58795431029972,29.43,73.15795431029971,-0.0013872738223348303,5.643783643665638,Puskas,Puskas__CPTu 116B
Puskas,CPTu 116B,5.5,6.4,5.95,2.0,Quaternary,MASW,26.85969565217392,0.1745258695652174,0.0114130434782608,0.6497686043255368,323.5496490378933,26.8631195652174,0.0,3.95,21.765765522900413,20.765765522900413,127.50630486125746,38.749500000000005,88.75680486125745,-0.0010224735170849437,5.779352576779749,Puskas,Puskas__CPTu 116B
Puskas,CPTu 116B,6.4,8.5,7.45,2.0,Quaternary,MASW,20.8762924528302,0.1685401886792452,0.0890188679245283,0.8073281645199227,286.9464469554483,20.90299811320756,0.0,5.45,21.6747383518572,20.6747383518572,159.47680072133613,53.4645,106.01230072133613,0.001713998669219528,5.659295602374379,Puskas,Puskas__CPTu 116B
Puskas,CPTu 116B,8.5,9.1,8.8,2.0,Tertiary,MASW,5.866838709677418,0.1931135483870967,0.0320645161290322,3.29161168294185,271.498292730628,5.876458064516127,0.0,6.800000000000001,21.49607973685459,20.49607973685459,187.16550168432042,66.70800000000001,120.4575016843204,-0.006089242816812405,5.603955851069239,Puskas,Puskas__CPTu 116B
Puskas,CPTu 116B,9.1,10.2,9.65,2.0,Tertiary,MASW,10.079874999999998,0.2888019642857143,0.0230357142857142,2.8651343819810706,300.0730102578347,10.086785714285712,0.0,7.65,22.215381412240912,21.215381412240912,212.37843062812482,75.04650000000001,137.3319306281248,-0.005267231158306087,5.704025812573244,Puskas,Puskas__CPTu 116B
Puskas,CPTu 116B,10.2,10.9,10.55,2.0,Tertiary,MASW,13.176333333333332,0.3803097222222222,0.0330555555555555,2.886309207585992,290.23879428544615,13.18625,0.0,8.55,22.68018425171871,21.68018425171871,237.27594385563242,83.87550000000002,153.4004438556324,-0.0039246309571784295,5.670704012719708,Puskas,Puskas__CPTu 116B
Puskas,CPTu 116B,10.9,11.5,11.2,2.0,Tertiary,MASW,26.640193548387096,0.5295722580645161,0.0149354838709677,1.9878694090665812,294.0468611837509,26.644674193548383,0.0,9.2,23.348337438813612,22.348337438813612,259.50137931471244,90.252,169.24937931471243,-0.0028545015285403874,5.683739146418627,Puskas,Puskas__CPTu 116B
Puskas,CPTu 116B,11.5,12.0,11.75,2.0,Tertiary,MASW,13.305807692307695,0.317471923076923,0.0114230769230769,2.385965064416636,260.1769190191595,13.309234615384618,0.0,9.75,22.455306153040773,21.455306153040773,261.84984729822907,95.64750000000001,166.20234729822906,-0.006455272422327435,5.561361857375109,Puskas,Puskas__CPTu 116B
Puskas,CPTu 116B,12.0,13.5,12.75,2.0,Tertiary,MASW,19.14856578947369,0.5232965789473683,0.027328947368421,2.7328238819590025,292.19423384599014,19.156764473684213,0.0,10.75,23.250562349003417,22.250562349003417,294.4446699497936,105.45750000000001,188.98716994979358,-0.004142043685215796,5.677418765535271,Puskas,Puskas__CPTu 116B
Puskas,CPTu 116B,13.5,14.9,14.2,2.0,Tertiary,MASW,13.49542253521127,0.5609845070422536,0.0613802816901408,4.156850262217235,294.6537441290555,13.513836619718314,0.0,12.2,23.25354790717943,22.25354790717943,328.2003802819479,119.682,208.51838028194788,-0.004421608275184101,5.685800918242236,Puskas,Puskas__CPTu 116B
Puskas,CPTu 116B,14.9,15.2,15.05,2.0,Tertiary,MASW,25.143062500000006,0.648163125,0.0067499999999999,2.5779004645913752,313.17368201624055,25.14508750000001,0.0,13.05,23.645125641950223,22.645125641950223,353.85914091135083,128.02050000000003,225.8386409113508,-0.004891669676203899,5.746757931263638,Puskas,Puskas__CPTu 116B
Puskas,CPTu 116B,15.2,16.0,15.6,2.0,Tertiary,MASW,10.08439024390244,0.4416804878048779,0.0574878048780488,4.379843273835436,391.0747429266331,10.101636585365853,0.0,13.6,22.85664079842552,21.85664079842552,354.56359645543813,133.416,221.14759645543813,-0.007789845752497941,5.968898700097067,Puskas,Puskas__CPTu 116B
Puskas,CPTu 116B,16.0,17.5,16.75,2.0,Tertiary,MASW,26.728565789473684,0.7655775,0.0439342105263157,2.8642670393542096,460.0133192978093,26.74174605263158,0.0,14.75,23.90332411976151,22.90332411976151,398.3806790060053,144.69750000000002,253.6831790060053,-0.0038249968462482934,6.131255444059191,Puskas,Puskas__CPTu 116B
Puskas,CPTu 116B,17.5,18.0,17.75,2.0,Tertiary,MASW,37.14723076923077,1.0387765384615386,0.215576923076923,2.796376787585367,499.9847697664736,37.21190384615385,0.0,15.75,24.42293139083748,23.42293139083748,431.50703218736527,154.50750000000002,276.9995321873653,0.0016603796687080145,6.214577637491209,Puskas,Puskas__CPTu 116B
Puskas,CPTu 116B,18.0,19.0,18.5,2.0,Tertiary,MASW,50.15858823529412,0.7905050980392156,0.015,1.5760114585581106,474.3334713691037,50.16308823529412,0.0,16.5,24.151940148981808,23.151940148981808,444.8108927561634,161.865,282.9458927561634,-0.002953943858274938,6.161910600431757,Puskas,Puskas__CPTu 116B
Puskas,CPTu 116B,19.0,20.0,19.5,2.0,Tertiary,MASW,49.38352941176469,0.5417172549019608,0.0296274509803921,1.0969593736103174,438.0534386036963,49.3924176470588,0.0,17.5,23.64596889490897,22.64596889490897,459.096393450725,171.675,287.42139345072496,-0.00290287978376563,6.082340908878838,Puskas,Puskas__CPTu 116B
Puskas,CPTu 116B,20.0,21.0,20.5,2.0,Tertiary,MASW,51.915803921568624,0.5983547058823528,0.0341960784313725,1.1525482814179515,444.8571547773184,51.92606274509804,0.0,18.5,23.802220553827127,22.802220553827127,485.9455213534561,181.485,304.4605213534561,-0.0028633084354761046,6.097753230134144,Puskas,Puskas__CPTu 116B
Puskas,CPTu 116B,21.0,22.0,21.5,2.0,Tertiary,MASW,41.514156862745104,0.982572156862745,0.0295294117647058,2.366836354430475,478.1757734714046,41.52301568627451,0.0,19.5,24.408836718435587,23.408836718435587,522.7899894463651,191.29500000000002,331.4949894463651,-0.00394548043299695,6.169978391824104,Puskas,Puskas__CPTu 116B
Puskas,CPTu 116B,22.0,23.0,22.5,2.0,Tertiary,MASW,27.88445098039216,0.6065878431372549,0.0403529411764705,2.175362332088936,437.9925398709746,27.896556862745097,0.0,20.5,23.645076130386432,22.645076130386432,530.0142129336947,201.10500000000002,328.9092129336947,-0.005874036076845731,6.082201877973347,Puskas,Puskas__CPTu 116B
Puskas,CPTu 116B,23.0,24.0,23.5,2.0,Tertiary,MASW,41.55203921568626,0.5572545098039215,0.0248627450980392,1.341100269258393,435.4314006524327,41.55949803921568,0.0,21.5,23.658287734756627,22.658287734756627,553.9697617667807,210.91500000000002,343.0547617667807,-0.004537248091113625,6.076337265291476,Puskas,Puskas__CPTu 116B
Puskas,CPTu 116B,24.0,25.0,24.5,2.0,Tertiary,MASW,32.54599999999999,0.5275756862745097,0.038235294117647,1.6210154436013942,426.0934640483595,32.55747058823528,0.0,22.5,23.516363062558312,22.516363062558312,574.1508950326786,220.72500000000002,353.42589503267857,-0.005705777500049109,6.054658721379444,Puskas,Puskas__CPTu 116B
Puskas,CPTu 116B,25.0,26.0,25.5,2.0,Tertiary,MASW,40.97109803921568,0.9828154901960784,0.0742549019607842,2.3988019292413685,484.2937101128108,40.99337450980392,0.0,23.5,24.42972100636564,23.42972100636564,620.9578856623239,230.53500000000003,390.42288566232384,-0.0038709621842593547,6.182691561740311,Puskas,Puskas__CPTu 116B
Puskas,CPTu 116B,26.0,27.0,26.5,2.0,Tertiary,MASW,39.51370588235294,0.7890190196078433,0.0260196078431372,1.9968236387572649,461.6646301279563,39.52151176470588,0.0,24.5,24.128425786243714,23.128425786243714,637.4032833354585,240.345,397.05828333545844,-0.005511901918994676,6.134838718668415,Puskas,Puskas__CPTu 116B
Puskas,CPTu 116B,27.0,28.0,27.5,2.0,Tertiary,MASW,45.17543137254904,0.622285294117647,0.0349607843137254,1.3774861140468937,446.080165661899,45.18591960784316,0.0,25.5,23.854849543966928,22.854849543966928,654.0083624590904,250.155,403.8533624590905,-0.004832359754345384,6.100498679504657,Puskas,Puskas__CPTu 116B
Puskas,CPTu 116B,28.0,29.0,28.5,2.0,Tertiary,MASW,26.075627450980395,0.7580570588235296,0.0229019607843137,2.9071479113919767,449.5151864902999,26.08249803921569,0.0,26.5,23.95861911019836,22.95861911019836,680.8206446406532,259.96500000000003,420.85564464065317,-0.009332574204974164,6.108169638636404,Puskas,Puskas__CPTu 116B
Puskas,CPTu 116B,29.0,30.0,29.5,2.0,Tertiary,MASW,44.86629411764708,0.621697843137255,0.0308235294117647,1.3856679170048167,441.4789918862944,44.87554117647061,0.0,27.5,23.86154407263874,22.86154407263874,701.9155501428429,269.77500000000003,432.14055014284287,-0.005409369667990727,6.090130435415382,Puskas,Puskas__CPTu 116B
Puskas,CPTu 107,1.0,2.0,1.5,2.0,Quaternary,MASW,8.577372549019607,0.0770545098039215,0.0011176470588235,0.8983463101731415,171.0314970781803,8.577707843137254,0.5,0.0,20.120543982577534,19.120543982577534,28.680815973866302,0.0,28.680815973866302,0.0001307338314959499,5.141847732980782,Puskas,Puskas__CPTu 107
Puskas,CPTu 107,2.0,3.3,2.65,2.0,Quaternary,MASW,9.720378787878786,0.0744475757575757,0.0002878787878787,0.7658917145328855,174.830611629113,9.72046515151515,0.0,0.6499999999999999,20.193788808833403,19.193788808833403,51.513540343408515,6.376499999999999,45.137040343408515,-0.0006297085203204822,5.163817571625408,Puskas,Puskas__CPTu 107
Puskas,CPTu 107,3.3,4.0,3.65,2.0,Quaternary,MASW,14.107999999999995,0.074171111111111,0.0005,0.5257379579749866,282.7262832406957,14.108149999999997,0.0,1.65,20.347913526584797,19.347913526584797,72.26988437203451,16.1865,56.083384372034516,-0.0011176000272711212,5.644479232577034,Puskas,Puskas__CPTu 107
Puskas,CPTu 107,4.0,5.0,4.5,2.0,Quaternary,MASW,22.76741176470588,0.0994456862745097,0.0048431372549019,0.4367895977911324,306.5356378035019,22.76886470588235,0.0,2.5,20.918215535526507,19.918215535526507,92.13196990986928,24.525000000000002,67.60696990986928,-0.0008679320329897627,5.725334022037923,Puskas,Puskas__CPTu 107
Puskas,CPTu 107,5.0,6.0,5.5,2.0,Quaternary,MASW,20.22850980392157,0.1011898039215685,0.0166666666666666,0.5002336054529908,312.2893837504623,20.233509803921567,0.0,3.5,20.934493482973977,19.934493482973977,113.13971415635687,34.335,78.80471415635688,-0.0008781316275251266,5.743930269956708,Puskas,Puskas__CPTu 107
Puskas,CPTu 107,6.0,7.0,6.5,2.0,Quaternary,MASW,24.79088235294117,0.0798411764705882,0.016,0.3220586316126659,262.9702795858493,24.79568235294117,0.0,4.5,20.70122812851352,19.70122812851352,132.5579828353379,44.145,88.41298283533789,-0.0011411773941388606,5.572041020415177,Puskas,Puskas__CPTu 107
Puskas,CPTu 107,7.0,8.0,7.5,2.0,Tertiary,MASW,7.909490196078432,0.1223721568627451,0.0484313725490196,1.5471560597346448,222.69904339522503,7.924019607843138,0.0,5.5,20.94984820166064,19.94984820166064,155.1238615124548,53.955000000000005,101.16886151245478,-0.0007109926083882981,5.405821278767904,Puskas,Puskas__CPTu 107
Puskas,CPTu 107,8.0,9.0,8.5,2.0,Tertiary,MASW,9.188843137254905,0.2149762745098039,0.0596862745098038,2.339535796820953,255.54170957214,9.206749019607845,0.0,6.5,21.77199330886023,20.77199330886023,183.06194312531198,63.765,119.29694312531198,-0.00045200209799230997,5.543385643178132,Puskas,Puskas__CPTu 107
Puskas,CPTu 107,9.0,10.0,9.5,2.0,Tertiary,MASW,13.73203921568627,0.2983203921568627,0.0557450980392156,2.1724405783526155,279.65852833582034,13.748762745098034,0.0,7.5,22.35095043998846,21.35095043998846,210.33402917989036,73.575,136.75902917989038,-0.001316984587718104,5.633569317265383,Puskas,Puskas__CPTu 107
Puskas,CPTu 107,10.0,11.0,10.5,2.0,Tertiary,MASW,10.85945098039216,0.2922856862745098,0.062156862745098,2.691532811394069,273.2041046674423,10.878098039215688,0.0,8.5,22.266582944704048,21.266582944704048,231.79912091939252,83.385,148.41412091939253,-0.001993945259081557,5.6102191519887565,Puskas,Puskas__CPTu 107
Puskas,CPTu 107,11.0,12.0,11.5,2.0,Tertiary,MASW,6.486627450980392,0.2116023529411764,0.0668235294117647,3.262132048437509,381.6608848999902,6.506674509803921,0.0,9.5,21.688495171811773,20.688495171811773,247.4176944758354,93.19500000000001,154.2226944758354,-0.004213195170975426,5.944532478471837,Puskas,Puskas__CPTu 107
Puskas,CPTu 107,12.0,12.42,12.21,2.0,Tertiary,MASW,24.075727272727278,0.5004972727272726,0.0588636363636363,2.0788459142176383,449.10579272697487,24.09338636363637,0.0,10.21,23.254089978066975,22.254089978066975,281.9324386321978,100.16010000000001,181.77233863219777,-0.0017343108810755443,6.107258478534165,Puskas,Puskas__CPTu 107
Puskas,CPTu 108,1.0,2.0,1.5,2.0,Quaternary,MASW,9.405901960784314,0.081886862745098,0.0009607843137254,0.870590221825679,168.69504845605218,9.406190196078432,0.5,0.0,20.230463866147236,19.230463866147236,28.845695799220856,0.0,28.845695799220856,0.00010245803742165947,5.128092637941869,Puskas,Puskas__CPTu 108
Puskas,CPTu 108,2.0,2.9,2.45,2.0,Quaternary,MASW,17.92760869565217,0.1541395652173913,0.0011086956521739,0.8597887639904449,207.9253707484521,17.927941304347822,0.0,0.4500000000000002,21.3484299048676,20.3484299048676,50.30365326692562,4.414500000000002,45.88915326692562,-0.00018491281747318725,5.337179220840583,Puskas,Puskas__CPTu 108
Puskas,CPTu 108,2.9,3.5,3.2,2.0,Quaternary,MASW,25.020903225806457,0.1773883870967742,0.0015483870967741,0.7089607657081561,257.99427658201216,25.02136774193549,0.0,1.2000000000000002,21.67718529816324,20.67718529816324,67.36699295412238,11.772000000000002,55.594992954122375,-0.0004096983488166014,5.552937400884903,Puskas,Puskas__CPTu 108
Puskas,CPTu 108,3.5,4.0,3.75,2.0,Quaternary,MASW,45.0015,0.2737303846153846,0.0027307692307692,0.6082694679408123,320.2919012268393,45.00231923076923,0.0,1.75,22.46239606926442,21.46239606926442,82.23398525974156,17.1675,65.06648525974155,-0.0003213869851387692,5.769232771333966,Puskas,Puskas__CPTu 108
Puskas,CPTu 108,4.0,5.5,4.75,2.0,Quaternary,MASW,40.08464473684211,0.2136293421052632,0.0320921052631579,0.5329455793053713,310.9060148185139,40.09427236842105,0.0,2.75,22.127415325993038,21.127415325993038,103.10522279846694,26.977500000000003,76.12772279846693,0.00012789337316747318,5.739490663350755,Puskas,Puskas__CPTu 108
Puskas,CPTu 108,5.5,6.8,6.15,2.0,Quaternary,MASW,28.240287878787885,0.1272722727272727,0.0384848484848484,0.450676258236272,291.42084093425814,28.25183333333334,0.0,4.15,21.360736211429547,20.360736211429547,129.36852770029174,40.71150000000001,88.65702770029174,-7.917696868112361e-05,5.674768411225146,Puskas,Puskas__CPTu 108
Puskas,CPTu 108,6.8,7.4,7.1,2.0,Quaternary,MASW,21.87770967741935,0.1777616129032257,0.0396774193548387,0.8125238680111883,248.00923213838368,21.889612903225803,0.0,5.1,21.753579656814427,20.753579656814427,152.45041556338242,50.031,102.41941556338242,-0.00047630782771384205,5.513465971836548,Puskas,Puskas__CPTu 108
Puskas,CPTu 108,7.4,8.5,7.95,2.0,Tertiary,MASW,4.649839285714286,0.1438923214285714,0.0668392857142856,3.094565480373746,222.89708592256488,4.669891071428572,0.0,5.95,21.015552497173417,20.015552497173417,165.07364235252868,58.3695,106.70414235252868,0.0018801618151310475,5.406710166832003,Puskas,Puskas__CPTu 108
Puskas,CPTu 108,8.5,9.6,9.05,2.0,Tertiary,MASW,9.445107142857143,0.2746944642857142,0.0666071428571428,2.9083255502660106,254.90147403751453,9.465089285714289,0.0,7.050000000000001,22.119416044929586,21.119416044929586,198.18071520661277,69.16050000000001,129.02021520661276,-0.0002755349449527741,5.54087709417239,Puskas,Puskas__CPTu 108
Puskas,CPTu 108,9.6,10.5,10.05,2.0,Tertiary,MASW,18.82971739130435,0.4333380434782608,0.0787608695652173,2.301351817836513,297.3943196732986,18.853345652173918,0.0,8.05,22.957649837543304,21.957649837543304,228.7243808673102,78.97050000000002,149.7538808673102,-1.1255554232701101e-05,5.695058933888364,Puskas,Puskas__CPTu 108
Puskas,CPTu 108,10.5,11.9,11.2,2.0,Tertiary,MASW,13.403169014084508,0.331900985915493,0.0711971830985915,2.476287403126232,348.0762091527139,13.424528169014083,0.0,9.2,22.510897750555564,21.510897750555564,250.1220548062223,90.252,159.8700548062223,-0.001446351109585042,5.8524214476174095,Puskas,Puskas__CPTu 108
Puskas,CPTu 108,11.9,12.8,12.35,2.0,Tertiary,MASW,27.83641304347825,0.4952280434782609,0.0806739130434782,1.7790655811320029,412.7767692618326,27.86061521739129,0.0,10.35,23.28563979959758,22.28563979959758,285.5776515250301,101.5335,184.0441515250301,-0.000756466311485386,6.022906936570797,Puskas,Puskas__CPTu 108
Puskas,CPTu 108,12.8,13.4,13.1,2.0,Tertiary,MASW,31.762838709677425,0.3634012903225806,0.0819677419354838,1.1441083514108592,401.7184754897793,31.78742903225807,0.0,11.1,22.917476351631322,21.917476351631322,298.21894020637035,108.891,189.32794020637033,-0.0008549994739725781,5.995751533560702,Puskas,Puskas__CPTu 108
Puskas,CPTu 108,13.4,14.0,13.7,2.0,Tertiary,MASW,27.305741935483876,0.4534429032258064,0.0760322580645161,1.66061374306243,412.2886177356382,27.328551612903222,0.0,11.7,23.17596950626472,22.17596950626472,315.51078223582664,114.777,200.73378223582665,-0.0014342976852682844,6.021723632578539,Puskas,Puskas__CPTu 108
Puskas,CPTu 108,14.0,15.0,14.5,2.0,Tertiary,MASW,22.94290196078431,0.498401176470588,0.0657058823529412,2.1723545579477777,417.8024253946145,22.962613725490197,0.0,12.5,23.25846144717225,22.25846144717225,335.2476909839977,122.625,212.6226909839977,-0.0025154990448405918,6.035008654262663,Puskas,Puskas__CPTu 108
Puskas,CPTu 108,15.0,16.0,15.5,2.0,Tertiary,MASW,27.30492156862746,0.2647692156862745,0.0446666666666666,0.9696757964340262,407.0297928643518,27.31832156862746,0.0,13.5,22.46921648513764,21.46921648513764,346.2728555196334,132.435,213.83785551963342,-0.0032540477094229743,6.008886383904436,Puskas,Puskas__CPTu 108
Puskas,CPTu 108,16.0,17.0,16.5,2.0,Tertiary,MASW,5.924607843137255,0.2110643137254902,0.1018823529411764,3.5625026890172267,415.2533959964566,5.955172549019608,0.0,14.5,21.70988165723248,20.70988165723248,356.2130473443359,142.245,213.9680473443359,-0.007208954993645989,6.02888892665733,Puskas,Puskas__CPTu 108
Puskas,CPTu 108,17.0,18.0,17.5,2.0,Tertiary,MASW,6.819960784313725,0.2379360784313725,0.8462941176470588,3.4888188650386125,431.8171552529777,7.0738490196078425,0.0,15.5,21.93198853468725,20.93198853468725,381.8097993570269,152.055,229.7547993570269,0.10374104137737537,6.068002246918597,Puskas,Puskas__CPTu 108
Puskas,CPTu 108,18.0,19.9,18.95,2.0,Tertiary,MASW,14.189447916666673,0.5380646874999998,1.0672812499999995,3.792005796560969,509.5914898045308,14.509632291666671,0.0,16.95,23.260357446734456,22.260357446734456,438.7837736156179,166.2795,272.5042736156179,0.06403322080002016,6.2336094043628805,Puskas,Puskas__CPTu 108
Puskas,CPTu 108,19.9,20.5,20.2,2.0,Tertiary,MASW,29.760387096774192,0.9165245161290322,0.0838387096774193,3.079679417974966,584.1761783677528,29.785538709677414,0.0,18.2,24.20521644126395,23.20521644126395,486.9453721135318,178.542,308.40337211353176,-0.0032323493906842656,6.370202612620635,Puskas,Puskas__CPTu 108
Puskas,CPTu 108,20.5,21.0,20.75,2.0,Tertiary,MASW,20.966807692307693,0.683916153846154,0.0715,3.2618993023772016,552.889172343808,20.98825769230769,0.0,18.75,23.70850831616221,22.70850831616221,489.95154756036584,183.9375,306.01404756036584,-0.005485209324420789,6.315157569762381,Puskas,Puskas__CPTu 108
Puskas,CPTu 108,21.0,22.0,21.5,2.0,Tertiary,MASW,18.85760784313725,0.6447892156862746,0.0628823529411764,3.4192524367343298,532.4758537595809,18.876472549019606,0.0,19.5,23.602044352281638,22.602044352281638,505.44395357405523,191.29500000000002,314.1489535740552,-0.006989954122147466,6.277537551503032,Puskas,Puskas__CPTu 108
Puskas,CPTu 108,22.0,23.0,22.5,2.0,Tertiary,MASW,10.063313725490197,0.4117915686274509,0.0555294117647059,4.092007661297393,483.0520047601885,10.079972549019608,0.0,20.5,22.814141871344358,21.814141871344358,511.31819210524804,201.10500000000002,310.213192105248,-0.015213799433574524,6.18012431816749,Puskas,Puskas__CPTu 108
Puskas,CPTu 108,23.0,24.5,23.75,2.0,Tertiary,MASW,9.120092105263158,0.3613905263157895,0.0430394736842105,3.9625754010448304,475.8107531307998,9.13300394736842,0.0,21.75,22.6161265113497,21.6161265113497,535.1330046445554,213.3675,321.7655046445554,-0.0198104888350218,6.165020197720246,Puskas,Puskas__CPTu 108
Puskas,CPTu 108,24.5,25.6,25.05,2.0,Tertiary,MASW,12.263714285714286,0.4748807142857143,0.0165357142857142,3.872242154555833,509.99439501805966,12.268675,0.0,23.05,23.081176965160477,22.081176965160477,576.1834829772699,226.12050000000002,350.06298297726994,-0.01792473275769822,6.234399735497312,Puskas,Puskas__CPTu 108
Puskas,CPTu 108,25.6,26.0,25.8,2.0,Tertiary,MASW,13.664904761904763,0.4763471428571427,0.012,3.4859163027986173,516.6209043516516,13.668504761904764,0.0,23.8,23.12240225927499,22.12240225927499,594.5579782892946,233.478,361.0799782892946,-0.01694040855953006,6.247309345099822,Puskas,Puskas__CPTu 108
Puskas,CPTu 108,26.0,27.1,26.55,2.0,Tertiary,MASW,11.774625,0.4456033928571429,0.0468571428571428,3.784438084925362,508.4925168924642,11.788682142857144,0.0,24.55,22.99170728967666,21.99170728967666,608.4298285409153,240.83550000000002,367.5943285409153,-0.017350087608887805,6.231450499337981,Puskas,Puskas__CPTu 108
Puskas,CPTu 108,27.1,27.33,27.215,2.0,Tertiary,MASW,15.922307692307694,0.271206923076923,0.1473076923076923,1.7033141697666552,473.2015957908107,15.966500000000002,0.0,25.215,22.418965951245923,21.418965951245923,608.1321583631578,247.35915,360.7730083631578,-0.006514459005276993,6.159521504437537,Puskas,Puskas__CPTu 108
Puskas,CPTu 109,1.0,2.0,1.5,2.0,Quaternary,MASW,4.756823529411764,0.0410950980392156,0.0004705882352941,0.8639189111204545,154.20132929995023,4.7569647058823525,0.5,0.0,19.094990130615546,18.094990130615546,27.14248519592332,0.0,27.14248519592332,9.94938526940669e-05,5.038259081714317,Puskas,Puskas__CPTu 109
Puskas,CPTu 109,2.0,2.5,2.25,2.0,Quaternary,MASW,7.645153846153844,0.0736084615384615,0.0008076923076923,0.9628120377916632,183.7380946685475,7.645396153846152,0.0,0.25,20.08207622309591,19.08207622309591,43.184671501965795,2.4525,40.732171501965794,-0.0002163591076264711,5.213511345074454,Puskas,Puskas__CPTu 109
Puskas,CPTu 109,2.5,3.3,2.9,2.0,Quaternary,MASW,18.842024390243896,0.1342195121951219,0.0019268292682926,0.7123412506812097,195.28916953321456,18.842602439024382,0.0,0.8999999999999999,21.201418492704217,20.201418492704217,59.48411362884222,8.828999999999999,50.65511362884222,-0.00036746671197696615,5.274481380805822,Puskas,Puskas__CPTu 109
Puskas,CPTu 109,3.3,4.1,3.7,2.0,Quaternary,MASW,21.949853658536583,0.1720758536585366,0.0109024390243902,0.7839498902153913,295.06869709530383,21.9531243902439,0.0,1.7000000000000002,21.61728579717653,20.61728579717653,77.98395744955317,16.677000000000003,61.30695744955317,-0.0002639782356301041,5.687208200738963,Puskas,Puskas__CPTu 109
Puskas,CPTu 109,4.1,5.9,5.0,2.0,Quaternary,MASW,31.28518681318684,0.1868319780219781,0.0245274725274725,0.5971899069601453,302.040380113818,31.29254505494508,0.0,3.0,21.878967478276124,20.878967478276124,107.39483739138062,29.43,77.96483739138063,-0.0001572071142298982,5.710560717422772,Puskas,Puskas__CPTu 109
Puskas,CPTu 109,5.9,6.0,5.95,2.0,Quaternary,MASW,25.091166666666663,0.1320483333333333,0.007,0.5262741867988071,290.78809470704414,25.093266666666665,0.0,3.95,21.369552704623533,20.369552704623533,125.14883859251003,38.749500000000005,86.39933859251002,-0.0012716016569058667,5.672594805024349,Puskas,Puskas__CPTu 109
Puskas,CPTu 109,6.0,7.0,6.5,2.0,Quaternary,MASW,27.618078431372545,0.1808758823529411,0.0091372549019607,0.6549184180296794,285.1093118356397,27.62081960784313,0.0,4.5,21.83500705516284,20.83500705516284,139.92754585855846,44.145,95.78254585855845,-0.0012738940576993468,5.652872657032527,Puskas,Puskas__CPTu 109
Puskas,CPTu 109,7.0,8.0,7.5,2.0,Quaternary,MASW,39.2101568627451,0.2306454901960784,0.0267450980392157,0.5882289402805796,240.57421175402212,39.21818039215687,0.0,5.5,22.289340823362526,21.289340823362526,165.17005617521895,53.955000000000005,111.21505617521893,-0.000696742753674852,5.483028614728823,Puskas,Puskas__CPTu 109
Puskas,CPTu 109,8.0,9.0,8.5,2.0,Tertiary,MASW,5.502137254901961,0.1798280392156862,0.2071568627450981,3.268330666514616,229.16979180981505,5.564284313725491,0.0,6.5,21.378552731969766,20.378552731969766,179.717698221743,63.765,115.952698221743,0.02663015855950799,5.434463177767918,Puskas,Puskas__CPTu 109
Puskas,CPTu 109,9.0,10.8,9.9,2.0,Tertiary,MASW,18.007681318681318,0.4128134065934066,0.0545824175824175,2.292429543192496,280.50292776260176,18.024056043956044,0.0,7.9,22.876493143095246,21.876493143095246,224.47728211664295,77.49900000000001,146.97828211664296,-0.0012874789186985414,5.636584162564613,Puskas,Puskas__CPTu 109
Puskas,CPTu 109,10.8,11.6,11.2,2.0,Tertiary,MASW,16.39021951219512,0.5005363414634147,0.0561951219512195,3.053872103976346,389.1176536775279,16.407078048780487,0.0,9.2,23.125014224597567,22.125014224597567,257.00015931549274,90.252,166.74815931549273,-0.0021087748481384383,5.96388174950236,Puskas,Puskas__CPTu 109
Puskas,CPTu 109,11.6,12.0,11.8,2.0,Tertiary,MASW,11.200761904761904,0.3800185714285714,0.1444285714285714,3.392792156996123,366.3946567236064,11.244090476190475,0.0,9.8,22.646763039628727,21.646763039628727,265.231803867619,96.138,169.09380386761902,0.0043985056069907776,5.903711049515709,Puskas,Puskas__CPTu 109
Puskas,CPTu 109,12.0,13.0,12.5,2.0,Tertiary,MASW,23.96705882352941,0.6480980392156861,0.1058431372549019,2.704120034033641,415.2952021326748,23.99881176470588,0.0,10.5,23.604199315150613,22.604199315150613,293.05249143938266,103.00500000000001,190.04749143938267,0.0001197235330952892,6.0289895977952925,Puskas,Puskas__CPTu 109
Puskas,CPTu 109,13.0,14.0,13.5,2.0,Tertiary,MASW,19.55839215686274,0.6726307843137254,0.0692549019607843,3.4390903859533744,416.89764952808366,19.579168627450976,0.0,11.5,23.603374009753683,22.603374009753683,316.6455491316747,112.81500000000001,203.83054913167473,-0.0022613910889090244,6.032840746895524,Puskas,Puskas__CPTu 109
Puskas,CPTu 109,14.0,15.8,14.9,2.0,Tertiary,MASW,20.72692307692308,0.5367194505494507,0.0914505494505494,2.589479627813271,401.2370520208633,20.754358241758244,0.0,12.9,23.33134472100452,22.33134472100452,345.63703634296735,126.549,219.08803634296734,-0.0017197770598256568,5.994552404816684,Puskas,Puskas__CPTu 109
Puskas,CPTu 109,15.8,16.5,16.15,2.0,Tertiary,MASW,18.78561111111112,0.5212405555555554,0.0206111111111111,2.774679793340646,473.1945423642119,18.79179444444445,0.0,14.149999999999999,23.273293127958482,22.273293127958482,373.8636840165295,138.8115,235.05218401652948,-0.006417680163227124,6.159506598572404,Puskas,Puskas__CPTu 109
Puskas,CPTu 109,16.5,17.3,16.9,2.0,Tertiary,MASW,14.127195121951218,0.534559756097561,0.0115853658536585,3.783905803544453,475.4318888902732,14.130670731707315,0.0,14.899999999999999,23.227104962660523,22.227104962660523,390.5380738689628,146.16899999999998,244.3690738689628,-0.009794929750519212,6.164223630695549,Puskas,Puskas__CPTu 109
Puskas,CPTu 109,17.3,18.5,17.9,2.0,Tertiary,MASW,40.6301475409836,0.5688219672131148,0.0283934426229507,1.399999757912138,497.3965333145044,40.63866557377049,0.0,15.899999999999999,23.640125823331715,22.640125823331715,421.15825223763767,155.97899999999998,265.1792522376377,-0.00317238849133593,6.209387561732037,Puskas,Puskas__CPTu 109
Puskas,CPTu 109,18.5,19.6,19.05,2.0,Tertiary,MASW,51.50825,0.469114107142857,0.0135714285714285,0.910755281227487,488.5508029322555,51.51232142857143,0.0,17.05,23.461666457721773,22.461666457721773,444.9447460195998,167.2605,277.68424601959975,-0.003009535273055888,6.191443463889678,Puskas,Puskas__CPTu 109
Puskas,CPTu 109,19.6,20.0,19.8,2.0,Tertiary,MASW,45.54357142857143,0.3684238095238095,0.0271428571428571,0.808947998515289,468.0945771377496,45.55171428571428,0.0,17.8,23.104530656337776,22.104530656337776,455.46970699548797,174.61800000000002,280.8517069954879,-0.003270231129772109,6.148670363401812,Puskas,Puskas__CPTu 109
Puskas,CPTu 109,20.0,21.0,20.5,2.0,Tertiary,MASW,44.28107843137254,0.3927864705882353,0.0377254901960784,0.8870300464722906,474.3049527618691,44.292396078431366,0.0,18.5,23.187194409274785,22.187194409274785,473.33748539013305,181.485,291.85248539013304,-0.003280753042621313,6.161850475084696,Puskas,Puskas__CPTu 109
Puskas,CPTu 109,21.0,22.0,21.5,2.0,Tertiary,MASW,39.00572549019607,0.4200964705882353,0.0432156862745097,1.077012323982603,509.46030729542105,39.01869019607842,0.0,19.5,23.245977574274843,22.245977574274843,497.7885178469091,191.29500000000002,306.49351784690907,-0.0038441289604903305,6.233351944417846,Puskas,Puskas__CPTu 109
Puskas,CPTu 109,22.0,23.5,22.75,2.0,Tertiary,MASW,30.32932894736842,0.4505642105263158,0.1345526315789473,1.4855726327087424,508.9807292766628,30.369694736842103,0.0,20.75,23.27215790500109,22.27215790500109,527.4415923387749,203.5575,323.88409233877485,-0.00231232099288598,6.232410155866552,Puskas,Puskas__CPTu 109
Puskas,CPTu 109,23.5,24.0,23.75,2.0,Tertiary,MASW,44.75107692307693,0.6641107692307693,0.028,1.4840106984962975,558.4984862565876,44.75947692307693,0.0,21.75,23.91853411514017,22.91853411514017,566.0651852345791,213.3675,352.69768523457907,-0.004194460049828462,6.325251908132418,Puskas,Puskas__CPTu 109
Puskas,CPTu 109,24.0,25.0,24.5,2.0,Tertiary,MASW,39.05872549019609,0.3536598039215685,0.0244313725490196,0.9054565900014804,486.2469479510288,39.0660549019608,0.0,22.5,23.033300172694776,22.033300172694776,562.3158542310221,220.72500000000002,341.59085423102204,-0.005098040665807859,6.186716618205562,Puskas,Puskas__CPTu 109
Puskas,CPTu 109,25.0,26.0,25.5,2.0,Tertiary,MASW,14.169372549019611,0.2951031372549019,0.0479019607843137,2.082683169166304,468.82748348780166,14.183743137254908,0.0,23.5,22.487330722200408,21.487330722200408,571.4269334161104,230.53500000000003,340.89193341611036,-0.013416749690562004,6.150234861731704,Puskas,Puskas__CPTu 109
Puskas,CPTu 109,26.0,27.0,26.5,2.0,Tertiary,MASW,9.7848431372549,0.3902737254901961,0.1158431372549019,3.9885537255499206,493.6580005594871,9.819596078431372,0.0,24.5,22.757381548861627,21.757381548861627,601.0706110448332,240.345,360.72561104483316,-0.013505615750106996,6.201842970873331,Puskas,Puskas__CPTu 109
Puskas,CPTu 109,27.0,28.32,27.66,2.0,Tertiary,MASW,22.568940298507457,0.8829498507462689,0.5874328358208954,3.9122344207036632,504.2900797769235,22.745170149253724,0.0,25.66,24.11803536719458,23.11803536719458,665.104858256602,251.7246,413.380258256602,0.015204132388040373,6.223151657615994,Puskas,Puskas__CPTu 109
Puskas,CPTu 110,1.0,2.0,1.5,2.0,Quaternary,MASW,9.190392156862744,0.0735980392156863,0.0065490196078431,0.8008150028802462,200.39827423258905,9.192356862745095,0.5,0.0,20.07979428544674,19.07979428544674,28.619691428170114,0.0,28.619691428170114,0.0007146668968575336,5.300306757559802,Puskas,Puskas__CPTu 110
Puskas,CPTu 110,2.0,2.9,2.45,2.0,Quaternary,MASW,2.7226739130434785,0.0150171739130434,0.002891304347826,0.5515597678113748,145.81757350484608,2.7235413043478265,0.0,0.4500000000000002,17.6404420360975,16.6404420360975,41.21908298843888,4.414500000000002,36.804582988438874,-0.0005678645317273082,4.982356343894517,Puskas,Puskas__CPTu 110
Puskas,CPTu 110,2.9,3.2,3.05,2.0,Quaternary,MASW,6.762812500000002,0.05082625,0.0014375,0.7515549189039322,189.85635815921648,6.763243750000002,0.0,1.0499999999999998,19.589800486618913,18.589800486618913,57.74889148418768,10.3005,47.44839148418768,-0.0013217518150422868,5.246267776552713,Puskas,Puskas__CPTu 110
Puskas,CPTu 110,3.2,4.5,3.85,2.0,Quaternary,MASW,33.16254545454546,0.1766225757575756,0.0032121212121212,0.5325965583663202,310.9234013659034,33.163509090909095,0.0,1.85,21.78350763848816,20.78350763848816,81.86650440817942,18.148500000000002,63.718004408179425,-0.00045150051871891165,5.739546583984104,Puskas,Puskas__CPTu 110
Puskas,CPTu 110,4.5,5.6,5.05,2.0,Quaternary,MASW,36.26101785714285,0.1443746428571428,0.0219642857142857,0.3981538616095502,302.5591536137546,36.26760714285714,0.0,3.05,21.5781712477206,20.5781712477206,106.96976480098903,29.9205,77.04926480098902,-0.00022002417165750728,5.712276807490035,Puskas,Puskas__CPTu 110
Puskas,CPTu 110,5.6,6.3,5.949999999999999,2.0,Quaternary,MASW,24.18416666666668,0.0958297222222222,0.02,0.3962498420683871,276.71814675465174,24.19016666666668,0.0,3.9499999999999993,20.926788511870182,19.926788511870182,122.51439164562757,38.7495,83.76489164562757,-0.0007790331930073391,5.622999467420349,Puskas,Puskas__CPTu 110
Puskas,CPTu 110,6.3,7.4,6.85,2.0,Quaternary,MASW,27.01333928571429,0.1452273214285714,0.0093392857142857,0.5376133616526755,270.6218527389317,27.016141071428574,0.0,4.85,21.540264024042276,20.540264024042276,145.5508085646896,47.5785,97.9723085646896,-0.0014230879899412652,5.60072246908703,Puskas,Puskas__CPTu 110
Puskas,CPTu 110,7.4,8.2,7.8,2.0,Quaternary,MASW,26.644195121951228,0.1613641463414633,0.0229024390243902,0.6056258993859456,240.10991579143212,26.651065853658544,0.0,5.8,21.696593265412126,20.696593265412126,167.23342747021456,56.898,110.33542747021457,-0.0012836344992877074,5.481096800964332,Puskas,Puskas__CPTu 110
Puskas,CPTu 110,8.2,9.0,8.6,2.0,Tertiary,MASW,18.06931707317073,0.2467570731707316,0.0830731707317073,1.3656137206043932,259.15796461510746,18.09423902439024,0.0,6.6,22.164698507148408,21.164698507148408,188.61640716147627,64.746,123.87040716147628,0.0010235427789074992,5.557437777773741,Puskas,Puskas__CPTu 110
Puskas,CPTu 110,9.0,10.0,9.5,2.0,Tertiary,MASW,16.06868627450981,0.3051976470588235,0.0496470588235294,1.8993316680963943,276.2420718485685,16.08358039215687,0.0,7.5,22.429318365001336,21.429318365001336,211.0785244675127,73.575,137.5035244675127,-0.0015075091107835494,5.62127755322943,Puskas,Puskas__CPTu 110
Puskas,CPTu 110,10.0,11.0,10.5,2.0,Tertiary,MASW,10.149372549019606,0.2424390196078431,0.0541176470588235,2.388709434370521,242.73062414832853,10.165607843137254,0.0,8.5,21.994253624327612,20.994253624327612,228.93966305543992,83.385,145.5546630554399,-0.0029453889785555397,5.491952285853269,Puskas,Puskas__CPTu 110
Puskas,CPTu 110,11.0,12.3,11.65,2.0,Tertiary,MASW,20.86062121212121,0.5196369696969697,0.037530303030303,2.4909947043908307,417.0864828726228,20.871880303030306,0.0,9.65,23.254250786815913,22.254250786815913,268.9120216664054,94.66650000000001,174.24552166640538,-0.002773202200256683,6.033293593275761,Puskas,Puskas__CPTu 110
Puskas,CPTu 110,12.3,13.5,12.9,2.0,Tertiary,MASW,10.136524590163932,0.2888473770491806,0.0350491803278688,2.8495701310631283,357.01092228030126,10.147039344262296,0.0,10.9,22.259004272765306,21.259004272765306,285.14115511867243,106.929,178.21215511867243,-0.007288639397155751,5.877766375934326,Puskas,Puskas__CPTu 110
Puskas,CPTu 110,13.5,14.6,14.05,2.0,Tertiary,MASW,13.156892857142855,0.4686598214285714,0.0206607142857142,3.5620858702526923,404.08198793474,13.16309107142857,0.0,12.05,23.00194264764762,22.00194264764762,321.1772941994491,118.21050000000001,202.96679419944905,-0.007596203136580627,6.001617797804051,Puskas,Puskas__CPTu 110
Puskas,CPTu 110,14.6,15.0,14.8,2.0,Tertiary,MASW,18.3827619047619,0.3893052380952381,0.0562857142857142,2.1177733798227125,395.3061842804448,18.399647619047613,0.0,12.8,22.8614527863324,21.8614527863324,336.3495012377195,125.56800000000001,210.78150123771948,-0.0038355280006133253,5.979660614704538,Puskas,Puskas__CPTu 110
Puskas,CPTu 110,15.0,16.0,15.5,2.0,Tertiary,MASW,29.3970588235294,0.7627019607843136,0.0576078431372549,2.594483908620978,484.57396015852,29.41434117647058,0.0,13.5,23.916100923201686,22.916100923201686,368.69956430962617,132.435,236.26456430962617,-0.0025761922515568103,6.183270072226572,Puskas,Puskas__CPTu 110
Puskas,CPTu 110,16.0,17.0,16.5,2.0,Tertiary,MASW,52.25254901960785,0.4040950980392158,0.0604313725490196,0.773350019513074,477.2386325952831,52.27067843137255,0.0,14.5,23.244649502178675,22.244649502178675,381.5367167859481,142.245,239.2917167859481,-0.0015767003412966785,6.168016643768567,Puskas,Puskas__CPTu 110
Puskas,CPTu 110,17.0,18.0,17.5,2.0,Tertiary,MASW,52.08417647058823,0.262508431372549,0.0602549019607843,0.5040080292347269,443.3628887189915,52.10225294117646,0.0,15.5,22.671346204339876,21.671346204339876,394.7485585759478,152.055,242.6935585759478,-0.0017753728232551536,6.094388596609031,Puskas,Puskas__CPTu 110
Puskas,CPTu 110,18.0,20.0,19.0,2.0,Tertiary,MASW,35.48531683168316,0.3616228712871285,0.0385247524752475,1.0190774764740234,469.2945504406817,35.49687425742573,0.0,17.0,22.99771502632413,21.99771502632413,434.9565855001585,166.77,268.18658550015846,-0.0036576792155164897,6.151230610631271,Puskas,Puskas__CPTu 110
Puskas,CPTu 110,20.0,21.0,20.5,2.0,Tertiary,MASW,19.56852941176471,0.671403137254902,0.0133333333333333,3.431035225627382,527.5931660235888,19.572529411764712,0.0,18.5,23.660680077533435,22.660680077533435,483.0439415894354,181.485,301.5589415894354,-0.008808601307215995,6.268325467809286,Puskas,Puskas__CPTu 110
Puskas,CPTu 110,21.0,22.5,21.75,2.0,Tertiary,MASW,48.01147368421052,0.6036102631578949,0.0317105263157894,1.2572208616799938,511.7728837949055,48.02098684210525,0.0,19.75,23.798708820602094,22.798708820602094,515.6219168480956,193.7475,321.87441684809556,-0.003410919460131554,6.2378809402879085,Puskas,Puskas__CPTu 110
Puskas,CPTu 110,22.5,22.0,22.25,2.0,Tertiary,MASW,50.63696153846153,0.4193511538461539,0.0355,0.8281522846263868,481.0034745008721,50.647611538461526,0.0,20.25,23.327801494915192,22.327801494915192,517.043583261863,198.6525,318.39108326186295,-0.0032545511980994306,6.1758744935742085,Puskas,Puskas__CPTu 110
Puskas,CPTu 110,22.0,22.72,22.36,2.0,Tertiary,MASW,52.203756756756746,0.3541216216216216,0.0378648648648648,0.6783450916600702,462.4689505029692,52.2151162162162,0.0,20.36,23.11015564536562,22.11015564536562,514.7430802303752,199.73160000000001,315.0114802303752,-0.0031308620289718673,6.136579420651255,Puskas,Puskas__CPTu 110
Puskas,CPTu 120a,1.0,2.0,1.5,2.0,Quaternary,MASW,4.871156862745099,0.0712749019607843,0.0069607843137254,1.4632027661826914,169.27417404343785,4.8732450980392175,0.5,0.0,19.843686442394173,18.843686442394173,28.26552966359126,0.0,28.26552966359126,0.0014367004474405117,5.131519731982684,Puskas,Puskas__CPTu 120a
Puskas,CPTu 120a,2.0,2.3,2.15,2.0,Quaternary,MASW,2.4838124999999995,0.02665625,0.0,1.0731989632872854,148.7533414958771,2.4838124999999995,0.0,0.1499999999999999,18.366264921463664,17.366264921463664,37.487469581146875,1.4714999999999991,36.01596958114688,-0.0006015145091934301,5.00228950801126,Puskas,Puskas__CPTu 120a
Puskas,CPTu 120a,2.3,3.2,2.75,2.0,Quaternary,MASW,9.734195652173913,0.0906386956521739,0.0002173913043478,0.931136982354899,188.84556930451924,9.734260869565215,0.0,0.75,20.464464181605305,19.464464181605305,54.27727649941458,7.3575,46.91977649941458,-0.0007376157848828353,5.240929587429809,Puskas,Puskas__CPTu 120a
Puskas,CPTu 120a,3.2,4.7,3.95,2.0,Quaternary,MASW,23.042921052631577,0.1891582894736842,0.0043815789473684,0.8208954456843125,295.0128794371489,23.044235526315788,0.0,1.9500000000000002,21.768829327431675,20.768829327431675,83.98687584335512,19.129500000000004,64.85737584335511,-0.0006423241001063004,5.687019014495768,Puskas,Puskas__CPTu 120a
Puskas,CPTu 120a,4.7,5.9,5.300000000000001,2.0,Quaternary,MASW,37.12483606557377,0.1514322950819672,0.0323606557377049,0.4079002391134917,306.83201423995195,37.13454426229508,0.0,3.3000000000000007,21.65653306974346,20.65653306974346,112.77962526964035,32.37300000000001,80.40662526964033,-3.3343257449080356e-07,5.726300412940764,Puskas,Puskas__CPTu 120a
Puskas,CPTu 120a,5.9,6.9,6.4,2.0,Quaternary,MASW,23.608235294117648,0.1935158823529411,0.0151176470588235,0.8196965166691582,304.3360650771512,23.612770588235296,0.0,4.4,21.876063759757926,20.876063759757926,138.00680806245072,43.16400000000001,94.8428080624507,-0.0011947448418997467,5.718132568043696,Puskas,Puskas__CPTu 120a
Puskas,CPTu 120a,6.9,7.9,7.4,2.0,Quaternary,MASW,24.187627450980383,0.2305509803921568,0.0111960784313725,0.953177325305678,265.04783653843504,24.1909862745098,0.0,5.4,22.13998158742636,21.13998158742636,161.83586374695506,52.974000000000004,108.86186374695505,-0.001738634985193436,5.579910324934684,Puskas,Puskas__CPTu 120a
Puskas,CPTu 120a,7.9,8.9,8.4,2.0,Quaternary,MASW,20.514862745098043,0.2285090196078431,0.118235294117647,1.1138705749442297,258.2649911120815,20.550333333333334,0.0,6.4,22.096585749650217,21.096585749650217,183.61132029706184,62.784000000000006,120.82732029706183,0.002722642066904722,5.553986155151693,Puskas,Puskas__CPTu 120a
Puskas,CPTu 120a,8.9,9.9,9.4,2.0,Tertiary,MASW,5.801803921568627,0.195691568627451,0.1273529411764706,3.372943506414503,231.19395467894705,5.840009803921569,0.0,7.4,21.52149524990686,20.52149524990686,200.3020553491245,72.59400000000001,127.70805534912448,0.00970953524858296,5.44325698887396,Puskas,Puskas__CPTu 120a
Puskas,CPTu 120a,9.9,10.8,10.35,2.0,Tertiary,MASW,9.835891304347829,0.3703578260869565,0.0607391304347825,3.765371277773726,265.01827986137533,9.854113043478264,0.0,8.35,22.55318932478018,21.55318932478018,231.42550951147487,81.9135,149.51200951147487,-0.0022004631752277973,5.579798804216133,Puskas,Puskas__CPTu 120a
Puskas,CPTu 120a,10.8,11.5,11.15,2.0,Tertiary,MASW,12.185027777777776,0.4513516666666667,0.0567777777777777,3.704149673665998,372.0626210861618,12.20206111111111,0.0,9.15,22.895100599729687,21.895100599729687,253.28037168698603,89.76150000000001,163.51887168698602,-0.0027604257657348205,5.919062176359312,Puskas,Puskas__CPTu 120a
Puskas,CPTu 120a,11.5,12.0,11.75,2.0,Tertiary,MASW,10.80526923076923,0.463931923076923,0.0641923076923076,4.293571156522637,374.5058530745233,10.824526923076922,0.0,9.75,22.903206941011327,21.903206941011327,267.1126815568831,95.64750000000001,171.4651815568831,-0.002979440949090156,5.925607431872588,Puskas,Puskas__CPTu 120a
Puskas,CPTu 120a,12.0,13.0,12.5,2.0,Tertiary,MASW,14.553078431372551,0.5597443137254903,0.0600392156862745,3.846226187573008,400.4545339037271,14.571090196078432,0.0,10.5,23.25519277711196,22.25519277711196,288.6899097138995,103.00500000000001,185.68490971389951,-0.0030083027678999533,5.9926002367276405,Puskas,Puskas__CPTu 120a
Puskas,CPTu 120a,13.0,14.0,13.5,2.0,Tertiary,MASW,24.796941176470582,0.7746376470588237,0.0624117647058823,3.123924203174966,450.7630066078721,24.815664705882348,0.0,11.5,23.865523941451233,22.865523941451233,320.1845732095917,112.81500000000001,207.3695732095917,-0.002057654515082906,6.110941717147697,Puskas,Puskas__CPTu 120a
Puskas,CPTu 120a,14.0,15.6,14.8,2.0,Tertiary,MASW,11.304456790123456,0.4145774074074075,0.063641975308642,3.6673801767247936,387.7574696092931,11.323549382716047,0.0,12.8,22.798551628060444,21.798551628060444,335.4185640952946,125.56800000000001,209.85056409529457,-0.005635719642727284,5.960380065853803,Puskas,Puskas__CPTu 120a
Puskas,CPTu 120a,15.6,16.4,16.0,2.0,Tertiary,MASW,23.35721951219512,0.8696100000000003,0.0654146341463415,3.72308869874672,528.035828356596,23.376843902439024,0.0,14.0,24.02741573632064,23.02741573632064,382.43865178113026,137.34,245.09865178113026,-0.0031279506936410387,6.269164138140074,Puskas,Puskas__CPTu 120a
Puskas,CPTu 120a,16.4,17.2,16.799999999999997,2.0,Tertiary,MASW,29.071975609756105,0.9961260975609756,0.0712195121951219,3.4264135018973083,541.4113022349106,29.09334146341464,0.0,14.799999999999997,24.28378197281709,23.28378197281709,405.967537143327,145.188,260.779537143327,-0.0025784335643611925,6.294179252904138,Puskas,Puskas__CPTu 120a
Puskas,CPTu 120a,17.2,18.0,17.6,2.0,Tertiary,MASW,27.502439024390235,0.8276265853658535,0.0690243902439024,3.009284320681093,526.5325021850196,27.52314634146341,0.0,15.600000000000001,24.024094577584176,23.024094577584176,420.82406456548154,153.03600000000003,267.7880645654815,-0.003099793770355586,6.2663130622138015,Puskas,Puskas__CPTu 120a
Puskas,CPTu 120a,18.0,20.0,19.0,2.0,Tertiary,MASW,12.638316831683165,0.4608614851485148,0.0739504950495049,3.646541634350984,449.0788780094532,12.660501980198015,0.0,17.0,23.010772622763508,22.010772622763508,435.20467983250666,166.77,268.4346798325066,-0.0075924129017066935,6.1071985471672505,Puskas,Puskas__CPTu 120a
Puskas,CPTu 120a,20.0,20.0,20.0,2.0,Tertiary,MASW,10.26,0.34943,0.07,3.4057504873294357,438.5401246438102,10.281,0.0,18.0,22.582181233430184,21.582181233430184,449.6436246686037,176.58,273.06362466860367,-0.010840823578263117,6.083451311944811,Puskas,Puskas__CPTu 120a
Puskas,CPTu 120a,20.0,21.0,20.5,2.0,Tertiary,MASW,11.002568627450982,0.3616054901960785,0.0663529411764705,3.286555189429919,441.683963026819,11.022474509803924,0.0,18.5,22.65300269495438,21.65300269495438,462.3865552465648,181.485,280.9015552465648,-0.010902566277759325,6.090594610555575,Puskas,Puskas__CPTu 120a
Puskas,CPTu 112,1.0,2.0,1.5,2.0,Quaternary,MASW,6.810078431372549,0.0952088235294117,0.0032745098039215,1.398057665397882,247.8565513133917,6.811060784313725,0.5,0.0,20.335259760808718,19.335259760808718,29.002889641213077,0.0,29.002889641213077,0.00048281950033097115,5.512850156690949,Puskas,Puskas__CPTu 112
Puskas,CPTu 112,2.0,2.3,2.15,2.0,Quaternary,MASW,2.906812499999999,0.031794375,0.00275,1.0937882990388963,206.6398675684603,2.907637499999999,0.0,0.1499999999999999,18.65146878063247,17.65146878063247,38.10065787835981,1.4714999999999991,36.62915787835981,0.0004455422844666183,5.330977507906913,Puskas,Puskas__CPTu 112
Puskas,CPTu 112,2.3,3.2,2.75,2.0,Quaternary,MASW,1.6258695652173911,0.0243958695652173,0.0018043478260869,1.5004813477737666,192.14192162642937,1.6264108695652173,0.0,0.75,18.153521514991493,17.153521514991493,47.9221841662266,7.3575,40.5646841662266,-0.0035180183584967812,5.258234274110041,Puskas,Puskas__CPTu 112
Puskas,CPTu 112,3.2,4.5,3.85,2.0,Quaternary,MASW,2.5529393939393934,0.0353396969696969,0.0049696969696969,1.3842748109724976,188.58858106312715,2.5544303030303026,0.0,1.85,18.837922626770197,17.837922626770197,70.52600211306526,18.148500000000002,52.37750211306526,-0.005305680667905173,5.239567822571726,Puskas,Puskas__CPTu 112
Puskas,CPTu 112,4.5,5.0,4.75,2.0,Quaternary,MASW,14.837423076923075,0.0721565384615384,0.0058076923076923,0.4863144906460535,211.57719445603627,14.839165384615384,0.0,2.75,20.36395016521039,19.36395016521039,94.72876328474936,26.977500000000003,67.75126328474936,-0.0014357827454513621,5.3545899175030245,Puskas,Puskas__CPTu 112
Puskas,CPTu 112,5.0,6.5,5.75,2.0,Quaternary,MASW,41.015407894736846,0.1644107894736841,0.0354736842105263,0.4008512847065494,260.796572749255,41.026050000000005,0.0,3.75,21.809216157977538,20.809216157977538,123.40299290837085,36.7875,86.61549290837084,-3.212055662915687e-05,5.5637406886672816,Puskas,Puskas__CPTu 112
Puskas,CPTu 112,6.5,8.4,7.45,2.0,Quaternary,MASW,25.580927083333336,0.1931922916666666,0.0159791666666666,0.7552200553065047,266.3152922379172,25.585720833333337,0.0,5.45,21.919978291795275,20.919978291795275,161.30383827387482,53.4645,107.83933827387482,-0.0014743832018101987,5.584680916022503,Puskas,Puskas__CPTu 112
Puskas,CPTu 112,8.4,9.6,9.0,2.0,Quaternary,MASW,25.3444262295082,0.2707003278688524,0.199327868852459,1.0680862348885194,293.1036579652522,25.40422459016393,0.0,7.0,22.399049412116202,21.399049412116202,199.59144470904582,68.67,130.92144470904583,0.005183882982880087,5.680526327902538,Puskas,Puskas__CPTu 112
Puskas,CPTu 112,9.6,10.6,10.1,2.0,Tertiary,MASW,11.33731372549019,0.3696676470588234,0.1587843137254902,3.2606281876780305,298.53842624504034,11.384949019607838,0.0,8.1,22.591073290495476,21.591073290495476,226.16984023400428,79.461,146.7088402340043,0.007108601438418406,5.698898655686678,Puskas,Puskas__CPTu 112
Puskas,CPTu 112,10.6,11.5,11.05,2.0,Tertiary,MASW,10.933152173913046,0.4753415217391304,1.1510000000000002,4.347707908733906,313.2235594030481,11.278452173913044,0.0,9.05,22.939602035076813,21.939602035076813,251.4826024875988,88.78050000000002,162.70210248759878,0.09632923108381156,5.746917182881031,Puskas,Puskas__CPTu 112
Puskas,CPTu 112,11.5,12.6,12.05,2.0,Tertiary,MASW,19.57301785714286,0.5479598214285716,0.1695178571428569,2.799567370897801,389.4859402882468,19.62387321428572,0.0,10.05,23.311796053964805,22.311796053964805,278.9071424502759,98.5905,180.31664245027588,0.003666450325085906,5.964827767838365,Puskas,Puskas__CPTu 112
Puskas,CPTu 112,12.6,13.1,12.85,2.0,Tertiary,MASW,24.934730769230768,0.4370792307692308,0.0499999999999999,1.7528933230295096,448.3076900062492,24.94973076923077,0.0,10.85,23.089620663845,22.089620663845,294.70162553040825,106.4385,188.26312553040825,-0.0022891272880292165,6.105479804719935,Puskas,Puskas__CPTu 112
Puskas,CPTu 112,13.1,13.9,13.5,2.0,Tertiary,MASW,21.423292682926828,0.4964146341463414,0.0233414634146341,2.317172441666524,456.5124040212682,21.430295121951215,0.0,11.5,23.221848035131856,22.221848035131856,311.49494847428,112.81500000000001,198.67994847428002,-0.004236677076841494,6.12361587167303,Puskas,Puskas__CPTu 112
Puskas,CPTu 112,13.9,14.9,14.4,2.0,Tertiary,MASW,26.52150980392158,0.3561747058823529,0.0436666666666666,1.3429654213339222,434.7889089919266,26.534609803921583,0.0,12.4,22.849084046813644,21.849084046813644,327.02681027411643,121.644,205.38281027411642,-0.0029753729427179363,6.074860646623475,Puskas,Puskas__CPTu 112
Puskas,CPTu 112,14.9,15.9,15.4,2.0,Tertiary,MASW,8.140333333333336,0.4042303921568628,0.0235490196078431,4.965771985056255,413.5995258322484,8.14739803921569,0.0,13.4,22.670144876916623,21.670144876916623,347.120231104516,131.454,215.666231104516,-0.013833479146082614,6.024898176753157,Puskas,Puskas__CPTu 112
Puskas,CPTu 112,15.9,16.5,16.2,2.0,Tertiary,MASW,7.803483870967741,0.4022516129032258,0.0144838709677419,5.154769581824496,413.57480049432417,7.807829032258064,0.0,14.2,22.657854323216895,21.657854323216895,365.0572400361137,139.302,225.7552400361137,-0.016770382394728126,6.0248383940999855,Puskas,Puskas__CPTu 112
Puskas,CPTu 112,16.5,17.0,16.75,2.0,Tertiary,MASW,7.552269230769232,0.3021653846153845,0.0084230769230769,4.000987986290416,395.7007209996854,7.554796153846155,0.0,14.75,22.26743941741192,21.26743941741192,370.97961024164965,144.69750000000002,226.28211024164963,-0.018969641311099926,5.980658170476364,Puskas,Puskas__CPTu 112
Puskas,CPTu 112,17.0,18.0,17.5,2.0,Tertiary,MASW,8.883352941176469,0.3887372549019608,0.0196470588235294,4.376019476835943,398.7051358684919,8.889247058823527,0.0,15.5,22.66234214672686,21.66234214672686,394.5909875677201,152.055,242.5359875677201,-0.015587204480769062,5.988222135840566,Puskas,Puskas__CPTu 112
Puskas,CPTu 112,18.0,19.0,18.5,2.0,Tertiary,MASW,14.499313725490197,0.6120392156862745,0.0542745098039215,4.2211598926250735,433.7863395722361,14.515596078431372,0.0,16.5,23.43046675747966,22.43046675747966,431.4636350133737,161.865,269.59863501337367,-0.007639127978121171,6.0725521077453495,Puskas,Puskas__CPTu 112
Puskas,CPTu 112,19.0,20.0,19.5,2.0,Tertiary,MASW,22.91464705882353,0.6254776470588234,0.0202745098039215,2.7295975602555766,446.826169371082,22.920729411764707,0.0,17.5,23.606127886305643,22.606127886305643,458.31949378296,171.675,286.64449378296,-0.006740171279435092,6.102169636140285,Puskas,Puskas__CPTu 112
Puskas,CPTu 112,20.0,21.0,20.5,2.0,Tertiary,MASW,8.039843137254902,0.2637560784313727,0.0644117647058823,3.280612244897961,374.5451847602716,8.059166666666666,0.0,18.5,22.133009548984496,21.133009548984496,451.7266957541822,181.485,270.24169575418216,-0.015389307801540922,5.925712449244696,Puskas,Puskas__CPTu 112
Puskas,CPTu 112,21.0,22.0,21.5,2.0,Tertiary,MASW,7.602470588235293,0.2913535294117647,0.1370588235294118,3.832353259776235,378.6468007107174,7.643588235294116,0.0,19.5,22.257715668734328,21.257715668734328,476.54088687778807,191.29500000000002,285.24588687778805,-0.007567436607290247,5.936603846324922,Puskas,Puskas__CPTu 112
Puskas,CPTu 112,22.0,23.0,22.5,2.0,Tertiary,MASW,12.89113725490196,0.4779392156862747,0.1013333333333333,3.7075023423905793,436.70603389526303,12.92153725490196,0.0,20.5,23.09019542611909,22.09019542611909,517.5293970876795,201.10500000000002,316.4243970876795,-0.008043502375227257,6.079260277422081,Puskas,Puskas__CPTu 112
Puskas,CPTu 112,23.0,24.0,23.5,2.0,Tertiary,MASW,16.773666666666667,0.6212750980392157,1.0967450980392155,3.703871731717667,537.9545240284157,17.10269019607843,0.0,21.5,23.534777729078115,22.534777729078115,551.0672766333357,210.91500000000002,340.1522766333357,0.053519229041795596,6.287774028760882,Puskas,Puskas__CPTu 112
Puskas,CPTu 112,24.0,25.0,24.5,2.0,Tertiary,MASW,11.170294117647062,0.3749360784313724,1.59321568627451,3.356546161475199,486.7362618040775,11.648258823529416,0.0,22.5,22.74407493753211,21.74407493753211,555.2298359695367,220.72500000000002,334.50483596953666,0.12372551156349361,6.187722419517225,Puskas,Puskas__CPTu 112
Puskas,CPTu 112,25.0,26.09,25.545,2.0,Tertiary,MASW,18.950392857142862,0.4816275000000001,1.4517500000000003,2.5415172320211976,519.6919159437585,19.385917857142864,0.0,23.545,23.24205636368645,22.24205636368645,591.7183298103705,230.97645000000003,360.7418798103705,0.0649548041790566,6.253236166657235,Puskas,Puskas__CPTu 112
Puskas,CPTu 113,1.0,2.0,1.5,2.0,Quaternary,MASW,6.7505098039215685,0.0695027450980391,0.0047254901960784,1.0295925362209386,218.4920718549121,6.751927450980392,0.5,0.0,19.908915622106967,18.908915622106967,28.36337343316045,0.0,28.36337343316045,0.0007028251893751962,5.386749729460472,Puskas,Puskas__CPTu 113
Puskas,CPTu 113,2.0,2.5,2.25,2.0,Quaternary,MASW,7.4355,0.1008130769230769,0.0051923076923076,1.3558345359838195,235.1311823772301,7.437057692307692,0.0,0.25,20.497103333567814,19.497103333567814,44.118482500527584,2.4525,41.66598250052758,0.00037059789273974895,5.460143581277555,Puskas,Puskas__CPTu 113
Puskas,CPTu 113,2.5,3.2,2.85,2.0,Quaternary,MASW,4.872194444444443,0.0558086111111111,0.00625,1.1454512283422371,209.8338655995791,4.874069444444444,0.0,0.8500000000000001,19.60639676763873,18.60639676763873,53.87823078777039,8.338500000000002,45.53973078777039,-0.00043328156652433546,5.346316101427432,Puskas,Puskas__CPTu 113
Puskas,CPTu 113,3.2,4.5,3.85,2.0,Quaternary,MASW,10.59028787878788,0.0680251515151515,0.0014545454545454,0.6423352442704078,210.7831944833367,10.590724242424244,0.0,1.85,20.151925507962204,19.151925507962204,75.58491320565449,18.148500000000002,57.43641320565449,-0.0015876113499577545,5.350830090924378,Puskas,Puskas__CPTu 113
Puskas,CPTu 113,4.5,5.6,5.05,2.0,Quaternary,MASW,37.51225,0.0831607142857142,0.0368928571428571,0.2216894861964139,249.12116863907616,37.52331785714285,0.0,3.05,20.845843471225106,19.845843471225106,103.27150952968678,29.9205,73.35100952968678,0.0001863267906749088,5.517939399143552,Puskas,Puskas__CPTu 113
Puskas,CPTu 113,5.6,6.4,6.0,2.0,Quaternary,MASW,18.57639024390244,0.1175390243902439,0.0107073170731707,0.6327333935548928,231.3198506695236,18.579602439024388,0.0,4.0,21.12267985743253,20.12267985743253,124.73607914459518,39.24,85.49607914459517,-0.0015460790866986885,5.44380138773181,Puskas,Puskas__CPTu 113
Puskas,CPTu 113,6.4,7.8,7.1,2.0,Quaternary,MASW,23.24492957746478,0.1365767605633803,0.0138450704225352,0.5875550627427459,254.818943702389,23.24908309859154,0.0,5.1,21.417067439364917,20.417067439364917,150.0611788194909,50.031,100.03017881949089,-0.0015665567876919826,5.540553268274998,Puskas,Puskas__CPTu 113
Puskas,CPTu 113,7.8,8.7,8.25,2.0,Quaternary,MASW,35.91815217391304,0.1527158695652174,0.0160217391304347,0.4251774112036122,351.6203146859859,35.92295869565217,0.0,6.25,21.721231197370276,20.721231197370276,177.20015737830477,61.3125,115.88765737830477,-0.0012670247526310394,5.862551941974671,Puskas,Puskas__CPTu 113
Puskas,CPTu 113,8.7,9.8,9.25,2.0,Tertiary,MASW,14.41678571428572,0.1896692857142858,0.0506428571428571,1.3156142393539276,301.42449401020934,14.431978571428576,0.0,7.25,21.752145611433708,20.752145611433708,199.2073469057618,71.1225,128.0848469057618,-0.0014389076121631768,5.70851955034296,Puskas,Puskas__CPTu 113
Puskas,CPTu 113,9.8,10.5,10.15,2.0,Tertiary,MASW,8.07633333333333,0.2483544444444444,0.0218055555555555,3.0750890805783717,292.7843806065131,8.082874999999998,0.0,8.15,21.95215290042478,20.95215290042478,220.81435193931154,79.95150000000001,140.86285193931153,-0.007395763915760077,5.679436435741154,Puskas,Puskas__CPTu 113
Puskas,CPTu 113,10.5,11.5,11.0,2.0,Tertiary,MASW,7.523137254901962,0.2534158823529411,0.0453725490196078,3.3684867597998323,292.4659929065777,7.536749019607845,0.0,9.0,21.969573296200426,20.969573296200426,239.66530625820468,88.29,151.37530625820466,-0.005881452463245959,5.678348396345523,Puskas,Puskas__CPTu 113
Puskas,CPTu 113,11.5,12.5,12.0,2.0,Tertiary,MASW,5.718960784313726,0.1750580392156862,0.0382549019607843,3.061011358844161,298.68228205638707,5.730437254901961,0.0,10.0,21.400725629476902,20.400725629476902,254.80870755372285,98.10000000000001,156.70870755372283,-0.010929356789221535,5.6993804066110165,Puskas,Puskas__CPTu 113
Puskas,CPTu 113,12.5,13.5,13.0,2.0,Tertiary,MASW,9.102823529411763,0.2648845098039216,0.0276078431372549,2.9099159062906583,378.1991934507872,9.11110588235294,0.0,11.0,22.11077641377307,21.11077641377307,285.4400933790499,107.91000000000001,177.5300933790499,-0.009098708106879422,5.935421023622366,Puskas,Puskas__CPTu 113
Puskas,CPTu 113,13.5,14.5,14.0,2.0,Tertiary,MASW,10.26129411764706,0.3325117647058823,0.0149607843137254,3.2404466814184656,387.6000048615877,10.265782352941176,0.0,12.0,22.463798437544252,21.463798437544252,312.4931781256195,117.72,194.77317812561952,-0.010324146508903056,5.959973892559407,Puskas,Puskas__CPTu 113
Puskas,CPTu 113,14.5,15.6,15.05,2.0,Tertiary,MASW,22.14280357142857,0.8161275,0.0308571428571428,3.685746013901648,455.8586003549698,22.152060714285717,0.0,13.05,23.91682677520702,22.91682677520702,357.9482429668657,128.02050000000003,229.92774296686565,-0.004458238768416224,6.122182674486634,Puskas,Puskas__CPTu 113
Puskas,CPTu 113,15.6,16.7,16.15,2.0,Tertiary,MASW,35.46469642857143,0.6027180357142857,0.0505714285714285,1.6994873674675468,484.6370874975657,35.47986785714286,0.0,14.149999999999999,23.662038310534747,22.662038310534747,380.1419187151361,138.8115,241.33041871513612,-0.0025139817781871885,6.183400337640462,Puskas,Puskas__CPTu 113
Puskas,CPTu 113,16.7,17.5,17.1,2.0,Tertiary,MASW,48.78831707317072,0.2855558536585366,0.0573414634146341,0.5852955600626101,462.0016359922432,48.80551951219511,0.0,15.100000000000001,22.761459282962342,21.761459282962342,387.2209537386561,148.13100000000003,239.08995373865605,-0.0018751079506801292,6.135568432184221,Puskas,Puskas__CPTu 113
Puskas,CPTu 113,17.5,18.0,17.75,2.0,Tertiary,MASW,20.598769230769225,0.504268076923077,0.0235,2.44804954739641,385.3383512141156,20.605819230769225,0.0,15.75,23.2702789524525,22.2702789524525,411.0474514060319,154.50750000000002,256.53995140603183,-0.006487198836972008,5.954121782661386,Puskas,Puskas__CPTu 113
Puskas,CPTu 113,18.0,19.0,18.5,2.0,Tertiary,MASW,30.28982352941177,0.8194156862745097,0.0485098039215686,2.705250776647304,421.9505280282337,30.30437647058824,0.0,16.5,24.04708366504024,23.04708366504024,442.87104780324444,161.865,281.0060478032444,-0.0037960308589110466,6.044888075003201,Puskas,Puskas__CPTu 113
Puskas,CPTu 113,19.0,20.0,19.5,2.0,Tertiary,MASW,16.856803921568627,0.444475882352941,0.0435882352941176,2.636774351893748,372.45822962193984,16.869880392156862,0.0,17.5,23.053019246484432,22.053019246484432,447.5338753064464,171.675,275.8588753064464,-0.007799540983650352,5.920124896288873,Puskas,Puskas__CPTu 113
Puskas,CPTu 113,20.0,21.28,20.64,2.0,Tertiary,MASW,43.83210769230768,0.5339312307692311,0.0272153846153846,1.2181281231496277,438.658819466712,43.840272307692295,0.0,18.64,23.598369974462962,22.598369974462962,485.07035627291555,182.85840000000002,302.21195627291553,-0.003589950187731046,6.083721934303451,Puskas,Puskas__CPTu 113
Puskas,CPTu 114,1.0,2.0,1.5,2.0,Quaternary,MASW,8.260882352941179,0.103523725490196,0.0061960784313725,1.2531800002373574,224.75092393174705,8.262741176470591,0.5,0.0,20.506720686531047,19.506720686531047,29.26008102979657,0.0,29.26008102979657,0.0007525466275502249,5.414992784274301,Puskas,Puskas__CPTu 114
Puskas,CPTu 114,2.0,2.5,2.25,2.0,Quaternary,MASW,7.93046153846154,0.1017784615384615,0.0057307692307692,1.2833863583456195,224.13193179464807,7.93218076923077,0.0,0.25,20.529528286871262,19.529528286871262,44.19143864546034,2.4525,41.73893864546034,0.00041560264515798264,5.4122348596997805,Puskas,Puskas__CPTu 114
Puskas,CPTu 114,2.5,3.2,2.85,2.0,Quaternary,MASW,3.692944444444445,0.0472944444444444,0.0035555555555555,1.280670347359078,186.43379476265693,3.694011111111112,0.0,0.8500000000000001,19.299258939684666,18.299258939684666,53.0028879781013,8.338500000000002,44.664387978101296,-0.001313631870990085,5.22807618819297,Puskas,Puskas__CPTu 114
Puskas,CPTu 114,3.2,4.0,3.6,2.0,Quaternary,MASW,7.769829268292683,0.068490731707317,0.0019756097560975,0.8814959678305391,197.16634393812143,7.770421951219512,0.0,1.6,20.057349645470083,19.057349645470083,70.2064587236923,15.696000000000002,54.510458723692295,-0.0017818189967895822,5.284047757917825,Puskas,Puskas__CPTu 114
Puskas,CPTu 114,4.0,5.0,4.5,2.0,Quaternary,MASW,21.77517647058824,0.1057415686274509,0.0127254901960784,0.4856060237687452,220.3446748699139,21.778994117647063,0.0,2.5,20.987348422761947,19.987348422761947,92.44306790242877,24.525000000000002,67.91806790242876,-0.0005440934234704206,5.395193024306228,Puskas,Puskas__CPTu 114
Puskas,CPTu 114,5.0,6.2,5.6,2.0,Quaternary,MASW,32.5262131147541,0.1172673770491803,0.0372622950819671,0.3605319089420437,238.76717286650103,32.53739180327869,0.0,3.5999999999999996,21.280019319749716,20.280019319749716,117.16810819059839,35.315999999999995,81.85210819059839,6.003336375072534e-05,5.475488905010781,Puskas,Puskas__CPTu 114
Puskas,CPTu 114,6.2,7.3,6.75,2.0,Quaternary,MASW,32.27410714285715,0.2015641071428571,0.0146428571428571,0.6245381359448916,252.71605577583384,32.2785,0.0,4.75,22.03359050351736,21.03359050351736,146.72673589874216,46.597500000000004,100.12923589874217,-0.000994487375299755,5.5322665492805285,Puskas,Puskas__CPTu 114
Puskas,CPTu 114,7.3,8.4,7.85,2.0,Quaternary,MASW,31.919964285714286,0.1783651785714286,0.011625,0.558788778630481,296.36910100833444,31.923451785714285,0.0,5.85,21.8872451038257,20.8872451038257,169.81487406503174,57.3885,112.42637406503175,-0.001441204991016668,5.691605640377564,Puskas,Puskas__CPTu 114
Puskas,CPTu 114,8.4,9.0,8.7,2.0,Tertiary,MASW,21.191000000000003,0.2616716129032258,0.0386451612903225,1.2348242787184456,298.751297713141,21.2025935483871,0.0,6.699999999999999,22.293559140137717,21.293559140137717,191.9539645191981,65.72699999999999,126.22696451919812,-0.0012889583204535617,5.699611447045963,Puskas,Puskas__CPTu 114
Puskas,CPTu 114,9.0,10.0,9.5,2.0,Tertiary,MASW,8.190901960784316,0.2799774509803921,0.0592156862745098,3.4181516555910894,273.3427491900246,8.20866666666667,0.0,7.5,22.108721095274895,21.108721095274895,208.0328504051115,73.575,134.45785040511151,-0.00179477202122467,5.610726499253049,Puskas,Puskas__CPTu 114
Puskas,CPTu 114,10.0,11.0,10.5,2.0,Tertiary,MASW,8.056019607843139,0.2799558823529412,0.0695686274509804,3.4751142124875565,274.4851564238781,8.076890196078432,0.0,8.5,22.118041145142215,21.118041145142215,230.23943202399326,83.385,146.85443202399324,-0.0017607987107458004,5.614897184528933,Puskas,Puskas__CPTu 114
Puskas,CPTu 114,11.0,12.2,11.6,2.0,Tertiary,MASW,28.383475409836063,0.8209155737704917,0.0730819672131147,2.8922306444756587,349.02458754476305,28.4054,0.0,9.6,23.96297710697262,22.96297710697262,275.9705344408824,94.176,181.7945344408824,-0.00074989195257985,5.855142371138502,Puskas,Puskas__CPTu 114
Puskas,CPTu 114,12.2,13.6,12.9,2.0,Tertiary,MASW,39.87498591549296,0.4614464788732393,0.0757183098591549,1.1572329576521547,455.37679631018045,39.89770140845071,0.0,10.9,23.305934260269428,22.305934260269428,298.64655195747565,106.929,191.71755195747565,-0.0007881675523305412,6.121125200004298,Puskas,Puskas__CPTu 114
Puskas,CPTu 114,13.6,14.5,14.05,2.0,Tertiary,MASW,32.945304347826095,0.5142019565217392,0.0729565217391304,1.5607746436122054,444.89322672508666,32.96719130434784,0.0,12.05,23.40590509762347,22.40590509762347,326.85296662160977,118.21050000000001,208.64246662160974,-0.0013864432957964876,6.097834313432421,Puskas,Puskas__CPTu 114
Puskas,CPTu 114,14.5,15.2,14.85,2.0,Tertiary,MASW,17.40675,0.5950208333333333,0.0634166666666666,3.4183338838860404,419.3373064047892,17.425774999999998,0.0,12.85,23.41655393396079,22.41655393396079,345.73582591931773,126.05850000000001,219.67732591931772,-0.003667546233055116,6.038675623280593,Puskas,Puskas__CPTu 114
Puskas,CPTu 114,15.2,16.0,15.6,2.0,Tertiary,MASW,18.869853658536588,0.5093182926829268,0.0536585365853658,2.6991109835794345,413.0622284277911,18.8859512195122,0.0,13.6,23.238695073193462,22.238695073193462,360.523643141818,133.416,227.10764314181802,-0.0043052967649916335,6.023598255770122,Puskas,Puskas__CPTu 114
Puskas,CPTu 114,16.0,17.0,16.5,2.0,Tertiary,MASW,16.881431372549013,0.5026366666666665,0.0684313725490196,2.977452892318164,405.4488297502153,16.90196078431372,0.0,14.5,23.195213580886183,22.195213580886183,380.721024084622,142.245,238.476024084622,-0.004467801964152165,6.004994675087758,Puskas,Puskas__CPTu 114
Puskas,CPTu 114,17.0,18.0,17.5,2.0,Tertiary,MASW,20.69105882352942,0.5977096078431372,0.0580392156862745,2.8887337904787884,405.0860597221328,20.708470588235304,0.0,15.5,23.49862590840366,22.49862590840366,409.225953397064,152.055,257.170953397064,-0.004631491762623151,6.004099537674138,Puskas,Puskas__CPTu 114
Puskas,CPTu 114,18.0,19.0,18.5,2.0,Tertiary,MASW,27.70986274509803,0.7489996078431371,0.0705490196078431,2.703007282039453,422.1799813005418,27.73102745098038,0.0,16.5,23.899135772867336,22.899135772867336,440.1340117980457,161.865,278.2690117980457,-0.0033460238520829034,6.045431719085304,Puskas,Puskas__CPTu 114
Puskas,CPTu 114,19.0,20.0,19.5,2.0,Tertiary,MASW,16.235137254901957,0.5338821568627451,0.0683921568627451,3.2884363617039782,378.765919590836,16.25565490196078,0.0,17.5,23.28849531099672,22.28849531099672,452.12565856443604,171.675,280.450658564436,-0.0065354289884591845,5.936918387863262,Puskas,Puskas__CPTu 114
Puskas,CPTu 114,20.0,21.0,20.5,2.0,Tertiary,MASW,26.733274509803923,0.7727584313725493,0.0667647058823529,2.890623934187915,414.0643271634791,26.75330392156863,0.0,18.5,23.944978602348723,22.944978602348723,488.8720613481488,181.485,307.3870613481488,-0.004367895514671303,6.026021341377081,Puskas,Puskas__CPTu 114
Puskas,CPTu 114,21.0,22.0,21.5,2.0,Tertiary,MASW,30.452156862745102,0.5628796078431373,0.0666862745098039,1.8484063719366923,410.2344894035193,30.472162745098046,0.0,19.5,23.56472508430044,22.56472508430044,504.64158931245953,191.29500000000002,313.3465893124595,-0.004158125887103577,6.0167289215858055,Puskas,Puskas__CPTu 114
Puskas,CPTu 114,22.0,23.1,22.55,2.0,Tertiary,MASW,48.56694642857144,0.3783583928571429,0.0675178571428571,0.7790450515838042,461.6075672095514,48.5872017857143,0.0,20.55,23.17860413528244,22.17860413528244,520.6775232506191,201.59550000000002,319.08202325061905,-0.0027894183096123593,6.134715108494422,Puskas,Puskas__CPTu 114
Puskas,CPTu 121A,1.0,2.0,1.5,2.0,Quaternary,MASW,5.779333333333332,0.0710080392156862,0.0015490196078431,1.2286545025208149,243.63319066437415,5.7797980392156845,0.5,0.0,19.89050229306463,18.89050229306463,28.335753439596942,0.0,28.335753439596942,0.00026932622190255386,5.4956637772292325,Puskas,Puskas__CPTu 121A
Puskas,CPTu 121A,2.0,3.4,2.7,2.0,Quaternary,MASW,1.6619859154929573,0.0237543661971831,0.0011408450704225,1.4292760230845505,178.24327434404807,1.662328169014084,0.0,0.7000000000000002,18.121656463707208,17.121656463707208,46.928472452009466,6.867000000000002,40.06147245200946,-0.0035447294819752765,5.183149326992358,Puskas,Puskas__CPTu 121A
Puskas,CPTu 121A,3.4,4.7,4.05,2.0,Quaternary,MASW,6.31901515151515,0.0642443939393939,0.0026515151515151,1.0166836508374195,214.51341235432335,6.319810606060605,0.0,2.05,19.92524223513611,18.92524223513611,78.69723105230125,20.1105,58.586731052301246,-0.002797415108399897,5.368372264871633,Puskas,Puskas__CPTu 121A
Puskas,CPTu 121A,4.7,6.2,5.45,2.0,Quaternary,MASW,36.84561842105264,0.1780259210526316,0.034078947368421,0.4831671408476405,265.99977478840395,36.85584210526316,0.0,3.45,21.876063331033635,20.876063331033635,117.22454515413331,33.844500000000004,83.38004515413331,6.381496746234636e-06,5.583495462121205,Puskas,Puskas__CPTu 121A
Puskas,CPTu 121A,6.2,7.0,6.6,2.0,Quaternary,MASW,22.891463414634146,0.1692012195121951,0.0035121951219512,0.739145490384103,249.06811188904564,22.89251707317073,0.0,4.6,21.690285796976895,20.690285796976895,141.1558862600475,45.126,96.0298862600475,-0.0018290687988369706,5.517726400782067,Puskas,Puskas__CPTu 121A
Puskas,CPTu 121A,7.0,8.0,7.5,2.0,Quaternary,MASW,18.03656862745098,0.1276288235294117,0.0134509803921568,0.7076114429834813,258.6120744886227,18.040603921568625,0.0,5.5,21.25658714165253,20.25658714165253,157.424403562394,53.955000000000005,103.46940356239398,-0.0022649227206526937,5.555329157005746,Puskas,Puskas__CPTu 121A
Puskas,CPTu 121A,8.0,9.0,8.5,2.0,Quaternary,MASW,38.96635294117648,0.2321223529411764,0.0321176470588235,0.5956994571485502,349.60936029235586,38.975988235294125,0.0,6.5,22.31398882938237,21.31398882938237,187.66890504975015,63.765,123.90390504975015,-0.0008158990512512395,5.856816417714591,Puskas,Puskas__CPTu 121A
Puskas,CPTu 121A,9.0,11.5,10.25,2.0,Tertiary,MASW,5.808825396825396,0.1956290476190477,0.2155396825396825,3.3677901168446502,274.3252209805548,5.873487301587301,0.0,8.25,21.53520945551869,20.53520945551869,218.7358969190666,80.9325,137.80339691906659,0.02380426174500945,5.614314340419433,Puskas,Puskas__CPTu 121A
Puskas,CPTu 121A,11.5,13.0,12.25,2.0,Tertiary,MASW,23.79815789473684,0.7647615789473683,0.2341447368421054,3.21353267059591,429.7297539613017,23.86840131578947,0.0,10.25,23.822492030870112,22.822492030870112,289.8255273781589,100.55250000000001,189.27302737815887,0.0056658314751888,6.063156531952032,Puskas,Puskas__CPTu 121A
Puskas,CPTu 121A,13.0,14.0,13.5,2.0,Tertiary,MASW,27.802921568627443,0.7241652941176472,0.2233725490196078,2.604637402332525,457.5477116999507,27.869933333333325,0.0,11.5,23.810102187008546,22.810102187008546,319.43637952461535,112.81500000000001,206.62137952461535,0.004012905800028547,6.125881167146719,Puskas,Puskas__CPTu 121A
Puskas,CPTu 121A,14.0,15.0,14.5,2.0,Tertiary,MASW,15.945372549019607,0.7063501960784313,0.6103529411764705,4.429813062736254,429.23450448963655,16.12847843137255,0.0,12.5,23.62052903634652,22.62052903634652,340.4976710270245,122.625,217.87267102702452,0.03089235720387313,6.062003400091955,Puskas,Puskas__CPTu 121A
Puskas,CPTu 121A,15.0,16.0,15.5,2.0,Tertiary,MASW,14.10078431372549,0.4475513725490196,0.435686274509804,3.173946658508775,393.2011106231139,14.23149019607843,0.0,13.5,22.97769769437587,21.97769769437587,354.154314262826,132.435,221.719314262826,0.02185226884269439,5.974321212844592,Puskas,Puskas__CPTu 121A
Puskas,CPTu 121A,16.0,17.0,16.5,2.0,Tertiary,MASW,13.986921568627448,0.5248478431372549,0.8733921568627451,3.7524185758965314,407.15217775269457,14.24893921568627,0.0,14.5,23.201521067373953,22.201521067373953,380.82509761167023,142.245,238.58009761167023,0.052721455176794794,6.009187016671265,Puskas,Puskas__CPTu 121A
Puskas,CPTu 121A,17.0,18.0,17.5,2.0,Tertiary,MASW,23.54339215686274,1.0701690196078433,0.6824117647058826,4.54551753832931,431.4541433745016,23.748115686274502,0.0,15.5,24.324445325823227,23.324445325823227,423.67779320190647,152.055,271.62279320190646,0.02273824420280669,6.067161232279398,Puskas,Puskas__CPTu 121A
Puskas,CPTu 121A,18.0,19.0,18.5,2.0,Tertiary,MASW,24.828117647058825,1.0072572549019607,0.8291764705882352,4.056921548465765,410.1982569149331,25.07687058823529,0.0,16.5,24.267393260304374,23.267393260304374,446.94677531563093,161.865,285.0817753156309,0.0270935255690152,6.016640596275115,Puskas,Puskas__CPTu 121A
Puskas,CPTu 121A,19.0,20.0,19.5,2.0,Tertiary,MASW,26.00382352941176,0.6799123529411762,0.332470588235294,2.61466300204721,391.8910877493569,26.103564705882345,0.0,17.5,23.758005383091266,22.758005383091266,461.2811049702797,171.675,289.6061049702797,0.006270720296907359,5.97098396381242,Puskas,Puskas__CPTu 121A
Puskas,CPTu 121A,20.0,21.0,20.5,2.0,Tertiary,MASW,28.27182352941177,0.964460588235294,0.224843137254902,3.411384438049938,410.3707620497225,28.33927647058824,0.0,18.5,24.26083280927756,23.26083280927756,495.34707259018995,181.485,313.86207259018994,0.0015571845710117115,6.0170610487497855,Puskas,Puskas__CPTu 121A
Puskas,CPTu 121A,21.0,22.9,21.95,2.0,Tertiary,MASW,32.769677083333335,0.8794137499999995,0.5438645833333334,2.683620432888762,421.3272325672114,32.932836458333334,0.0,19.95,24.192012869659145,23.192012869659145,529.0146824890182,195.7095,333.30518248901825,0.010744259912973243,6.043409806267433,Puskas,Puskas__CPTu 121A
Galeria,CPTu6,1.0,2.0,1.5,4.9,Quaternary,MASW,3.567196078431373,0.0289394117647058,0.0,0.8112649579226827,133.45529133277475,3.567196078431373,3.4000000000000004,0.0,18.535357070374538,17.535357070374538,26.303035605561806,0.0,26.303035605561806,0.0,4.893766525366277,Galeria,Galeria__CPTu6
Galeria,CPTu6,2.0,3.0,2.5,4.9,Quaternary,MASW,28.0996862745098,0.1480286274509804,9.80392156862745e-05,0.5267981500037682,213.4602204627913,28.099715686274507,2.4000000000000004,0.0,21.433483258993412,20.433483258993412,51.083708147483534,0.0,51.083708147483534,3.49532967464252e-06,5.363450494291391,Galeria,Galeria__CPTu6
Galeria,CPTu6,3.0,4.2,3.6,4.9,Quaternary,MASW,44.67277049180329,0.3677142622950821,0.0002295081967213,0.823128402932949,272.7691531662016,44.67283934426231,1.3000000000000003,0.0,22.851692786982746,21.851692786982746,78.66609403313788,0.0,78.66609403313788,5.146596068357889e-06,5.608625844671905,Galeria,Galeria__CPTu6
Galeria,CPTu6,4.2,5.5,4.85,4.9,Quaternary,MASW,23.299348484848483,0.1959851515151514,0.0084696969696969,0.8411615099134647,297.1655807658395,23.301889393939398,0.05000000000000071,0.0,21.84936039321569,20.84936039321569,101.11939790709609,0.0,101.11939790709609,0.000365061029058318,5.694289494447275,Galeria,Galeria__CPTu6
Galeria,CPTu6,5.5,6.4,5.95,4.9,Quaternary,MASW,18.574282608695647,0.1121247826086956,0.0172173913043478,0.6036560602141576,272.69762195324785,18.579447826086952,0.0,1.0499999999999998,21.057988564129083,20.057988564129083,120.39503195656805,10.3005,110.09453195656805,0.0003747153974524216,5.608363569436724,Galeria,Galeria__CPTu6
Galeria,CPTu6,6.4,7.6,7.0,4.9,Quaternary,MASW,19.745360655737706,0.1389673770491803,0.014655737704918,0.7037976133841778,288.18852978380573,19.74975737704918,0.0,2.0999999999999996,21.388805455977703,20.388805455977703,144.82163819184393,20.601,124.22063819184393,-0.00030325334264158705,5.66361488327238,Galeria,Galeria__CPTu6
Galeria,CPTu6,7.6,8.2,7.899999999999999,4.9,Quaternary,MASW,16.07445161290323,0.0469693548387096,0.0129677419354838,0.2921988007417099,235.8756883032632,16.078341935483873,0.0,2.9999999999999982,19.883211066493242,18.883211066493242,152.1773674252966,29.429999999999986,122.74736742529663,-0.001033661180265134,5.463304921769304,Galeria,Galeria__CPTu6
Galeria,CPTu6,8.2,9.0,8.6,4.9,Quaternary,MASW,15.683243902439015,0.0847729268292683,0.0285121951219512,0.5405318399472486,262.07048087671285,15.691797560975605,0.0,3.6999999999999993,20.68295262733038,19.68295262733038,172.97339259504125,36.297,136.67639259504125,-0.000501636257591619,5.568613478563951,Galeria,Galeria__CPTu6
Galeria,CPTu6,9.0,10.0,9.5,4.9,Quaternary,MASW,17.541137254901958,0.0988615686274509,0.0209411764705882,0.5635983983867614,269.83202308273025,17.547419607843135,0.0,4.6,20.93818331370624,19.93818331370624,194.01274148020929,45.126,148.88674148020928,-0.001393664294029237,5.597799628660386,Galeria,Galeria__CPTu6
Galeria,CPTu6,10.0,11.5,10.75,4.9,Tertiary,MASW,8.791289473684207,0.118551447368421,0.3205526315789473,1.3485103376847307,276.3501036136512,8.887455263157891,0.0,5.85,20.993620260256634,19.993620260256634,220.78141779775882,57.3885,163.39291779775883,0.03036506695355071,5.621668553215518,Galeria,Galeria__CPTu6
Galeria,CPTu6,11.5,12.4,11.95,4.9,Tertiary,MASW,4.367565217391304,0.1700608695652174,0.1447608695652174,3.89372249985068,295.9671888314111,4.4109934782608695,0.0,7.049999999999999,21.281580525469376,20.281580525469376,249.41488727935905,69.1605,180.25438727935904,0.018166272223970423,5.690248599637377,Galeria,Galeria__CPTu6
Galeria,CPTu6,12.4,13.3,12.85,4.9,Tertiary,MASW,3.472478260869565,0.1199847826086956,0.1276086956521739,3.4553069478007195,275.8956626756854,3.510760869565217,0.0,7.949999999999999,20.753010030356883,19.753010030356883,261.77617889008593,77.98949999999999,183.78667889008594,0.015272215900119603,5.620022760460618,Galeria,Galeria__CPTu6
Galeria,CPTu6,13.3,14.0,13.65,4.9,Tertiary,MASW,3.546305555555556,0.112085,0.1304999999999999,3.160613157667996,244.9464642516105,3.585455555555556,0.0,8.75,20.6763720534524,19.6763720534524,277.3324785296253,85.8375,191.49497852962529,0.013500858027371936,5.501039673408494,Galeria,Galeria__CPTu6
Galeria,CPTu6,14.0,15.0,14.5,4.9,Tertiary,MASW,3.982490196078432,0.1291301960784313,0.2316666666666667,3.242448561595611,238.1196736349838,4.051990196078432,0.0,9.6,20.912805523366153,19.912805523366153,298.3356800888092,94.176,204.15968008880924,0.03662848194499283,5.472773377693724,Galeria,Galeria__CPTu6
Galeria,CPTu6,15.0,16.0,15.5,4.9,Tertiary,MASW,3.7329803921568616,0.1300866666666666,0.1855882352941176,3.484793730499734,238.96600919122216,3.7886568627450967,0.0,10.6,20.911870786644446,19.911870786644446,319.2339971929889,103.986,215.24799719298892,0.02352040626247842,5.476321320859922,Galeria,Galeria__CPTu6
Galeria,CPTu6,16.0,17.0,16.5,4.9,Tertiary,MASW,4.439,0.1435817647058823,0.4948235294117646,3.234552032121702,247.0961544396001,4.587447058823529,0.0,11.6,21.111877236311535,20.111877236311535,343.44597439914037,113.796,229.64997439914038,0.08978026202918445,5.509777550103735,Galeria,Galeria__CPTu6
Galeria,CPTu6,17.0,18.0,17.5,4.9,Tertiary,MASW,4.89721568627451,0.1617274509803921,0.7871960784313721,3.302436758782501,255.5758747639164,5.133374509803922,0.0,12.6,21.31471421984297,20.31471421984297,368.107498847252,123.60600000000001,244.50149884725198,0.13925559195436363,5.543519331366033,Galeria,Galeria__CPTu6
Galeria,CPTu6,18.0,19.0,18.5,4.9,Tertiary,MASW,6.466411764705883,0.1858807843137254,1.4332352941176474,2.8745584271059794,266.4994194691626,6.896382352941178,0.0,13.6,21.59982854118997,20.59982854118997,394.69682801201446,133.416,261.28082801201447,0.1999203574417434,5.585372065251416,Galeria,Galeria__CPTu6
Galeria,CPTu6,19.0,19.45,19.225,4.9,Tertiary,MASW,14.745625,0.1735058333333333,3.1685,1.1766597437092927,327.5416937913881,15.696174999999998,0.0,14.325000000000001,21.76260522708479,20.76260522708479,413.48608549070514,140.52825,272.9578354907051,0.1981308241591741,5.791615356258848,Galeria,Galeria__CPTu6
Galeria,CPTu1,1.0,2.0,1.5,4.9,Quaternary,MASW,4.988490196078431,0.04344,0.0004901960784313,0.8708045579431869,200.87338911264135,4.988637254901961,3.4000000000000004,0.0,19.18415589486667,18.18415589486667,27.276233842300005,0.0,27.276233842300005,9.88027431083019e-05,5.302674804673394,Galeria,Galeria__CPTu1
Galeria,CPTu1,2.0,3.0,2.5,4.9,Quaternary,MASW,3.116960784313725,0.019853725490196,0.001078431372549,0.6369578209039729,196.74440696539887,3.1172843137254893,2.4000000000000004,0.0,18.060273932340777,17.060273932340777,42.650684830851944,0.0,42.650684830851944,0.00035075117972241366,5.281905459779853,Galeria,Galeria__CPTu1
Galeria,CPTu1,3.0,4.3,3.65,4.9,Quaternary,MASW,14.109863636363638,0.1046280303030303,0.0014696969696969,0.741524035947344,291.6550194442972,14.110304545454548,1.2500000000000004,0.0,20.811141069825503,19.811141069825503,72.31066490486309,0.0,72.31066490486309,0.00010469423068585574,5.675571663558309,Galeria,Galeria__CPTu1
Galeria,CPTu1,4.3,5.5,4.9,4.9,Quaternary,MASW,54.8515737704918,0.1799375409836065,0.0032295081967213,0.3280444454273918,303.440748147891,54.852542622950814,0.0,0.0,21.996079962441243,20.996079962441243,102.8807918159621,0.0,102.8807918159621,5.8986815419648023e-05,5.715186362932214,Galeria,Galeria__CPTu1
Galeria,CPTu1,5.5,6.4,5.95,4.9,Quaternary,MASW,46.03417391304348,0.1043723913043478,0.0459565217391304,0.2267280640280471,285.02503663109627,46.04796086956522,0.0,1.0499999999999998,21.237453345777144,20.237453345777144,121.46284740737401,10.3005,111.16234740737401,0.000776371447305381,5.652577024238664,Galeria,Galeria__CPTu1
Galeria,CPTu1,6.4,7.8,7.1,4.9,Quaternary,MASW,29.321070422535204,0.0680350704225352,0.0520845070422535,0.2320347430776119,265.69406677837884,29.33669577464788,0.0,2.1999999999999993,20.54957489294454,19.54957489294454,141.00198173990623,21.581999999999994,119.41998173990623,0.0010447604793575064,5.58234552198719,Galeria,Galeria__CPTu1
Galeria,CPTu1,7.8,8.5,8.15,4.9,Tertiary,MASW,3.697861111111111,0.1251302777777777,0.1360833333333333,3.3838555321018906,293.826453794217,3.738686111111111,0.0,3.25,20.7634087809666,19.7634087809666,164.3217815648778,31.8825,132.4392815648778,0.02915226980976549,5.6829892998301,Galeria,Galeria__CPTu1
Galeria,CPTu1,8.5,9.5,9.0,4.9,Tertiary,MASW,11.689941176470589,0.3002676470588236,0.0608431372549019,2.5685984431059383,351.778884161439,11.70819411764706,0.0,4.1,22.303119444544762,21.303119444544762,195.82807500090286,40.221,155.60707500090285,0.001791303123833077,5.86300280822075,Galeria,Galeria__CPTu1
Galeria,CPTu1,9.5,10.3,9.9,4.9,Tertiary,MASW,11.42675609756098,0.2947246341463413,0.0333658536585365,2.5792502406632254,359.2097639054068,11.436765853658542,0.0,5.0,22.284562830619127,21.284562830619127,215.71717202312936,49.050000000000004,166.66717202312935,-0.0013977433648543465,5.883906518423329,Galeria,Galeria__CPTu1
Galeria,CPTu1,10.3,11.0,10.65,4.9,Tertiary,MASW,7.761333333333336,0.2251852777777778,0.0197777777777777,2.901373618507701,345.67985624468184,7.767266666666669,0.0,5.75,21.81508710196078,20.81508710196078,227.43067763588232,56.407500000000006,171.02317763588232,-0.004858159020370269,5.845513075761181,Galeria,Galeria__CPTu1
Galeria,CPTu1,11.0,12.0,11.5,4.9,Tertiary,MASW,11.999117647058824,0.3800874509803921,0.1394313725490196,3.167628338685033,301.04994974683586,12.04094705882353,0.0,6.6,22.664131686604513,21.664131686604513,255.7375143959519,64.746,190.99151439595192,0.006337212101954796,5.707276196984138,Galeria,Galeria__CPTu1
Galeria,CPTu1,12.0,13.0,12.5,4.9,Tertiary,MASW,16.224705882352946,0.483906862745098,0.056235294117647,2.982530877625503,269.53387290059925,16.24157647058824,0.0,7.6,23.092181553196948,22.092181553196948,283.75226941496186,74.556,209.19626941496188,-0.00114807041683076,5.596694070393839,Galeria,Galeria__CPTu1
Galeria,CPTu1,13.0,13.33,13.165,4.9,Tertiary,MASW,21.468000000000004,0.3079394444444443,0.0636666666666666,1.434411423721093,251.1968980124008,21.487100000000005,0.0,8.264999999999999,22.576175846418586,21.576175846418586,292.31535501810066,81.07964999999999,211.23570501810067,-0.0008215692504078406,5.52623708584105,Galeria,Galeria__CPTu1
Galeria,CPTu2,1.0,2.0,1.5,4.9,Quaternary,MASW,3.4217058823529403,0.0183221568627451,0.001,0.5354684912353089,142.94718163263792,3.4220058823529405,3.4000000000000004,0.0,17.90733409233966,16.90733409233966,25.36100113850949,0.0,25.36100113850949,0.00029440816893477,4.96247520281767,Galeria,Galeria__CPTu2
Galeria,CPTu2,2.0,3.0,2.5,4.9,Quaternary,MASW,12.333843137254902,0.0819086274509803,0.0011960784313725,0.6640965556272712,243.4278209050671,12.334201960784316,2.4000000000000004,0.0,20.38641985188997,19.38641985188997,48.46604962972492,0.0,48.46604962972492,9.735504979286949e-05,5.494820475192734,Galeria,Galeria__CPTu2
Galeria,CPTu2,3.0,4.0,3.5,4.9,Quaternary,MASW,52.12160784313726,0.2534721568627451,0.0045686274509803,0.4863091668729465,322.1958686052481,52.12297843137256,1.4000000000000004,0.0,22.393646718860616,21.393646718860616,74.87776351601215,0.0,74.87776351601215,8.777702533536939e-05,5.775159648206439,Galeria,Galeria__CPTu2
Galeria,CPTu2,4.0,5.0,4.5,4.9,Quaternary,MASW,58.107000000000006,0.2333278431372549,0.0094313725490196,0.4015485967908425,322.5679840545331,58.10982941176472,0.40000000000000036,0.0,22.351231205998673,21.351231205998673,96.08054042699402,0.0,96.08054042699402,0.00016257133408041595,5.77631391728981,Galeria,Galeria__CPTu2
Galeria,CPTu2,5.0,6.0,5.5,4.9,Quaternary,MASW,31.412215686274507,0.0840321568627451,0.0348823529411764,0.2675142616554194,287.5370044235484,31.42268039215686,0.0,0.5999999999999996,20.8181710306092,19.8181710306092,109.5999406683506,5.885999999999997,103.7139406683506,0.0009260140657863006,5.661351562993279,Galeria,Galeria__CPTu2
Galeria,CPTu2,6.0,7.5,6.75,4.9,Quaternary,MASW,25.813276315789476,0.1065106578947368,0.0458421052631578,0.4126196790819086,314.99276153740004,25.82702894736842,0.0,1.8499999999999996,21.10704086799673,20.10704086799673,137.57252585897794,18.1485,119.42402585897794,0.0010780144510948203,5.752549659315257,Galeria,Galeria__CPTu2
Galeria,CPTu2,7.5,8.5,8.0,4.9,Quaternary,MASW,15.7778431372549,0.1251521568627451,0.0206862745098039,0.7932146097157845,335.55843365581563,15.78404901960784,0.0,3.0999999999999996,21.198831440094995,20.198831440094995,164.69065152075996,30.410999999999998,134.27965152075996,-0.000622607232705878,5.815796110115893,Galeria,Galeria__CPTu2
Galeria,CPTu2,8.5,9.6,9.05,4.9,Quaternary,MASW,26.72073214285713,0.1573341071428571,0.0110535714285714,0.5888091175859301,355.7838439538125,26.724048214285705,0.0,4.15,21.68467653143251,20.68467653143251,191.3463226094642,40.71150000000001,150.6348226094642,-0.001117787728234824,5.874323366538642,Galeria,Galeria__CPTu2
Galeria,CPTu2,9.6,10.5,10.05,4.9,Quaternary,MASW,29.994217391304336,0.0562358695652173,0.0194782608695652,0.1874890377420576,288.1304316847947,30.000060869565203,0.0,5.15,20.34974188184327,19.34974188184327,199.61490591252488,50.5215,149.09340591252487,-0.0010417038445766197,5.663413265407648,Galeria,Galeria__CPTu2
Galeria,CPTu2,10.5,11.4,10.95,4.9,Quaternary,MASW,24.48263043478261,0.0489023913043478,0.0255,0.1997432074736214,233.7608424569632,24.49028043478261,0.0,6.049999999999999,20.112225589038783,19.112225589038783,215.32887019997466,59.35049999999999,155.97837019997468,-0.00139446210263044,5.454298551935676,Galeria,Galeria__CPTu2
Galeria,CPTu2,11.4,12.5,11.95,4.9,Tertiary,MASW,14.766375000000004,0.3418625,0.2105178571428571,2.3151416647620007,250.88861987706844,14.829530357142865,0.0,7.049999999999999,22.590260126079293,21.590260126079293,265.05360850664755,69.1605,195.89310850664754,0.009705625514908625,5.525009095137922,Galeria,Galeria__CPTu2
Galeria,CPTu2,12.5,13.2,12.85,4.9,Tertiary,MASW,13.169972222222222,0.5589099999999999,0.1542222222222222,4.243820644184265,281.25794562499107,13.216238888888888,0.0,7.949999999999999,23.227473376410185,22.227473376410185,293.57303288687086,77.98949999999999,215.58353288687087,0.005899148292750711,5.639272204230654,Galeria,Galeria__CPTu2
Galeria,CPTu2,13.2,14.0,13.6,4.9,Tertiary,MASW,23.022024390243903,0.6159951219512197,0.0649024390243902,2.675677479571525,284.46925929850886,23.041495121951225,0.0,8.7,23.53551484548611,22.53551484548611,315.18300189861105,85.347,229.83600189861107,-0.0008995987060113675,5.650625196053546,Galeria,Galeria__CPTu2
Galeria,CPTu3,1.0,2.0,1.5,4.9,Quaternary,MASW,2.2525882352941182,0.0446994117647058,0.000156862745098,1.9843578628505765,186.7510049262177,2.252635294117648,3.4000000000000004,0.0,18.980929339132608,17.980929339132608,26.971394008698912,0.0,26.971394008698912,7.04790804623831e-05,5.2297762051294665,Galeria,Galeria__CPTu3
Galeria,CPTu3,2.0,3.2,2.6,4.9,Quaternary,MASW,9.017163934426229,0.0659767213114754,0.0,0.7316792928604284,217.38377613883452,9.017163934426229,2.3000000000000003,0.0,20.005601442459955,19.005601442459955,49.414563750395885,0.0,49.414563750395885,0.0,5.381664345126103,Galeria,Galeria__CPTu3
Galeria,CPTu3,3.2,4.5,3.85,4.9,Quaternary,MASW,48.14916666666669,0.2314639393939394,0.0002727272727272,0.4807226280702801,301.8937871548395,48.14924848484851,1.0500000000000003,0.0,22.260913054827594,21.260913054827594,81.85451526108623,0.0,81.85451526108623,5.673851860988271e-06,5.710075257351783,Galeria,Galeria__CPTu3
Galeria,CPTu3,4.5,5.5,5.0,4.9,Quaternary,MASW,46.884764705882354,0.2742639215686275,0.006156862745098,0.5849745077940366,316.2616940605289,46.88661176470588,0.0,0.09999999999999964,22.51871720891292,21.51871720891292,107.69358604456461,0.9809999999999965,106.71258604456462,0.00011064519973142573,5.756570016624583,Galeria,Galeria__CPTu3
Galeria,CPTu3,5.5,6.0,5.75,4.9,Quaternary,MASW,18.478769230769235,0.0998792307692307,0.0355384615384615,0.540508025842547,290.74075735471337,18.48943076923077,0.0,0.8499999999999996,20.89590995299144,19.89590995299144,115.25148222970077,8.338499999999996,106.91298222970077,0.001480336134398356,5.672432001915723,Galeria,Galeria__CPTu3
Galeria,CPTu3,6.0,7.0,6.5,4.9,Quaternary,MASW,18.41639215686274,0.1201872549019607,0.0131764705882353,0.652610206593444,304.91768049151176,18.420345098039213,0.0,1.5999999999999996,21.161530930656376,20.161530930656376,132.64995104926643,15.695999999999998,116.95395104926644,-0.00013777184010962682,5.720041840150014,Galeria,Galeria__CPTu3
Galeria,CPTu3,7.0,8.3,7.65,4.9,Quaternary,MASW,27.59907575757575,0.1622674242424242,0.019060606060606,0.5879451386986501,325.31218079012706,27.60479393939393,0.0,2.75,21.712014591864403,20.712014591864403,161.1969116277627,26.977500000000003,134.2194116277627,-0.0002884787271648121,5.784785277568083,Galeria,Galeria__CPTu3
Galeria,CPTu3,8.3,9.5,8.9,4.9,Quaternary,MASW,18.539409836065573,0.1167370491803279,0.0269508196721311,0.6296697155549899,311.13731166990686,18.547495081967213,0.0,4.0,21.16944539224833,20.16944539224833,183.50806399101015,39.24,144.26806399101014,-0.000669200011731615,5.740234331362944,Galeria,Galeria__CPTu3
Galeria,CPTu3,9.5,10.5,10.0,4.9,Quaternary,MASW,15.237529411764708,0.1313003921568627,0.012078431372549,0.8616908201370712,321.54674826016344,15.241152941176471,0.0,5.1,21.28473714673501,20.28473714673501,207.9473714673501,50.031,157.9163714673501,-0.002524582561680845,5.773142939826157,Galeria,Galeria__CPTu3
Galeria,CPTu3,10.5,11.5,11.0,4.9,Quaternary,MASW,27.474843137254904,0.1082294117647058,0.0258627450980392,0.3939218550731255,301.88367846916486,27.482601960784315,0.0,6.1,21.217470503509336,20.217470503509336,228.49217553860268,59.841,168.65117553860267,-0.0012467204091309292,5.710041772545704,Galeria,Galeria__CPTu3
Galeria,CPTu3,11.5,12.3,11.9,4.9,Quaternary,MASW,42.06548780487806,0.080450243902439,0.0405365853658536,0.1912499963761497,255.5093548420168,42.07764878048781,0.0,7.0,20.958901354043185,19.958901354043185,244.5109261131139,68.67,175.84092611311388,-0.0006725150461359511,5.543259022836567,Galeria,Galeria__CPTu3
Galeria,CPTu3,12.3,13.0,12.65,4.9,Quaternary,MASW,28.43075,0.1490641666666666,0.0464166666666666,0.5243061356688328,286.2096295408894,28.444675,0.0,7.75,21.678947651894543,20.678947651894543,269.338687796466,76.0275,193.311187796466,-0.0010509487093684881,5.6567245127509125,Galeria,Galeria__CPTu3
Galeria,CPTu3,13.0,14.0,13.5,4.9,Quaternary,MASW,30.066196078431368,0.0822972549019607,0.0365098039215686,0.2737202095246046,261.5631031455214,30.07714901960784,0.0,8.6,20.90547039334463,19.90547039334463,277.32385031015247,84.366,192.95785031015248,-0.001605922041708383,5.566675566613834,Galeria,Galeria__CPTu3
Galeria,CPTu3,14.0,14.34,14.17,4.9,Quaternary,MASW,39.87122222222222,0.1027788888888888,0.0378333333333333,0.2577771213434362,272.8075060459482,39.88257222222222,0.0,9.27,21.297402409689354,20.297402409689354,296.88419214529813,90.9387,205.94549214529815,-0.001341529459493482,5.608766440421969,Galeria,Galeria__CPTu3
Galeria,CPTu4,1.0,2.0,1.5,4.9,Quaternary,MASW,3.789,0.0331301960784313,0.0007450980392156,0.8743783604758876,149.8669174754767,3.789223529411765,3.4000000000000004,0.0,18.73578969258534,17.73578969258534,26.603684538878007,0.0,26.603684538878007,0.00019802639382527674,5.009747683456301,Galeria,Galeria__CPTu4
Galeria,CPTu4,2.0,3.0,2.5,4.9,Quaternary,MASW,25.65972549019608,0.1710601960784314,0.0008235294117647,0.6666485818166259,235.29946075176795,25.659972549019606,2.4000000000000004,0.0,21.600561327130134,20.600561327130134,51.501403317825336,0.0,51.501403317825336,3.2158476274477796e-05,5.460859003982998,Galeria,Galeria__CPTu4
Galeria,CPTu4,3.0,4.2,3.6,4.9,Quaternary,MASW,58.534606557377046,0.3015283606557378,0.0064590163934426,0.5151283631849005,267.6174015538523,58.53654426229508,1.3000000000000003,0.0,22.666696097581305,21.666696097581305,78.0001059512927,0.0,78.0001059512927,0.00011048883420990365,5.589558354367977,Galeria,Galeria__CPTu4
Galeria,CPTu4,4.2,5.5,4.85,4.9,Quaternary,MASW,33.32728787878787,0.1972559090909091,0.0158181818181818,0.5918750718880382,290.3013310348953,33.33203333333333,0.05000000000000071,0.0,21.966891107184125,20.966891107184125,101.689421869843,0.0,101.689421869843,0.00047601619352260143,5.670919456052437,Galeria,Galeria__CPTu4
Galeria,CPTu4,5.5,6.4,5.95,4.9,Quaternary,MASW,16.02230434782609,0.1304608695652174,0.0278260869565217,0.8142453590511054,275.6926399468307,16.030652173913047,0.0,1.0499999999999998,21.217045266083087,20.217045266083087,121.34141933319437,10.3005,111.04091933319437,0.0011015931002213005,5.619286621796844,Galeria,Galeria__CPTu4
Galeria,CPTu4,6.4,7.2,6.800000000000001,4.9,Quaternary,MASW,16.886146341463412,0.1262097560975609,0.0056585365853658,0.7474159796167156,275.8133400192892,16.887843902439023,0.0,1.9000000000000004,21.207417960543317,20.207417960543317,139.31044213169457,18.639000000000003,120.67144213169456,-0.0007750208963308251,5.619724332642311,Galeria,Galeria__CPTu4
Galeria,CPTu4,7.2,8.3,7.75,4.9,Quaternary,MASW,23.026250000000005,0.0927351785714285,0.0116964285714285,0.4027367833295849,262.9615711175503,23.029758928571432,0.0,2.8499999999999996,20.905530125145443,19.905530125145443,157.11785846987718,27.958499999999997,129.1593584698772,-0.0007109835448705046,5.572007904077811,Galeria,Galeria__CPTu4
Galeria,CPTu4,8.3,9.5,8.9,4.9,Quaternary,MASW,20.566803278688525,0.0803481967213115,0.0204590163934426,0.3906693501783474,238.8663094842344,20.57294098360656,0.0,4.0,20.698032184413076,19.698032184413076,179.3124864412764,39.24,140.0724864412764,-0.0009209240822038097,5.475904020880251,Galeria,Galeria__CPTu4
Galeria,CPTu4,9.5,10.5,10.0,4.9,Quaternary,MASW,12.165784313725483,0.0978790196078431,0.0381372549019607,0.8045434398949162,230.19272958855112,12.177225490196074,0.0,5.1,20.821021636683334,19.821021636683334,203.31021636683334,50.031,153.27921636683334,-0.0009933045980402779,5.438916912767964,Galeria,Galeria__CPTu4
Galeria,CPTu4,10.5,11.5,11.0,4.9,Tertiary,MASW,10.909882352941178,0.4023978431372549,0.0641764705882353,3.688379307122162,311.61708594721443,10.929135294117648,0.0,6.1,22.705102144752153,21.705102144752153,244.8561235922737,59.841,185.01512359227368,0.00040578035439166663,5.741775145443304,Galeria,Galeria__CPTu4
Galeria,CPTu4,11.5,12.5,12.0,4.9,Tertiary,MASW,8.445078431372547,0.3232817647058823,0.0168235294117647,3.828049287321309,299.1742628896579,8.450125490196077,0.0,7.1,22.34463576741261,21.34463576741261,263.2356292089513,69.651,193.5846292089513,-0.00645269100784821,5.701026222646593,Galeria,Galeria__CPTu4
Galeria,CPTu4,12.5,13.2,12.85,4.9,Tertiary,MASW,11.691305555555555,0.5247499999999999,0.0421666666666666,4.48837811574128,335.8456019731248,11.703955555555556,0.0,7.949999999999999,23.105623483374398,22.105623483374398,292.007261761361,77.98949999999999,214.01776176136102,-0.0031390637611645863,5.816651536415353,Galeria,Galeria__CPTu4
Galeria,CPTu4,13.2,14.0,13.6,4.9,Tertiary,MASW,9.038000000000002,0.3458087804878049,0.048170731707317,3.826164864879452,289.7824435829544,9.052451219512196,0.0,8.7,22.4741958256207,21.4741958256207,300.7490632284415,85.347,215.40206322844153,-0.004247890025141029,5.669130446902244,Galeria,Galeria__CPTu4
Galeria,CPTu4,14.0,15.0,14.5,4.9,Tertiary,MASW,7.589823529411764,0.2426262745098039,0.2016078431372549,3.1967314334725807,262.7729653347981,7.65030588235294,0.0,9.6,21.95513387286806,20.95513387286806,313.4494411565869,94.176,219.2734411565869,0.014642762060059744,5.571290409685617,Galeria,Galeria__CPTu4
Galeria,CPTu4,15.0,16.0,15.5,4.9,Tertiary,MASW,5.268745098039216,0.1759650980392156,0.1011176470588235,3.339791444924936,244.86422079700904,5.299080392156863,0.0,10.6,21.42057207717918,20.42057207717918,327.1188671962773,103.986,223.1328671962773,-0.0005769056994461023,5.5007038560901504,Galeria,Galeria__CPTu4
Galeria,CPTu4,16.0,17.0,16.5,4.9,Tertiary,MASW,4.645745098039216,0.1436260784313725,0.061156862745098,3.091561749524128,236.04469094651992,4.664092156862745,0.0,11.6,21.117329925899213,20.117329925899213,343.535943777337,113.796,229.73994377733703,-0.012183416823851757,5.464021155515132,Galeria,Galeria__CPTu4
Galeria,CPTu4,17.0,18.0,17.5,4.9,Tertiary,MASW,4.784490196078432,0.1522370588235294,0.0341960784313725,3.1818867336860523,240.26869319748596,4.794749019607844,0.0,12.6,21.212551864619297,20.212551864619297,366.3196576308377,123.60600000000001,242.7136576308377,-0.02018998481409937,5.481757852097188,Galeria,Galeria__CPTu4
Galeria,CPTu4,18.0,19.0,18.5,4.9,Tertiary,MASW,5.126980392156864,0.1641429411764706,0.2830196078431372,3.2015519588795915,246.022177679243,5.211886274509805,0.0,13.6,21.34725197597525,20.34725197597525,390.02416155554215,133.416,256.60816155554215,0.031026106582603605,5.505421685036465,Galeria,Galeria__CPTu4
Galeria,CPTu4,19.0,20.0,19.5,4.9,Tertiary,MASW,4.823666666666667,0.1591003921568628,0.317843137254902,3.298328909339979,313.5556875483491,4.919019607843137,0.0,14.6,21.29520728470415,20.29520728470415,410.3565420517309,143.226,267.1305420517309,0.03872924960389592,5.747976976031498,Galeria,Galeria__CPTu4
Galeria,CPTu4,20.0,21.0,20.5,4.9,Tertiary,MASW,5.148215686274509,0.1712121568627451,0.3550588235294118,3.3256601373405603,332.559492726047,5.254733333333332,0.0,15.6,21.421221506077266,20.421221506077266,434.23504087458394,153.036,281.19904087458394,0.04190911629311414,5.806818769582523,Galeria,Galeria__CPTu4
Galeria,CPTu4,21.0,22.0,21.5,4.9,Tertiary,MASW,5.629019607843138,0.1779647058823529,0.6556862745098039,3.161557753936184,338.29668951106567,5.82572549019608,0.0,16.6,21.51148473512806,20.51148473512806,457.5969218052534,162.84600000000003,294.75092180525337,0.09180858249405523,5.823923290078321,Galeria,Galeria__CPTu4
Galeria,CPTu4,22.0,23.0,22.5,4.9,Tertiary,MASW,6.289509803921568,0.1800692156862744,0.8220588235294118,2.863008744719654,342.2379812791047,6.536127450980392,0.0,17.6,21.56880695560633,20.56880695560633,480.39815650114247,172.65600000000003,307.7421565011424,0.10723775650299372,5.835506346763358,Galeria,Galeria__CPTu4
Galeria,CPTu4,23.0,24.0,23.5,4.9,Tertiary,MASW,7.554352941176472,0.2350227450980393,1.834941176470588,3.111090346560353,365.2214831032677,8.104835294117647,0.0,18.6,21.999014003250256,20.999014003250256,512.076829076381,182.46600000000004,329.61082907638104,0.2176383173623852,5.900503972574631,Galeria,Galeria__CPTu4
Galeria,CPTu4,24.0,24.6,24.3,4.9,Tertiary,MASW,11.515709677419354,0.2240835483870967,3.821354838709677,1.9458943883110589,367.79735650907736,12.662116129032256,0.0,19.4,22.075275391091143,21.075275391091143,531.5291920035148,190.314,341.21519200351486,0.29932936118910186,5.907532124839001,Galeria,Galeria__CPTu4
Budapart,BOC.CPT2,1.0,1.7,1.35,5.0,Quaternary,MASW,0.4626478873239436,0.0511971830985915,0.0007436619718309,11.066122747199222,314.9245011606354,0.4628709859154929,3.65,0.0,18.66749492084514,17.66749492084514,23.85111814314094,0.0,23.85111814314094,0.0016939141629383303,5.7523329312429405,Budapart,Budapart__BOC.CPT2
Budapart,BOC.CPT2,1.7,3.0,2.35,5.0,Quaternary,MASW,3.099465648854962,0.0615419847328244,0.0085534351145038,1.9855675688988497,242.44163571454845,3.102031679389313,2.65,0.0,19.573036398951743,18.573036398951743,43.646635537536596,0.0,43.646635537536596,0.0027967162381004433,5.490761003944289,Budapart,Budapart__BOC.CPT2
Budapart,BOC.CPT2,3.0,4.0,3.5,5.0,Quaternary,MASW,5.968851485148513,0.1991188118811881,0.0200940594059405,3.3359652585866573,157.9886140542735,5.974879702970296,1.5,0.0,21.41022097652577,20.41022097652577,71.4357734178402,0.0,71.4357734178402,0.003403785933385472,5.062522967482672,Budapart,Budapart__BOC.CPT2
Budapart,BOC.CPT2,4.0,5.0,4.5,5.0,Quaternary,MASW,27.100277227722778,0.160079207920792,0.0240554455445544,0.5906921415439831,176.10766844413888,27.107493861386143,0.5,0.0,21.612160960060443,20.612160960060443,92.75472432027199,0.0,92.75472432027199,0.0008904563328375383,5.171095560517372,Budapart,Budapart__BOC.CPT2
Budapart,BOC.CPT2,5.0,6.6,5.8,5.0,Quaternary,MASW,39.61306832298138,0.2058260869565216,0.0289689440993788,0.5195913764577341,197.17858473558465,39.6217590062112,0.0,0.7999999999999998,22.102336158839904,21.102336158839904,123.19354972127144,7.847999999999999,115.34554972127144,0.000534726865527428,5.2841098395959545,Budapart,Budapart__BOC.CPT2
Budapart,BOC.CPT2,6.6,7.6,7.1,5.0,Quaternary,MASW,31.60851485148515,0.1104158415841584,0.010989108910891,0.3493230925367898,239.2957443400448,31.611811584158417,0.0,2.0999999999999996,21.224207124013322,20.224207124013322,145.69187058049457,20.601,125.09087058049457,-0.00030546795018266516,5.4777002109703385,Budapart,Budapart__BOC.CPT2
Budapart,BOC.CPT2,7.6,8.6,8.1,5.0,Quaternary,MASW,16.031623762376242,0.0502079207920791,0.0065009900990099,0.3131805083269822,248.33418668783227,16.033574059405947,0.0,3.0999999999999996,19.975715229704416,18.975715229704416,156.80329336060578,30.410999999999998,126.39229336060578,-0.0015059743730837852,5.514775366032387,Budapart,Budapart__BOC.CPT2
Budapart,BOC.CPT2,8.6,10.0,9.3,5.0,Quaternary,MASW,11.32944680851064,0.0699716312056738,0.0100659574468085,0.6176085416025026,252.3328671626296,11.332466595744684,0.0,4.300000000000001,20.336884681588284,19.336884681588284,184.13302753877105,42.18300000000001,141.95002753877105,-0.002880882811471174,5.530749117327591,Budapart,Budapart__BOC.CPT2
Budapart,BOC.CPT2,10.0,11.0,10.5,5.0,Quaternary,MASW,16.03915841584159,0.0959306930693069,0.0236118811881188,0.5981030337262454,274.25358161893274,16.046241980198026,0.0,5.5,20.884822309283468,19.884822309283468,214.29063424747642,53.955000000000005,160.3356342474764,-0.0019165747890983935,5.614053158756235,Budapart,Budapart__BOC.CPT2
Budapart,BOC.CPT2,11.0,12.0,11.5,5.0,Quaternary,MASW,15.429712871287125,0.0891584158415842,0.0363376237623762,0.5778358715118899,275.4542892028961,15.440614158415835,0.0,6.5,20.787598751214382,19.787598751214382,234.0573856389654,63.765,170.2923856389654,-0.0018036546108008435,5.618421695418096,Budapart,Budapart__BOC.CPT2
Budapart,BOC.CPT2,12.0,13.3,12.65,5.0,Quaternary,MASW,21.01695419847329,0.1233587786259542,0.0440587786259541,0.5869488864134046,294.5715165515109,21.03017183206107,0.0,7.65,21.3323070366912,20.3323070366912,264.8536840141437,75.04650000000001,189.8071840141437,-0.0014922825238273772,5.68552181419302,Budapart,Budapart__BOC.CPT2
Budapart,BOC.CPT2,13.3,14.7,14.0,5.0,Quaternary,MASW,10.471425531914893,0.0630212765957447,0.0587248226950354,0.6018404696062438,264.56409767953005,10.489042978723404,0.0,9.0,20.231147665599174,19.231147665599174,278.23606731838845,88.29,189.94606731838843,-0.002895479031333128,5.578083557212231,Budapart,Budapart__BOC.CPT2
Budapart,BOC.CPT2,14.7,15.7,15.2,5.0,Quaternary,MASW,16.767603960396038,0.1187722772277228,0.0697970297029702,0.7083437652049452,467.4323088011077,16.78854306930693,0.0,10.2,21.239134248676585,20.239134248676585,317.83484057988403,100.062,217.77284057988402,-0.0018375026669614465,6.147254544236752,Budapart,Budapart__BOC.CPT2
Budapart,BOC.CPT2,15.7,16.7,16.2,5.0,Quaternary,MASW,11.194673267326731,0.0736831683168316,0.0825405940594059,0.6581984713380303,487.9315323651389,11.219435445544551,0.0,11.2,20.48296136254231,19.48296136254231,326.8239740731854,109.872,216.9519740731854,-0.002509169266908791,6.190175093479374,Budapart,Budapart__BOC.CPT2
Budapart,BOC.CPT2,16.7,17.47,17.085,5.0,Quaternary,MASW,23.924961538461535,0.1148974358974359,0.0735153846153846,0.4802408384762829,534.8024694985974,23.947016153846157,0.0,12.085,21.3192009737946,20.3192009737946,359.23854863728076,118.55385000000001,240.68469863728075,-0.0019093984239816472,6.2818974628285655,Budapart,Budapart__BOC.CPT2
Budapart,BOG.CPT1,1.0,1.9,1.45,5.3,Quaternary,MASW,6.535967032967033,0.1373626373626374,0.0023978021978021,2.1016421391018096,198.6866581464849,6.536686373626374,3.8499999999999996,0.0,20.811394518657227,19.811394518657227,28.726522052052978,0.0,28.726522052052978,0.00036844145515465263,5.291729001588675,Budapart,Budapart__BOG.CPT1
Budapart,BOG.CPT1,1.9,3.0,2.45,5.3,Quaternary,MASW,2.8591981981981984,0.057027027027027,0.0101162162162162,1.9945111557136597,174.2077326855875,2.8622330630630635,2.8499999999999996,0.0,19.451968570568937,18.451968570568937,45.2073229978939,0.0,45.2073229978939,0.0035910982538562707,5.160248453132334,Budapart,Budapart__BOG.CPT1
Budapart,BOG.CPT1,3.0,4.0,3.5,5.3,Quaternary,MASW,7.140435643564357,0.1138613861386138,0.001859405940594,1.5945999911257036,218.74548124871887,7.140993465346535,1.7999999999999998,0.0,20.71194054596501,19.71194054596501,68.99179191087754,0.0,68.99179191087754,0.00026292498594541195,5.387908867875648,Budapart,Budapart__BOG.CPT1
Budapart,BOG.CPT1,4.0,5.0,4.5,5.3,Quaternary,MASW,8.760198019801981,0.127029702970297,0.008129702970297,1.4500779854879176,224.91616831893225,8.76263693069307,0.7999999999999998,0.0,20.957510877900006,19.957510877900006,89.80879895055003,0.0,89.80879895055003,0.0009373762337734234,5.4157277475281,Budapart,Budapart__BOG.CPT1
Budapart,BOG.CPT1,5.0,6.0,5.5,5.3,Quaternary,MASW,11.190613861386137,0.1043564356435643,0.0054227722772277,0.932535399185314,262.04744823605785,11.192240693069303,0.0,0.20000000000000018,20.7959712513919,19.7959712513919,109.07784188265546,1.9620000000000017,107.11584188265546,0.00031225493333404935,5.568525587502072,Budapart,Budapart__BOG.CPT1
Budapart,BOG.CPT1,6.0,7.0,6.5,5.3,Quaternary,MASW,17.427851485148523,0.1286138613861386,0.0024108910891089,0.7379788696027124,278.80618079788064,17.428574752475257,0.0,1.2000000000000002,21.235936828733447,20.235936828733447,132.7335893867674,11.772000000000002,120.96158938676739,-0.0005412346715387796,5.630516847930019,Budapart,Budapart__BOG.CPT1
Budapart,BOG.CPT1,7.0,7.7,7.35,5.3,Quaternary,MASW,3.961408450704225,0.0732394366197182,0.0654830985915493,1.848823152954561,226.6397771054856,3.98105338028169,0.0,2.05,20.046582906764023,19.046582906764023,142.04238436471556,20.1105,121.93188436471556,0.011818824858747697,5.423361872047923,Budapart,Budapart__BOG.CPT1
Budapart,BOG.CPT1,7.7,9.0,8.35,5.3,Quaternary,MASW,13.43564122137404,0.0531297709923664,0.0112824427480916,0.3954390424466316,250.3457724284192,13.439025954198469,0.0,3.05,20.002561618040342,19.002561618040342,161.72138951063687,29.9205,131.80088951063686,-0.0014037530856585126,5.522843051988353,Budapart,Budapart__BOG.CPT1
Budapart,BOG.CPT1,9.0,10.0,9.5,5.3,Quaternary,MASW,11.31984158415842,0.0765346534653465,0.0163227722772277,0.6761106407394706,247.64418117211255,11.324738415841589,0.0,4.2,20.46042868764905,19.46042868764905,189.07407253266598,41.202000000000005,147.87207253266598,-0.0022341933948216994,5.511992962582607,Budapart,Budapart__BOG.CPT1
Budapart,BOG.CPT1,10.0,11.0,10.5,5.3,Quaternary,MASW,15.707514851485149,0.0882178217821782,0.024749504950495,0.561628129059749,282.2871895712367,15.714939702970296,0.0,5.2,20.765635995782503,19.765635995782503,212.7391779557163,51.01200000000001,161.7271779557163,-0.0016941140070487063,5.642924955452738,Budapart,Budapart__BOG.CPT1
Budapart,BOG.CPT1,11.0,12.0,11.5,5.3,Quaternary,MASW,15.117217821782178,0.0848514851485148,0.0360039603960396,0.5612903521589376,262.47852224854205,15.12801900990099,0.0,6.2,20.7147220196533,19.7147220196533,232.91930322601297,60.822,172.09730322601297,-0.0016661882157686155,5.5701692586786855,Budapart,Budapart__BOG.CPT1
Budapart,BOG.CPT1,12.0,13.0,12.5,5.3,Quaternary,MASW,16.733336633663367,0.0660396039603959,0.045159405940594,0.3946589099722075,383.3651304293964,16.746884455445546,0.0,7.2,20.420127947459083,19.420127947459083,249.9515993432385,70.632,179.3195993432385,-0.0015440806046551588,5.948987878195364,Budapart,Budapart__BOG.CPT1
Budapart,BOG.CPT1,13.0,14.0,13.5,5.3,Quaternary,MASW,23.82655445544555,0.6705940594059407,0.0550653465346534,2.8144818868373003,524.1579625234431,23.843074059405943,0.0,8.2,23.659188792684116,22.659188792684116,314.0990487012356,80.442,233.65704870123557,-0.0010785277919586921,6.261793094089964,Budapart,Budapart__BOG.CPT1
Budapart,BOG.CPT1,14.0,15.78,14.89,5.3,Quaternary,MASW,23.03717877094971,0.6837430167597766,0.092322346368715,2.967998050273364,550.1775271810608,23.06487547486032,0.0,9.59,23.6892890320175,22.6892890320175,347.4335136867405,94.0779,253.35561368674053,-7.727778656969462e-05,6.310241002838165,Budapart,Budapart__BOG.CPT1
Budapart,BOG.CPT2,1.0,2.5,1.75,5.3,Quaternary,MASW,5.318649006622518,0.0986092715231785,0.0149596026490066,1.8540285587636105,156.09949847531516,5.3231368874172205,3.55,0.0,20.32966492659726,19.32966492659726,33.8269136215452,0.0,33.8269136215452,0.002828271121019478,5.050493614673914,Budapart,Budapart__BOG.CPT2
Budapart,BOG.CPT2,2.5,4.2,3.35,5.3,Quaternary,MASW,14.089555555555554,0.1190643274853802,0.0038479532163742,0.8450538202990568,199.45797632533723,14.090709941520467,1.9499999999999997,0.0,20.97244095497101,19.97244095497101,66.90767719915289,0.0,66.90767719915289,0.00027438729838369006,5.295603569155369,Budapart,Budapart__BOG.CPT2
Budapart,BOG.CPT2,4.2,5.2,4.7,5.3,Quaternary,MASW,25.70717821782179,0.1705940594059406,0.0025108910891089,0.6636047642431419,245.37338826516856,25.707931485148524,0.5999999999999996,0.0,21.687927388135055,20.687927388135055,97.23325872423476,0.0,97.23325872423476,9.804071200675987e-05,5.502781084119295,Budapart,Budapart__BOG.CPT2
Budapart,BOG.CPT2,5.2,6.0,5.6,5.3,Quaternary,MASW,9.303172839506177,0.0743209876543208,0.0013666666666666,0.7988778552916356,236.69771399156156,9.303582839506175,0.0,0.2999999999999998,20.28540277355952,19.28540277355952,108.29825553193331,2.9429999999999983,105.35525553193331,-0.00017142844454000577,5.466783858642974,Budapart,Budapart__BOG.CPT2
Budapart,BOG.CPT2,6.0,7.0,6.5,5.3,Quaternary,MASW,6.971039603960397,0.0644554455445544,0.0153762376237623,0.9246174058161418,232.24896776381445,6.975652475247525,0.0,1.2000000000000002,20.027475598764227,19.027475598764227,124.87859139196748,11.772000000000002,113.10659139196747,0.0005261066391719622,5.447809933179505,Budapart,Budapart__BOG.CPT2
Budapart,BOG.CPT2,7.0,8.0,7.5,5.3,Quaternary,MASW,12.876356435643569,0.0655445544554455,0.0212900990099009,0.5090302896090154,250.35437496561337,12.88274346534654,0.0,2.2,20.257039576582923,19.257039576582923,146.62779682437193,21.582000000000004,125.04579682437192,-2.2919153507733152e-05,5.522877414020159,Budapart,Budapart__BOG.CPT2
Budapart,BOG.CPT2,8.0,9.0,8.5,5.3,Quaternary,MASW,28.916079207920777,0.1903960396039601,0.0263217821782178,0.6584434847993026,304.3331535968106,28.923975742574243,0.0,3.2,21.956528359943952,20.956528359943952,181.33049105952358,31.392000000000003,149.93849105952359,-0.00017640052881058354,5.718123001335701,Budapart,Budapart__BOG.CPT2
Budapart,BOG.CPT2,9.0,10.0,9.5,5.3,Quaternary,MASW,19.83931683168317,0.1145544554455443,0.0303603960396039,0.5774112910107982,285.5003637808965,19.84842495049505,0.0,4.2,21.17399417842993,20.17399417842993,195.85294469508432,41.202000000000005,154.65094469508432,-0.0005516633628003741,5.654243303284033,Budapart,Budapart__BOG.CPT2
Budapart,BOG.CPT2,10.0,11.0,10.5,5.3,Quaternary,MASW,14.74673267326732,0.0715841584158416,0.041409900990099,0.4854238562661981,272.75596422944125,14.75915564356435,0.0,5.2,20.465267990433258,19.465267990433258,209.5853138995492,51.01200000000001,158.5733138995492,-0.0006599575652295033,5.608577491493134,Budapart,Budapart__BOG.CPT2
Budapart,BOG.CPT2,11.0,12.9,11.95,5.3,Quaternary,MASW,28.36854450261782,0.1540314136125657,0.2435345549738219,0.542965514492123,412.2267261117577,28.44160486910997,0.0,6.6499999999999995,21.71488811131127,20.71488811131127,254.19291293016968,65.23649999999999,188.95641293016968,0.006325449645785302,6.021573504083154,Budapart,Budapart__BOG.CPT2
Budapart,BOG.CPT3,1.2,2.0,1.6,5.3,Quaternary,MASW,6.282617283950617,0.1212345679012345,0.0391716049382715,1.9296825259583568,190.75126081678476,6.2943687654320986,3.6999999999999997,0.0,20.64586817609269,19.64586817609269,31.433389081748306,0.0,31.433389081748306,0.006254512075310328,5.250970279929273,Budapart,Budapart__BOG.CPT3
Budapart,BOG.CPT3,2.0,3.2,2.6,5.3,Quaternary,MASW,3.268900826446281,0.0494214876033056,0.0058471074380165,1.51186867473839,166.76722098028122,3.2706549586776865,2.6999999999999997,0.0,19.30832453833254,18.30832453833254,47.6016437996646,0.0,47.6016437996646,0.0018141516341121358,5.11659895370788,Budapart,Budapart__BOG.CPT3
Budapart,BOG.CPT3,3.2,4.8,4.0,5.3,Quaternary,MASW,7.928360248447205,0.0993788819875774,0.0121944099378882,1.2534607267251907,215.41747286501064,7.932018571428571,1.2999999999999998,0.0,20.57986013332396,19.57986013332396,78.31944053329585,0.0,78.31944053329585,0.0015526963453332734,5.3725778796543455,Budapart,Budapart__BOG.CPT3
Budapart,BOG.CPT3,4.8,6.0,5.4,5.3,Quaternary,MASW,21.07936363636364,0.1071074380165288,0.0010297520661157,0.5081151398316394,260.93714504043294,21.079672561983475,0.0,0.10000000000000053,21.020835499897842,20.020835499897842,108.21251169944836,0.9810000000000053,107.23151169944835,2.324686311720792e-06,5.56427955472016,Budapart,Budapart__BOG.CPT3
Budapart,BOG.CPT3,6.0,7.0,6.5,5.3,Quaternary,MASW,23.30219801980197,0.1071287128712871,0.0010089108910891,0.459736514041509,269.6562030046544,23.3025006930693,0.0,1.2000000000000002,21.078151428049164,20.078151428049164,131.70798428231956,11.772000000000002,119.93598428231955,-0.00046451104388971773,5.597147825429848,Budapart,Budapart__BOG.CPT3
Budapart,BOG.CPT3,7.0,8.5,7.75,5.3,Quaternary,MASW,11.203271523178804,0.0497350993377483,0.0023490066225165,0.4439337137803881,239.9973595537022,11.20397622516556,0.0,2.45,19.847685354936996,18.847685354936996,148.5195615007617,24.0345,124.4850615007617,-0.0019615194593232597,5.480627921421896,Budapart,Budapart__BOG.CPT3
Budapart,BOG.CPT3,8.5,10.0,9.25,5.3,Quaternary,MASW,13.16192052980132,0.0849668874172184,0.0119596026490066,0.6455508314674577,264.3478893337697,13.165508410596022,0.0,3.95,20.64310721435594,19.64310721435594,185.64874173279244,38.749500000000005,146.89924173279243,-0.0020639589359550954,5.577265998287071,Budapart,Budapart__BOG.CPT3
Budapart,BOG.CPT3,10.0,11.0,10.5,5.3,Quaternary,MASW,12.805485148514853,0.0608910891089108,0.0283960396039603,0.4755078655959618,260.10595577818225,12.81400396039604,0.0,5.2,20.20448846658829,19.20448846658829,206.84712889917705,51.01200000000001,155.83512889917705,-0.0017938985528868437,5.561089070224677,Budapart,Budapart__BOG.CPT3
Budapart,BOG.CPT3,11.0,12.2,11.6,5.3,Quaternary,MASW,12.55557024793388,0.0641322314049586,0.0392247933884297,0.510787086038662,302.93970271584345,12.567337685950408,0.0,6.3,20.282678123713932,19.282678123713932,229.97906623508163,61.803000000000004,168.17606623508163,-0.0018300681132418345,5.713533784768245,Budapart,Budapart__BOG.CPT3
Budapart,BOG.CPT3,12.2,13.0,12.6,5.3,Quaternary,MASW,14.362395061728396,0.0764197530864197,0.0481074074074074,0.5320822380805839,456.07858192523423,14.376827283950618,0.0,7.3,20.57142387208796,19.57142387208796,253.89994078830827,71.613,182.28694078830827,-0.0016643569722797557,6.122665123450895,Budapart,Budapart__BOG.CPT3
Budapart,BOG.CPT3,13.0,14.35,13.675,5.3,Quaternary,MASW,23.55888235294117,0.0983823529411763,0.2642941176470588,0.4176019535531743,482.60330611425417,23.638170588235287,0.0,8.375,21.074429059973415,20.074429059973415,282.89281739513643,82.15875,200.73406739513644,0.007798467200182946,6.179195003797914,Budapart,Budapart__BOG.CPT3
Budapart,BOIJ.CPT1,1.0,2.0,1.5,5.0,Quaternary,MASW,5.084792079207921,0.0458019801980198,0.0004970297029702,0.9007640722480548,182.62077604901256,5.084941188118813,3.5,0.0,19.261251458908728,18.261251458908728,27.39187718836309,0.0,27.39187718836309,9.827481106234835e-05,5.20741174070831,Budapart,Budapart__BOIJ.CPT1
Budapart,BOIJ.CPT1,2.0,3.0,2.5,5.0,Quaternary,MASW,11.451465346534643,0.1273960396039603,0.0026940594059405,1.11248679316409,186.1021412498908,11.452273564356426,2.5,0.0,20.958527776637162,19.958527776637162,49.89631944159291,0.0,49.89631944159291,0.00023627173071667852,5.2262956694922265,Budapart,Budapart__BOIJ.CPT1
Budapart,BOIJ.CPT1,3.0,4.0,3.5,5.0,Quaternary,MASW,9.385009900990095,0.0436138613861386,0.0112326732673267,0.4647183311073275,176.45878234349587,9.388379702970294,1.5,0.0,19.503191977528534,18.503191977528534,64.76117192134987,0.0,64.76117192134987,0.0012047547022564615,5.173087321302599,Budapart,Budapart__BOIJ.CPT1
Budapart,BOIJ.CPT1,4.0,5.0,4.5,5.0,Quaternary,MASW,10.110643564356437,0.0635544554455445,0.0278603960396039,0.6285896149043996,195.90551345445684,10.119001683168316,0.5,0.0,20.06890910314473,19.06890910314473,85.81009096415129,0.0,85.81009096415129,0.0027768228866726272,5.277632468783432,Budapart,Budapart__BOIJ.CPT1
Budapart,BOIJ.CPT1,5.0,6.0,5.5,5.0,Quaternary,MASW,10.685257425742574,0.0854851485148514,0.0086980198019802,0.8000289100092568,210.2692476943019,10.687866831683168,0.0,0.5,20.513404489970053,19.513404489970053,107.82372469483529,4.905,102.91872469483529,0.0003585070272043441,5.348388841365895,Budapart,Budapart__BOIJ.CPT1
Budapart,BOIJ.CPT1,6.0,7.0,6.5,5.0,Quaternary,MASW,10.879089108910884,0.1152475247524752,0.005849504950495,1.0593490282019833,220.7469330930209,10.880843960396032,0.0,1.5,20.94498319550032,19.94498319550032,131.1423907707521,14.715,116.42739077075208,-0.0008247201089335951,5.397016946264211,Budapart,Budapart__BOIJ.CPT1
Budapart,BOIJ.CPT1,7.0,8.0,7.5,5.0,Quaternary,MASW,11.68616831683168,0.0713960396039604,0.014639603960396,0.6109448167123189,208.8482131112298,11.6905601980198,0.0,2.5,20.342644720214057,19.342644720214057,147.56983540160542,24.525000000000002,123.04483540160541,-0.0008563981887759097,5.341607735058988,Budapart,Budapart__BOIJ.CPT1
Budapart,BOIJ.CPT1,8.0,9.0,8.5,5.0,Quaternary,MASW,13.150415841584165,0.0603564356435643,0.0098514851485148,0.4589697875006023,205.3530384795569,13.153371287128715,0.0,3.5,20.17027731312989,19.17027731312989,166.44735716160406,34.335,132.11235716160405,-0.001885243571419549,5.324730636882127,Budapart,Budapart__BOIJ.CPT1
Budapart,BOIJ.CPT1,9.0,10.0,9.5,5.0,Quaternary,MASW,15.17365346534653,0.0576336633663366,0.0167069306930693,0.3798272017873609,211.8672348045849,15.17866554455445,0.0,4.5,20.167608602907187,19.167608602907187,186.59228172761829,44.145,142.44728172761828,-0.0018301717731705584,5.355959827573226,Budapart,Budapart__BOIJ.CPT1
Budapart,BOIJ.CPT1,10.0,11.73,10.865,5.0,Quaternary,MASW,20.235028735632174,0.0845172413793103,0.0304580459770114,0.4176778915588226,229.9427091755753,20.24416614942528,0.0,5.865,20.78983020762907,19.78983020762907,220.88150520588982,57.535650000000004,163.34585520588982,-0.0013523058031742936,5.437830187354017,Budapart,Budapart__BOIJ.CPT1
Budapart,BOIJ.CPT3,1.5,2.5,2.0,5.0,Quaternary,MASW,2.556554455445545,0.0600990099009901,0.0120554455445544,2.3507815283565447,178.06189884304365,2.560171089108912,3.0,0.0,19.459616874457478,18.459616874457478,36.919233748914955,0.0,36.919233748914955,0.004777741674476813,5.182131236151585,Budapart,Budapart__BOIJ.CPT3
Budapart,BOIJ.CPT3,2.5,3.8,3.15,5.0,Quaternary,MASW,8.100503816793893,0.122977099236641,0.0117351145038167,1.518141365252937,199.6152481747873,8.104024351145037,1.85,0.0,20.83898815764932,19.83898815764932,62.49281269659536,0.0,62.49281269659536,0.001459313371800928,5.296391754620776,Budapart,Budapart__BOIJ.CPT3
Budapart,BOIJ.CPT3,3.8,5.0,4.4,5.0,Quaternary,MASW,23.58080165289256,0.1760330578512398,0.002796694214876,0.74651006544405,238.65773298569488,23.581640661157024,0.5999999999999996,0.0,21.69448331800771,20.69448331800771,91.05572659923392,0.0,91.05572659923392,0.00011905596317278969,5.475030445967771,Budapart,Budapart__BOIJ.CPT3
Budapart,BOIJ.CPT3,5.0,6.8,5.9,5.0,Quaternary,MASW,4.650712707182322,0.100110497237569,0.0313718232044198,2.1525839917603067,197.86134262656049,4.660124254143648,0.0,0.9000000000000004,20.48374622869219,19.48374622869219,115.85410274928392,8.829000000000004,107.02510274928392,0.004960713701737727,5.2875664956122765,Budapart,Budapart__BOIJ.CPT3
Budapart,BOIJ.CPT3,6.8,8.0,7.4,5.0,Quaternary,MASW,11.578867768595035,0.1111570247933883,0.0231752066115702,0.959999086394921,214.1691716756123,11.585820330578509,0.0,2.4000000000000004,20.93399965349417,19.93399965349417,149.91159743585686,23.544000000000004,126.36759743585685,-3.2248717354747334e-05,5.366766224572685,Budapart,Budapart__BOIJ.CPT3
Budapart,BOIJ.CPT3,8.0,9.0,8.5,5.0,Quaternary,MASW,11.78238613861386,0.0989108910891088,0.0089801980198019,0.8394809839490219,204.9323330643595,11.785080198019802,0.0,3.5,20.801897779845273,19.801897779845273,171.81613112868484,34.335,137.48113112868484,-0.0021832623312582266,5.322679842036271,Budapart,Budapart__BOIJ.CPT3
Budapart,BOIJ.CPT3,9.0,10.0,9.5,5.0,Quaternary,MASW,17.688,0.1179207920792079,0.0183722772277227,0.6666711447264132,218.93893794126737,17.693511683168314,0.0,4.5,21.178048817630852,20.178048817630852,196.19146376749308,44.145,152.04646376749307,-0.0014729525692569088,5.388792868752375,Budapart,Budapart__BOIJ.CPT3
Budapart,BOIJ.CPT3,10.0,11.0,10.5,5.0,Quaternary,MASW,20.141346534653465,0.1003960396039604,0.0291425742574257,0.4984574364540505,220.9834279376888,20.15008930693069,0.0,5.5,21.015307753176923,20.015307753176923,215.66073140835772,53.955000000000005,161.7057314083577,-0.0012447021317200794,5.398087711998818,Budapart,Budapart__BOIJ.CPT3
Budapart,BOIJ.CPT3,11.0,12.24,11.62,5.0,Quaternary,MASW,20.36544,0.09944,0.0384495999999999,0.4882781810753909,268.46,20.37697488,0.0,6.619999999999999,21.020355277771618,20.020355277771618,239.25652832770618,64.9422,174.31432832770616,-0.0013155710859269257,5.5927019270594895,Budapart,Budapart__BOIJ.CPT3
Budapart,BRE.CPT4,1.2,2.2,1.7000000000000002,5.0,Quaternary,MASW,3.087316831683168,0.0566237623762376,0.0206188118811881,1.834076820206595,153.52949138327185,3.0935024752475244,3.3,0.0,19.413659512121328,18.413659512121328,31.30322117060626,0.0,31.30322117060626,0.00673333449929388,5.033892674848749,Budapart,Budapart__BRE.CPT4
Budapart,BRE.CPT4,2.2,3.2,2.7,5.0,Quaternary,MASW,9.774504950495048,0.1028514851485148,0.0189306930693069,1.0522423966167798,193.96732697418173,9.78018415841584,2.3,0.0,20.633445723178365,19.633445723178365,53.01030345258159,0.0,53.01030345258159,0.0019461657981621838,5.267689727220625,Budapart,Budapart__BRE.CPT4
Budapart,BRE.CPT4,3.2,5.0,4.1,5.0,Quaternary,MASW,26.65356353591161,0.116,0.0078966850828729,0.4352138498993116,215.077696284564,26.655932541436474,0.9000000000000004,0.0,21.160094155777784,20.160094155777784,82.65638603868891,0.0,82.65638603868891,0.00029716641021957166,5.370999340914075,Budapart,Budapart__BRE.CPT4
Budapart,BRE.CPT4,5.0,6.0,5.5,5.0,Quaternary,MASW,15.995821782178211,0.0465247524752475,0.0055237623762376,0.2908556566132987,238.80464668674344,15.997478910891084,0.0,0.5,19.816976390802807,18.816976390802807,103.99337014941544,4.905,99.08837014941544,3.893182364884355e-05,5.475645839816333,Budapart,Budapart__BRE.CPT4
Budapart,BRE.CPT4,6.0,7.0,6.5,5.0,Quaternary,MASW,17.755564356435652,0.0438811881188118,0.0100108910891089,0.2471404864295781,245.3354627875698,17.758567623762385,0.0,1.5,19.79390993267332,18.79390993267332,123.66041456237657,14.715,108.94541456237657,-0.00026674985329307535,5.502626509863735,Budapart,Budapart__BRE.CPT4
Budapart,BRE.CPT4,7.0,8.0,7.5,5.0,Quaternary,MASW,12.904653465346527,0.0507227722772277,0.0187950495049505,0.3930579958108597,247.53147221052092,12.910291980198014,0.0,2.5,19.912554706501133,18.912554706501133,144.3441602987585,24.525000000000002,119.8191602987585,-0.0004488464605908692,5.51153773437109,Budapart,Budapart__BRE.CPT4
Budapart,BRE.CPT4,8.0,9.0,8.5,5.0,Quaternary,MASW,17.278534653465346,0.0923861386138613,0.0283405940594059,0.5346873474327444,272.4027350426088,17.287036831683167,0.0,3.5,20.826493764098863,19.826493764098863,172.02519699484034,34.335,137.69019699484033,-0.00035024258636463736,5.607281614763163,Budapart,Budapart__BRE.CPT4
Budapart,BRE.CPT4,9.0,10.0,9.5,5.0,Quaternary,MASW,11.521108910891089,0.0522475247524752,0.0378851485148514,0.4534938881020805,254.89844722125025,11.532474455445543,0.0,4.5,19.951998273888318,18.951998273888318,184.54398360193903,44.145,140.39898360193902,-0.000551629347807558,5.540865219646176,Budapart,Budapart__BRE.CPT4
Budapart,BRE.CPT4,10.0,11.0,10.5,5.0,Quaternary,MASW,12.909099009900988,0.0865148514851485,0.0473831683168316,0.6701850486915749,272.64323208484603,12.923313960396037,0.0,5.5,20.67993526180039,19.67993526180039,212.1393202489041,53.955000000000005,158.1843202489041,-0.0005170121463371174,5.608164098341979,Budapart,Budapart__BRE.CPT4
Budapart,BRE.CPT4,11.0,12.0,11.5,5.0,Quaternary,MASW,13.155950495049506,0.0763366336633663,0.058539603960396,0.5802441540965918,280.9149843751927,13.173512376237625,0.0,6.5,20.53029370920028,19.53029370920028,231.09837765580323,63.765,167.33337765580325,-0.00040374199435874773,5.638052076849758,Budapart,Budapart__BRE.CPT4
Budapart,BRE.CPT4,12.0,13.78,12.89,5.0,Quaternary,MASW,17.781474860335194,0.0852290502793295,0.0736759776536313,0.4793137293096445,473.2222413447456,17.803577653631283,0.0,7.890000000000001,20.786560273016843,19.786560273016843,262.93876191918713,77.40090000000001,185.53786191918712,-0.00021235955938461943,6.1595651329961765,Budapart,Budapart__BRE.CPT4
Budapart,BRF.CPT2,1.2,2.0,1.6,5.3,Quaternary,MASW,6.375962962962963,0.1490123456790124,0.0267666666666666,2.337095534346786,183.13755001535216,6.383992962962963,3.6999999999999997,0.0,20.927913252790347,19.927913252790347,31.884661204464557,0.0,31.884661204464557,0.004213824040005205,5.2102375099301295,Budapart,Budapart__BRF.CPT2
Budapart,BRF.CPT2,2.0,3.0,2.5,5.3,Quaternary,MASW,5.271089108910892,0.0823762376237623,0.0013920792079207,1.5627934933693972,178.1407235440785,5.271506732673268,2.8,0.0,20.13566059150603,19.13566059150603,47.839151478765075,0.0,47.839151478765075,0.000266494601021754,5.182573819655285,Budapart,Budapart__BRF.CPT2
Budapart,BRF.CPT2,3.0,4.0,3.5,5.3,Quaternary,MASW,8.209514851485148,0.1197029702970295,0.0155732673267326,1.4581004171686778,203.95888690857916,8.214186831683168,1.7999999999999998,0.0,20.821862932238503,19.821862932238503,69.37652026283476,0.0,69.37652026283476,0.0019120478846384398,5.31791843877149,Budapart,Budapart__BRF.CPT2
Budapart,BRF.CPT2,4.0,5.0,4.5,5.3,Quaternary,MASW,14.988415841584157,0.1081188118811881,0.0013287128712871,0.7213491607379959,212.1688645121086,14.98881445544554,0.7999999999999998,0.0,20.903691148255245,19.903691148255245,89.5666101671486,0.0,89.5666101671486,8.91798623048057e-05,5.35738248832727,Budapart,Budapart__BRF.CPT2
Budapart,BRF.CPT2,5.0,6.0,5.5,5.3,Quaternary,MASW,31.56789108910892,0.1694059405940593,0.0009643564356435,0.5366400312135682,278.6857150019483,31.56818039603961,0.0,0.20000000000000018,21.763473143164884,20.763473143164884,114.39910228740686,1.9620000000000017,112.43710228740686,-3.171776248583085e-05,5.630084677350626,Budapart,Budapart__BRF.CPT2
Budapart,BRF.CPT2,6.0,7.5,6.75,5.3,Quaternary,MASW,10.045125827814568,0.0877483443708607,0.0316986754966887,0.873541515307742,231.1739523533905,10.054635430463572,0.0,1.4500000000000002,20.559367360810448,19.559367360810448,133.47572968547053,14.224500000000003,119.25122968547052,0.0017613037209065617,5.443170467619932,Budapart,Budapart__BRF.CPT2
Budapart,BRF.CPT2,7.5,8.5,8.0,5.3,Quaternary,MASW,13.727891089108905,0.0979207920792079,0.0254326732673267,0.713298142035042,259.84204481191153,13.7355208910891,0.0,2.7,20.826223534581693,19.826223534581693,161.30978827665353,26.487000000000002,134.82278827665354,-7.767130809206707e-05,5.560073926446319,Budapart,Budapart__BRF.CPT2
Budapart,BRF.CPT2,8.5,9.5,9.0,5.3,Quaternary,MASW,13.043158415841589,0.0909900990099008,0.0082514851485148,0.6976078654337949,260.8606967781626,13.045633861386143,0.0,3.7,20.72860748450314,19.72860748450314,181.25746736052827,36.297000000000004,144.96046736052827,-0.0021800912840602136,5.563986536019466,Budapart,Budapart__BRF.CPT2
Budapart,BRF.CPT2,9.5,10.5,10.0,5.3,Quaternary,MASW,14.346099009900998,0.0892079207920791,0.0265376237623762,0.6218270258034051,266.0650563384212,14.354060297029712,0.0,4.7,20.746132929676065,19.746132929676065,202.16132929676064,46.107000000000006,156.05432929676064,-0.00138280921042773,5.583740851579503,Budapart,Budapart__BRF.CPT2
Budapart,BRF.CPT2,10.5,11.5,11.0,5.3,Quaternary,MASW,17.71730693069307,0.0752475247524751,0.0351980198019801,0.424711978218981,269.6280434193707,17.727866336633664,0.0,5.7,20.594844991464058,19.594844991464058,221.24329490610464,55.917,165.32629490610464,-0.0011834938210890586,5.597043392246435,Budapart,Budapart__BRF.CPT2
Budapart,BRF.CPT2,11.5,12.5,12.0,5.3,Quaternary,MASW,14.70127722772278,0.0639603960396039,0.0469168316831683,0.435066933633435,371.5950423468242,14.715352277227732,0.0,6.7,20.331893822581677,19.331893822581677,238.6827258709801,65.727,172.9557258709801,-0.0012993436266609277,5.917804665480461,Budapart,Budapart__BRF.CPT2
Budapart,BRF.CPT2,12.5,13.35,12.925,5.3,Quaternary,MASW,29.304941860465124,0.2038372093023258,0.1847441860465116,0.6955728159192143,491.7559209041706,29.36036511627908,0.0,7.625000000000001,22.11298383953765,21.11298383953765,280.5103161260242,74.80125000000001,205.70906612602417,0.0037807250690238287,6.197982497672881,Budapart,Budapart__BRF.CPT2
Budapart,BRG.CPT1,1.7,2.5,2.1,5.0,Quaternary,MASW,4.893629629629631,0.0801234567901233,0.0159777777777777,1.6373012028739775,181.80561628891536,4.8984229629629645,2.9,0.0,20.051026766450633,19.051026766450633,40.00715620954633,0.0,40.00715620954633,0.0032886805932847213,5.202938073944512,Budapart,Budapart__BRG.CPT1
Budapart,BRG.CPT1,2.5,3.8,3.15,5.0,Quaternary,MASW,7.707961832061069,0.0903816793893129,0.0153381679389312,1.1725755959684785,190.555474102631,7.712563282442749,1.85,0.0,20.40933086196053,19.40933086196053,61.13939221517567,0.0,61.13939221517567,0.0020046161549775285,5.24994335481398,Budapart,Budapart__BRG.CPT1
Budapart,BRG.CPT1,3.8,5.0,4.4,5.0,Quaternary,MASW,14.544173553719007,0.1501652892561983,0.0049264462809917,1.0324772920342415,222.7778845225797,14.545651487603308,0.5999999999999996,0.0,21.333618234308883,20.333618234308883,89.4679202309591,0.0,89.4679202309591,0.00034078470697554674,5.40617524155806,Budapart,Budapart__BRG.CPT1
Budapart,BRG.CPT1,5.0,6.0,5.5,5.0,Quaternary,MASW,8.380168316831686,0.0946534653465346,0.007589108910891,1.1294936064281889,217.6915332265952,8.382445049504954,0.0,0.5,20.576702395450326,19.576702395450326,108.17186317497679,4.905,103.26686317497679,0.0003243921067684165,5.383079075553071,Budapart,Budapart__BRG.CPT1
Budapart,BRG.CPT1,6.0,7.0,6.5,5.0,Quaternary,MASW,10.945079207920791,0.0700000000000001,0.0067326732673267,0.6395568151698905,225.5612163020003,10.947099009900992,0.0,1.5,20.275574663959755,19.275574663959755,126.79123531573842,14.715,112.07623531573842,-0.0007377171610055488,5.418591591290111,Budapart,Budapart__BRG.CPT1
Budapart,BRG.CPT1,7.0,8.0,7.5,5.0,Quaternary,MASW,11.381207920792086,0.0715841584158416,0.0051871287128712,0.6289680226741666,218.69912924404144,11.382764059405948,0.0,2.5,20.338076093563075,19.338076093563075,147.53557070172306,24.525000000000002,123.01057070172305,-0.0017211818439269735,5.387696946166069,Budapart,Budapart__BRG.CPT1
Budapart,BRG.CPT1,8.0,9.0,8.5,5.0,Quaternary,MASW,10.264940594059404,0.0686138613861386,0.0058643564356435,0.6684292106458686,210.47264817800425,10.266699900990098,0.0,3.5,20.26758662140221,19.26758662140221,167.27448628191877,34.335,132.93948628191876,-0.0028190359743529183,5.349355707283187,Budapart,Budapart__BRG.CPT1
Budapart,BRG.CPT1,9.0,10.0,9.5,5.0,Quaternary,MASW,12.767326732673272,0.0732673267326733,0.0141534653465346,0.5738658394726642,218.6399431603297,12.771572772277231,0.0,4.5,20.43824192981407,19.43824192981407,189.16329833323366,44.145,145.01829833323364,-0.00238360822031525,5.387426281650559,Budapart,Budapart__BRG.CPT1
Budapart,BRG.CPT1,10.0,11.0,10.5,5.0,Quaternary,MASW,14.0380594059406,0.0625742574257425,0.0289653465346534,0.4457472049111181,222.56821807043863,14.046749009900996,0.0,5.5,20.269122228343964,19.269122228343964,207.82578339761162,53.955000000000005,153.8707833976116,-0.0018057512897743436,5.405233652684099,Budapart,Budapart__BRG.CPT1
Budapart,BRG.CPT1,11.0,12.28,11.64,5.0,Quaternary,MASW,29.55554263565892,0.3895348837209302,0.4512596899224807,1.3179757466234248,269.0433266736204,29.690920542635663,0.0,6.640000000000001,22.973294750386998,21.973294750386998,262.4091508945047,65.1384,197.27075089450472,0.013120653123856008,5.594872432333343,Budapart,Budapart__BRG.CPT1
Budapart,BRK.CPT1,1.0,1.8,1.4,5.0,Quaternary,MASW,2.993741463414635,0.0789926829268292,0.0262341463414634,2.6385940099426923,187.3100343454764,3.0016117073170743,3.6,0.0,19.82488968933098,18.82488968933098,26.35484556506337,0.0,26.35484556506337,0.008817439152468722,5.232765181669465,Budapart,Budapart__BRK.CPT1
Budapart,BRK.CPT1,1.8,3.0,2.4,5.0,Quaternary,MASW,5.196377049180329,0.1189360655737705,0.0402655737704917,2.288826704608192,222.34084520729309,5.208456721311476,2.6,0.0,20.62063811201438,19.62063811201438,47.08953146883451,0.0,47.08953146883451,0.007801338732445289,5.404211543216311,Budapart,Budapart__BRK.CPT1
Budapart,BRK.CPT1,3.0,4.0,3.5,5.0,Quaternary,MASW,17.2835,0.1163529411764706,0.0082607843137254,0.6732024252985254,252.56608898094157,17.285978235294117,1.5,0.0,21.00983806216471,20.00983806216471,70.03443321757649,0.0,70.03443321757649,0.0004798333689221852,5.531672953006241,Budapart,Budapart__BRK.CPT1
Budapart,BRK.CPT1,4.0,5.0,4.5,5.0,Quaternary,MASW,33.65971568627452,0.1308921568627451,0.0004843137254901,0.3888688724608545,244.96483679727447,33.65986098039216,0.5,0.0,21.40697098695221,20.40697098695221,91.83136944128495,0.0,91.83136944128495,1.442782704565128e-05,5.501114676967846,Budapart,Budapart__BRK.CPT1
Budapart,BRK.CPT1,5.0,6.6,5.8,5.0,Quaternary,MASW,17.005174074074073,0.0930753086419753,0.0037728395061728,0.5473352300690475,234.55662684429797,17.006305925925925,0.0,0.7999999999999998,20.776745132603388,19.776745132603388,115.50512176909965,7.847999999999999,107.65712176909965,-0.0002412650851239867,5.457697037815116,Budapart,Budapart__BRK.CPT1
Budapart,BRK.CPT1,6.6,7.6,7.1,5.0,Quaternary,MASW,16.798266666666663,0.0794156862745098,0.0154509803921568,0.4727611952493699,237.4367692279285,16.80290196078431,0.0,2.0999999999999996,20.588393769489663,19.588393769489663,141.17759576337662,20.601,120.57659576337662,-0.0003090928342720024,5.4699013531981375,Budapart,Budapart__BRK.CPT1
Budapart,BRK.CPT1,7.6,8.6,8.1,5.0,Quaternary,MASW,8.415588235294118,0.0609196078431372,0.0242294117647058,0.7238900732767154,218.54536943109616,8.42285705882353,0.0,3.0999999999999996,20.04036866446949,19.04036866446949,157.32698618220286,30.410999999999998,126.91598618220286,-0.0007478755967212654,5.386993633398273,Budapart,Budapart__BRK.CPT1
Budapart,BRK.CPT1,8.6,10.0,9.3,5.0,Quaternary,MASW,9.734376056338029,0.0374788732394366,0.0375408450704225,0.3850156704705714,217.19009684022475,9.745638309859157,0.0,4.300000000000001,19.450504805655946,18.450504805655946,175.8896946926003,42.18300000000001,133.7066946926003,-0.00048508640260627305,5.380772992362047,Budapart,Budapart__BRK.CPT1
Budapart,BRK.CPT1,10.0,11.0,10.5,5.0,Quaternary,MASW,14.581021568627447,0.0596980392156862,0.0473882352941176,0.4094228853219221,241.63536774335344,14.595238039215683,0.0,5.5,20.2174165039408,19.2174165039408,207.2828732913784,53.955000000000005,153.32787329137838,-0.0004564070870497842,5.487429845012937,Budapart,Budapart__BRK.CPT1
Budapart,BRK.CPT1,11.0,12.0,11.5,5.0,Quaternary,MASW,11.627339215686272,0.085992156862745,0.0608431372549019,0.739568660272114,247.9246741046859,11.645592156862742,0.0,6.5,20.653165801372282,19.653165801372282,232.51140671578122,63.765,168.74640671578123,-0.0002560099949402776,5.513124966579789,Budapart,Budapart__BRK.CPT1
Budapart,BRK.CPT1,12.0,13.6,12.8,5.0,Quaternary,MASW,15.655827160493835,0.1108567901234567,0.0738938271604938,0.7080864459413205,266.2868371267044,15.677995308641986,0.0,7.800000000000001,21.10084578914176,20.10084578914176,265.09082610101456,76.51800000000001,188.57282610101453,-0.00017025816532365834,5.584574062858871,Budapart,Budapart__BRK.CPT1
Budapart,BRK.CPT1,13.6,14.1,13.85,5.0,Quaternary,MASW,25.183434615384616,0.7493153846153849,0.1640346153846154,2.975429666601657,580.7534828026721,25.232645,0.0,8.85,23.829512782798165,22.829512782798165,325.03875204175455,86.8185,238.22025204175455,0.003100101816927712,6.364326368709888,Budapart,Budapart__BRK.CPT1
Budapart,BRK.CPT2,1.1,1.8,1.4500000000000002,5.0,Quaternary,MASW,2.156972222222222,0.0367127777777777,0.0005277777777777,1.7020514867805958,193.20265298831268,2.1571305555555558,3.55,0.0,18.697898403279133,17.697898403279133,25.661952684754745,0.0,25.661952684754745,0.0002476122693371389,5.2637396535077015,Budapart,Budapart__BRK.CPT2
Budapart,BRK.CPT2,1.8,2.8,2.3,5.0,Quaternary,MASW,1.0903529411764707,0.0075433333333333,0.0,0.6918249172780894,168.6264078169069,1.0903529411764707,2.7,0.0,16.426113383097057,15.426113383097057,35.48006078112323,0.0,35.48006078112323,0.0,5.127685663296075,Budapart,Budapart__BRK.CPT2
Budapart,BRK.CPT2,2.8,4.0,3.4,5.0,Quaternary,MASW,16.96801639344262,0.1023268852459016,0.0078032786885245,0.6030574397927058,289.08835521167094,16.97035737704918,1.6,0.0,20.827139974005217,19.827139974005217,67.41227591161774,0.0,67.41227591161774,0.00046165201636958186,5.666732368763365,Budapart,Budapart__BRK.CPT2
Budapart,BRK.CPT2,4.0,4.9,4.45,5.0,Quaternary,MASW,21.677347826086947,0.0822965217391304,0.0005217391304347,0.3796429452504019,232.40168051966785,21.67750434782608,0.5499999999999998,0.0,20.64684788949714,19.64684788949714,87.42847310826227,0.0,87.42847310826227,2.4165692305216094e-05,5.448467256103366,Budapart,Budapart__BRK.CPT2
Budapart,BRK.CPT2,4.9,6.6,5.75,5.0,Quaternary,MASW,6.337209302325581,0.0459347674418604,0.0038720930232558,0.7248422018348625,207.0452699782191,6.338370930232558,0.0,0.75,19.52471346264678,18.52471346264678,107.267102410219,7.3575,99.909602410219,-0.000559356267052011,5.332937464901936,Budapart,Budapart__BRK.CPT2
Budapart,BRK.CPT2,6.6,7.6,7.1,5.0,Quaternary,MASW,12.696764705882352,0.0764817647058823,0.0095882352941176,0.6023720725520629,239.6089866214836,12.699641176470587,0.0,2.0999999999999996,20.452598760598327,19.452598760598327,140.21345120024813,20.601,119.61245120024813,-0.0008768524288510407,5.479008372305394,Budapart,Budapart__BRK.CPT2
Budapart,BRK.CPT2,7.6,8.6,8.1,5.0,Quaternary,MASW,14.291352941176472,0.0633925490196078,0.0220588235294117,0.4435727623587002,241.2747385799583,14.297970588235296,0.0,3.0999999999999996,20.254810602716898,19.254810602716898,159.06396588200687,30.410999999999998,128.65296588200687,-0.0005907229387443366,5.485936278298501,Budapart,Budapart__BRK.CPT2
Budapart,BRK.CPT2,8.6,10.0,9.3,5.0,Quaternary,MASW,9.39308450704226,0.0737076056338028,0.033394366197183,0.7847007612732768,240.69454175504325,9.403102816901416,0.0,4.300000000000001,20.350177343347784,19.350177343347784,184.2566492931344,42.18300000000001,142.0736492931344,-0.0009533333828366839,5.48352866798452,Budapart,Budapart__BRK.CPT2
Budapart,BRK.CPT2,10.0,11.0,10.5,5.0,Quaternary,MASW,12.102549019607844,0.0772919607843137,0.0474509803921568,0.638641997310565,252.18399933673072,12.116784313725493,0.0,5.5,20.508580039817485,19.508580039817485,210.3400904180836,53.955000000000005,156.3850904180836,-0.0005462604523952916,5.530158977175282,Budapart,Budapart__BRK.CPT2
Budapart,BRK.CPT2,11.0,12.38,11.69,5.0,Quaternary,MASW,17.98904285714285,0.1381585714285713,0.1059142857142857,0.7680151330214505,274.8869914812007,18.020817142857133,0.0,6.6899999999999995,21.426592209832997,20.426592209832997,245.4768629329477,65.6289,179.84796293294772,0.0022663636858634316,5.616360073139201,Budapart,Budapart__BRK.CPT2
Budapart,BRL.CPT1,1.0,1.6,1.3,5.0,Quaternary,MASW,6.942016393442626,0.0780327868852458,0.001239344262295,1.124065148548987,243.2255319206435,6.942388196721314,3.7,0.0,20.05271659724764,19.05271659724764,24.768531576421935,0.0,24.768531576421935,0.00017915761812398534,5.493989127807989,Budapart,Budapart__BRL.CPT1
Budapart,BRL.CPT1,1.6,2.8,2.2,5.0,Quaternary,MASW,2.0166611570247928,0.0280991735537189,0.0062826446280991,1.3933512556553669,213.2005697862587,2.0185459504132224,2.8,0.0,18.377476527653357,17.377476527653357,38.230448360837386,0.0,38.230448360837386,0.003172547314601038,5.362233364831545,Budapart,Budapart__BRL.CPT1
Budapart,BRL.CPT1,2.8,3.8,3.3,5.0,Quaternary,MASW,4.736306930693067,0.1255445544554455,0.0266019801980198,2.6506845162814336,289.73113128281886,4.744287524752473,1.7000000000000002,0.0,20.710702728345865,19.710702728345865,65.04531900354135,0.0,65.04531900354135,0.005685104345600345,5.668953359418896,Budapart,Budapart__BRL.CPT1
Budapart,BRL.CPT1,3.8,4.8,4.3,5.0,Quaternary,MASW,10.09010891089109,0.1985148514851487,0.0344544554455445,1.9674203047588044,338.56928750348965,10.100445247524751,0.7000000000000002,0.0,21.59524126331197,20.59524126331197,88.55953743224147,0.0,88.55953743224147,0.0034413552494723934,5.824728761224512,Budapart,Budapart__BRL.CPT1
Budapart,BRL.CPT1,4.8,6.0,5.4,5.0,Quaternary,MASW,28.557520661157028,0.1442975206611569,0.005195041322314,0.5052872844715317,285.5014863130366,28.559079173553723,0.0,0.40000000000000036,21.514413375109196,20.514413375109196,111.17783222558967,3.9240000000000035,107.25383222558966,4.4679616505400045e-05,5.654247235082642,Budapart,Budapart__BRL.CPT1
Budapart,BRL.CPT1,6.0,7.0,6.5,5.0,Quaternary,MASW,22.636920792079195,0.1036633663366336,0.0093584158415841,0.4579393429379586,239.2302244442629,22.639728316831672,0.0,1.5,21.025109709793647,20.025109709793647,131.66321311365868,14.715,116.94821311365868,-0.00023798510150617382,5.477426370466519,Budapart,Budapart__BRL.CPT1
Budapart,BRL.CPT1,7.0,8.0,7.5,5.0,Quaternary,MASW,11.755376237623768,0.0438613861386138,0.004909900990099,0.3731176718804873,211.1738880050509,11.756849207920798,0.0,2.5,19.688429173098115,18.688429173098115,142.66321879823585,24.525000000000002,118.13821879823584,-0.0016888914150567087,5.352681907848783,Budapart,Budapart__BRL.CPT1
Budapart,BRL.CPT1,8.0,9.0,8.5,5.0,Quaternary,MASW,15.619396039603958,0.0492079207920791,0.0051148514851485,0.3150436845785163,224.1113002582659,15.6209304950495,0.0,3.5,19.947611621844693,18.947611621844693,164.55469878567988,34.335,130.21969878567987,-0.0018904915938906402,5.412142804605932,Budapart,Budapart__BRL.CPT1
Budapart,BRL.CPT1,9.0,10.0,9.5,5.0,Quaternary,MASW,13.424792079207926,0.0700990099009898,0.0160326732673267,0.5221608609459059,231.07340702137225,13.429601881188123,0.0,4.5,20.393999826636442,19.393999826636442,188.7429983530462,44.145,144.5979983530462,-0.0021231497881996917,5.4427354393539416,Budapart,Budapart__BRL.CPT1
Budapart,BRL.CPT1,10.0,11.0,10.5,5.0,Quaternary,MASW,12.482,0.061188118811881,0.0259485148514851,0.4902108541249885,231.81821956276607,12.489784554455444,0.0,5.5,20.203248945622306,19.203248945622306,207.1341139290342,53.955000000000005,153.1791139290342,-0.002280166262495589,5.445953528173863,Budapart,Budapart__BRL.CPT1
Budapart,BRL.CPT1,11.0,12.0,11.5,5.0,Quaternary,MASW,17.36225742574258,0.0906930693069307,0.037759405940594,0.5223575891258381,249.69829106615344,17.37358524752476,0.0,6.5,20.846432611657505,19.846432611657505,234.7339750340613,63.765,170.96897503406132,-0.001517347554158847,5.520253353314184,Budapart,Budapart__BRL.CPT1
Budapart,BRL.CPT1,12.0,13.0,12.5,5.0,Quaternary,MASW,16.865910891089108,0.1060396039603961,0.0477673267326732,0.6287214763859617,254.4720832517515,16.88024108910891,0.0,7.5,21.06009645669378,20.06009645669378,258.2512057086723,73.575,184.67620570867228,-0.0015526223664171501,5.539191137446413,Budapart,Budapart__BRL.CPT1
Budapart,BRL.CPT1,13.0,14.0,13.5,5.0,Quaternary,MASW,15.782990099009902,0.0920792079207921,0.0570881188118811,0.5834078798957647,254.0133183260768,15.800116534653467,0.0,8.5,20.86097322848519,19.86097322848519,276.6231385845501,83.385,193.2381385845501,-0.0016940053709030586,5.537386699998537,Budapart,Budapart__BRL.CPT1
Budapart,BRL.CPT1,14.0,15.84,14.92,5.0,Quaternary,MASW,19.161708108108115,0.1745405405405404,0.1858016216216216,0.910881950376256,267.7981267304003,19.2174485945946,0.0,9.92,21.79580930276262,20.79580930276262,320.1934747972183,97.3152,222.8782747972183,0.00468250129771071,5.590233438200494,Budapart,Budapart__BRL.CPT1
Budapart,BRL.CPT2,1.0,1.6,1.3,5.0,Quaternary,MASW,6.234999999999999,0.1372131147540983,0.0227885245901639,2.2006914956551453,247.0019124481507,6.241836557377049,3.7,0.0,20.780246412234558,19.780246412234558,25.714320335904926,0.0,25.714320335904926,0.0036660354673159023,5.509396079303066,Budapart,Budapart__BRL.CPT2
Budapart,BRL.CPT2,1.6,2.4,2.0,5.0,Quaternary,MASW,2.071382716049383,0.0571604938271604,0.0221123456790123,2.759533203800166,214.60226635596624,2.078016419753087,3.0,0.0,19.328691694614566,18.328691694614566,36.65738338922913,0.0,36.65738338922913,0.010832168807697645,5.368786390979445,Budapart,Budapart__BRL.CPT2
Budapart,BRL.CPT2,2.4,3.5,2.95,5.0,Quaternary,MASW,4.5102432432432416,0.1634234234234234,0.0374801801801801,3.6233838090272994,276.37887766946614,4.521487297297296,2.05,0.0,21.035012528026762,20.035012528026762,59.103286957678954,0.0,59.103286957678954,0.008399138239411094,5.621772669543105,Budapart,Budapart__BRL.CPT2
Budapart,BRL.CPT2,3.5,4.5,4.0,5.0,Quaternary,MASW,19.414396039603965,0.1816831683168317,0.0958960396039604,0.9358167410730224,319.1356120031349,19.443164851485157,1.0,0.0,21.664692221923943,20.664692221923943,82.65876888769577,0.0,82.65876888769577,0.004953178351580297,5.765616128445928,Budapart,Budapart__BRL.CPT2
Budapart,BRL.CPT2,4.5,5.5,5.0,5.0,Quaternary,MASW,23.18588118811881,0.1281188118811882,0.1780792079207921,0.5525725368887013,279.98277319772546,23.239304950495047,0.0,0.0,21.2806162937497,20.2806162937497,101.4030814687485,0.0,101.4030814687485,0.007696428523589643,5.634728076982715,Budapart,Budapart__BRL.CPT2
Budapart,BRL.CPT2,5.5,6.5,6.0,5.0,Quaternary,MASW,20.38434653465346,0.1159405940594058,0.1609524752475248,0.5687726798713241,239.579304108149,20.43263227722772,0.0,1.0,21.133147052026363,20.133147052026363,121.79888231215817,9.81,111.98888231215817,0.0074414708795435495,5.47888448566648,Budapart,Budapart__BRL.CPT2
Budapart,BRL.CPT2,6.5,7.5,7.0,5.0,Quaternary,MASW,16.768475247524755,0.0519801980198019,0.0726970297029702,0.3099876241131399,221.3203923675362,16.790284356435645,0.0,2.0,20.015520570955978,19.015520570955978,135.10864399669185,19.62,115.48864399669185,0.003186818957624657,5.399611390880028,Budapart,Budapart__BRL.CPT2
Budapart,BRL.CPT2,7.5,8.8,8.15,5.0,Quaternary,MASW,14.891778625954196,0.0593129770992366,0.0402854961832061,0.3982934382053115,226.4721804201633,14.903864274809155,0.0,3.1500000000000004,20.17875537347233,19.17875537347233,159.4568562937995,30.901500000000006,128.5553562937995,0.0006364444441098459,5.422622113627596,Budapart,Budapart__BRL.CPT2
Budapart,BRL.CPT2,8.8,9.5,9.15,5.0,Quaternary,MASW,12.14022535211268,0.0529577464788732,0.0239915492957746,0.4362171618968949,224.46344614457132,12.147422816901411,0.0,4.15,19.980589303094906,18.980589303094906,177.8223921233184,40.71150000000001,137.1108921233184,-0.001396867907938989,5.413712870515657,Budapart,Budapart__BRL.CPT2
Budapart,BRL.CPT2,9.5,10.5,10.0,5.0,Quaternary,MASW,10.102118811881189,0.0551485148514851,0.0141217821782178,0.5459103766095537,223.2821304497248,10.106355346534654,0.0,5.0,19.991971041300616,18.991971041300616,194.91971041300616,49.050000000000004,145.86971041300615,-0.0035240321487321528,5.408436130788265,Budapart,Budapart__BRL.CPT2
Budapart,BRL.CPT2,10.5,11.5,11.0,5.0,Quaternary,MASW,13.927217821782182,0.0822772277227722,0.0326336633663366,0.5907657134082483,241.2961957759113,13.937007920792084,0.0,6.0,20.641945183911186,19.641945183911186,222.06139702302306,58.86,163.20139702302305,-0.0019122449065485697,5.486025206969665,Budapart,Budapart__BRL.CPT2
Budapart,BRL.CPT2,11.5,12.5,12.0,5.0,Quaternary,MASW,24.063792079207914,0.1386138613861387,0.0983108910891088,0.5760266749724232,270.7768319074563,24.09328534653465,0.0,7.0,21.523057679999553,20.523057679999553,253.27669215999464,68.67,184.60669215999462,0.0012433255171520117,5.601294983122076,Budapart,Budapart__BRL.CPT2
Budapart,BRL.CPT2,12.5,13.5,13.0,5.0,Quaternary,MASW,17.242366336633662,0.1009900990099009,0.0912712871287128,0.585709043864439,257.5041066260121,17.269747722772276,0.0,8.0,21.00696577539176,20.00696577539176,268.0905550800929,78.48,189.61055508009287,0.0007523553146936612,5.551035668038804,Budapart,Budapart__BRL.CPT2
Budapart,BRL.CPT2,13.5,14.5,14.0,5.0,Quaternary,MASW,11.69725742574258,0.078910891089109,0.0553148514851485,0.6746101946550905,245.48858678688,11.713851881188123,0.0,9.0,20.567436599100475,19.567436599100475,282.9441123874066,88.29,194.6541123874066,-0.002884735769179521,5.503250456487421,Budapart,Budapart__BRL.CPT2
Budapart,BRL.CPT2,14.5,15.5,15.0,5.0,Quaternary,MASW,15.24280198019802,0.0876237623762376,0.0720178217821782,0.574853379910531,257.4244137412403,15.264407326732671,0.0,10.0,20.79881395851027,19.79881395851027,306.98220937765404,98.10000000000001,208.88220937765402,-0.0017437612432074823,5.550726138143855,Budapart,Budapart__BRL.CPT2
Budapart,BRL.CPT2,15.5,16.9,16.2,5.0,Quaternary,MASW,15.523836879432624,0.0804255319148936,0.0885964539007092,0.5180776668778879,258.2191124468668,15.550415815602836,0.0,11.2,20.700080579231354,19.700080579231354,330.34130538354793,109.872,220.46930538354792,-0.0013978608373438426,5.553808497543185,Budapart,Budapart__BRL.CPT2
Budapart,BRL.CPT2,16.9,17.46,17.18,5.0,Quaternary,MASW,21.16238596491228,0.0668421052631579,0.1077333333333333,0.3158533511957663,576.0,21.19470596491228,0.0,12.18,20.553572191814833,19.553572191814833,348.1103702553788,119.4858,228.62457025537884,-0.0005637595171500766,6.356107660695892,Budapart,Budapart__BRL.CPT2
Budapart,BRL.CPT3,1.0,1.9,1.45,5.0,Quaternary,MASW,7.306296703296706,0.0906593406593406,0.0029857142857142,1.2408384759194602,281.3032448201237,7.30719241758242,3.55,0.0,20.285855745574615,19.285855745574615,27.96449083108319,0.0,27.96449083108319,0.00041016908877679575,5.639433250516818,Budapart,Budapart__BRL.CPT3
Budapart,BRL.CPT3,1.9,3.0,2.45,5.0,Quaternary,MASW,1.5085855855855854,0.0125225225225225,0.0044,0.8300836652672697,218.07727993031943,1.5099055855855854,2.55,0.0,17.216534308581455,16.216534308581455,39.730509056024566,0.0,39.730509056024566,0.0029928408325262,5.384849495063757,Budapart,Budapart__BRL.CPT3
Budapart,BRL.CPT3,3.0,3.8,3.4,5.0,Quaternary,MASW,1.9614938271604945,0.0307407407407407,0.0065333333333333,1.567210679691087,245.3407359744841,1.9634538271604944,1.6,0.0,18.552416945057,17.552416945057,59.6782176131938,0.0,59.6782176131938,0.003431776991242609,5.502648003414585,Budapart,Budapart__BRL.CPT3
Budapart,BRL.CPT3,3.8,5.0,4.4,5.0,Quaternary,MASW,5.541652892561982,0.1445454545454547,0.0359801652892562,2.608345512571961,345.2535848560474,5.552446942148759,0.5999999999999996,0.0,20.98949223670185,19.98949223670185,87.95376584148815,0.0,87.95376584148815,0.006584355424810036,5.8442791755984125,Budapart,Budapart__BRL.CPT3
Budapart,BRL.CPT3,5.0,6.0,5.5,5.0,Quaternary,MASW,6.773000000000001,0.1233663366336632,0.0398841584158415,1.82144303312658,219.6144105090756,6.784965247524753,0.0,0.5,20.869112699295485,19.869112699295485,109.78011984612516,4.905,104.87511984612516,0.0052401780245465495,5.391873329108398,Budapart,Budapart__BRL.CPT3
Budapart,BRL.CPT3,6.0,7.5,6.75,5.0,Quaternary,MASW,29.95458940397353,0.1516556291390728,0.0087304635761589,0.5062851207666876,257.8681816149979,29.957208543046377,0.0,1.75,21.62788264357695,20.62788264357695,140.98820784414443,17.1675,123.82070784414442,-0.00028296800630628544,5.552448530382613,Budapart,Budapart__BRL.CPT3
Budapart,BRL.CPT3,7.5,9.0,8.25,5.0,Quaternary,MASW,26.66989403973509,0.084569536423841,0.0126357615894039,0.3170973844059601,246.5712190506611,26.673684768211917,0.0,3.25,20.835051157966312,19.835051157966312,166.88917205322207,31.8825,135.00667205322208,-0.0007261058146683447,5.507650872851099,Budapart,Budapart__BRL.CPT3
Budapart,BRL.CPT3,9.0,10.0,9.5,5.0,Quaternary,MASW,9.291940594059405,0.0236633663366336,0.0042039603960396,0.2546654931453427,206.6190105374448,9.293201782178215,0.0,4.5,18.820001780883874,17.820001780883874,173.79001691839682,44.145,129.6450169183968,-0.004379782450016661,5.330876568606449,Budapart,Budapart__BRL.CPT3
Budapart,BRL.CPT3,10.0,11.5,10.75,5.0,Quaternary,MASW,16.180178807947016,0.0591390728476821,0.0132615894039735,0.365503209511106,239.68851703269823,16.184157284768208,0.0,5.75,20.239538842462515,19.239538842462515,212.57504255647203,56.407500000000006,156.16754255647203,-0.0027014174263834045,5.479340234713765,Budapart,Budapart__BRL.CPT3
Budapart,BRL.CPT3,11.5,12.5,12.0,5.0,Quaternary,MASW,7.921603960396039,0.027128712871287,0.0261217821782178,0.3424648973480213,214.49067248994888,7.929440495049505,0.0,7.0,18.98923007827961,17.98923007827961,222.87076093935534,68.67,154.20076093935535,-0.005521031962308597,5.368266252527233,Budapart,Budapart__BRL.CPT3
Budapart,BRL.CPT3,12.5,13.3,12.9,5.0,Quaternary,MASW,10.695345679012345,0.0545679012345678,0.0375185185185185,0.5102023148409996,236.554475306871,10.706601234567898,0.0,7.9,20.03175622028694,19.03175622028694,253.40965524170153,77.49900000000001,175.91065524170153,-0.0038247152726592058,5.46617852097184,Budapart,Budapart__BRL.CPT3
Budapart,BRL.CPT3,13.3,14.1,13.7,5.0,Quaternary,MASW,17.428790123456785,0.1041975308641975,0.0463530864197531,0.5978471834597506,264.1683893374926,17.44269604938271,0.0,8.7,21.059605342267695,20.059605342267695,283.5165931890674,85.347,198.16959318906743,-0.0022724812500385587,5.576586738213455,Budapart,Budapart__BRL.CPT3
Budapart,BRL.CPT3,14.1,15.0,14.55,5.0,Quaternary,MASW,16.024703296703283,0.0787912087912088,0.0553131868131868,0.4916859135071682,258.6225122143188,16.04129725274724,0.0,9.55,20.66649349477326,19.66649349477326,295.69748034895093,93.6855,202.01198034895094,-0.002437018198193954,5.555369516741796,Budapart,Budapart__BRL.CPT3
Budapart,BRL.CPT3,15.0,16.0,15.5,5.0,Quaternary,MASW,13.041059405940596,0.08009900990099,0.063619801980198,0.6142063110647478,255.62796351386152,13.060145346534656,0.0,10.5,20.635217225832633,19.635217225832633,314.84586700040586,103.00500000000001,211.84086700040586,-0.0030901743880592802,5.543723119938126,Budapart,Budapart__BRL.CPT3
Budapart,BRL.CPT3,16.0,16.9,16.45,5.0,Quaternary,MASW,23.087967032967025,0.0835164835164835,0.0708835164835165,0.3617316474734711,273.3555943775335,23.10923208791208,0.0,11.45,20.873478427609935,19.873478427609935,338.36872013418343,112.3245,226.04422013418343,-0.001819912703666955,5.610773491118535,Budapart,Budapart__BRL.CPT3
Budapart,BRL.CPT3,16.9,18.07,17.485,5.0,Quaternary,MASW,21.02126271186441,0.3649152542372881,0.475693220338983,1.7359340361192,575.9999999999999,21.163970677966105,0.0,12.485,22.840792922266203,21.840792922266203,394.37126424582453,122.47785,271.89341424582454,0.017006364123982615,6.356107660695891,Budapart,Budapart__BRL.CPT3
Budapart,BRL.CPT4,1.0,2.0,1.5,5.0,Quaternary,MASW,6.401950495049506,0.0746534653465346,0.0146188118811881,1.1661050082199569,229.8839304448362,6.406336138613862,3.5,0.0,19.989191834520987,18.989191834520987,28.48378775178148,0.0,28.48378775178148,0.0022921214034081717,5.4375745313045645,Budapart,Budapart__BRL.CPT4
Budapart,BRL.CPT4,2.0,2.9,2.45,5.0,Quaternary,MASW,18.264043956043945,0.2016483516483516,0.0055098901098901,1.1040728555716277,304.66516443700505,18.265696923076916,2.55,0.0,21.715813677350674,20.715813677350674,50.75374350950916,0.0,50.75374350950916,0.00030249285191681597,5.719213352041954,Budapart,Budapart__BRL.CPT4
Budapart,BRL.CPT4,2.9,4.0,3.45,5.0,Quaternary,MASW,4.1790810810810815,0.123153153153153,0.029263063063063,2.946895519942742,270.0293455242649,4.187860000000001,1.5499999999999998,0.0,20.65325597065685,19.65325597065685,67.80373309876614,0.0,67.80373309876614,0.007102588209328573,5.5985306402192645,Budapart,Budapart__BRL.CPT4
Budapart,BRL.CPT4,4.0,5.0,4.5,5.0,Quaternary,MASW,6.005029702970301,0.165148514851485,0.0368138613861386,2.750169824635451,302.9616692137099,6.016073861386142,0.5,0.0,21.19649082607323,20.19649082607323,90.88420871732953,0.0,90.88420871732953,0.006213111063804847,5.713606293261851,Budapart,Budapart__BRL.CPT4
Budapart,BRL.CPT4,5.0,6.0,5.5,5.0,Quaternary,MASW,23.74661386138613,0.147821782178218,0.0241415841584158,0.6224962558497148,239.1401527047529,23.753856336633657,0.0,0.5,21.49352272062547,20.49352272062547,113.21437496344008,4.905,108.30937496344008,0.0008137081975017877,5.4770497930492,Budapart,Budapart__BRL.CPT4
Budapart,BRL.CPT4,6.0,7.2,6.6,5.0,Quaternary,MASW,31.187082644628116,0.1639669421487605,0.0098801652892561,0.5257527419833972,256.6034776043064,31.19004669421489,0.0,1.5999999999999996,21.742005238438114,20.742005238438114,138.49723457369154,15.695999999999998,122.80123457369154,-0.00018729611925816925,5.54753200471755,Budapart,Budapart__BRL.CPT4
Budapart,BRL.CPT4,7.2,8.5,7.85,5.0,Quaternary,MASW,18.42464122137405,0.0730534351145038,0.0119145038167938,0.396498549072185,231.92321239130428,18.428215572519083,0.0,2.8499999999999996,20.518431276080005,19.518431276080005,156.06968551722804,27.958499999999997,128.11118551722805,-0.0008780575791384917,5.446406335808021,Budapart,Budapart__BRL.CPT4
Budapart,BRL.CPT4,8.5,9.3,8.9,5.0,Quaternary,MASW,10.167814814814816,0.0322222222222222,0.0048358024691358,0.3169041019047029,210.32168985582655,10.169265555555556,0.0,3.9000000000000004,19.253683428332707,18.253683428332707,166.3577825121611,38.25900000000001,128.09878251216108,-0.003341348164874179,5.34863821507852,Budapart,Budapart__BRL.CPT4
Budapart,BRL.CPT4,9.3,10.5,9.9,5.0,Quaternary,MASW,5.304289256198347,0.0172727272727272,0.0121099173553718,0.3256369786497441,188.3373746118845,5.307922231404959,0.0,4.9,18.231825639026333,17.231825639026333,175.4950738263607,48.069,127.4260738263607,-0.007006252897623813,5.238234900364311,Budapart,Budapart__BRL.CPT4
Budapart,BRL.CPT4,10.5,11.5,11.0,5.0,Quaternary,MASW,13.86665346534654,0.045049504950495,0.0241227722772277,0.3248765469121732,224.39902409090905,13.873890297029709,0.0,6.0,19.829637436314055,18.829637436314055,213.1260117994546,58.86,154.2660117994546,-0.0025428465785277844,5.413425824668091,Budapart,Budapart__BRL.CPT4
Budapart,BRL.CPT4,11.5,12.5,12.0,5.0,Quaternary,MASW,13.72752475247525,0.076039603960396,0.0377475247524752,0.5539207200969357,240.54305439735293,13.738849009900994,0.0,7.0,20.543918580027487,19.543918580027487,241.52702296032984,68.67,172.85702296032986,-0.0022910081923987473,5.482899093886797,Budapart,Budapart__BRL.CPT4
Budapart,BRL.CPT4,12.5,13.5,13.0,5.0,Quaternary,MASW,21.983485148514852,0.1320792079207922,0.0492386138613861,0.6008110498790278,268.668214410446,21.998256732673276,0.0,8.0,21.441859905584593,20.441859905584593,273.7441787725997,78.48,195.26417877259968,-0.0013460088490392186,5.59347721465485,Budapart,Budapart__BRL.CPT4
Budapart,BRL.CPT4,13.5,14.5,14.0,5.0,Quaternary,MASW,26.05873267326734,0.1519801980198022,0.0554821782178217,0.5832217549693538,279.4546737783115,26.075377326732685,0.0,9.0,21.693123391625004,20.693123391625004,298.7037274827501,88.29,210.41372748275006,-0.001272771742864951,5.632840110493762,Budapart,Budapart__BRL.CPT4
Budapart,BRL.CPT4,14.5,15.5,15.0,5.0,Quaternary,MASW,16.870396039603964,0.113168316831683,0.062580198019802,0.6708100779970767,263.5582549871305,16.889170099009906,0.0,10.0,21.173982987783596,20.173982987783596,312.60974481675396,98.10000000000001,214.50974481675394,-0.0021427727599238064,5.5742744250915806,Budapart,Budapart__BRL.CPT4
Budapart,BRL.CPT4,15.5,16.66,16.08,5.0,Quaternary,MASW,20.72129914529916,0.1088888888888888,0.0720205128205128,0.5254925771079918,270.7963110706171,20.74290529914531,0.0,11.079999999999998,21.19453215926081,20.19453215926081,335.80807712091377,108.69479999999999,227.11327712091378,-0.0017971339471008346,5.601366918606403,Budapart,Budapart__BRL.CPT4
H6-H7,CPT6,1.2,2.3,1.75,6.5,Quaternary,MASW,2.031392857142857,0.0221446428571428,0.0041428571428571,1.0901211343378048,181.4,2.032635714285714,4.75,0.0,18.026177152028595,17.026177152028595,29.79581001605004,0.0,29.79581001605004,0.0020684914126313024,5.200704537681037,H6-H7,H6-H7__CPT6
H6-H7,CPT6,2.3,3.2,2.75,6.5,Quaternary,MASW,7.924630434782609,0.0703441304347826,0.0001521739130434,0.8876644912806246,191.7,7.924676086956522,3.75,0.0,20.060673235752738,19.060673235752738,52.41685139832003,0.0,52.41685139832003,1.933039912558339e-05,5.255931650051599,H6-H7,H6-H7__CPT6
H6-H7,CPT6,3.2,4.5,3.85,6.5,Quaternary,MASW,8.301136363636362,0.0728137878787878,0.0004393939393939,0.8771544604152404,217.6,8.30126818181818,2.65,0.0,20.169465387089478,19.169465387089478,73.80244174029448,0.0,73.80244174029448,5.340574525318418e-05,5.382658514981787,H6-H7,H6-H7__CPT6
H6-H7,CPT6,4.5,5.5,5.0,6.5,Quaternary,MASW,6.50533333333333,0.038133725490196,0.0,0.5861917220259699,234.2,6.50533333333333,1.5,0.0,19.262007421107914,18.262007421107914,91.31003710553956,0.0,91.31003710553956,0.0,5.456175451163617,H6-H7,H6-H7__CPT6
H6-H7,CPT6,5.5,6.5,6.0,6.5,Quaternary,MASW,9.773666666666667,0.053113725490196,0.0004313725490196,0.543437046726197,249.1,9.773796078431372,0.5,0.0,19.857975174626873,18.857975174626873,113.14785104776124,0.0,113.14785104776124,4.465254699957421e-05,5.517854422268135,H6-H7,H6-H7__CPT6
H6-H7,CPT6,6.5,8.2,7.35,6.5,Quaternary,MASW,6.328151162790695,0.0331946511627906,0.0100232558139534,0.5245552817697224,256.2,6.331158139534881,0.0,0.8499999999999996,19.122224173053993,18.122224173053993,134.04834767194686,8.338499999999996,125.70984767194686,0.0002718615403854162,5.545958389462633,H6-H7,H6-H7__CPT6
H6-H7,CPT6,8.2,9.0,8.6,6.5,Quaternary,MASW,3.673926829268293,0.0237560975609756,0.0210487804878048,0.6466132469412007,261.1,3.680241463414634,0.0,2.0999999999999996,18.529400719200407,17.529400719200407,152.8528461851235,20.601,132.2518461851235,0.0001269439056466922,5.564903475705084,H6-H7,H6-H7__CPT6
H6-H7,CPT6,9.0,10.0,9.5,6.5,Quaternary,MASW,6.386803921568627,0.0359658823529411,0.0304705882352941,0.5631280182484104,266.2,6.395945098039215,0.0,3.0,19.270043328705768,18.270043328705768,176.5654116227048,29.43,147.1354116227048,0.0001673138299574808,5.584247905961012,H6-H7,H6-H7__CPT6
H6-H7,CPT6,10.0,11.8,10.9,6.5,Quaternary,MASW,9.904516483516488,0.0462925274725274,0.0438131868131868,0.467388060281079,276.4,9.917660439560445,0.0,4.4,19.76292097694234,18.76292097694234,208.9158386486715,43.16400000000001,165.75183864867148,6.686619536019392e-05,5.621849091893515,H6-H7,H6-H7__CPT6
H6-H7,CPT6,11.8,13.2,12.5,6.5,Quaternary,MASW,27.961873239436617,0.101801690140845,0.0572676056338028,0.3640732123671419,295.0,27.97905352112676,0.0,6.0,21.158803881479038,20.158803881479038,257.985048518488,58.86,199.12504851848797,-5.7443470036902553e-05,5.68697535633982,H6-H7,H6-H7__CPT6
H6-H7,CPT6,13.2,14.6,13.9,6.5,Tertiary,MASW,12.927577464788737,0.4946805633802817,0.440492957746479,3.826552691157019,323.4,13.05972535211268,0.0,7.4,23.07075573956211,22.07075573956211,314.1835047799133,72.59400000000001,241.58950477991328,0.028864913093001886,5.778889947143006,H6-H7,H6-H7__CPT6
H6-H7,CPT6,14.6,16.0,15.3,6.5,Tertiary,MASW,14.289450704225349,0.613161690140845,1.0303380281690144,4.291009520467675,359.1,14.598552112676051,0.0,8.8,23.407447560548754,22.407447560548754,351.63394767639596,86.32800000000002,265.30594767639593,0.06626064789844585,5.883600901232037,H6-H7,H6-H7__CPT6
H6-H7,CPT6,16.0,17.5,16.75,6.5,Tertiary,MASW,26.781368421052637,1.032448947368421,1.6307631578947364,3.8551015434925295,383.3,27.27059736842105,0.0,10.25,24.311903759765137,23.311903759765137,400.72438797606605,100.55250000000001,300.17188797606605,0.056948935300452426,5.948817972386509,H6-H7,H6-H7__CPT6
H6-H7,CPT6,17.5,19.0,18.25,6.5,Tertiary,MASW,21.444815789473683,0.8699488157894736,1.0628026315789476,4.0566858877682375,414.7,21.76365657894737,0.0,11.75,24.02505952565231,23.02505952565231,431.9573363431547,115.26750000000001,316.68983634315464,0.04441911170801181,6.027555367252336,H6-H7,H6-H7__CPT6
H6-H7,CPT6,19.0,20.0,19.5,6.5,Tertiary,MASW,32.852745098039215,1.5895701960784316,1.5434313725490196,4.838469940136916,431.8,33.31577450980392,0.0,13.0,24.975533466574987,23.975533466574987,480.5229025982122,127.53,352.99290259821225,0.04312138032279611,6.067962518080707,H6-H7,H6-H7__CPT6
H6-H7,CPT6,20.0,21.0,20.5,6.5,Tertiary,MASW,25.608294117647063,1.2669594117647054,0.8982745098039218,4.947457280614504,448.1,25.87777647058824,0.0,14.0,24.600492020589442,23.600492020589442,497.81008642208354,137.34,360.47008642208357,0.02998169888351969,6.105016421792097,H6-H7,H6-H7__CPT6
H6-H7,CPT6,21.0,22.5,21.75,6.5,Tertiary,MASW,27.133565789473693,1.2860847368421051,1.700486842105263,4.7398294305315165,464.6,27.643711842105272,0.0,15.25,24.649214716959595,23.649214716959595,529.6204200938712,149.60250000000002,380.01792009387117,0.05719846252514457,6.141176820336309,H6-H7,H6-H7__CPT6
H6-H7,CPT27,1.5,3.5,2.5,5.0,Quaternary,MASW,17.71819009900991,0.1163881188118812,0.0060603960396039,0.6568849197434956,273.4,17.72000821782179,2.5,0.0,20.969561757157997,19.969561757157997,49.923904392895,0.0,49.923904392895,0.0003429749361749296,5.610935924289849,H6-H7,H6-H7__CPT27
H6-H7,CPT27,3.5,5.0,4.25,5.0,Quaternary,MASW,5.811805263157894,0.0967315789473684,0.0140776315789473,1.6643981442490463,286.9,5.816028552631578,0.75,0.0,20.457868575984968,19.457868575984968,82.69594144793611,0.0,82.69594144793611,0.002455401166066481,5.659133722987319,H6-H7,H6-H7__CPT27
H6-H7,CPT27,5.0,6.5,5.75,5.0,Quaternary,MASW,30.51913421052631,0.0978842105263157,0.0054447368421052,0.3207306270587279,301.0,30.52076763157894,0.0,0.75,21.021116396948315,20.021116396948315,115.87141928245282,7.3575,108.51391928245282,-6.290970850679078e-05,5.707110264748875,H6-H7,H6-H7__CPT27
H6-H7,CPT27,6.5,7.5,7.0,5.0,Quaternary,MASW,41.34912941176471,0.1133294117647058,0.0301725490196078,0.2740793176952867,312.0,41.35818117647059,0.0,2.0,21.338937522344935,20.338937522344935,144.37256265641454,19.62,124.75256265641454,0.00025604401472546177,5.7430031878094825,H6-H7,H6-H7__CPT27
H6-H7,CPT27,7.5,8.5,8.0,5.0,Quaternary,MASW,18.28651764705881,0.1266509803921569,0.0448725490196078,0.6925921207995952,323.5,18.2999794117647,0.0,3.0,21.259821640001068,20.259821640001068,165.07857312000854,29.43,135.64857312000854,0.0008515375494472183,5.779199113940956,H6-H7,H6-H7__CPT27
H6-H7,CPT27,8.5,9.5,9.0,5.0,Quaternary,MASW,19.573145098039213,0.0869901960784313,0.0182764705882352,0.4444364747857809,333.0,19.578628039215683,0.0,4.0,20.79150556728476,19.79150556728476,182.12355010556283,39.24,142.88355010556282,-0.0010807890371965971,5.808142489980444,H6-H7,H6-H7__CPT27
H6-H7,CPT27,9.5,10.5,10.0,5.0,Quaternary,MASW,42.203988235294105,0.0917333333333333,0.0115862745098039,0.2173570251747419,343.5,42.20746411764705,0.0,5.0,21.111606723966748,20.111606723966748,206.11606723966747,49.050000000000004,157.06606723966746,-0.0008919648351580166,5.839187111662404,H6-H7,H6-H7__CPT27
H6-H7,CPT27,10.5,11.5,11.0,5.0,Quaternary,MASW,57.78719607843135,0.1019098039215686,0.0273274509803921,0.1763536057074859,353.0,57.79539431372547,0.0,6.0,21.362454342435782,20.362454342435782,229.9869977667936,58.86,171.12699776679358,-0.0005477690594029069,5.8664680569332965,H6-H7,H6-H7__CPT27
H6-H7,CPT27,11.5,13.0,12.25,5.0,Quaternary,MASW,34.28975131578947,0.1185078947368421,0.0292763157894736,0.3456073321892904,366.2,34.29853421052631,0.0,7.25,21.422394378989555,20.422394378989555,257.424331142622,71.1225,186.301831142622,-0.0012292837794889203,5.90317963224041,H6-H7,H6-H7__CPT27
H6-H7,CPT27,13.0,14.0,13.5,5.0,Tertiary,MASW,11.507019607843134,0.3014117647058823,0.0486647058823529,2.619372999942065,379.0,11.52161901960784,0.0,8.5,22.36146622000603,21.36146622000603,296.87979397008144,83.385,213.49479397008145,-0.003093193830137679,5.937536205082426,H6-H7,H6-H7__CPT27
H6-H7,CPT27,14.0,15.0,14.5,5.0,Tertiary,MASW,9.521364705882354,0.4087058823529412,0.1965921568627451,4.292513678217161,390.4,9.580342352941177,0.0,9.5,22.725591914957178,21.725591914957178,324.5210827668791,93.19500000000001,231.3260827668791,0.011171040780133604,5.967171854538937,H6-H7,H6-H7__CPT27
H6-H7,CPT27,15.0,16.0,15.5,5.0,Tertiary,MASW,11.7697431372549,0.4524235294117649,0.7575627450980391,3.843954146966076,401.0,11.997011960784311,0.0,10.5,22.94035069324122,21.94035069324122,350.5754357452389,103.00500000000001,247.5704357452389,0.05620240523277511,5.993961427306569,H6-H7,H6-H7__CPT27
H6-H7,CPT27,16.0,17.0,16.5,5.0,Tertiary,MASW,13.155533333333333,0.431164705882353,1.6609882352941174,3.277439955929974,412.0,13.653829803921568,0.0,11.5,22.92384177140629,21.92384177140629,373.2433892282038,112.81500000000001,260.4283892282038,0.11657416223588221,6.021023349349527,H6-H7,H6-H7__CPT27
H6-H7,CPT27,17.0,18.0,17.5,5.0,Tertiary,MASW,14.088482352941174,0.4222411764705883,1.8978,2.997066439753458,422.3,14.657822352941174,0.0,12.5,22.92568898089218,21.92568898089218,396.1995571656131,122.625,273.5745571656131,0.12447216038597128,6.045715961939898,H6-H7,H6-H7__CPT27
H6-H7,CPT27,18.0,19.0,18.5,5.0,Tertiary,MASW,14.94415098039216,0.4466000000000001,2.5462607843137257,2.9884601713805794,431.4,15.70802921568628,0.0,13.5,23.030199888699446,22.030199888699446,421.05869794093974,132.435,288.62369794093973,0.15790085952685795,6.067035733955056,H6-H7,H6-H7__CPT27
H6-H7,CPT27,19.0,20.0,19.5,5.0,Tertiary,MASW,13.695609803921572,0.4256470588235294,2.2373294117647053,3.1079087745450407,441.0,14.366808627450984,0.0,14.5,22.945917510617008,21.945917510617008,442.44539145703163,142.245,300.2003914570316,0.15046177525367846,6.089044875446846,H6-H7,H6-H7__CPT27
H6-H7,CPT27,20.0,21.0,20.5,5.0,Tertiary,MASW,15.804372549019613,0.4668823529411764,2.486045098039216,2.9541340631718938,448.0,16.550186078431377,0.0,15.5,23.12058391354779,22.12058391354779,468.9719702277297,152.055,316.9169702277297,0.14513767942736103,6.104793232414985,H6-H7,H6-H7__CPT27
H6-H7,CPT27,21.0,22.0,21.5,5.0,Tertiary,MASW,16.81416470588235,0.4599549019607845,2.9069000000000003,2.735520378243182,455.7,17.686234705882352,0.0,16.5,23.12746674088196,22.12746674088196,492.2405349289621,161.865,330.3755349289621,0.15965080438594742,6.121834698269836,H6-H7,H6-H7__CPT27
H6-H7,CPT27,22.0,23.0,22.5,5.0,Tertiary,MASW,16.663319607843135,0.3965784313725489,2.5776843137254906,2.379948537900493,462.9,17.436624901960784,0.0,17.5,22.93006410947944,21.93006410947944,510.9264424632874,171.675,339.2514424632874,0.1421512571243646,6.137511048037225,H6-H7,H6-H7__CPT27
H6-H7,CPT27,23.0,24.0,23.5,5.0,Tertiary,MASW,19.332850980392152,0.5023843137254902,4.53787843137255,2.5986043870871427,470.0,20.69421450980392,0.0,18.5,23.3067584762322,22.3067584762322,542.7088241914568,181.485,361.22382419145674,0.21618203122573004,6.152732694704104,H6-H7,H6-H7__CPT27
H6-H7,CPT27,24.0,25.0,24.5,5.0,Tertiary,MASW,18.091503921568627,0.4539607843137255,3.661707843137256,2.509248464261255,476.0,19.190016274509805,0.0,19.5,23.15333439477302,22.15333439477302,562.2566926719389,191.29500000000002,370.9616926719389,0.1863032871929977,6.16541785423142,H6-H7,H6-H7__CPT27
H6-H7,CPT27,25.0,26.0,25.5,5.0,Tertiary,MASW,21.457521568627445,0.5675411764705881,6.056860784313726,2.6449521425642053,483.0,23.27457980392156,0.0,20.5,23.51836741981292,22.51836741981292,594.7183692052294,201.10500000000002,393.61336920522933,0.2581918677576332,6.180016653652572,H6-H7,H6-H7__CPT27
H6-H7,CPT27,26.0,27.0,26.5,5.0,Tertiary,MASW,21.66298039215686,0.5305941176470588,6.848145098039216,2.44931264323704,489.4,23.717423921568624,0.0,21.5,23.43898193560468,22.43898193560468,616.133021293524,210.91500000000002,405.21802129352403,0.287309922492694,6.193180151008571,H6-H7,H6-H7__CPT27
H6-H7,CPT27,27.0,28.0,27.5,5.0,Tertiary,MASW,18.897237254901963,0.5189196078431374,4.772709803921569,2.7460077938563696,495.0,20.329050196078438,0.0,22.5,23.367472002473125,22.367472002473125,637.6054800680109,220.72500000000002,416.8804800680109,0.23116560869810168,6.20455776256869,H6-H7,H6-H7__CPT27
H6-H7,CPT27,28.0,29.0,28.5,5.0,Tertiary,MASW,19.079419607843143,0.4999588235294117,4.846578431372549,2.620408973677005,501.1,20.533393137254908,0.0,23.5,23.325517445488938,22.325517445488938,659.7772471964347,230.53500000000003,429.2422471964347,0.23226993300608506,6.216805681965679,H6-H7,H6-H7__CPT27
H6-H7,CPT29,1.5,2.5,2.0,5.0,Quaternary,MASW,5.051764705882353,0.0289862745098039,0.0019607843137254,0.5737851265331467,250.5,5.052352941176471,3.0,0.0,18.684581918018637,17.684581918018637,35.36916383603727,0.0,35.36916383603727,0.0003908293111453584,5.523458920524919,H6-H7,H6-H7__CPT29
H6-H7,CPT29,2.5,3.8,3.15,5.0,Quaternary,MASW,7.36389393939394,0.0672734848484848,0.0028333333333333,0.9135585792266524,262.0,7.36474393939394,1.85,0.0,19.997769007213755,18.997769007213755,59.842972372723324,0.0,59.842972372723324,0.00038786745311465503,5.568344503761097,H6-H7,H6-H7__CPT29
H6-H7,CPT29,3.8,5.0,4.4,5.0,Quaternary,MASW,3.6841147540983608,0.1330019672131147,0.006983606557377,3.610147242703498,272.0,3.686209836065574,0.5999999999999996,0.0,20.752905421049736,19.752905421049736,86.91278385261884,0.0,86.91278385261884,0.001940269573772265,5.605802066295998,H6-H7,H6-H7__CPT29
H6-H7,CPT29,5.0,6.2,5.6,5.0,Quaternary,MASW,16.17334426229508,0.0902219672131147,0.0181967213114754,0.557843608284832,278.5,16.17880327868852,0.0,0.5999999999999996,20.714632631055157,19.714632631055157,111.00194273390886,5.885999999999997,105.11594273390887,0.0007661733583877428,5.629418059367339,H6-H7,H6-H7__CPT29
H6-H7,CPT29,6.2,7.0,6.6,5.0,Quaternary,MASW,57.95039024390245,0.178610487804878,0.0079756097560975,0.3082127437850541,282.5,57.95278292682928,0.0,1.5999999999999996,22.045513071240297,21.045513071240297,140.50038627018594,15.695999999999998,124.80438627018594,-0.00013354238761436446,5.643678550586496,H6-H7,H6-H7__CPT29
H6-H7,CPT29,7.0,8.8,7.9,5.0,Quaternary,MASW,47.37872527472528,0.1304518681318681,0.0567032967032967,0.2753384929109926,289.0,47.39573626373627,0.0,2.9000000000000004,21.587130370655903,20.587130370655903,165.53832992818164,28.449000000000005,137.08932992818163,0.0005982252444271855,5.666426688112432,H6-H7,H6-H7__CPT29
H6-H7,CPT29,8.8,9.9,9.35,5.0,Quaternary,MASW,31.292178571428572,0.1545648214285714,0.060125,0.4939407496852817,295.5,31.310216071428574,0.0,4.35,21.713591111951615,20.713591111951615,198.0220768967476,42.6735,155.3485768967476,0.0005609215474507268,5.688668836846153,H6-H7,H6-H7__CPT29
H6-H7,CPT30,1.0,2.0,1.5,5.0,Quaternary,MASW,5.332515686274509,0.0619686274509804,0.0044450980392156,1.162089923344866,200.8,5.333849215686274,3.5,0.0,19.68277144829142,18.68277144829142,28.02415717243713,0.0,28.02415717243713,0.0008377769696878536,5.302309387817574,H6-H7,H6-H7__CPT30
H6-H7,CPT30,2.0,3.0,2.5,5.0,Quaternary,MASW,3.7481156862745095,0.0354156862745098,0.0029411764705882,0.944893093993897,211.5,3.748998039215686,2.5,0.0,18.895567403872462,17.895567403872462,44.738918509681156,0.0,44.738918509681156,0.0007939985769752612,5.354224998486333,H6-H7,H6-H7__CPT30
H6-H7,CPT30,3.0,4.0,3.5,5.0,Quaternary,MASW,3.950721568627453,0.1328725490196078,0.0254490196078431,3.3632476172136325,220.5,3.958356274509805,1.5,0.0,20.74045219740578,19.74045219740578,69.09158269092023,0.0,69.09158269092023,0.006543401291605434,5.395897694886901,H6-H7,H6-H7__CPT30
H6-H7,CPT30,4.0,5.2,4.6,5.0,Quaternary,MASW,7.742857377049178,0.1226081967213114,0.0231147540983606,1.5835006477678109,237.0,7.749791803278686,0.40000000000000036,0.0,20.87562357483146,19.87562357483146,91.42786844422471,0.0,91.42786844422471,0.0030182365705058688,5.468060141135132,H6-H7,H6-H7__CPT30
H6-H7,CPT30,5.2,6.0,5.6,5.0,Quaternary,MASW,47.46059756097561,0.1760999999999999,0.0036097560975609,0.3710446329162907,255.0,47.46168048780488,0.0,0.5999999999999996,21.942196230340798,20.942196230340798,117.87629888990847,5.885999999999997,111.99029888990847,-4.807902409692828e-05,5.541263545158426,H6-H7,H6-H7__CPT30
H6-H7,CPT30,6.0,7.0,6.5,5.0,Quaternary,MASW,53.978729411764704,0.2112333333333333,0.0092039215686274,0.3913269831195672,268.0,53.98149058823529,0.0,1.5,22.247596420926147,21.247596420926147,139.60937673601995,14.715,124.89437673601995,-0.00010235672133602144,5.5909869805108565,H6-H7,H6-H7__CPT30
H6-H7,CPT30,7.0,7.8,7.4,5.0,Quaternary,MASW,46.175819512195126,0.1880121951219512,0.0360585365853658,0.4071659087118027,279.0,46.186637073170736,0.0,2.4000000000000004,22.06198456875624,21.06198456875624,158.2586858087962,23.544000000000004,134.7146858087962,0.00027188740998101133,5.631211781821365,H6-H7,H6-H7__CPT30
H6-H7,CPT30,7.8,9.0,8.4,5.0,Quaternary,MASW,32.85870163934428,0.1232065573770491,0.078,0.3749586904843628,287.0,32.882101639344285,0.0,3.4000000000000004,21.407848712082988,20.407848712082988,174.82592918149712,33.354000000000006,141.4719291814971,0.0013650173862119496,5.659482215759621,H6-H7,H6-H7__CPT30
H6-H7,CPT30,9.0,10.3,9.65,5.0,Quaternary,MASW,35.88737878787879,0.1550515151515151,0.0480939393939394,0.4320502649914484,289.0,35.90180696969697,0.0,4.65,21.763951073599102,20.763951073599102,205.02212786023136,45.61650000000001,159.40562786023136,6.940231185851277e-05,5.666426688112432,H6-H7,H6-H7__CPT30
H6-H7,CPT30,10.3,11.7,11.0,5.0,Quaternary,MASW,28.541763380281687,0.0884183098591549,0.0065549295774647,0.3097857293577012,290.0,28.54372985915493,0.0,6.0,20.956797939720303,19.956797939720303,225.52477733692334,58.86,166.66477733692335,-0.0018470475184219322,5.66988092298052,H6-H7,H6-H7__CPT30
H6-H7,CPT30,11.7,13.0,12.35,5.0,Quaternary,MASW,37.0680196969697,0.1509575757575758,0.0182075757575757,0.4072447813280851,294.0,37.07348196969697,0.0,7.35,21.773044689846344,20.773044689846344,263.89710191960233,72.1035,191.79360191960234,-0.0014641818003659176,5.683579767338681,H6-H7,H6-H7__CPT30
H6-H7,CPT30,13.0,14.0,13.5,5.0,Tertiary,MASW,7.592341176470589,0.2399960784313725,0.1342156862745098,3.1610286320528367,304.0,7.632605882352943,0.0,8.5,21.929513980548066,20.929513980548066,291.0484387373989,83.385,207.6634387373989,0.006923692508694298,5.717027701406222,H6-H7,H6-H7__CPT30
H6-H7,CPT30,14.0,15.0,14.5,5.0,Tertiary,MASW,9.229796078431376,0.2861509803921569,0.0276313725490196,3.100295802426752,317.0,9.23808549019608,0.0,9.5,22.234604063008636,21.234604063008636,317.4017589136252,93.19500000000001,224.2067589136252,-0.007349619090414145,5.75890177387728,H6-H7,H6-H7__CPT30
H6-H7,CPT30,15.0,16.0,15.5,5.0,Tertiary,MASW,10.318141176470592,0.2610196078431372,0.0901745098039216,2.529715414617163,331.0,10.345193529411768,0.0,10.5,22.154813205879577,21.154813205879577,338.39960469113345,103.00500000000001,235.39460469113345,-0.0012821779175827897,5.802118375377063,H6-H7,H6-H7__CPT30
H6-H7,CPT30,16.0,17.0,16.5,5.0,Tertiary,MASW,9.343343137254902,0.2665647058823528,0.0800196078431372,2.852990647635256,349.0,9.367349019607843,0.0,11.5,22.161889597890625,21.161889597890625,360.6711783651953,112.81500000000001,247.85617836519532,-0.0036412307329000714,5.855071922202427,H6-H7,H6-H7__CPT30
H6-H7,CPT30,17.0,18.0,17.5,5.0,Tertiary,MASW,11.822490196078432,0.2997725490196078,0.2969019607843137,2.535612582863833,365.0,11.911560784313728,0.0,12.5,22.401435394489305,21.401435394489305,387.0251194035628,122.625,264.4001194035628,0.015122254453596001,5.899897353582492,H6-H7,H6-H7__CPT30
H6-H7,CPT30,18.0,19.0,18.5,5.0,Tertiary,MASW,12.28367058823529,0.2688588235294117,0.3228941176470588,2.188749865914768,382.0,12.380538823529408,0.0,13.5,22.274609663984812,21.274609663984812,407.08027878371905,132.435,274.64527878371905,0.015906775551550047,5.945420608606575,H6-H7,H6-H7__CPT30
H6-H7,CPT30,19.0,20.0,19.5,5.0,Tertiary,MASW,14.549974509803922,0.2874960784313725,0.0219529411764705,1.975921526444288,396.0,14.556560392156864,0.0,14.5,22.42161152613647,21.42161152613647,432.2214247596612,142.245,289.9764247596612,-0.008516650520863039,5.981414211254481,H6-H7,H6-H7__CPT30
H6-H7,CPT30,20.0,21.0,20.5,5.0,Tertiary,MASW,16.42933529411765,0.3177921568627451,0.0854627450980392,1.9342971043784545,414.0,16.454974117647062,0.0,15.5,22.600930657808185,21.600930657808185,458.31907848506785,152.055,306.26407848506784,-0.004162886224584695,6.025865973825314,H6-H7,H6-H7__CPT30
H6-H7,CPT30,21.0,22.5,21.75,5.0,Tertiary,MASW,21.635877631578943,0.4423828947368421,0.5905342105263157,2.044672752683516,427.0,21.81303789473684,0.0,16.75,23.140437674845465,22.140437674845465,498.30451942788886,164.3175,333.98701942788887,0.01999634257776109,6.056784013228625,H6-H7,H6-H7__CPT30
H6-H7,CPT31,1.5,3.0,2.25,5.0,Quaternary,MASW,6.0209710526315785,0.0663723684210526,0.0019276315789473,1.1023532224431358,200.0,6.021549342105263,2.75,0.0,19.870176682735877,18.870176682735877,42.45789753615573,0.0,42.45789753615573,0.0003223954001737496,5.298317366548036,H6-H7,H6-H7__CPT31
H6-H7,CPT31,3.0,4.0,3.5,5.0,Quaternary,MASW,3.480176470588234,0.0927176470588235,0.0147098039215686,2.664165103189494,226.0,3.4845894117647043,1.5,0.0,20.217252029041514,19.217252029041514,67.2603821016453,0.0,67.2603821016453,0.004304473989447529,5.420534999272286,H6-H7,H6-H7__CPT31
H6-H7,CPT31,4.0,5.3,4.65,5.0,Quaternary,MASW,4.719703030303029,0.0808045454545454,0.0295378787878787,1.712068427520479,238.0,4.728564393939393,0.34999999999999964,0.0,20.165620943765546,19.165620943765546,89.1201373885098,0.0,89.1201373885098,0.006366684704999158,5.472270673671475,H6-H7,H6-H7__CPT31
H6-H7,CPT31,5.3,6.0,5.65,5.0,Quaternary,MASW,37.84094444444444,0.1691833333333333,0.0040333333333333,0.4470906733887604,239.0,37.84215444444444,0.0,0.6500000000000004,21.820667575395227,20.820667575395227,118.28677180098303,6.376500000000004,111.91027180098303,-6.21136381613892e-05,5.476463551931511,H6-H7,H6-H7__CPT31
H6-H7,CPT31,6.0,7.3,6.65,5.0,Quaternary,MASW,50.42402272727272,0.1580060606060606,0.0277863636363636,0.3133547306621378,236.0,50.43235863636363,0.0,1.6500000000000004,21.839316249644927,20.839316249644927,140.23145306013876,16.186500000000006,124.04495306013875,0.00023064969183118265,5.4638318050256105,H6-H7,H6-H7__CPT31
H6-H7,CPT31,7.3,8.0,7.65,5.0,Quaternary,MASW,34.11460555555556,0.1505944444444444,0.0586861111111111,0.4414368625754786,237.0,34.13221138888889,0.0,2.6500000000000004,21.67603111934418,20.67603111934418,160.82163806298297,25.996500000000005,134.82513806298297,0.0009622688783380239,5.468060141135132,H6-H7,H6-H7__CPT31
H6-H7,CPT31,8.0,9.0,8.5,5.0,Quaternary,MASW,24.968715686274507,0.1073176470588235,0.0533235294117647,0.4298084387168414,245.0,24.98471274509804,0.0,3.5,21.14016083871435,20.14016083871435,174.69136712907198,34.335,140.35636712907197,0.0007653572370004611,5.501258210544727,H6-H7,H6-H7__CPT31
H6-H7,CPT31,9.0,10.0,9.5,5.0,Quaternary,MASW,25.03059803921569,0.1087215686274509,0.0442098039215686,0.4343546584748626,250.0,25.04386098039216,0.0,4.5,21.17431838897472,20.17431838897472,196.15602469525982,44.145,152.0110246952598,2.6080445531746853e-06,5.521460917862246,H6-H7,H6-H7__CPT31
H6-H7,CPT31,10.0,11.0,10.5,5.0,Quaternary,MASW,26.951233333333334,0.0920627450980392,0.0138254901960784,0.3415901007549656,260.0,26.95538098039216,0.0,5.5,20.987104454046424,19.987104454046424,215.36459676748746,53.955000000000005,161.40959676748744,-0.0015007286917182493,5.560681631015528,H6-H7,H6-H7__CPT31
H6-H7,CPT31,11.0,11.7,11.35,5.0,Quaternary,MASW,32.26505000000001,0.0930027777777777,0.0134861111111111,0.2882461913983636,273.0,32.269095833333346,0.0,6.35,21.06663674444964,20.06663674444964,234.10632704950342,62.2935,171.81282704950343,-0.0015235650031761386,5.60947179518496,H6-H7,H6-H7__CPT31
H6-H7,CPT31,11.7,13.1,12.4,5.0,Quaternary,MASW,47.14433380281691,0.1395633802816901,0.0533112676056338,0.296034261223034,292.0,47.1603271830986,0.0,7.4,21.74112450974846,20.74112450974846,264.5899439208809,72.59400000000001,191.9959439208809,-0.00041118305265189415,5.676753802268282,H6-H7,H6-H7__CPT31
H6-H7,CPT31,13.1,14.0,13.55,5.0,Tertiary,MASW,7.944173913043476,0.2387021739130435,0.0215347826086956,3.00474506885002,309.0,7.950634347826085,0.0,8.55,21.935175973967024,20.935175973967024,292.2216344472532,83.87550000000002,208.3461344472532,-0.008140161639813242,5.733341276897746,H6-H7,H6-H7__CPT31
H6-H7,CPT31,14.0,15.0,14.5,5.0,Tertiary,MASW,10.061707843137253,0.3434686274509804,0.0104450980392156,3.4136215521826005,323.0,10.064841372549015,0.0,9.5,22.506466226162203,21.506466226162203,321.34376027935195,93.19500000000001,228.14876027935196,-0.008492833400665095,5.777652323222656,H6-H7,H6-H7__CPT31
H6-H7,CPT31,15.0,16.5,15.75,5.0,Tertiary,MASW,15.581551315789469,0.3725092105263158,0.0732671052631579,2.390706823580756,350.0,15.603531447368416,0.0,10.75,22.76088336239179,21.76088336239179,353.4839129576707,105.45750000000001,248.02641295767071,-0.002110838977006896,5.857933154483459,H6-H7,H6-H7__CPT31
H6-H7,CPT31,16.5,18.0,17.25,5.0,Tertiary,MASW,11.900396052631582,0.3744342105263158,0.1898947368421053,3.1464012531206107,373.0,11.957364473684214,0.0,12.25,22.699949346801837,21.699949346801837,386.5741262323317,120.1725,266.4016262323317,0.0060257108415640364,5.921578419643816,H6-H7,H6-H7__CPT31
H6-H7,CPT31,18.0,19.0,18.5,5.0,Tertiary,MASW,16.568029411764705,0.5265529411764707,0.0619117647058823,3.178126547762967,390.0,16.58660294117647,0.0,13.5,23.26846721742969,22.26846721742969,425.46664352244926,132.435,293.03164352244926,-0.004363754750608409,5.966146739123692,H6-H7,H6-H7__CPT31
H6-H7,CPT31,19.0,20.0,19.5,5.0,Tertiary,MASW,13.443631372549024,0.409178431372549,0.038713725490196,3.0436600054957137,402.0,13.45524549019608,0.0,14.5,22.87286503244839,21.87286503244839,441.02086813274366,142.245,298.77586813274365,-0.007955239556437722,5.996452088619021,H6-H7,H6-H7__CPT31
H6-H7,CPT31,20.0,21.0,20.5,5.0,Tertiary,MASW,19.98084705882353,0.6412803921568627,0.2564999999999999,3.209475505562581,421.0,20.05779705882353,0.0,15.5,23.606325716564616,22.606325716564616,478.92967718957465,152.055,326.87467718957464,0.005334578245214275,6.042632833682381,H6-H7,H6-H7__CPT31
H6-H7,CPT31,21.0,22.0,21.5,5.0,Tertiary,MASW,19.729968627450983,0.5860686274509803,1.0317941176470586,2.970448856343152,436.0,20.0395068627451,0.0,16.5,23.49166588224501,22.49166588224501,500.0708164682677,161.865,338.2058164682677,0.0445217106362095,6.077642243349034,H6-H7,H6-H7__CPT31
H6-H7,CPT31,22.0,23.0,22.5,5.0,Tertiary,MASW,14.23993333333333,0.4568450980392156,0.6643333333333333,3.2081968879012708,445.0,14.439233333333329,0.0,17.5,23.06318492990539,22.06318492990539,513.9216609228713,171.675,342.2466609228713,0.035378621672749584,6.09807428216624,H6-H7,H6-H7__CPT31
H6-H7,CPT33,1.0,2.0,1.5,5.0,Quaternary,MASW,2.9091176470588245,0.0467988235294117,0.0103725490196078,1.608694773025983,243.0,2.9122294117647067,3.5,0.0,19.120796324197293,18.120796324197293,27.18119448629594,0.0,27.18119448629594,0.0035952775269013247,5.493061443340548,H6-H7,H6-H7__CPT33
H6-H7,CPT33,2.0,3.0,2.5,5.0,Quaternary,MASW,2.805764705882353,0.0641003921568627,0.0044313725490196,2.2845961396005428,254.0,2.807094117647059,2.5,0.0,19.60636821282538,18.60636821282538,46.51592053206345,0.0,46.51592053206345,0.0016052334810333234,5.537334267018537,H6-H7,H6-H7__CPT33
H6-H7,CPT33,3.0,4.3,3.65,5.0,Quaternary,MASW,2.2621212121212118,0.0505246969696969,0.0032424242424242,2.233509711989284,259.0,2.2630939393939387,1.35,0.0,19.2747099764446,18.2747099764446,66.7026914140228,0.0,66.7026914140228,0.00147625075696616,5.556828061699537,H6-H7,H6-H7__CPT33
H6-H7,CPT33,4.3,5.0,4.65,5.0,Quaternary,MASW,6.3695,0.1617916666666666,0.0449722222222222,2.5400999555171784,262.0,6.382991666666666,0.34999999999999964,0.0,21.19154053004548,20.19154053004548,93.89066346471148,0.0,93.89066346471148,0.0071508188848176555,5.568344503761097,H6-H7,H6-H7__CPT33
H6-H7,CPT33,5.0,6.3,5.65,5.0,Quaternary,MASW,34.60110606060607,0.2510815151515151,0.0114545454545454,0.72564592216136,275.0,34.60454242424243,0.0,0.6500000000000004,22.32499486172268,21.32499486172268,121.13622096873314,6.376500000000004,114.75972096873313,0.00014726055264410943,5.616771097666572,H6-H7,H6-H7__CPT33
H6-H7,CPT33,6.3,7.5,6.9,5.0,Quaternary,MASW,29.515000000000008,0.2591713114754098,0.0259508196721311,0.8781003268690828,288.0,29.522785245901648,0.0,1.9000000000000004,22.348049800886486,21.348049800886486,149.20154362611675,18.639000000000003,130.56254362611674,0.00024892501188285927,5.662960480135946,H6-H7,H6-H7__CPT33
H6-H7,CPT33,7.5,8.5,8.0,5.0,Quaternary,MASW,20.50860784313725,0.1320786274509804,0.0237843137254902,0.6440155687855602,302.0,20.515743137254898,0.0,3.0,21.351061668868233,20.351061668868233,165.80849335094587,29.43,136.37849335094586,-0.0002774301919540084,5.71042701737487,H6-H7,H6-H7__CPT33
H6-H7,CPT33,8.5,10.1,9.3,5.0,Quaternary,MASW,24.17614814814814,0.1491549382716049,0.0126049382716049,0.6169507952946177,313.0,24.179929629629623,0.0,4.300000000000001,21.586294569628112,20.586294569628112,195.75253949754148,42.18300000000001,153.56953949754148,-0.001233232293826105,5.746203190540153,H6-H7,H6-H7__CPT33
Galeria,CPT3,1.0,2.0,1.5,4.9,Quaternary,SCPT,2.2525882352941182,0.0446994117647058,0.000156862745098,1.9843578628505765,279.0,2.252635294117648,3.4000000000000004,0.0,18.980929339132608,17.980929339132608,26.971394008698912,0.0,26.971394008698912,7.04790804623831e-05,5.631211781821365,Galeria,Galeria__CPT3
Galeria,CPT3,2.0,3.0,2.5,4.9,Quaternary,SCPT,7.79686274509804,0.0530833333333333,0.0,0.6808293934211849,480.9,7.79686274509804,2.4000000000000004,0.0,19.66303450267297,18.66303450267297,46.65758625668243,0.0,46.65758625668243,0.0,6.175659348283617,Galeria,Galeria__CPT3
Galeria,CPT3,3.5,5.5,4.5,4.9,Quaternary,SCPT,51.85105940594063,0.2658473267326733,0.0032871287128712,0.5127133944387932,325.8,51.85204554455449,0.40000000000000036,0.0,22.49225637765696,21.49225637765696,96.71515369945632,0.0,96.71515369945632,6.3512853421027e-05,5.786283696167945,Galeria,Galeria__CPT3
Galeria,CPT3,5.5,7.0,6.25,4.9,Quaternary,SCPT,18.48367105263157,0.1134580263157894,0.0206447368421052,0.6138284218147029,290.0,18.489864473684207,0.0,1.3499999999999996,21.07948321097901,20.07948321097901,126.84677006861881,13.243499999999997,113.60327006861881,0.0004030512283745136,5.66988092298052,Galeria,Galeria__CPT3
Galeria,CPT3,7.0,8.0,7.5,4.9,Quaternary,SCPT,31.46703921568627,0.1743992156862745,0.0166078431372549,0.5542282338382087,318.7,31.472021568627447,0.0,2.5999999999999996,21.846105500247194,20.846105500247194,158.94579125185396,25.505999999999997,133.43979125185396,-0.0002841674489599076,5.764250221423291,Galeria,Galeria__CPT3
Galeria,CPT3,8.0,9.0,8.5,4.9,Quaternary,SCPT,16.534843137254907,0.1156705882352941,0.0282549019607843,0.699556610698501,227.5,16.54331960784314,0.0,3.5999999999999996,21.115735234504243,20.115735234504243,174.58374949328606,35.315999999999995,139.26774949328606,-0.00043137711429400085,5.427150238391005,Galeria,Galeria__CPT3
Galeria,CPT3,9.0,10.0,9.5,4.9,Quaternary,SCPT,17.24527450980392,0.1215547058823529,0.0158039215686274,0.7048580514809966,329.6,17.25001568627451,0.0,4.6,21.211193943950953,20.211193943950953,196.60634246753403,45.126,151.48034246753403,-0.0017194261769140635,5.797879798035317,Galeria,Galeria__CPT3
Galeria,CPT3,10.0,10.8,10.4,4.9,Quaternary,SCPT,14.99141463414634,0.1335553658536585,0.0164390243902439,0.8908790071715844,274.5,14.996346341463417,0.0,5.5,21.308360983518106,20.308360983518106,216.7069542285883,53.955000000000005,162.7519542285883,-0.0025383552755799065,5.614951260949585,Galeria,Galeria__CPT3
Galeria,CPT3,10.8,12.2,11.5,4.9,Quaternary,SCPT,38.37509859154927,0.0938385915492957,0.0354084507042253,0.244529903487884,335.8,38.38572112676054,0.0,6.6,21.133331670172602,20.133331670172602,238.1333142069849,64.746,173.3873142069849,-0.0007690538505325976,5.81651574464344,Galeria,Galeria__CPT3
Galeria,CPT3,12.6,14.3,13.45,4.9,Quaternary,SCPT,33.01631395348836,0.1039703488372093,0.0419418604651162,0.314905985518787,297.1,33.02889651162789,0.0,8.549999999999999,21.248123652222148,20.248123652222148,280.8872631223879,83.87549999999999,197.0117631223879,-0.0012804943108655523,5.694068782468562,Galeria,Galeria__CPT3
Galeria,CPT6,2.3,3.0,2.65,4.9,Quaternary,SCPT,34.06072222222222,0.1722055555555555,0.0001388888888888,0.5055839815492917,460.0,34.060763888888886,2.2500000000000004,0.0,21.703995397449223,20.703995397449223,54.86558780324044,0.0,54.86558780324044,4.084258785316839e-06,6.131226489483141,Galeria,Galeria__CPT6
Galeria,CPT6,3.0,4.6,3.8,4.9,Quaternary,SCPT,41.94285185185187,0.3551227160493828,0.0001728395061728,0.8466823317206157,365.0,41.94290370370372,1.1000000000000005,0.0,22.793362738384655,21.793362738384655,82.81477840586169,0.0,82.81477840586169,4.128980864833893e-06,5.899897353582492,Galeria,Galeria__CPT6
Galeria,CPT6,4.6,6.0,5.3,4.9,Quaternary,SCPT,19.101619718309863,0.1281283098591549,0.0174225352112676,0.6707719646221283,461.2,19.106846478873248,0.0,0.39999999999999947,21.229543148805032,20.229543148805032,107.61657868866666,3.923999999999995,103.69257868866667,0.0007104780184346558,6.133831788394904,Galeria,Galeria__CPT6
Galeria,CPT6,6.0,7.0,6.5,4.9,Quaternary,SCPT,15.992196078431371,0.1244821568627451,0.0076274509803921,0.7783931378294807,241.4,15.99448431372549,0.0,1.5999999999999996,21.165872601567163,20.165872601567163,132.67817191018656,15.695999999999998,116.98217191018657,-0.0005086778231602125,5.486455308663431,Galeria,Galeria__CPT6
Galeria,CPT6,7.0,8.0,7.5,4.9,Quaternary,SCPT,20.837745098039218,0.1091096078431372,0.0151764705882353,0.5236152344209458,279.8,20.842298039215688,0.0,2.5999999999999996,21.08940742230001,20.08940742230001,153.27055566725008,25.505999999999997,127.76455566725008,-0.0004992757354099201,5.634075062231381,Galeria,Galeria__CPT6
Galeria,CPT6,8.0,9.0,8.5,4.9,Quaternary,SCPT,15.707921568627444,0.0787607843137254,0.0276078431372549,0.5014080568815037,303.4,15.71620392156862,0.0,3.5999999999999996,20.582712704194616,19.582712704194616,170.05305798565422,35.315999999999995,134.73705798565422,-0.000495824138745594,5.715052066914432,Galeria,Galeria__CPT6
Galeria,CPT6,9.0,10.5,9.75,4.9,Quaternary,SCPT,17.003328947368416,0.0916305263157894,0.0211315789473684,0.5388975688197281,280.0,17.009668421052627,0.0,4.85,20.830183178054757,19.830183178054757,198.1942859860339,47.5785,150.6157859860339,-0.0015731470565967024,5.634789603169249,Galeria,Galeria__CPT6
Galeria,CPT6,10.5,12.0,11.25,4.9,Tertiary,SCPT,5.172157894736841,0.1568435526315789,0.3809342105263159,3.032458711115181,235.0,5.286438157894736,0.0,6.35,21.219041221320612,20.219041221320612,233.81421373985688,62.2935,171.5207137398569,0.06306440258530124,5.459585514144159,Galeria,Galeria__CPT6
Galeria,CPT6,12.0,13.0,12.5,4.9,Tertiary,SCPT,3.5024901960784334,0.1290619607843137,0.0668823529411764,3.684862870674643,197.1,3.5225549019607865,0.0,7.6,20.848255346279878,19.848255346279878,255.70319182849846,74.556,181.14719182849848,-0.0023489425721478045,5.283711214158674,Galeria,Galeria__CPT6
Galeria,CPT6,13.0,14.0,13.5,4.9,Tertiary,SCPT,3.616941176470588,0.1167892156862744,0.1550980392156862,3.2289498221875266,198.1,3.663470588235294,0.0,8.6,20.73668353988817,19.73668353988817,275.0452277884903,84.366,190.67922778849032,0.02087460448187631,5.288771953704505,Galeria,Galeria__CPT6
Galeria,CPT6,14.0,15.0,14.5,4.9,Tertiary,SCPT,3.982490196078432,0.1291301960784313,0.2316666666666667,3.242448561595611,207.5,4.051990196078432,0.0,9.6,20.912805523366153,19.912805523366153,298.3356800888092,94.176,204.15968008880924,0.03662848194499283,5.335131339670753,Galeria,Galeria__CPT6
Galeria,CPT6,15.0,16.0,15.5,4.9,Tertiary,SCPT,3.7329803921568616,0.1300866666666666,0.1855882352941176,3.484793730499734,199.5,3.7886568627450967,0.0,10.6,20.911870786644446,19.911870786644446,319.2339971929889,103.986,215.24799719298892,0.02352040626247842,5.295814236329918,Galeria,Galeria__CPT6
Galeria,CPT6,16.0,17.0,16.5,4.9,Tertiary,SCPT,4.439,0.1435817647058823,0.4948235294117646,3.234552032121702,240.1,4.587447058823529,0.0,11.6,21.111877236311535,20.111877236311535,343.44597439914037,113.796,229.64997439914038,0.08978026202918445,5.481055503227208,Galeria,Galeria__CPT6
Galeria,CPT6,17.0,18.0,17.5,4.9,Tertiary,SCPT,4.89721568627451,0.1617274509803921,0.7871960784313721,3.302436758782501,283.1,5.133374509803922,0.0,12.6,21.31471421984297,20.31471421984297,368.107498847252,123.60600000000001,244.50149884725198,0.13925559195436363,5.6458001921178536,Galeria,Galeria__CPT6
Galeria,CPT6,18.0,19.0,18.5,4.9,Tertiary,SCPT,6.466411764705883,0.1858807843137254,1.4332352941176474,2.8745584271059794,344.4,6.896382352941178,0.0,13.6,21.59982854118997,20.59982854118997,394.69682801201446,133.416,261.28082801201447,0.1999203574417434,5.841803772553575,Galeria,Galeria__CPT6
