row_id,project,group_project,group_cpt,geo_age,test_method,z_mid_m,vs_meas_mps,fold,empirical,rf,et,base_stack,specialist_stack
447,Bacso,Bacso,Bacso__SCPTu1,Quaternary,SCPT,2.25,87.8,2.0,200.95995174722165,212.93024287883458,220.1005147679036,218.7390370063594,248.62674235395278
448,Bacso,Bacso,Bacso__SCPTu1,Quaternary,SCPT,4.5,349.0,2.0,267.70097983375206,293.85145527118146,314.74680846210083,311.1387423166849,337.9079038846348
449,Bacso,Bacso,Bacso__SCPTu1,Quaternary,SCPT,5.9,231.4,2.0,251.10294172732435,270.86994210936143,305.00810732282065,300.2692614608696,329.26118229961185
450,Bacso,Bacso,Bacso__SCPTu1,Quaternary,SCPT,7.4,271.3,2.0,248.8377740938516,267.2786897124394,278.82597641869876,276.6584507541209,286.0405876729648
451,Bacso,Bacso,Bacso__SCPTu1,Quaternary,SCPT,9.5,278.0,2.0,272.96515720572984,265.289445026594,268.1029926771916,268.2025204894166,288.70616627352314
452,Bacso,Bacso,Bacso__SCPTu1,Quaternary,SCPT,11.15,358.7,2.0,282.15252319277533,269.70238770006216,273.9281608472225,274.12045876533915,275.6695535255039
453,Bacso,Bacso,Bacso__SCPTu1,Tertiary,SCPT,12.3,351.5,2.0,293.75423545432426,285.71918395693945,287.0459600073646,287.3111443026665,281.50776572528474
454,Bacso,Bacso,Bacso__SCPTu1,Tertiary,SCPT,13.4,365.6,2.0,296.6634303194297,285.9437915452336,281.90154346133767,282.8231419421092,290.01414923255896
455,Bacso,Bacso,Bacso__SCPTu1,Tertiary,SCPT,14.5,455.0,2.0,317.32706285713203,305.0764407112063,304.1059822201314,304.8023115358289,315.4875104415881
456,Bacso,Bacso,Bacso__SCPTu1,Tertiary,SCPT,15.5,365.6,2.0,320.36750987338723,324.1920360428348,317.17685635800024,317.68293155035474,312.44857228804057
457,Bacso,Bacso,Bacso__SCPTu1,Tertiary,SCPT,16.5,282.0,2.0,329.2742669039969,328.13567067322805,320.1524263712264,320.99752185965815,324.32192829416556
458,Bacso,Bacso,Bacso__SCPTu1,Tertiary,SCPT,17.5,270.0,2.0,334.2419575231,330.64554512687977,324.92238195129556,325.6663206563226,327.19036534504426
459,Bacso,Bacso,Bacso__SCPTu1,Tertiary,SCPT,18.5,320.0,2.0,332.5238051315941,329.22432639556945,319.06055531451585,320.22227456519784,317.41262886792435
460,Bacso,Bacso,Bacso__SCPTu1,Tertiary,SCPT,19.5,482.9,2.0,342.7564271751862,339.2050711667002,334.080277094786,334.7635391882312,333.20012454564716
461,Bacso,Bacso,Bacso__SCPTu1,Tertiary,SCPT,20.5,470.0,2.0,372.06939651206335,340.7614778101076,334.3412033771499,336.45317680042234,322.1193513474042
462,Bacso,Bacso,Bacso__SCPTu1,Tertiary,SCPT,21.54,440.2,2.0,363.7122011088769,354.62728016486494,342.18821335095816,343.8468437186499,325.5134092139465
463,Bacso,Bacso,Bacso__SCPTu2,Quaternary,SCPT,1.5,62.3,2.0,169.7762370958257,165.08715161334456,176.43839868098325,175.51462306077215,184.41223708133214
464,Bacso,Bacso,Bacso__SCPTu2,Quaternary,SCPT,2.75,260.0,2.0,226.71759067162787,220.63472276785058,250.41593661888103,247.60175675191965,286.0384667881013
465,Bacso,Bacso,Bacso__SCPTu2,Quaternary,SCPT,3.9,318.6,2.0,258.9953809495423,292.12021117832967,315.91389200494393,311.56920979325594,346.79953003308464
466,Bacso,Bacso,Bacso__SCPTu2,Quaternary,SCPT,4.65,282.0,2.0,262.8659789232765,303.1351293126166,332.63412302879414,327.21910433494435,348.48779795806746
467,Bacso,Bacso,Bacso__SCPTu2,Quaternary,SCPT,5.85,230.0,2.0,256.2849888632543,276.20967058979704,307.0798298683104,302.7082550830906,320.177750660241
468,Bacso,Bacso,Bacso__SCPTu2,Quaternary,SCPT,7.25,260.0,2.0,255.45986032761945,265.91861076261887,273.6006772878846,272.27578666957936,281.66529262722946
469,Bacso,Bacso,Bacso__SCPTu2,Quaternary,SCPT,8.15,280.0,2.0,253.831355502866,263.30463417554904,268.0842805415408,267.11261741921646,271.3475112714408
470,Bacso,Bacso,Bacso__SCPTu2,Quaternary,SCPT,9.1,303.3,2.0,257.7208778351643,264.07959182809714,268.6733697136101,267.88375761254724,283.865361004576
471,Bacso,Bacso,Bacso__SCPTu2,Quaternary,SCPT,9.95,390.0,2.0,266.24758461776935,265.9180904026622,268.3849011480081,268.15379622229904,277.30975303960685
472,Bacso,Bacso,Bacso__SCPTu2,Quaternary,SCPT,10.85,423.9,2.0,276.88053784254987,266.41455414366715,273.555519624987,273.35904762431744,290.5948659522792
473,Bacso,Bacso,Bacso__SCPTu2,Quaternary,SCPT,11.75,391.7,2.0,296.3209973237594,293.7022591704843,291.5680210376181,291.9102776059196,299.87113266474375
474,Bacso,Bacso,Bacso__SCPTu2,Tertiary,SCPT,12.5,350.0,2.0,290.3702728466962,285.32946181767966,285.62728926833375,285.8476768257357,278.15044380654643
475,Bacso,Bacso,Bacso__SCPTu2,Tertiary,SCPT,13.5,355.0,2.0,309.70259573245477,290.8807947793289,285.7255000670979,287.1356363210857,278.72356732118214
476,Bacso,Bacso,Bacso__SCPTu2,Tertiary,SCPT,14.5,422.0,2.0,319.3632816276774,299.8982587293128,301.4388741846766,302.23327662261005,304.8573851029092
477,Bacso,Bacso,Bacso__SCPTu2,Tertiary,SCPT,15.66,380.0,2.0,323.0344883290539,320.1398642183374,318.4155880713366,318.7310114192675,314.68991204367677
95,Balazs Bela u,Balazs Bela u,Balazs Bela u__CPT1,Quaternary,MASW,1.5,160.22927084196056,4.0,154.28171481084078,170.56637282040694,173.1169025429047,163.0357642146505,163.0357642146505
96,Balazs Bela u,Balazs Bela u,Balazs Bela u__CPT1,Quaternary,MASW,2.5,225.09300694348687,4.0,193.10830880370523,195.31032556549224,194.88757224768887,194.31632771337047,194.31632771337047
97,Balazs Bela u,Balazs Bela u,Balazs Bela u__CPT1,Quaternary,MASW,3.5,240.09620888267037,4.0,200.4376030277078,213.30176080175661,216.47147427050436,207.4137686303308,207.4137686303308
98,Balazs Bela u,Balazs Bela u,Balazs Bela u__CPT1,Quaternary,MASW,4.5,207.03853585650089,4.0,241.70554690529428,256.29870866062134,251.3433359280094,249.62582180242447,249.62582180242447
99,Balazs Bela u,Balazs Bela u,Balazs Bela u__CPT1,Quaternary,MASW,5.5,191.0690633873746,4.0,233.04206489077953,242.71904691243208,245.00855334779007,238.3156515255901,238.3156515255901
100,Balazs Bela u,Balazs Bela u,Balazs Bela u__CPT1,Quaternary,MASW,6.5,179.8770125717389,4.0,233.40624098281214,239.8777477925821,248.82714651545865,236.94365770410062,236.94365770410062
101,Balazs Bela u,Balazs Bela u,Balazs Bela u__CPT1,Quaternary,MASW,7.5,179.09335493620526,4.0,239.88013754048566,237.8950708883719,243.29412134014484,238.7863098794548,238.7863098794548
102,Balazs Bela u,Balazs Bela u,Balazs Bela u__CPT1,Quaternary,MASW,8.4,202.76392077368945,4.0,243.13338347574552,245.52119415567014,249.32585230518143,244.4437910227865,244.4437910227865
103,Balazs Bela u,Balazs Bela u,Balazs Bela u__CPT1,Quaternary,MASW,9.5,274.80579295238493,4.0,277.86498859817635,277.2826088456216,276.3571457196315,277.54452852994876,277.54452852994876
104,Balazs Bela u,Balazs Bela u,Balazs Bela u__CPT1,Tertiary,MASW,10.6,284.31066554681274,4.0,290.93220243245213,268.14657140886095,277.5959466293312,278.1704827412613,277.496652291765
105,Balazs Bela u,Balazs Bela u,Balazs Bela u__CPT1,Tertiary,MASW,11.5,287.2940421350688,4.0,295.880351508288,281.6928817152713,290.6563703053217,287.9910469498486,287.14332509757656
106,Balazs Bela u,Balazs Bela u,Balazs Bela u__CPT1,Tertiary,MASW,12.5,305.5982001643207,4.0,313.4818681308707,310.6573134469796,309.6848591212477,311.9251998271216,311.8279397188764
107,Balazs Bela u,Balazs Bela u,Balazs Bela u__CPT1,Tertiary,MASW,13.4,323.77912492398366,4.0,348.3322417381413,327.4073999592833,329.22261874183727,336.66333688076656,336.124294498367
108,Balazs Bela u,Balazs Bela u,Balazs Bela u__CPT1,Tertiary,MASW,14.15,286.7956655723814,4.0,343.4169301511629,329.03733282760663,323.04685261367496,335.4320934294,335.05794722578656
109,Balazs Bela u,Balazs Bela u,Balazs Bela u__CPT1,Tertiary,MASW,14.745,281.62953012015385,4.0,346.27850841547416,337.0294389596373,339.9624710541834,341.1605475359926,341.026272554852
110,Balazs Bela u,Balazs Bela u,Balazs Bela u__CPT3,Quaternary,MASW,1.5,181.2593016532936,4.0,164.5099379274302,171.630392498856,172.04625317546132,168.38882633897697,168.38882633897697
111,Balazs Bela u,Balazs Bela u,Balazs Bela u__CPT3,Quaternary,MASW,2.5,213.7389977658518,4.0,183.94316921656414,182.28571469823177,183.13146047656542,183.02971295544222,183.02971295544222
112,Balazs Bela u,Balazs Bela u,Balazs Bela u__CPT3,Quaternary,MASW,3.5,242.16945631577872,4.0,204.47980388762565,210.26985318811646,210.8012046304038,207.64431501708052,207.64431501708052
113,Balazs Bela u,Balazs Bela u,Balazs Bela u__CPT3,Quaternary,MASW,4.5,183.9976083561228,4.0,230.5068033307597,246.27210273309555,247.2639598455482,239.04851864588557,239.04851864588557
114,Balazs Bela u,Balazs Bela u,Balazs Bela u__CPT3,Quaternary,MASW,5.5,196.25096508768468,4.0,237.74837954069758,246.6625302007701,249.47310895544987,242.61053449541257,242.61053449541257
115,Balazs Bela u,Balazs Bela u,Balazs Bela u__CPT3,Quaternary,MASW,6.5,181.47621716786065,4.0,228.88200309830296,234.78322313563447,239.32949105704452,232.10907655073214,232.10907655073214
116,Balazs Bela u,Balazs Bela u,Balazs Bela u__CPT3,Quaternary,MASW,7.5,195.9799207328963,4.0,252.02495297836484,249.80998480558245,249.38394099833567,250.80430119566674,250.80430119566674
117,Balazs Bela u,Balazs Bela u,Balazs Bela u__CPT3,Quaternary,MASW,8.4,204.43626559443783,4.0,247.02027890049393,243.69120942225388,248.00509329647792,245.1837021072812,245.1837021072812
118,Balazs Bela u,Balazs Bela u,Balazs Bela u__CPT3,Quaternary,MASW,9.5,257.70007980133306,4.0,264.6888165881151,263.2497127278323,266.0566784968727,263.8963386477475,263.8963386477475
119,Balazs Bela u,Balazs Bela u,Balazs Bela u__CPT3,Tertiary,MASW,10.6,293.3543261321456,4.0,285.517054020796,281.13161397612254,282.7846160663268,283.0966638746349,282.37243056866487
120,Balazs Bela u,Balazs Bela u,Balazs Bela u__CPT3,Tertiary,MASW,11.5,297.0572278925097,4.0,294.36111588680984,293.5438043913098,294.6593053146938,293.91131335904583,293.20488737619746
121,Balazs Bela u,Balazs Bela u,Balazs Bela u__CPT3,Tertiary,MASW,12.5,320.18378589781827,4.0,317.70250195960665,316.20083893581375,314.4679612945698,316.8757069301327,316.75196933384876
122,Balazs Bela u,Balazs Bela u,Balazs Bela u__CPT3,Tertiary,MASW,13.4,299.2427491507408,4.0,329.20560959107786,318.05315738867415,313.7417403608791,323.0242250783787,322.6774172483712
123,Balazs Bela u,Balazs Bela u,Balazs Bela u__CPT3,Tertiary,MASW,14.15,295.38867195232734,4.0,355.8106733020577,329.39618593479685,336.3179726158084,341.0309136832074,340.4493965961428
124,Balazs Bela u,Balazs Bela u,Balazs Bela u__CPT3,Tertiary,MASW,14.745,284.7713855793395,4.0,353.4558374391666,331.4390276858053,343.80926025953244,341.1715643168774,340.8405785190763
125,Balazs Bela u,Balazs Bela u,Balazs Bela u__CPT5,Quaternary,MASW,1.5,225.344560762992,4.0,196.5403744625079,188.68372531927196,180.4084367341739,192.17958174519956,192.17958174519956
126,Balazs Bela u,Balazs Bela u,Balazs Bela u__CPT5,Quaternary,MASW,2.3,218.7736372966365,4.0,197.7072025171394,192.92524237046976,187.49569908985734,195.06264145875218,195.06264145875218
127,Balazs Bela u,Balazs Bela u,Balazs Bela u__CPT5,Quaternary,MASW,3.05,238.47002457839076,4.0,209.8227426250569,218.81949897624568,215.20408308772681,214.72418468056333,214.72418468056333
128,Balazs Bela u,Balazs Bela u,Balazs Bela u__CPT5,Quaternary,MASW,3.55,172.9944254712481,4.0,165.60248766710453,198.74360853050015,206.0711010125778,183.08017943329904,183.08017943329904
129,Balazs Bela u,Balazs Bela u,Balazs Bela u__CPT5,Quaternary,MASW,4.0,208.06999100282263,4.0,213.43931428618623,232.67080015689368,232.4231291485143,223.81104937990406,223.81104937990406
130,Balazs Bela u,Balazs Bela u,Balazs Bela u__CPT5,Quaternary,MASW,4.7,192.08137490019047,4.0,234.06270053578925,246.90221229801475,246.65127162753816,241.03950949052913,241.03950949052913
131,Balazs Bela u,Balazs Bela u,Balazs Bela u__CPT5,Quaternary,MASW,5.7,192.82835352083657,4.0,239.17170791055696,244.94850704174993,247.87411077843748,242.33187934973284,242.33187934973284
132,Balazs Bela u,Balazs Bela u,Balazs Bela u__CPT5,Quaternary,MASW,6.6,192.23263736765307,4.0,243.2153730472267,244.21223470128044,246.43399340929003,243.76314233641924,243.76314233641924
133,Balazs Bela u,Balazs Bela u,Balazs Bela u__CPT5,Quaternary,MASW,8.0,194.1878028074128,4.0,248.04070242856508,247.28384510915063,248.26122937656953,247.62414468846364,247.62414468846364
134,Balazs Bela u,Balazs Bela u,Balazs Bela u__CPT5,Tertiary,MASW,9.6,256.0695961005619,4.0,253.16228306215322,254.39835626599535,259.87833508060527,253.84137822943555,253.8758811335677
135,Balazs Bela u,Balazs Bela u,Balazs Bela u__CPT5,Tertiary,MASW,10.8,282.3878377195648,4.0,279.6123041051437,269.11186082180006,276.7063373424836,273.7873554068628,273.23380351241457
136,Balazs Bela u,Balazs Bela u,Balazs Bela u__CPT5,Tertiary,MASW,12.95,301.7575919193504,4.0,330.04852512783776,310.1286234201297,322.7380242201279,318.93929261680717,318.5023151826152
137,Balazs Bela u,Balazs Bela u,Balazs Bela u__CPT7,Quaternary,MASW,1.55,218.61843680273475,4.0,207.7770867427783,199.83567518853943,193.97123948673018,203.37103831133584,203.37103831133584
138,Balazs Bela u,Balazs Bela u,Balazs Bela u__CPT7,Quaternary,MASW,2.5,243.5136525721244,4.0,222.70912973306645,224.18148578866297,215.24471436825206,223.51772482486382,223.51772482486382
139,Balazs Bela u,Balazs Bela u,Balazs Bela u__CPT7,Quaternary,MASW,3.25,173.9745978721373,4.0,176.51632615429224,198.6503783319018,203.3240502162342,188.36593429036614,188.36593429036614
140,Balazs Bela u,Balazs Bela u,Balazs Bela u__CPT7,Quaternary,MASW,3.9,217.03384928200185,4.0,224.52495670013732,250.1466412938372,248.9029179861716,238.27372339400728,238.27372339400728
141,Balazs Bela u,Balazs Bela u,Balazs Bela u__CPT7,Quaternary,MASW,4.85,203.1240160584304,4.0,248.42830138587382,256.44594534153134,255.41767014763766,252.80647419133572,252.80647419133572
142,Balazs Bela u,Balazs Bela u,Balazs Bela u__CPT7,Quaternary,MASW,6.25,184.60127439809037,4.0,237.16980611251216,239.54018460329405,245.23916818838438,238.47059664707285,238.47059664707285
143,Balazs Bela u,Balazs Bela u,Balazs Bela u__CPT7,Quaternary,MASW,7.35,165.4915602191897,4.0,225.04749383777826,228.62397857422744,233.91165301120867,227.00758025087086,227.00758025087086
144,Balazs Bela u,Balazs Bela u,Balazs Bela u__CPT7,Quaternary,MASW,7.85,192.86192210827696,4.0,253.2870784825714,247.92650661613837,251.36910675225369,250.32457886214135,250.32457886214135
145,Balazs Bela u,Balazs Bela u,Balazs Bela u__CPT7,Quaternary,MASW,9.0,247.33548914468648,4.0,254.1947676054201,251.58540001408704,258.33970518017844,252.7562841424788,252.7562841424788
146,Balazs Bela u,Balazs Bela u,Balazs Bela u__CPT7,Tertiary,MASW,10.75,273.0212382878847,4.0,275.628953157007,271.3608875175298,275.47640372410797,273.2732765891153,273.07718870123983
147,Balazs Bela u,Balazs Bela u,Balazs Bela u__CPT7,Tertiary,MASW,12.25,316.70687811949347,4.0,312.364432264518,314.569440443237,310.9385622469088,313.5752670947582,313.53973996524815
148,Balazs Bela u,Balazs Bela u,Balazs Bela u__CPT7,Tertiary,MASW,13.5,335.72412127806666,4.0,357.93758382802594,328.7007143833078,338.58480850426224,341.5494909185245,341.01625479049744
149,Balazs Bela u,Balazs Bela u,Balazs Bela u__CPT7,Tertiary,MASW,14.5,276.8066629898324,4.0,349.2145591683706,332.80718437717115,335.33992628681045,340.09287607041927,339.68710753530223
996,Budapart,Budapart,Budapart__BOC.CPT2,Quaternary,MASW,1.35,314.9245011606354,2.0,179.53821378551794,176.69097684346818,179.13009889673452,179.0277166762502,179.0277166762502
997,Budapart,Budapart,Budapart__BOC.CPT2,Quaternary,MASW,2.35,242.44163571454845,2.0,199.05595889341592,213.69696695549555,213.13979306643282,212.4402299686326,212.4402299686326
998,Budapart,Budapart,Budapart__BOC.CPT2,Quaternary,MASW,3.5,157.9886140542735,2.0,243.1734413581565,239.55295319483866,233.4099165685191,234.1926476673226,234.1926476673226
999,Budapart,Budapart,Budapart__BOC.CPT2,Quaternary,MASW,4.5,176.10766844413888,2.0,275.1845956744846,299.4828875873101,276.2414960339401,277.3063612549382,277.3063612549382
1000,Budapart,Budapart,Budapart__BOC.CPT2,Quaternary,MASW,5.8,197.17858473558465,2.0,294.24944464906525,280.83811488816485,280.9903617835812,281.6312651873187,281.6312651873187
1001,Budapart,Budapart,Budapart__BOC.CPT2,Quaternary,MASW,7.1,239.2957443400448,2.0,278.7443100838618,279.71385664050365,275.32761937811784,275.7152585107836,275.7152585107836
1002,Budapart,Budapart,Budapart__BOC.CPT2,Quaternary,MASW,8.1,248.33418668783227,2.0,248.319440720344,253.80900994229128,255.2300840187205,254.80888350909714,254.80888350909714
1003,Budapart,Budapart,Budapart__BOC.CPT2,Quaternary,MASW,9.3,252.3328671626296,2.0,250.74474100620344,260.10382635928426,258.77188120243443,258.4308187189887,258.4308187189887
1004,Budapart,Budapart,Budapart__BOC.CPT2,Quaternary,MASW,10.5,274.25358161893274,2.0,272.43132823891966,264.2132249689025,264.9320203481242,265.26599854683036,265.26599854683036
1005,Budapart,Budapart,Budapart__BOC.CPT2,Quaternary,MASW,11.5,275.4542892028961,2.0,275.2847528617688,268.8800769848956,267.1468399067737,267.6344875823426,267.6344875823426
1006,Budapart,Budapart,Budapart__BOC.CPT2,Quaternary,MASW,12.65,294.5715165515109,2.0,299.05016904818416,287.4147079515523,288.37168725293765,288.8484282372552,288.8484282372552
1007,Budapart,Budapart,Budapart__BOC.CPT2,Quaternary,MASW,14.0,264.56409767953005,2.0,271.4547631215615,270.0918678339167,277.90673801824533,277.184931830536,277.184931830536
1008,Budapart,Budapart,Budapart__BOC.CPT2,Quaternary,MASW,15.2,467.4323088011077,2.0,309.01659159023075,302.0296364029136,302.56438318254624,302.85698228684345,302.85698228684345
1009,Budapart,Budapart,Budapart__BOC.CPT2,Quaternary,MASW,16.2,487.9315323651389,2.0,291.4850954029279,296.2159669271911,301.9826982705939,301.1584796688458,301.1584796688458
1010,Budapart,Budapart,Budapart__BOC.CPT2,Quaternary,MASW,17.085,534.8024694985974,2.0,334.19982842291654,324.60496696531385,329.2944112580133,329.30171548782147,329.30171548782147
1011,Budapart,Budapart,Budapart__BOG.CPT1,Quaternary,MASW,1.45,198.6866581464849,2.0,219.20500229480626,223.7085122809553,226.5705181347229,226.0527041084154,226.0527041084154
1012,Budapart,Budapart,Budapart__BOG.CPT1,Quaternary,MASW,2.45,174.2077326855875,2.0,196.97841563061934,193.07671582220118,192.11701600369489,192.4051429135964,192.4051429135964
1013,Budapart,Budapart,Budapart__BOG.CPT1,Quaternary,MASW,3.5,218.74548124871887,2.0,232.55475558950894,221.7691125783429,221.3069356972321,221.87932525856098,221.87932525856098
1014,Budapart,Budapart,Budapart__BOG.CPT1,Quaternary,MASW,4.5,224.91616831893225,2.0,243.5660726293219,234.34030905490553,238.01632059431373,238.10540453679118,238.10540453679118
1015,Budapart,Budapart,Budapart__BOG.CPT1,Quaternary,MASW,5.5,262.04744823605785,2.0,248.187992824312,251.21729491405523,236.40206697249,237.69916580809073,237.69916580809073
1016,Budapart,Budapart,Budapart__BOG.CPT1,Quaternary,MASW,6.5,278.80618079788064,2.0,264.5665000427749,272.02370889538855,268.0679174589197,268.08803834194583,268.08803834194583
1017,Budapart,Budapart,Budapart__BOG.CPT1,Quaternary,MASW,7.35,226.6397771054856,2.0,221.8948640696785,239.7221833760958,237.52599183248705,236.82786506496885,236.82786506496885
1018,Budapart,Budapart,Budapart__BOG.CPT1,Quaternary,MASW,8.35,250.3457724284192,2.0,246.24092079083673,248.06486356301534,254.05409060768284,253.35521425703567,253.35521425703567
1019,Budapart,Budapart,Budapart__BOG.CPT1,Quaternary,MASW,9.5,247.64418117211255,2.0,253.7246822713156,259.54776409820954,258.4713567611963,258.2855921323827,258.2855921323827
1020,Budapart,Budapart,Budapart__BOG.CPT1,Quaternary,MASW,10.5,282.2871895712367,2.0,270.1006774251076,264.60781722024643,262.8882190995746,263.33005454937154,263.33005454937154
1021,Budapart,Budapart,Budapart__BOG.CPT1,Quaternary,MASW,11.5,262.47852224854205,2.0,273.5675695061474,265.28480629795405,265.6712961095732,266.04127500779447,266.04127500779447
1022,Budapart,Budapart,Budapart__BOG.CPT1,Quaternary,MASW,12.5,383.3651304293964,2.0,276.55462800519405,269.03919843550625,280.98155785440633,280.1495047060681,280.1495047060681
1023,Budapart,Budapart,Budapart__BOG.CPT1,Quaternary,MASW,13.5,524.1579625234431,2.0,360.93814599731127,372.28933804548194,364.834719421637,365.00785797090606,423.1825726970394
1024,Budapart,Budapart,Budapart__BOG.CPT1,Quaternary,MASW,14.89,550.1775271810608,2.0,373.05625485248567,394.6191199394549,398.5602931908133,397.0473019281237,432.8687962092804
1025,Budapart,Budapart,Budapart__BOG.CPT2,Quaternary,MASW,1.75,156.09949847531516,2.0,212.02265890263814,210.94252507332317,210.41428884567898,210.52080721962665,210.52080721962665
1026,Budapart,Budapart,Budapart__BOG.CPT2,Quaternary,MASW,3.35,199.45797632533723,2.0,246.988701637479,252.3038784576006,245.20312603802807,245.64246850225817,245.64246850225817
1027,Budapart,Budapart,Budapart__BOG.CPT2,Quaternary,MASW,4.7,245.37338826516856,2.0,276.0310494737946,301.31602942955766,280.1789793129792,280.99008945494,280.99008945494
1028,Budapart,Budapart,Budapart__BOG.CPT2,Quaternary,MASW,5.6,236.69771399156156,2.0,237.59994180276252,239.72788847355557,240.0730547561616,239.93152878023025,239.93152878023025
1029,Budapart,Budapart,Budapart__BOG.CPT2,Quaternary,MASW,6.5,232.24896776381445,2.0,229.40972098613534,237.15861230963822,239.13753258220402,238.54235657308263,238.54235657308263
1030,Budapart,Budapart,Budapart__BOG.CPT2,Quaternary,MASW,7.5,250.35437496561337,2.0,246.31251829395404,253.36489853245672,250.37115099994566,250.31536230200268,250.31536230200268
1031,Budapart,Budapart,Budapart__BOG.CPT2,Quaternary,MASW,8.5,304.3331535968106,2.0,294.1037759764822,288.9578683457479,285.2638295853665,285.883304633779,285.883304633779
1032,Budapart,Budapart,Budapart__BOG.CPT2,Quaternary,MASW,9.5,285.5003637808965,2.0,277.0643047680563,270.2721152945891,279.489220233416,278.8994428740386,278.8994428740386
1033,Budapart,Budapart,Budapart__BOG.CPT2,Quaternary,MASW,10.5,272.75596422944125,2.0,263.8079371735183,267.0265658941987,266.89328754365545,266.7448249697674,266.7448249697674
1034,Budapart,Budapart,Budapart__BOG.CPT2,Quaternary,MASW,11.95,412.2267261117577,2.0,308.1059418616753,295.1237093696923,295.03002454508714,295.6751341985793,295.6751341985793
1035,Budapart,Budapart,Budapart__BOG.CPT3,Quaternary,MASW,1.6,190.75126081678476,2.0,217.2195994220453,224.23357153767157,226.57970942460483,225.9846267828467,225.9846267828467
1036,Budapart,Budapart,Budapart__BOG.CPT3,Quaternary,MASW,2.6,166.76722098028122,2.0,197.4200362685525,184.51165663202283,188.6400807948433,188.860583943739,188.860583943739
1037,Budapart,Budapart,Budapart__BOG.CPT3,Quaternary,MASW,4.0,215.41747286501064,2.0,234.229174210799,234.84962897876653,229.93297621297958,230.38949775044,230.38949775044
1038,Budapart,Budapart,Budapart__BOG.CPT3,Quaternary,MASW,5.4,260.93714504043294,2.0,264.400214915582,275.34953945813277,275.7135158356664,275.118350262818,275.118350262818
1039,Budapart,Budapart,Budapart__BOG.CPT3,Quaternary,MASW,6.5,269.6562030046544,2.0,268.63622841415713,271.397716416234,276.5619718416709,275.900034777819,275.900034777819
1040,Budapart,Budapart,Budapart__BOG.CPT3,Quaternary,MASW,7.75,239.9973595537022,2.0,238.586401771355,251.3553213411751,250.85536831774087,250.25211005608472,250.25211005608472
1041,Budapart,Budapart,Budapart__BOG.CPT3,Quaternary,MASW,9.25,264.3478893337697,2.0,258.6375319789058,257.95973809124916,260.3620141108187,260.15491424028664,260.15491424028664
1042,Budapart,Budapart,Budapart__BOG.CPT3,Quaternary,MASW,10.5,260.10595577818225,2.0,256.7272153785593,260.2094611176976,260.56946781179727,260.3579977795356,260.3579977795356
1043,Budapart,Budapart,Budapart__BOG.CPT3,Quaternary,MASW,11.6,302.93970271584345,2.0,262.87016113068336,262.75629530403,266.00263254794777,265.6819574482599,265.6819574482599
1044,Budapart,Budapart,Budapart__BOG.CPT3,Quaternary,MASW,12.6,456.07858192523423,2.0,276.0720570273971,271.303053258998,273.0027149534505,273.0700853411027,273.0700853411027
1045,Budapart,Budapart,Budapart__BOG.CPT3,Quaternary,MASW,13.675,482.60330611425417,2.0,302.7782519782195,275.40751187498546,283.63394480677874,284.14329192299,284.14329192299
1046,Budapart,Budapart,Budapart__BOIJ.CPT1,Quaternary,MASW,1.5,182.62077604901256,2.0,195.3543778104316,176.4566439378226,185.95290746500677,185.9241197406632,185.9241197406632
1047,Budapart,Budapart,Budapart__BOIJ.CPT1,Quaternary,MASW,2.5,186.1021412498908,2.0,238.02280283182264,227.07157453475466,219.43196877251853,220.70337605279866,220.70337605279866
1048,Budapart,Budapart,Budapart__BOIJ.CPT1,Quaternary,MASW,3.5,176.45878234349587,2.0,221.06560138253963,228.14170907188628,224.0788834537495,224.12852429444595,224.12852429444595
1049,Budapart,Budapart,Budapart__BOIJ.CPT1,Quaternary,MASW,4.5,195.90551345445684,2.0,233.4360070280897,235.24642606154669,231.2191016175507,231.52925935760757,231.52925935760757
1050,Budapart,Budapart,Budapart__BOIJ.CPT1,Quaternary,MASW,5.5,210.2692476943019,2.0,242.1838773567962,249.02612809733887,239.10403606427255,239.74398704064106,239.74398704064106
1051,Budapart,Budapart,Budapart__BOIJ.CPT1,Quaternary,MASW,6.5,220.7469330930209,2.0,250.10748239584484,249.94674919012292,247.11662031247948,247.4061374232024,247.4061374232024
1052,Budapart,Budapart,Budapart__BOIJ.CPT1,Quaternary,MASW,7.5,208.8482131112298,2.0,244.9456807473766,251.14804210739544,247.42608485269864,247.48615814791486,247.48615814791486
1053,Budapart,Budapart,Budapart__BOIJ.CPT1,Quaternary,MASW,8.5,205.3530384795569,2.0,248.20418257522425,254.45879917713836,257.6264455855451,256.9879298553699,256.9879298553699
1054,Budapart,Budapart,Budapart__BOIJ.CPT1,Quaternary,MASW,9.5,211.8672348045849,2.0,255.20807709978968,262.17153251818485,263.770428590415,263.25552337841305,263.25552337841305
1055,Budapart,Budapart,Budapart__BOIJ.CPT1,Quaternary,MASW,10.865,229.9427091755753,2.0,278.149745931238,266.99712461790574,269.9391841200442,270.19580402906377,270.19580402906377
1056,Budapart,Budapart,Budapart__BOIJ.CPT3,Quaternary,MASW,2.0,178.06189884304365,2.0,193.24545505945267,201.9640791985761,202.0881154554264,201.63033314356454,201.63033314356454
1057,Budapart,Budapart,Budapart__BOIJ.CPT3,Quaternary,MASW,3.15,199.6152481747873,2.0,234.52465766319247,226.4398007188204,221.17316025758527,222.08347525006562,222.08347525006562
1058,Budapart,Budapart,Budapart__BOIJ.CPT3,Quaternary,MASW,4.4,238.65773298569488,2.0,272.9336719651042,285.694112071994,259.25188039104233,261.18464663278615,261.18464663278615
1059,Budapart,Budapart,Budapart__BOIJ.CPT3,Quaternary,MASW,5.9,197.86134262656049,2.0,228.73824138364157,254.2491167539553,245.72292293869003,245.26242444004163,245.26242444004163
1060,Budapart,Budapart,Budapart__BOIJ.CPT3,Quaternary,MASW,7.4,214.1691716756123,2.0,253.2926601615146,248.12140574055402,248.46198318624084,248.68425785299658,248.68425785299658
1061,Budapart,Budapart,Budapart__BOIJ.CPT3,Quaternary,MASW,8.5,204.9323330643595,2.0,255.51447802546716,255.18218564272516,250.95758456272495,251.39323487639396,251.39323487639396
1062,Budapart,Budapart,Budapart__BOIJ.CPT3,Quaternary,MASW,9.5,218.93893794126737,2.0,274.4042856954049,274.3645940288148,273.7944360546187,273.8533792283282,273.8533792283282
1063,Budapart,Budapart,Budapart__BOIJ.CPT3,Quaternary,MASW,10.5,220.9834279376888,2.0,279.7761168979451,270.8666360754527,270.55033583999045,271.0201474658466,271.0201474658466
1064,Budapart,Budapart,Budapart__BOIJ.CPT3,Quaternary,MASW,11.62,268.46,2.0,286.41157607395166,273.62628141527097,277.76348884286784,277.98096703701935,277.98096703701935
1065,Budapart,Budapart,Budapart__BRE.CPT4,Quaternary,MASW,1.7000000000000002,153.52949138327185,2.0,192.1190381474252,198.33427527636724,203.17702233127338,202.36506505450834,202.36506505450834
1066,Budapart,Budapart,Budapart__BRE.CPT4,Quaternary,MASW,2.7,193.96732697418173,2.0,231.9182490560455,232.15004951415037,219.8064741852476,220.99966593558503,220.99966593558503
1067,Budapart,Budapart,Budapart__BRE.CPT4,Quaternary,MASW,4.1,215.077696284564,2.0,266.70030253194545,270.42544913307927,269.2548001168534,269.18488015326074,269.18488015326074
1068,Budapart,Budapart,Budapart__BRE.CPT4,Quaternary,MASW,5.5,238.80464668674344,2.0,241.31050892113103,257.93415752588976,257.4244443117656,256.6191488796478,256.6191488796478
1069,Budapart,Budapart,Budapart__BRE.CPT4,Quaternary,MASW,6.5,245.3354627875698,2.0,244.06517446140356,255.15942645044112,253.7854767568032,253.3587807504988,253.3587807504988
1070,Budapart,Budapart,Budapart__BRE.CPT4,Quaternary,MASW,7.5,247.53147221052092,2.0,240.9362862986993,253.79018068613775,252.64875773038514,252.10665015314564,252.10665015314564
1071,Budapart,Budapart,Budapart__BRE.CPT4,Quaternary,MASW,8.5,272.4027350426088,2.0,263.7606580952606,260.5920222215975,263.2819952910241,263.17073975356794,263.17073975356794
1072,Budapart,Budapart,Budapart__BRE.CPT4,Quaternary,MASW,9.5,254.89844722125025,2.0,245.9613753913409,259.96813762888684,254.85753064516635,254.65785434750416,254.65785434750416
1073,Budapart,Budapart,Budapart__BRE.CPT4,Quaternary,MASW,10.5,272.64323208484603,2.0,264.1904454660298,259.6888307287316,261.27774729531956,261.3428961657277,261.3428961657277
1074,Budapart,Budapart,Budapart__BRE.CPT4,Quaternary,MASW,11.5,280.9149843751927,2.0,267.2821888016553,266.3166629647011,265.4481433915112,265.5829196111118,265.5829196111118
1075,Budapart,Budapart,Budapart__BRE.CPT4,Quaternary,MASW,12.89,473.2222413447456,2.0,286.58849150154026,272.7230015408497,276.4371151855775,276.7487976025192,276.7487976025192
1076,Budapart,Budapart,Budapart__BRF.CPT2,Quaternary,MASW,1.6,183.13755001535216,2.0,222.0983060947854,227.20210413173814,228.5093542114113,228.11900279430273,228.11900279430273
1077,Budapart,Budapart,Budapart__BRF.CPT2,Quaternary,MASW,2.5,178.1407235440785,2.0,214.52860096802453,194.20018266032034,196.4150630072219,197.17146046170745,197.17146046170745
1078,Budapart,Budapart,Budapart__BRF.CPT2,Quaternary,MASW,3.5,203.95888690857916,2.0,236.16278499411084,234.6099502218501,230.66654489728361,231.13411103186863,231.13411103186863
1079,Budapart,Budapart,Budapart__BRF.CPT2,Quaternary,MASW,4.5,212.1688645121086,2.0,252.51686391145992,264.68409174198723,254.15787601760314,254.59163289952653,254.59163289952653
1080,Budapart,Budapart,Budapart__BRF.CPT2,Quaternary,MASW,5.5,278.6857150019483,2.0,284.371408852154,298.99301554143824,281.5759197523071,282.5617091787234,282.5617091787234
1081,Budapart,Budapart,Budapart__BRF.CPT2,Quaternary,MASW,6.75,231.1739523533905,2.0,243.89565513085992,257.2882898548478,251.86365477017043,251.72720582708237,251.72720582708237
1082,Budapart,Budapart,Budapart__BRF.CPT2,Quaternary,MASW,8.0,259.84204481191153,2.0,257.45709849863414,255.67100683834377,258.0759503295199,257.9242042532847,257.9242042532847
1083,Budapart,Budapart,Budapart__BRF.CPT2,Quaternary,MASW,9.0,260.8606967781626,2.0,258.76915939911385,254.75766777335227,256.5241637465482,256.54729592034494,256.54729592034494
1084,Budapart,Budapart,Budapart__BRF.CPT2,Quaternary,MASW,10.0,266.0650563384212,2.0,265.3534284918695,263.77696775022173,262.76721191406267,262.9463425967135,262.9463425967135
1085,Budapart,Budapart,Budapart__BRF.CPT2,Quaternary,MASW,11.0,269.6280434193707,2.0,272.60169932891785,264.27446538663133,267.5947186206036,267.6757153915683,267.6757153915683
1086,Budapart,Budapart,Budapart__BRF.CPT2,Quaternary,MASW,12.0,371.5950423468242,2.0,269.28234111408204,267.0828060490039,270.23405164737085,270.0279725821775,270.0279725821775
1087,Budapart,Budapart,Budapart__BRF.CPT2,Quaternary,MASW,12.925,491.7559209041706,2.0,323.26055881833213,296.9580765964426,298.41039778685456,299.53318845306285,299.53318845306285
1088,Budapart,Budapart,Budapart__BRG.CPT1,Quaternary,MASW,2.1,181.80561628891536,2.0,209.57336888915125,205.82225537689035,205.60110451840484,205.80898008529948,205.80898008529948
1089,Budapart,Budapart,Budapart__BRG.CPT1,Quaternary,MASW,3.15,190.555474102631,2.0,227.40933549498757,222.81011059362976,216.10564589205913,216.9884717465196,216.9884717465196
1090,Budapart,Budapart,Budapart__BRG.CPT1,Quaternary,MASW,4.4,222.7778845225797,2.0,257.73439083599135,271.3898830712531,243.34533843443924,245.3799250312591,245.3799250312591
1091,Budapart,Budapart,Budapart__BRG.CPT1,Quaternary,MASW,5.5,217.6915332265952,2.0,238.73843109694454,255.02569125390096,247.69641801458152,247.60138350950885,247.60138350950885
1092,Budapart,Budapart,Budapart__BRG.CPT1,Quaternary,MASW,6.5,225.5612163020003,2.0,240.406011413562,240.6443133737964,239.53186523870838,239.63100714287606,239.63100714287606
1093,Budapart,Budapart,Budapart__BRG.CPT1,Quaternary,MASW,7.5,218.69912924404144,2.0,244.41715654534383,248.3354844377753,247.3381075853141,247.24097844702075,247.24097844702075
1094,Budapart,Budapart,Budapart__BRG.CPT1,Quaternary,MASW,8.5,210.47264817800425,2.0,244.62630406061524,252.50722872915267,253.00554223441856,252.55494696195345,252.55494696195345
1095,Budapart,Budapart,Budapart__BRG.CPT1,Quaternary,MASW,9.5,218.6399431603297,2.0,255.6000954600319,256.47598564263063,258.8107233378756,258.53207140951065,258.53207140951065
1096,Budapart,Budapart,Budapart__BRG.CPT1,Quaternary,MASW,10.5,222.56821807043863,2.0,259.5698589648364,262.6990652928482,261.1067473002287,261.10904996670365,261.10904996670365
1097,Budapart,Budapart,Budapart__BRG.CPT1,Quaternary,MASW,11.64,269.0433266736204,2.0,331.6693369341676,297.53227127952715,308.1697050390076,308.76134096370293,308.76134096370293
1098,Budapart,Budapart,Budapart__BRK.CPT1,Quaternary,MASW,1.4,187.3100343454764,2.0,195.2209618477157,195.75443016614224,204.03523822701067,203.1639106487162,203.1639106487162
1099,Budapart,Budapart,Budapart__BRK.CPT1,Quaternary,MASW,2.4,222.34084520729309,2.0,220.7648188537325,216.4392372844305,207.13243983835363,208.25076322294856,208.25076322294856
1100,Budapart,Budapart,Budapart__BRK.CPT1,Quaternary,MASW,3.5,252.56608898094157,2.0,252.29812964972743,260.33124123045604,254.64441279902152,254.8078201390145,254.8078201390145
1101,Budapart,Budapart,Budapart__BRK.CPT1,Quaternary,MASW,4.5,244.96483679727447,2.0,277.4380115505683,293.42041371734695,281.15477539047083,281.56828288096784,281.56828288096784
1102,Budapart,Budapart,Budapart__BRK.CPT1,Quaternary,MASW,5.8,234.55662684429797,2.0,255.4144126480533,274.3188549349066,278.08455159249735,276.71597365183453,276.71597365183453
1103,Budapart,Budapart,Budapart__BRK.CPT1,Quaternary,MASW,7.1,237.4367692279285,2.0,254.90958117424861,260.37446837404485,258.66191110606474,258.5582868626945,258.5582868626945
1104,Budapart,Budapart,Budapart__BRK.CPT1,Quaternary,MASW,8.1,218.54536943109616,2.0,235.96852962140517,254.98508299694976,252.59514672357574,251.8552131554386,251.8552131554386
1105,Budapart,Budapart,Budapart__BRK.CPT1,Quaternary,MASW,9.3,217.19009684022475,2.0,234.49302691402664,256.62708397336166,254.8529095044487,253.88220263875974,253.88220263875974
1106,Budapart,Budapart,Budapart__BRK.CPT1,Quaternary,MASW,10.5,241.63536774335344,2.0,259.50370928138955,263.3329885192059,264.2041642543504,263.92354410355165,263.92354410355165
1107,Budapart,Budapart,Budapart__BRK.CPT1,Quaternary,MASW,11.5,247.9246741046859,2.0,266.66300741965915,261.18300489381335,264.14423538372273,264.1206806628089,264.1206806628089
1108,Budapart,Budapart,Budapart__BRK.CPT1,Quaternary,MASW,12.8,266.2868371267044,2.0,288.6184287542276,277.6212951529725,282.1793649139792,282.26794939121874,282.26794939121874
1109,Budapart,Budapart,Budapart__BRK.CPT1,Quaternary,MASW,13.85,580.7534828026721,2.0,370.2237351556884,365.93321405299423,362.52604462835774,363.07688083260257,428.8702322992099
1110,Budapart,Budapart,Budapart__BRK.CPT2,Quaternary,MASW,1.4500000000000002,193.20265298831268,2.0,177.25755665272342,183.27877982038925,185.6934732987594,185.14109277197147,185.14109277197147
1111,Budapart,Budapart,Budapart__BRK.CPT2,Quaternary,MASW,2.3,168.6264078169069,2.0,150.4478463228167,177.29249605790272,172.11254783494718,171.21235334111753,171.21235334111753
1112,Budapart,Budapart,Budapart__BRK.CPT2,Quaternary,MASW,3.4,289.08835521167094,2.0,248.92907783003713,243.5216110974799,239.02508716548138,239.7340893839856,239.7340893839856
1113,Budapart,Budapart,Budapart__BRK.CPT2,Quaternary,MASW,4.45,232.40168051966785,2.0,256.7395929307063,259.5847496227961,251.73947397503977,252.37410364606603,252.37410364606603
1114,Budapart,Budapart,Budapart__BRK.CPT2,Quaternary,MASW,5.75,207.0452699782191,2.0,219.53943071848417,244.19242519672574,239.72710720672774,238.89533345325876,238.89533345325876
1115,Budapart,Budapart,Budapart__BRK.CPT2,Quaternary,MASW,7.1,239.6089866214836,2.0,247.1334315552142,254.5810914996479,253.48190800792773,253.21542212466963,253.21542212466963
1116,Budapart,Budapart,Budapart__BRK.CPT2,Quaternary,MASW,8.1,241.2747385799583,2.0,249.7018525772603,255.27991699509505,256.0866345879267,255.7232070035407,255.7232070035407
1117,Budapart,Budapart,Budapart__BRK.CPT2,Quaternary,MASW,9.3,240.69454175504325,2.0,247.06204735072558,256.95713829625527,253.51433435154976,253.35857317952622,253.35857317952622
1118,Budapart,Budapart,Budapart__BRK.CPT2,Quaternary,MASW,10.5,252.18399933673072,2.0,260.0350753125101,258.58127764528626,255.5884413949369,255.95790045502804,255.95790045502804
1119,Budapart,Budapart,Budapart__BRK.CPT2,Quaternary,MASW,11.69,274.8869914812007,2.0,290.7367468491683,283.85157810762854,278.85686093507286,279.68731054350513,279.68731054350513
1120,Budapart,Budapart,Budapart__BRL.CPT1,Quaternary,MASW,1.3,243.2255319206435,2.0,207.5566667199652,193.51583329578426,208.0327418752511,207.25794293380525,207.25794293380525
1121,Budapart,Budapart,Budapart__BRL.CPT1,Quaternary,MASW,2.2,213.2005697862587,2.0,177.59579371689014,177.91654283675274,177.3086612898797,177.35335402586668,177.35335402586668
1122,Budapart,Budapart,Budapart__BRL.CPT1,Quaternary,MASW,3.3,289.73113128281886,2.0,226.49171572073888,220.5049931829512,220.26362088152268,220.58299763671315,220.58299763671315
1123,Budapart,Budapart,Budapart__BRL.CPT1,Quaternary,MASW,4.3,338.56928750348965,2.0,255.39187701599795,269.9982961319912,247.04175653277642,248.55455998980483,248.55455998980483
1124,Budapart,Budapart,Budapart__BRL.CPT1,Quaternary,MASW,5.4,285.5014863130366,2.0,277.16815833094626,293.5402141797704,276.64746563435335,277.4946238356864,277.4946238356864
1125,Budapart,Budapart,Budapart__BRL.CPT1,Quaternary,MASW,6.5,239.2302244442629,2.0,266.3383486102842,270.559231911096,277.01872320952884,276.148706902689,276.148706902689
1126,Budapart,Budapart,Budapart__BRL.CPT1,Quaternary,MASW,7.5,211.1738880050509,2.0,236.06215512781915,253.5757531720982,249.84869019428191,249.32514134981588,249.32514134981588
1127,Budapart,Budapart,Budapart__BRL.CPT1,Quaternary,MASW,8.5,224.1113002582659,2.0,248.74144752115836,257.17390653246736,255.49951877513206,255.24064346088605,255.24064346088605
1128,Budapart,Budapart,Budapart__BRL.CPT1,Quaternary,MASW,9.5,231.07340702137225,2.0,255.96993781266792,259.5137388617929,261.51252951360345,261.13237413093384,261.13237413093384
1129,Budapart,Budapart,Budapart__BRL.CPT1,Quaternary,MASW,10.5,231.81821956276607,2.0,256.00557864464866,261.41071999184487,260.7735914507123,260.5648855384641,260.5648855384641
1130,Budapart,Budapart,Budapart__BRL.CPT1,Quaternary,MASW,11.5,249.69829106615344,2.0,278.97907162974883,269.45676181320766,270.0887683323419,270.49479182046616,270.49479182046616
1131,Budapart,Budapart,Budapart__BRL.CPT1,Quaternary,MASW,12.5,254.4720832517515,2.0,287.8927447947249,272.8327414451407,278.5781140316017,278.7460069843012,278.7460069843012
1132,Budapart,Budapart,Budapart__BRL.CPT1,Quaternary,MASW,13.5,254.0133183260768,2.0,288.9709500313366,272.03247323054825,277.20459883897706,277.51990275795794,277.51990275795794
1133,Budapart,Budapart,Budapart__BRL.CPT1,Quaternary,MASW,14.92,267.7981267304003,2.0,320.9707092583087,315.43466632906916,314.59500843276953,314.9527363580126,314.9527363580126
1134,Budapart,Budapart,Budapart__BRL.CPT2,Quaternary,MASW,1.3,247.0019124481507,2.0,216.33992096450237,218.0841362526763,224.4392809092759,223.70568393574118,223.70568393574118
1135,Budapart,Budapart,Budapart__BRL.CPT2,Quaternary,MASW,2.0,214.60226635596624,2.0,189.2416880807512,190.6506888732621,188.26629595993697,188.43348485828724,188.43348485828724
1136,Budapart,Budapart,Budapart__BRL.CPT2,Quaternary,MASW,2.95,276.37887766946614,2.0,230.70680540340194,220.7054114296899,217.67279651845135,218.45772694836822,218.45772694836822
1137,Budapart,Budapart,Budapart__BRL.CPT2,Quaternary,MASW,4.0,319.1356120031349,2.0,266.1991187812246,279.0031095210543,255.43094765267995,257.09104290275627,257.09104290275627
1138,Budapart,Budapart,Budapart__BRL.CPT2,Quaternary,MASW,5.0,279.98277319772546,2.0,268.4058442314942,288.00204894647595,273.0266324825998,273.52302354273985,273.52302354273985
1139,Budapart,Budapart,Budapart__BRL.CPT2,Quaternary,MASW,6.0,239.579304108149,2.0,263.9964036244424,269.83933579976855,274.0493359838213,273.32606072939944,273.32606072939944
1140,Budapart,Budapart,Budapart__BRL.CPT2,Quaternary,MASW,7.0,221.3203923675362,2.0,246.42557009187405,253.14184162928262,254.2478105621038,253.79553937054717,253.79553937054717
1141,Budapart,Budapart,Budapart__BRL.CPT2,Quaternary,MASW,8.15,226.4721804201633,2.0,249.57155686652834,257.82196631230164,256.9854239275718,256.6512549653146,256.6512549653146
1142,Budapart,Budapart,Budapart__BRL.CPT2,Quaternary,MASW,9.15,224.46344614457132,2.0,246.15638420985601,255.28428278753046,254.28271760129795,253.92000552618046,253.92000552618046
1143,Budapart,Budapart,Budapart__BRL.CPT2,Quaternary,MASW,10.0,223.2821304497248,2.0,246.1479007745871,258.638078254241,259.8929860264894,259.1251300741712,259.1251300741712
1144,Budapart,Budapart,Budapart__BRL.CPT2,Quaternary,MASW,11.0,241.2961957759113,2.0,267.8765965649608,264.4015717758022,263.3693992608826,263.6445038302276,263.6445038302276
1145,Budapart,Budapart,Budapart__BRL.CPT2,Quaternary,MASW,12.0,270.7768319074563,2.0,301.46443583954664,291.6031807665069,290.44839662089106,291.04725132541586,291.04725132541586
1146,Budapart,Budapart,Budapart__BRL.CPT2,Quaternary,MASW,13.0,257.5041066260121,2.0,290.34891539730097,269.948856748667,277.8907364727636,278.09728425594903,278.09728425594903
1147,Budapart,Budapart,Budapart__BRL.CPT2,Quaternary,MASW,14.0,245.48858678688,2.0,279.9327762791741,269.5048715296277,276.835330643754,276.6179652708175,276.6179652708175
1148,Budapart,Budapart,Budapart__BRL.CPT2,Quaternary,MASW,15.0,257.4244137412403,2.0,296.7745448162013,284.1945577634633,290.2641803989823,290.27940309267575,290.27940309267575
1149,Budapart,Budapart,Budapart__BRL.CPT2,Quaternary,MASW,16.2,258.2191124468668,2.0,303.5702935737056,302.7187932263406,307.94560330448604,307.4620650361157,307.4620650361157
1150,Budapart,Budapart,Budapart__BRL.CPT2,Quaternary,MASW,17.18,576.0,2.0,316.0121822360868,307.48765175697235,314.0666631307002,313.83128242821005,313.83128242821005
1151,Budapart,Budapart,Budapart__BRL.CPT3,Quaternary,MASW,1.45,281.3032448201237,2.0,212.9584253287056,212.41895247291237,221.5852153637722,220.6790503868396,220.6790503868396
1152,Budapart,Budapart,Budapart__BRL.CPT3,Quaternary,MASW,2.45,218.07727993031943,2.0,162.65305392248928,173.29999370143466,172.59063124267797,172.11492576945946,172.11492576945946
1153,Budapart,Budapart,Budapart__BRL.CPT3,Quaternary,MASW,3.4,245.3407359744841,2.0,184.964761609451,193.08666108600576,189.20136546237532,189.17942591489944,189.17942591489944
1154,Budapart,Budapart,Budapart__BRL.CPT3,Quaternary,MASW,4.4,345.2535848560474,2.0,237.54538178749158,227.51903195524196,229.97570463414348,230.22473328276462,230.22473328276462
1155,Budapart,Budapart,Budapart__BRL.CPT3,Quaternary,MASW,5.5,219.6144105090756,2.0,239.7328027786911,246.7314591850728,238.28886564762954,238.7761659275927,238.7761659275927
1156,Budapart,Budapart,Budapart__BRL.CPT3,Quaternary,MASW,6.75,257.8681816149979,2.0,282.47198861238695,282.97242288195804,276.7110571554145,277.3063644902067,277.3063644902067
1157,Budapart,Budapart,Budapart__BRL.CPT3,Quaternary,MASW,8.25,246.5712190506611,2.0,272.9755013834604,262.5708971408757,264.01405224578014,264.38258932825727,264.38258932825727
1158,Budapart,Budapart,Budapart__BRL.CPT3,Quaternary,MASW,9.5,206.6190105374448,2.0,225.8662741612304,258.8452004354922,256.0633139947149,254.599297447518,254.599297447518
1159,Budapart,Budapart,Budapart__BRL.CPT3,Quaternary,MASW,10.75,239.68851703269823,2.0,263.6176235028627,259.91622087631396,262.15248189682114,262.1132452756824,262.1132452756824
1160,Budapart,Budapart,Budapart__BRL.CPT3,Quaternary,MASW,12.0,214.49067248994888,2.0,235.17097811139783,259.6813583259412,265.2140842625763,263.34686354139956,263.34686354139956
1161,Budapart,Budapart,Budapart__BRL.CPT3,Quaternary,MASW,12.9,236.554475306871,2.0,262.3183921715381,265.7442606802207,272.6398799039804,271.7659706758512,271.7659706758512
1162,Budapart,Budapart,Budapart__BRL.CPT3,Quaternary,MASW,13.7,264.1683893374926,2.0,296.336265603054,274.49267138579785,282.21095329354506,282.5089799654669,282.5089799654669
1163,Budapart,Budapart,Budapart__BRL.CPT3,Quaternary,MASW,14.55,258.6225122143188,2.0,292.63275223406515,277.3365667258637,283.173116224067,283.3435438476775,283.3435438476775
1164,Budapart,Budapart,Budapart__BRL.CPT3,Quaternary,MASW,15.5,255.62796351386152,2.0,293.3797679742281,288.5326878779881,298.4034823235195,297.64922588831956,297.64922588831956
1165,Budapart,Budapart,Budapart__BRL.CPT3,Quaternary,MASW,16.45,273.3555943775335,2.0,319.37900410572854,314.289505903416,316.83315681393674,316.8322446590174,316.8322446590174
1166,Budapart,Budapart,Budapart__BRL.CPT3,Quaternary,MASW,17.485,575.9999999999999,2.0,367.6939934403179,383.86510031998114,373.5801434797235,373.7908484831728,422.3661097615158
1167,Budapart,Budapart,Budapart__BRL.CPT4,Quaternary,MASW,1.5,229.8839304448362,2.0,207.51878367484406,201.16846610200471,199.2693467599854,199.76864013077878,199.76864013077878
1168,Budapart,Budapart,Budapart__BRL.CPT4,Quaternary,MASW,2.45,304.66516443700505,2.0,257.0912854130712,248.10499580800803,234.90867460721697,236.61664506918282,236.61664506918282
1169,Budapart,Budapart,Budapart__BRL.CPT4,Quaternary,MASW,3.45,270.0293455242649,2.0,225.021973786144,228.7560137548893,224.20506279011792,224.471260943719,224.471260943719
1170,Budapart,Budapart,Budapart__BRL.CPT4,Quaternary,MASW,4.5,302.9616692137099,2.0,242.66915876584267,252.9114304303034,246.76399371240964,246.8611589056421,246.8611589056421
1171,Budapart,Budapart,Budapart__BRL.CPT4,Quaternary,MASW,5.5,239.1401527047529,2.0,272.6403982122546,285.56134438762047,278.06594468998344,278.16181031163273,278.16181031163273
1172,Budapart,Budapart,Budapart__BRL.CPT4,Quaternary,MASW,6.6,256.6034776043064,2.0,284.7568418140225,290.14680882506013,284.4425991682172,284.74084722647626,284.74084722647626
1173,Budapart,Budapart,Budapart__BRL.CPT4,Quaternary,MASW,7.85,231.92321239130428,2.0,258.2477024171074,258.7073998121847,260.48485724957237,260.2834168518912,260.2834168518912
1174,Budapart,Budapart,Budapart__BRL.CPT4,Quaternary,MASW,8.9,210.32168985582655,2.0,231.47525419558323,251.5047936888525,251.15923102563747,250.15360853303844,250.15360853303844
1175,Budapart,Budapart,Budapart__BRL.CPT4,Quaternary,MASW,9.9,188.3373746118845,2.0,208.71252319570092,247.24292357316008,248.60626247905216,246.37377445403976,246.37377445403976
1176,Budapart,Budapart,Budapart__BRL.CPT4,Quaternary,MASW,11.0,224.39902409090905,2.0,254.9864276030645,258.7320211807502,262.494501998424,261.92475876039,261.92475876039
1177,Budapart,Budapart,Budapart__BRL.CPT4,Quaternary,MASW,12.0,240.54305439735293,2.0,271.34248421784173,268.2284048270797,270.7755450826402,270.67592092723936,270.67592092723936
1178,Budapart,Budapart,Budapart__BRL.CPT4,Quaternary,MASW,13.0,268.668214410446,2.0,304.46649493162454,289.5925295156398,292.55924361938406,292.9940393290392,292.9940393290392
1179,Budapart,Budapart,Budapart__BRL.CPT4,Quaternary,MASW,14.0,279.4546737783115,2.0,320.58198419067963,307.2621968401106,302.2777358527718,303.41563534501563,303.41563534501563
1180,Budapart,Budapart,Budapart__BRL.CPT4,Quaternary,MASW,15.0,263.5582549871305,2.0,306.50565258817255,297.9806740342893,305.0320504597079,304.74897672162325,304.74897672162325
1181,Budapart,Budapart,Budapart__BRL.CPT4,Quaternary,MASW,16.08,270.7963110706171,2.0,319.97736962019286,314.4996422325562,319.5237799822339,319.29332372515495,319.29332372515495
219,Dunaterasz,Dunaterasz,Dunaterasz__CPT1,Quaternary,MASW,1.5,233.01496865580825,5.0,233.1321448924998,198.88302808565544,206.66586120902724,211.93344512797177,211.93344512797177
220,Dunaterasz,Dunaterasz,Dunaterasz__CPT1,Quaternary,MASW,2.65,161.46583675030033,5.0,229.73773316124633,200.50011927488293,206.3531916084139,211.71991638500808,211.71991638500808
221,Dunaterasz,Dunaterasz,Dunaterasz__CPT1,Quaternary,MASW,3.9,163.01239029095743,5.0,222.44928637615695,212.59025640275482,209.42979757233502,216.48031947930494,216.48031947930494
222,Dunaterasz,Dunaterasz,Dunaterasz__CPT1,Quaternary,MASW,4.75,193.26324287162743,5.0,221.90291761312653,212.50076279013464,213.12943202192284,216.2128497619807,216.2128497619807
223,Dunaterasz,Dunaterasz,Dunaterasz__CPT1,Quaternary,MASW,5.6,210.21097857471867,5.0,245.44219561427303,252.842495874061,254.06535144243702,249.85597075259594,249.85597075259594
224,Dunaterasz,Dunaterasz,Dunaterasz__CPT1,Quaternary,MASW,6.85,189.28960459252335,5.0,245.60112175377068,252.7715573556022,251.10437981450715,249.87859820953815,249.87859820953815
225,Dunaterasz,Dunaterasz,Dunaterasz__CPT1,Quaternary,MASW,8.0,246.14239114562568,5.0,256.4988185673797,260.10852101315453,262.5102008510841,258.6585838223019,258.6585838223019
226,Dunaterasz,Dunaterasz,Dunaterasz__CPT1,Quaternary,MASW,9.0,242.36010701922967,5.0,251.28689294125869,251.15095732969775,247.00014646182717,251.20532274784182,251.20532274784182
227,Dunaterasz,Dunaterasz,Dunaterasz__CPT1,Quaternary,MASW,10.0,260.6009835718683,5.0,272.6879949017443,280.3215718074239,271.8285640504657,277.24282736839444,277.24282736839444
228,Dunaterasz,Dunaterasz,Dunaterasz__CPT1,Quaternary,MASW,11.15,322.7997524378964,5.0,307.52745880472895,344.36755634342916,322.72997397655934,329.1295660083899,329.1295660083899
229,Dunaterasz,Dunaterasz,Dunaterasz__CPT1,Quaternary,MASW,12.35,401.7820453738461,5.0,365.333839737433,508.0451490264004,484.7981765859716,445.26375648824904,445.26375648824904
230,Dunaterasz,Dunaterasz,Dunaterasz__CPT1,Quaternary,MASW,13.25,412.5906561194893,5.0,379.5269387459625,516.5838270392813,522.4030831386115,456.6479645787233,456.6479645787233
231,Dunaterasz,Dunaterasz,Dunaterasz__CPT1,Quaternary,MASW,13.95,350.4190840317688,5.0,332.56904148501434,520.1135078207507,456.2147839844676,434.9222311139132,434.9222311139132
232,Dunaterasz,Dunaterasz,Dunaterasz__CPT1,Quaternary,MASW,14.65,377.4406562832872,5.0,357.9184183592858,547.789092069849,526.7525048528048,462.0422042640572,462.0422042640572
233,Dunaterasz,Dunaterasz,Dunaterasz__CPT1,Quaternary,MASW,15.5,391.6336238720198,5.0,357.0867603989328,513.5576531684369,493.46993090693275,444.08184908137906,444.08184908137906
251,Dunaterasz,Dunaterasz,Dunaterasz__CPT3,Quaternary,MASW,1.5,243.6522670525204,5.0,223.8143155340785,199.78636740034204,198.13405600300305,209.0714131731265,209.0714131731265
252,Dunaterasz,Dunaterasz,Dunaterasz__CPT3,Quaternary,MASW,2.5,164.52161984464115,5.0,219.80749875527908,208.1124460851356,203.18807940492178,212.71388226283145,212.71388226283145
253,Dunaterasz,Dunaterasz,Dunaterasz__CPT3,Quaternary,MASW,3.5,140.1436187015576,5.0,199.81646807266753,202.76593923329528,201.06698821429057,201.58096201918013,201.58096201918013
254,Dunaterasz,Dunaterasz,Dunaterasz__CPT3,Quaternary,MASW,5.25,189.96998362234584,5.0,212.36833281533004,219.00155427809054,219.01635430061071,216.32375918423006,216.32375918423006
255,Dunaterasz,Dunaterasz,Dunaterasz__CPT3,Quaternary,MASW,7.5,280.89288071320817,5.0,250.46543075248707,249.2393327050097,254.3120963786659,249.7290500227899,249.7290500227899
256,Dunaterasz,Dunaterasz,Dunaterasz__CPT3,Quaternary,MASW,9.5,290.1925091008787,5.0,254.30277415605684,249.49595629236654,248.68793383040747,251.40768317197166,251.40768317197166
257,Dunaterasz,Dunaterasz,Dunaterasz__CPT3,Quaternary,MASW,11.25,308.0070638324241,5.0,299.06745487047647,313.38065127707017,303.75657506358414,307.5749550346328,307.5749550346328
258,Dunaterasz,Dunaterasz,Dunaterasz__CPT3,Tertiary,MASW,13.0,302.338687860811,5.0,282.4893941064499,318.32301041785917,308.6244760222636,303.4741326522333,304.23468375920055
259,Dunaterasz,Dunaterasz,Dunaterasz__CPT3,Tertiary,MASW,15.0,421.9515002325058,5.0,368.8505546041738,443.4302888645388,424.60894484801366,411.9413511205785,415.9337805798865
260,Dunaterasz,Dunaterasz,Dunaterasz__CPT3,Tertiary,MASW,16.5,434.4731468104367,5.0,328.69556238622,370.36288322065053,351.70736799819446,353.09698573090895,353.8143973494789
261,Dunaterasz,Dunaterasz,Dunaterasz__CPT3,Tertiary,MASW,17.5,449.12414076315633,5.0,347.760415038028,349.5773266411023,343.20761664283503,348.8494256505825,348.7210082253169
234,Dunaterasz,Dunaterasz,Dunaterasz__CPT7,Quaternary,MASW,1.5,341.41245087622747,5.0,234.99710765941927,225.06832751931964,221.0476573679303,228.9884814341128,228.9884814341128
235,Dunaterasz,Dunaterasz,Dunaterasz__CPT7,Quaternary,MASW,2.5,167.41803185818335,5.0,194.86123018807436,183.38282174951047,181.6175619939734,187.8907355587977,187.8907355587977
236,Dunaterasz,Dunaterasz,Dunaterasz__CPT7,Quaternary,MASW,3.5,169.2805907738425,5.0,202.4235368336738,204.2474795269361,203.80051195670455,203.51593853570884,203.51593853570884
237,Dunaterasz,Dunaterasz,Dunaterasz__CPT7,Quaternary,MASW,4.5,209.3771254247548,5.0,209.38231553813304,211.9523758271,212.7100161094421,210.92058769680017,210.92058769680017
238,Dunaterasz,Dunaterasz,Dunaterasz__CPT7,Quaternary,MASW,5.5,254.79265277134243,5.0,241.3762756012907,233.9139021853335,239.19935627006203,236.87075981248134,236.87075981248134
239,Dunaterasz,Dunaterasz,Dunaterasz__CPT7,Quaternary,MASW,6.5,246.1751443855289,5.0,236.4801997698198,230.45081758852473,232.03906144923522,232.8439002835533,232.8439002835533
240,Dunaterasz,Dunaterasz,Dunaterasz__CPT7,Quaternary,MASW,7.5,234.7209428058546,5.0,224.58397297753825,223.89671566260418,225.91528597607441,224.17136585547757,224.17136585547757
241,Dunaterasz,Dunaterasz,Dunaterasz__CPT7,Quaternary,MASW,8.25,243.5669812326419,5.0,241.66514475205278,242.40976994695475,240.88933534430927,242.11164494103207,242.11164494103207
242,Dunaterasz,Dunaterasz,Dunaterasz__CPT7,Quaternary,MASW,8.9,252.1126054825733,5.0,247.09725532775346,241.4715426003899,239.21213922758687,243.7062923185173,243.7062923185173
243,Dunaterasz,Dunaterasz,Dunaterasz__CPT7,Quaternary,MASW,9.95,256.3556830690226,5.0,257.2829137199032,245.32616522324898,246.55460113745642,250.0406967175474,250.0406967175474
244,Dunaterasz,Dunaterasz,Dunaterasz__CPT7,Quaternary,MASW,11.05,288.57899310866173,5.0,308.40444410246903,297.1253351245686,292.2840137277489,301.5866142993574,301.5866142993574
245,Dunaterasz,Dunaterasz,Dunaterasz__CPT7,Quaternary,MASW,12.0,295.9273911577772,5.0,291.6540073702564,289.522481890322,285.397557310976,290.3732163124929,290.3732163124929
246,Dunaterasz,Dunaterasz,Dunaterasz__CPT7,Tertiary,MASW,13.0,259.40578487448937,5.0,268.3790654818613,269.77332867307763,273.52556001572094,269.21475629250335,268.50724669607047
247,Dunaterasz,Dunaterasz,Dunaterasz__CPT7,Tertiary,MASW,14.0,254.7858427540241,5.0,268.0364950148626,253.52507276386325,256.6327563847123,259.2329020571936,258.2759313654781
248,Dunaterasz,Dunaterasz,Dunaterasz__CPT7,Tertiary,MASW,15.0,321.06754082146693,5.0,289.4185350537695,284.0371394309262,284.11044649012985,286.1775850312067,278.9317205942729
249,Dunaterasz,Dunaterasz,Dunaterasz__CPT7,Tertiary,MASW,16.0,447.3862948626886,5.0,389.2501435290848,409.5103948391093,384.6745717222623,401.2827311571445,400.4812615312069
250,Dunaterasz,Dunaterasz,Dunaterasz__CPT7,Tertiary,MASW,17.355,485.3425983295048,5.0,401.21838883361795,461.63667139061135,428.9228830558737,436.44800470399855,440.2717191864444
478,Dévai 14,Dévai 14,Dévai 14__SCPTu1,Quaternary,SCPT,1.25,217.0,2.0,196.77759279247425,176.8472975918002,183.76307586841412,184.0395361357362,186.35508409749946
479,Dévai 14,Dévai 14,Dévai 14__SCPTu1,Quaternary,SCPT,2.0,240.0,2.0,209.7789905945729,198.70070677937704,211.36915190411415,210.63741411526513,210.6051302661946
480,Dévai 14,Dévai 14,Dévai 14__SCPTu1,Quaternary,SCPT,3.0,159.0,2.0,216.76874807066963,206.4552634973899,233.0970957528448,230.84703864732055,230.934273057689
481,Dévai 14,Dévai 14,Dévai 14__SCPTu1,Quaternary,SCPT,4.15,205.0,2.0,226.64445249604967,215.48575332506238,234.68739844871007,233.2807895210963,243.98252207976336
482,Dévai 14,Dévai 14,Dévai 14__SCPTu1,Quaternary,SCPT,5.15,160.0,2.0,223.7444293530541,237.53861044731656,255.5187822683357,252.90351665892274,262.06909001863374
483,Dévai 14,Dévai 14,Dévai 14__SCPTu1,Quaternary,SCPT,6.25,375.0,2.0,259.74283989083006,272.3811398694669,288.61668431411897,286.26965900221825,316.0449686139473
484,Dévai 14,Dévai 14,Dévai 14__SCPTu1,Quaternary,SCPT,7.5,440.0,2.0,291.9120816367094,308.46372968844133,328.3130233088107,325.3734469002883,348.8878630615397
485,Dévai 14,Dévai 14,Dévai 14__SCPTu1,Quaternary,SCPT,8.5,405.0,2.0,294.7607141490856,305.8296374204199,316.88429188666333,315.17959916880835,356.91029520636584
486,Dévai 14,Dévai 14,Dévai 14__SCPTu1,Quaternary,SCPT,9.5,333.0,2.0,309.0865561803318,312.93940516097894,324.8255252572853,323.4164850984455,372.2589126268647
487,Dévai 14,Dévai 14,Dévai 14__SCPTu1,Quaternary,SCPT,10.25,358.0,2.0,324.6586114649493,323.09218060454816,326.12357688659586,325.8979630310788,371.68213854914495
488,Dévai 14,Dévai 14,Dévai 14__SCPTu1,Tertiary,SCPT,11.0,391.0,2.0,314.3055974461044,303.7624975462198,298.215245995643,299.2755046976347,297.91873462308166
489,Dévai 14,Dévai 14,Dévai 14__SCPTu1,Tertiary,SCPT,12.0,472.0,2.0,331.5793679387349,326.947589032927,313.389558116471,314.9411085110614,336.18569654813945
490,Dévai 14,Dévai 14,Dévai 14__SCPTu1,Tertiary,SCPT,13.0,475.0,2.0,348.93109232327924,339.5979324212878,319.25291417213816,321.66708141088253,347.533035650534
491,Dévai 14,Dévai 14,Dévai 14__SCPTu1,Tertiary,SCPT,14.0,596.0,2.0,353.37927820862564,358.6638640684928,343.2475686796338,344.5031187149164,362.2035798828163
492,Dévai 14,Dévai 14,Dévai 14__SCPTu1,Tertiary,SCPT,15.0,598.0,2.0,379.2798010492556,396.08921045825156,389.642411400733,389.43702287951527,429.7876783305657
493,Dévai 14,Dévai 14,Dévai 14__SCPTu1,Tertiary,SCPT,16.0,600.0,2.0,383.9485775035201,413.8934316378679,409.796373755068,408.66682131806914,432.8296154187305
494,Dévai 14,Dévai 14,Dévai 14__SCPTu1,Tertiary,SCPT,17.0,601.0,2.0,385.3898622420622,418.4276120884869,417.404675684807,415.7934176230959,434.25144049478195
495,Dévai 14,Dévai 14,Dévai 14__SCPTu1,Tertiary,SCPT,18.105,602.0,2.0,390.6802222924857,412.07339855673473,398.72869916241734,398.97854899356577,425.67582606261743
64,Futo u,Futo u,Futo u__CPT1,Quaternary,SCPT,2.5,261.0,3.0,264.9886474400604,252.09610615839586,244.5458151668108,257.035468627814,264.3380202001662
65,Futo u,Futo u,Futo u__CPT1,Quaternary,SCPT,3.45,350.0,3.0,254.30864322154818,264.5295693756613,272.45350586704006,260.6484494171302,307.29286186360656
66,Futo u,Futo u,Futo u__CPT1,Quaternary,SCPT,4.35,195.0,3.0,233.05765536919398,257.2584553556206,265.65017173979123,246.8629269405943,280.5512657294064
67,Futo u,Futo u,Futo u__CPT1,Quaternary,SCPT,5.25,350.0,3.0,268.4152135851059,303.9319801156296,324.46484253792516,289.28728914138475,327.63842761309695
68,Futo u,Futo u,Futo u__CPT1,Quaternary,SCPT,6.65,310.0,3.0,293.8177027834324,306.6454309151637,328.54282293561516,302.8870490610265,330.36538564055263
69,Futo u,Futo u,Futo u__CPT1,Quaternary,SCPT,7.55,446.0,3.0,297.7775919765646,322.67509117580227,326.13512379327784,311.5556360985198,335.55084027082063
70,Futo u,Futo u,Futo u__CPT1,Tertiary,SCPT,8.5,284.0,3.0,281.63325732462886,267.03786995229456,264.80741731585607,273.28045467185575,279.76581586059757
71,Futo u,Futo u,Futo u__CPT1,Tertiary,SCPT,9.5,243.0,3.0,282.65552652520097,268.10494708570934,264.53811796376425,274.19015999149514,273.4853473360558
72,Futo u,Futo u,Futo u__CPT1,Tertiary,SCPT,10.5,333.0,3.0,299.3288291147641,297.42939947221515,303.1110497780264,298.84760201415725,344.13110557465075
73,Futo u,Futo u,Futo u__CPT1,Tertiary,SCPT,11.5,276.0,3.0,328.9162731129877,322.0011048863313,351.34689711237985,327.9426014288217,362.238259726082
74,Futo u,Futo u,Futo u__CPT1,Tertiary,SCPT,12.5,430.0,3.0,359.01247843432947,356.3172025501632,386.3761189400177,360.43493475619573,400.34557200484875
75,Futo u,Futo u,Futo u__CPT1,Tertiary,SCPT,13.5,366.0,3.0,320.63888610662264,320.9667455520784,333.04138141154186,322.0061181087504,349.8825208309896
76,Futo u,Futo u,Futo u__CPT1,Tertiary,SCPT,14.5,341.0,3.0,325.66246781546084,339.5511773537961,340.1013960527843,333.28338923690586,365.7151604308548
77,Futo u,Futo u,Futo u__CPT1,Tertiary,SCPT,15.5,435.0,3.0,336.0243409036016,367.6105636678739,366.01705271903637,352.89179132597667,385.22313734601073
78,Futo u,Futo u,Futo u__CPT1,Tertiary,SCPT,16.5,369.0,3.0,356.85181839531737,396.4633028297462,396.54313823061415,378.1289710100223,422.88457880466
79,Futo u,Futo u,Futo u__CPT1,Tertiary,SCPT,17.5,481.0,3.0,415.9501119027813,507.119690655149,506.9616665946801,463.83742377010594,515.0519502972369
80,Futo u,Futo u,Futo u__CPT2,Quaternary,SCPT,1.8,170.0,3.0,163.7247321958601,157.95295684277207,172.9144942303088,161.98397864698447,144.13675805749602
81,Futo u,Futo u,Futo u__CPT2,Quaternary,SCPT,3.3,310.0,3.0,249.1928677065349,239.78003239613184,239.81249515477697,243.9742889265216,241.10410127620185
82,Futo u,Futo u,Futo u__CPT2,Quaternary,SCPT,4.5,230.0,3.0,223.50908607273615,207.1771339954204,211.17807012387155,214.78380572422284,212.30009919290532
83,Futo u,Futo u,Futo u__CPT2,Quaternary,SCPT,5.55,378.0,3.0,233.31148688103352,242.86826523235996,256.59821837117994,239.8354989824216,282.91234719075527
84,Futo u,Futo u,Futo u__CPT2,Quaternary,SCPT,7.15,289.0,3.0,297.89315142717084,303.2523609120222,309.15794961110254,301.4096558703449,322.55454197768813
85,Futo u,Futo u,Futo u__CPT2,Tertiary,SCPT,8.85,319.0,3.0,268.7689427629006,256.64789268018177,254.373847262749,261.80009473762266,239.25516499380277
86,Futo u,Futo u,Futo u__CPT2,Tertiary,SCPT,10.0,225.0,3.0,286.47829450165904,260.5644697201505,262.79437238692043,272.1539983815246,259.3600797520171
87,Futo u,Futo u,Futo u__CPT2,Tertiary,SCPT,11.0,180.0,3.0,287.5715054839929,258.640354217711,259.71445970717303,271.39295815954694,257.9316773575094
88,Futo u,Futo u,Futo u__CPT2,Tertiary,SCPT,12.25,200.0,3.0,334.08499333955064,328.1779066620837,337.4744209579624,331.7484672115256,352.89917573565083
89,Futo u,Futo u,Futo u__CPT2,Tertiary,SCPT,13.5,240.0,3.0,321.84512121259024,321.4286060612709,336.3583721444138,323.0794827890617,349.73060601270794
90,Futo u,Futo u,Futo u__CPT2,Tertiary,SCPT,14.5,280.0,3.0,350.7240005258556,378.2118346842468,383.80863386368856,366.12277403497484,395.48193968448606
91,Futo u,Futo u,Futo u__CPT2,Tertiary,SCPT,15.75,325.0,3.0,351.09689596366985,361.8746695914556,353.9567334868732,356.19543262590435,369.7277258039155
92,Futo u,Futo u,Futo u__CPT2,Tertiary,SCPT,17.0,340.0,3.0,363.1612170461645,345.08901841725503,331.97346124256677,351.74190194160036,324.1295103393007
93,Futo u,Futo u,Futo u__CPT2,Tertiary,SCPT,18.0,330.0,3.0,369.5743067746907,344.195640578626,338.56451169888084,354.80714319320987,319.31205966234444
94,Futo u,Futo u,Futo u__CPT2,Tertiary,SCPT,19.0,325.0,3.0,402.9338188801838,403.47602451838395,394.05211597874984,402.28007297290105,425.6008373806239
1279,Galeria,Galeria,Galeria__CPT3,Quaternary,SCPT,1.5,279.0,4.0,180.9128296288474,162.75512600653224,151.58832496313218,170.68890270719368,146.85972294007186
1280,Galeria,Galeria,Galeria__CPT3,Quaternary,SCPT,2.5,480.9,4.0,206.78933644675743,195.93859738695443,204.90519683358596,200.7491245380256,246.97151372888274
1281,Galeria,Galeria,Galeria__CPT3,Quaternary,SCPT,4.5,325.8,4.0,285.96578454721885,317.3594517365305,326.4853974980955,302.82702045171817,344.0123013549523
1282,Galeria,Galeria,Galeria__CPT3,Quaternary,SCPT,6.25,290.0,4.0,253.58034352142587,286.37338546943624,298.69313410273605,271.1221333759514,310.12508578693
1283,Galeria,Galeria,Galeria__CPT3,Quaternary,SCPT,7.5,318.7,4.0,281.27485308348906,335.6514933764542,348.85103608279906,309.9899606734252,364.77575619533866
1284,Galeria,Galeria,Galeria__CPT3,Quaternary,SCPT,8.5,227.5,4.0,264.1092535651488,298.52502312698226,302.96930109793976,282.51534083416095,311.96734242476964
1285,Galeria,Galeria,Galeria__CPT3,Quaternary,SCPT,9.5,329.6,4.0,272.4305472832304,308.1479438680929,305.2897782458912,291.52963716392156,344.15677637150355
1286,Galeria,Galeria,Galeria__CPT3,Quaternary,SCPT,10.4,274.5,4.0,277.91948086092316,313.74890733605093,308.26668701503246,297.087081598206,340.6512551261572
1287,Galeria,Galeria,Galeria__CPT3,Quaternary,SCPT,11.5,335.8,4.0,298.7720982762298,325.75947983602583,327.7382513980254,313.3259760938335,350.9197556895256
1288,Galeria,Galeria,Galeria__CPT3,Quaternary,SCPT,13.45,297.1,4.0,312.0247540075806,371.60681540433444,346.026158882166,343.50344032114197,368.7296745143906
1289,Galeria,Galeria,Galeria__CPT6,Quaternary,SCPT,2.65,460.0,4.0,256.64511671331456,284.17797413110446,310.9318708743323,271.44045834902556,358.52497352590734
1290,Galeria,Galeria,Galeria__CPT6,Quaternary,SCPT,3.8,365.0,4.0,284.51774319692544,369.12379673581313,365.21041986252305,328.3173503548498,372.57332738386793
1291,Galeria,Galeria,Galeria__CPT6,Quaternary,SCPT,5.3,461.2,4.0,252.54848289525776,312.60479189514547,320.6060802925466,283.98979932699046,330.342629099702
1292,Galeria,Galeria,Galeria__CPT6,Quaternary,SCPT,6.5,241.4,4.0,254.13032391108172,301.224829138332,305.4296554437361,279.0392797056103,318.1557177774553
1293,Galeria,Galeria,Galeria__CPT6,Quaternary,SCPT,7.5,279.8,4.0,261.763476527617,297.4614983993538,305.8916713439591,280.8316109188086,323.62644246564514
1294,Galeria,Galeria,Galeria__CPT6,Quaternary,SCPT,8.5,303.4,4.0,254.443354676515,288.4210190931606,293.6346790935292,272.6031058942632,306.6382457817834
1295,Galeria,Galeria,Galeria__CPT6,Quaternary,SCPT,9.75,280.0,4.0,267.0087075889286,294.1542856510664,298.1068528820564,281.6130590570255,332.22574841305766
1296,Galeria,Galeria,Galeria__CPT6,Tertiary,SCPT,11.25,235.0,4.0,264.9456809989157,257.87189922311796,255.31532009748156,261.03142262203556,249.3964937669166
1297,Galeria,Galeria,Galeria__CPT6,Tertiary,SCPT,12.5,197.1,4.0,269.15482719960175,251.0443365305279,259.188850334215,259.03814027955616,237.56982961425746
1298,Galeria,Galeria,Galeria__CPT6,Tertiary,SCPT,13.5,198.1,4.0,269.64883583086834,247.827064106991,262.0698289141498,257.4193266422026,236.11035480276763
1299,Galeria,Galeria,Galeria__CPT6,Tertiary,SCPT,14.5,207.5,4.0,279.84494175149376,249.6528537719266,264.7242928234091,262.8136705328555,243.9932780461264
1300,Galeria,Galeria,Galeria__CPT6,Tertiary,SCPT,15.5,199.5,4.0,288.25710618010527,252.99280516257144,267.34076943620914,268.29371795031864,244.392750376106
1301,Galeria,Galeria,Galeria__CPT6,Tertiary,SCPT,16.5,240.1,4.0,294.89833621453323,251.59740909374463,259.9810609872435,270.23458852357277,247.51739303310902
1302,Galeria,Galeria,Galeria__CPT6,Tertiary,SCPT,17.5,283.1,4.0,304.0159697497149,253.44955501376074,256.7016704754685,275.0703132428912,247.65942975350882
1303,Galeria,Galeria,Galeria__CPT6,Tertiary,SCPT,18.5,344.4,4.0,314.25725802278714,274.3698864779062,270.51184432095783,291.6509776306085,263.17916734897557
932,Galeria,Galeria,Galeria__CPTu1,Quaternary,MASW,1.5,200.87338911264135,4.0,189.03845131889673,180.59345589025105,185.26984361734364,184.34598052518737,184.34598052518737
933,Galeria,Galeria,Galeria__CPTu1,Quaternary,MASW,2.5,196.74440696539887,4.0,177.13808994878949,168.53384162335564,175.1686616703313,172.35278166955982,172.35278166955982
934,Galeria,Galeria,Galeria__CPTu1,Quaternary,MASW,3.65,291.6550194442972,4.0,235.86407908114862,243.92466348565847,235.75534527411293,240.26386289278318,240.26386289278318
935,Galeria,Galeria,Galeria__CPTu1,Quaternary,MASW,4.9,303.440748147891,4.0,280.67793564662975,269.44871058319075,263.0374256090788,274.44516462963463,274.44516462963463
936,Galeria,Galeria,Galeria__CPTu1,Quaternary,MASW,5.95,285.02503663109627,4.0,270.2547783248101,259.74187196672864,255.42862421172774,264.42109722450203,264.42109722450203
937,Galeria,Galeria,Galeria__CPTu1,Quaternary,MASW,7.1,265.69406677837884,4.0,257.22077869820646,255.16776090107814,255.72611865812036,256.08958325108847,256.08958325108847
938,Galeria,Galeria,Galeria__CPTu1,Tertiary,MASW,8.15,293.826453794217,4.0,239.43840308040924,249.86283369636703,246.33817544471492,245.11682741947868,245.40366485667124
939,Galeria,Galeria,Galeria__CPTu1,Tertiary,MASW,9.0,351.778884161439,4.0,285.5990487004478,277.7904489434976,273.7109948238587,281.27754361660106,281.64036686079965
940,Galeria,Galeria,Galeria__CPTu1,Tertiary,MASW,9.9,359.2097639054068,4.0,291.1673739748441,283.34663888372916,274.50043252370386,286.8396310681485,286.6267230268429
941,Galeria,Galeria,Galeria__CPTu1,Tertiary,MASW,10.65,345.67985624468184,4.0,283.1533621089258,268.1585805083987,273.51449359425453,274.80536625218434,274.8531790347423
942,Galeria,Galeria,Galeria__CPTu1,Tertiary,MASW,11.5,301.04994974683586,4.0,313.6660903166063,303.27820427397637,295.98045539606346,307.9094846114304,307.5280889782692
943,Galeria,Galeria,Galeria__CPTu1,Tertiary,MASW,12.5,269.53387290059925,4.0,335.7093128933058,365.54747031456714,355.63962773806406,351.8054845210977,352.5445560762523
944,Galeria,Galeria,Galeria__CPTu1,Tertiary,MASW,13.165,251.1968980124008,4.0,326.31216696719196,354.65266889865245,362.9332049616043,341.60698955920634,342.6176647397036
945,Galeria,Galeria,Galeria__CPTu2,Quaternary,MASW,1.5,142.94718163263792,4.0,170.398902596577,154.19219840910537,157.55999385994028,161.28514809849767,161.28514809849767
946,Galeria,Galeria,Galeria__CPTu2,Quaternary,MASW,2.5,243.4278209050671,4.0,222.14446647455347,211.5097728794052,213.41255459626336,216.23088022050314,216.23088022050314
947,Galeria,Galeria,Galeria__CPTu2,Quaternary,MASW,3.5,322.1958686052481,4.0,279.5918832291263,291.05219014057485,279.14106942218154,285.83804387313023,285.83804387313023
948,Galeria,Galeria,Galeria__CPTu2,Quaternary,MASW,4.5,322.5679840545331,4.0,285.7115891334474,298.1975901032838,282.87975703187914,292.5127539693166,292.5127539693166
949,Galeria,Galeria,Galeria__CPTu2,Quaternary,MASW,5.5,287.5370044235484,4.0,255.24108176549518,271.303869066585,270.43718658194155,263.9541851993595,263.9541851993595
950,Galeria,Galeria,Galeria__CPTu2,Quaternary,MASW,6.75,314.99276153740004,4.0,261.6231868395204,264.9518250667174,258.6170029081993,263.4487289886512,263.4487289886512
951,Galeria,Galeria,Galeria__CPTu2,Quaternary,MASW,8.0,335.55843365581563,4.0,262.1263510586048,270.48400075633623,274.3094731348323,266.6905804972341,266.6905804972341
952,Galeria,Galeria,Galeria__CPTu2,Quaternary,MASW,9.05,355.7838439538125,4.0,285.181239248104,282.25102196210787,280.12338780004706,283.56587528272627,283.56587528272627
953,Galeria,Galeria,Galeria__CPTu2,Quaternary,MASW,10.05,288.1304316847947,4.0,271.22113283005086,253.68485169343182,263.14509608700587,261.43129893586695,261.43129893586695
954,Galeria,Galeria,Galeria__CPTu2,Quaternary,MASW,10.95,233.7608424569632,4.0,269.0873066732193,264.03321192402586,267.9770760496635,266.2956993555801,266.2956993555801
955,Galeria,Galeria,Galeria__CPTu2,Tertiary,MASW,11.95,250.88861987706844,4.0,313.84284209685546,317.1852406387724,320.97131780031464,315.6767787869763,315.7227125166902
956,Galeria,Galeria,Galeria__CPTu2,Tertiary,MASW,12.85,281.25794562499107,4.0,345.69799512936146,358.4541530828084,360.16136267624705,352.6566490153779,353.0202325156258
957,Galeria,Galeria,Galeria__CPTu2,Tertiary,MASW,13.6,284.46925929850886,4.0,359.9817593746152,411.99103562583724,414.27798477970316,387.71668817832796,424.6160861375533
958,Galeria,Galeria,Galeria__CPTu3,Quaternary,MASW,1.5,186.7510049262177,4.0,180.9128296288474,168.61089385737068,168.6272983280266,174.03969429981805,174.03969429981805
959,Galeria,Galeria,Galeria__CPTu3,Quaternary,MASW,2.6,217.38377613883452,4.0,213.6475391501051,210.26133760000968,211.08578816066733,211.77843531649924,211.77843531649924
960,Galeria,Galeria,Galeria__CPTu3,Quaternary,MASW,3.85,301.8937871548395,4.0,277.8828115600357,296.6366572409228,274.75637006945317,288.0457077807918,288.0457077807918
961,Galeria,Galeria,Galeria__CPTu3,Quaternary,MASW,5.0,316.2616940605289,4.0,286.7320718959813,293.3026481671845,282.94417900104656,290.3274596623569,290.3274596623569
962,Galeria,Galeria,Galeria__CPTu3,Quaternary,MASW,5.75,290.74075735471337,4.0,248.54869636566698,264.90175435133216,262.46199252000395,257.41380207202087,257.41380207202087
963,Galeria,Galeria,Galeria__CPTu3,Quaternary,MASW,6.5,304.91768049151176,4.0,256.02561627484334,261.49231046957664,258.3562789879545,259.0180004399331,259.0180004399331
964,Galeria,Galeria,Galeria__CPTu3,Quaternary,MASW,7.65,325.31218079012706,4.0,277.6155900996444,271.1987627669744,268.7850142300932,274.067772584885,274.067772584885
965,Galeria,Galeria,Galeria__CPTu3,Quaternary,MASW,8.9,311.13731166990686,4.0,269.11395963597874,266.3589910417238,267.4835002092448,267.5952193955126,267.5952193955126
966,Galeria,Galeria,Galeria__CPTu3,Quaternary,MASW,10.0,321.54674826016344,4.0,275.154932580088,273.48446865111094,271.14428459951137,274.2349187275206,274.2349187275206
967,Galeria,Galeria,Galeria__CPTu3,Quaternary,MASW,11.0,301.88367846916486,4.0,290.1686209610313,279.9722867058653,280.5068667086009,284.5155287670916,284.5155287670916
968,Galeria,Galeria,Galeria__CPTu3,Quaternary,MASW,11.9,255.5093548420168,4.0,300.48634762607514,317.3477178466682,302.8686132841877,309.6460853979171,309.6460853979171
969,Galeria,Galeria,Galeria__CPTu3,Quaternary,MASW,12.65,286.2096295408894,4.0,311.3000827443121,325.5262187320136,312.6228372708048,319.04573377987987,319.04573377987987
970,Galeria,Galeria,Galeria__CPTu3,Quaternary,MASW,13.5,261.5631031455214,4.0,304.056701765849,331.8440017600236,308.83777610427995,319.03861087685965,319.03861087685965
971,Galeria,Galeria,Galeria__CPTu3,Quaternary,MASW,14.17,272.8075060459482,4.0,322.6440951011744,357.7971404974399,331.42571723652003,341.5277134566314,341.5277134566314
972,Galeria,Galeria,Galeria__CPTu4,Quaternary,MASW,1.5,149.8669174754767,4.0,180.84834364645758,148.70725475974865,156.36800108334702,162.3955883347003,162.3955883347003
973,Galeria,Galeria,Galeria__CPTu4,Quaternary,MASW,2.5,235.29946075176795,4.0,249.79541929362188,241.97681553153998,244.1753529937483,245.4644356817992,245.4644356817992
974,Galeria,Galeria,Galeria__CPTu4,Quaternary,MASW,3.6,267.6174015538523,4.0,286.6668090029598,309.83215325767827,288.6064765696607,299.18471514620046,299.18471514620046
975,Galeria,Galeria,Galeria__CPTu4,Quaternary,MASW,4.85,290.3013310348953,4.0,271.22829628384426,291.2214390429029,288.2970174373885,282.0483654058634,282.0483654058634
976,Galeria,Galeria,Galeria__CPTu4,Quaternary,MASW,5.95,275.6926399468307,4.0,252.45542865623725,273.4270799323713,267.0553152138716,263.78248769901074,263.78248769901074
977,Galeria,Galeria,Galeria__CPTu4,Quaternary,MASW,6.800000000000001,275.8133400192892,4.0,257.01865854441894,256.9765542211026,255.54847853894566,256.99550031296775,256.99550031296775
978,Galeria,Galeria,Galeria__CPTu4,Quaternary,MASW,7.75,262.9615711175503,4.0,261.8255135441668,257.8281850103622,254.5890425276579,259.61937440496416,259.61937440496416
979,Galeria,Galeria,Galeria__CPTu4,Quaternary,MASW,8.9,238.8663094842344,4.0,262.98428239447736,260.31543753015177,259.62605479355443,261.51304949982625,261.51304949982625
980,Galeria,Galeria,Galeria__CPTu4,Quaternary,MASW,10.0,230.19272958855112,4.0,263.23779672010323,257.35976735997696,254.87008269659415,259.9884600495436,259.9884600495436
981,Galeria,Galeria,Galeria__CPTu4,Tertiary,MASW,11.0,311.61708594721443,4.0,312.9276542282348,302.89198876660413,301.2072461535623,307.36757998749783,307.4103987230347
982,Galeria,Galeria,Galeria__CPTu4,Tertiary,MASW,12.0,299.1742628896579,4.0,310.117455579352,300.4749002915762,290.95433094830264,304.7763792192181,304.6334077535625
983,Galeria,Galeria,Galeria__CPTu4,Tertiary,MASW,12.85,335.8456019731248,4.0,343.3885124109123,332.1840185325989,331.81095370066186,337.18007046127616,337.2912995058989
984,Galeria,Galeria,Galeria__CPTu4,Tertiary,MASW,13.6,289.7824435829544,4.0,326.240398481056,308.0554659951197,300.9869197116981,316.10974761022993,315.954145541044
985,Galeria,Galeria,Galeria__CPTu4,Tertiary,MASW,14.5,262.7729653347981,4.0,313.18777001393585,307.55289118585773,303.9865943867078,310.0759302141737,310.1620624698328
986,Galeria,Galeria,Galeria__CPTu4,Tertiary,MASW,15.5,244.86422079700904,4.0,305.6144247022271,265.3129355239078,283.93708002632206,282.7452811616105,281.92683004385526
987,Galeria,Galeria,Galeria__CPTu4,Tertiary,MASW,16.5,236.04469094651992,4.0,304.23553149022956,261.8837488982717,277.40210580267086,280.1587378904341,278.87932971016386
988,Galeria,Galeria,Galeria__CPTu4,Tertiary,MASW,17.5,240.26869319748596,4.0,315.7466425253691,255.7819053344721,271.7536283523018,281.2100473409973,279.5427290811771
989,Galeria,Galeria,Galeria__CPTu4,Tertiary,MASW,18.5,246.022177679243,4.0,322.9984722764926,259.2561696236962,274.3734919780757,286.21422579673805,284.8481654497824
990,Galeria,Galeria,Galeria__CPTu4,Tertiary,MASW,19.5,313.5556875483491,4.0,328.69032028484577,269.26409595494425,279.79897136705523,294.54540898948585,293.4482377192809
991,Galeria,Galeria,Galeria__CPTu4,Tertiary,MASW,20.5,332.559492726047,4.0,341.0232908839352,277.29889201950994,289.7680420218132,304.3506911537607,303.1896039640214
992,Galeria,Galeria,Galeria__CPTu4,Tertiary,MASW,21.5,338.29668951106567,4.0,347.113587354777,286.7677391742656,304.1447907179215,312.50278142046864,311.49388997775884
993,Galeria,Galeria,Galeria__CPTu4,Tertiary,MASW,22.5,342.2379812791047,4.0,355.767826067072,345.65938564939756,342.4161314001788,350.17214466217087,350.33000123295096
994,Galeria,Galeria,Galeria__CPTu4,Tertiary,MASW,23.5,365.2214831032677,4.0,368.8735318275555,368.02343383865633,373.9239457729425,368.40573522243915,369.00875396555915
995,Galeria,Galeria,Galeria__CPTu4,Tertiary,MASW,24.3,367.79735650907736,4.0,369.9494009349263,389.5028994128596,404.1303625770965,380.5790957893587,405.77337829658615
913,Galeria,Galeria,Galeria__CPTu6,Quaternary,MASW,1.5,133.45529133277475,4.0,177.87783177448742,147.7608420141193,156.02576819332725,160.6247514505861,160.6247514505861
914,Galeria,Galeria,Galeria__CPTu6,Quaternary,MASW,2.5,213.4602204627913,4.0,248.61588023954337,241.60069156953804,239.44587240586725,244.73269050769807,244.73269050769807
915,Galeria,Galeria,Galeria__CPTu6,Quaternary,MASW,3.6,272.7691531662016,4.0,285.4789710750153,313.5461689732607,294.2977087446273,300.5897585559668,300.5897585559668
916,Galeria,Galeria,Galeria__CPTu6,Quaternary,MASW,4.85,297.1655807658395,4.0,263.949050473289,286.39890209930843,285.7508932079374,276.06941097673996,276.06941097673996
917,Galeria,Galeria,Galeria__CPTu6,Quaternary,MASW,5.95,272.69762195324785,4.0,252.02060793608314,255.1636940863472,254.9071871570192,253.74448344472376,253.74448344472376
918,Galeria,Galeria,Galeria__CPTu6,Quaternary,MASW,7.0,288.18852978380573,4.0,263.2933468023009,262.2015185866883,258.2705860637827,262.6922798664747,262.6922798664747
919,Galeria,Galeria,Galeria__CPTu6,Quaternary,MASW,7.899999999999999,235.8756883032632,4.0,241.24770683031406,238.45170876916768,238.3970524737714,239.70587516748876,239.70587516748876
920,Galeria,Galeria,Galeria__CPTu6,Quaternary,MASW,8.6,262.07048087671285,4.0,256.58001382725627,258.55755695149264,253.5670498814927,257.6657833971852,257.6657833971852
921,Galeria,Galeria,Galeria__CPTu6,Quaternary,MASW,9.5,269.83202308273025,4.0,267.85228881443953,257.05474194216384,254.17214007965418,261.85869771465536,261.85869771465536
922,Galeria,Galeria,Galeria__CPTu6,Tertiary,MASW,10.75,276.3501036136512,4.0,260.8617229582472,249.01549982202474,255.1283709482402,254.27822459847607,254.8048435350464
923,Galeria,Galeria,Galeria__CPTu6,Tertiary,MASW,11.95,295.9671888314111,4.0,276.40828439471255,256.732155777512,263.192642767771,265.4068466591957,264.871752907803
924,Galeria,Galeria,Galeria__CPTu6,Tertiary,MASW,12.85,275.8956626756854,4.0,266.83150259117974,252.16729061139833,262.34997790858074,258.6637142914195,257.96278823418993
925,Galeria,Galeria,Galeria__CPTu6,Tertiary,MASW,13.65,244.9464642516105,4.0,269.45265823243227,248.94594803587015,259.85012106360995,257.9733816206559,257.0896590383727
926,Galeria,Galeria,Galeria__CPTu6,Tertiary,MASW,14.5,238.1196736349838,4.0,279.84494175149376,252.3653358394005,267.52722989170417,264.3803622440845,263.4365629042198
927,Galeria,Galeria,Galeria__CPTu6,Tertiary,MASW,15.5,238.96600919122216,4.0,288.25710618010527,254.8212091658331,272.62097173943386,269.35843170957713,268.2652476910236
928,Galeria,Galeria,Galeria__CPTu6,Tertiary,MASW,16.5,247.0961544396001,4.0,294.89833621453323,252.93700545117298,267.4323375573802,271.02499804958956,269.7053745157654
929,Galeria,Galeria,Galeria__CPTu6,Tertiary,MASW,17.5,255.5758747639164,4.0,304.0159697497149,261.2076677793578,274.0099903913619,279.66984111465445,278.5880147249751
930,Galeria,Galeria,Galeria__CPTu6,Tertiary,MASW,18.5,266.4994194691626,4.0,314.25725802278714,318.3388552521542,308.97595844804704,316.49561710975877,316.2564782363686
931,Galeria,Galeria,Galeria__CPTu6,Tertiary,MASW,19.225,327.5416937913881,4.0,329.91926590680976,354.36645819970215,340.13862803142047,343.14872466083904,343.07569417589417
1199,H6-H7,H6-H7,H6-H7__CPT27,Quaternary,MASW,2.5,273.4,5.0,242.90987964175633,234.25454884712528,229.54548092862774,237.6790436295899,237.6790436295899
1200,H6-H7,H6-H7,H6-H7__CPT27,Quaternary,MASW,4.25,286.9,5.0,225.15060370706095,222.69471505806249,223.38231583168465,223.67383945744052,223.67383945744052
1201,H6-H7,H6-H7,H6-H7__CPT27,Quaternary,MASW,5.75,301.0,5.0,269.5974267020539,265.5673454011219,259.85645600626424,267.1720977855641,267.1720977855641
1202,H6-H7,H6-H7,H6-H7__CPT27,Quaternary,MASW,7.0,312.0,5.0,284.5789483838874,266.62713575955496,266.6444906438862,273.66780977331416,273.66780977331416
1203,H6-H7,H6-H7,H6-H7__CPT27,Quaternary,MASW,8.0,323.5,5.0,264.11866262999536,294.5465487802465,283.9743293983528,281.975904799264,281.975904799264
1204,H6-H7,H6-H7,H6-H7__CPT27,Quaternary,MASW,9.0,333.0,5.0,263.59220769569833,267.49974975746255,267.2275764490096,265.92982945753323,265.92982945753323
1205,H6-H7,H6-H7,H6-H7__CPT27,Quaternary,MASW,10.0,343.5,5.0,295.0208803427013,284.4294456133846,279.8905638682428,288.61960948128103,288.61960948128103
1206,H6-H7,H6-H7,H6-H7__CPT27,Quaternary,MASW,11.0,353.0,5.0,314.3620148116702,290.1010804276129,288.07427289535445,299.57228580029476,299.57228580029476
1207,H6-H7,H6-H7,H6-H7__CPT27,Quaternary,MASW,12.25,366.2,5.0,304.77826719734804,300.76844100759683,297.3203497585822,302.3660016548721,302.3660016548721
1208,H6-H7,H6-H7,H6-H7__CPT27,Tertiary,MASW,13.5,379.0,5.0,323.1913405659181,301.58839254631613,300.4868139270781,310.0506598126743,307.4421180919025
1209,H6-H7,H6-H7,H6-H7__CPT27,Tertiary,MASW,14.5,390.4,5.0,346.60034305666386,315.703248372645,309.93692191920593,327.7170415254372,320.8880688840827
1210,H6-H7,H6-H7,H6-H7__CPT27,Tertiary,MASW,15.5,401.0,5.0,351.89338332116864,322.953585457213,322.3784797042922,334.232368564179,332.97008139269
1211,H6-H7,H6-H7,H6-H7__CPT27,Tertiary,MASW,16.5,412.0,5.0,345.94811538081257,330.7465379304574,321.7170953220704,336.74532236688475,336.67696080594123
1212,H6-H7,H6-H7,H6-H7__CPT27,Tertiary,MASW,17.5,422.3,5.0,351.47841212965324,351.4229008726674,332.8681388012219,351.44510432331384,356.26136480240206
1213,H6-H7,H6-H7,H6-H7__CPT27,Tertiary,MASW,18.5,431.4,5.0,357.38723754620685,356.84984309843225,344.1725437473387,357.06470384141,363.6104039340896
1214,H6-H7,H6-H7,H6-H7__CPT27,Tertiary,MASW,19.5,441.0,5.0,363.6941476664416,367.05586184114236,354.31628636890036,365.70746338895583,370.92492726980004
1215,H6-H7,H6-H7,H6-H7__CPT27,Tertiary,MASW,20.5,448.0,5.0,379.7517091734122,381.50258388528965,363.52882090168293,380.80126737381926,386.26095175378003
1216,H6-H7,H6-H7,H6-H7__CPT27,Tertiary,MASW,21.5,455.7,5.0,385.5129109417678,411.75292972909307,378.0134643810759,401.04914028494636,405.22970826348717
1217,H6-H7,H6-H7,H6-H7__CPT27,Tertiary,MASW,22.5,462.9,5.0,389.1842156999172,401.1754471224087,393.05083499065586,396.3352447905898,400.1800910554764
1218,H6-H7,H6-H7,H6-H7__CPT27,Tertiary,MASW,23.5,470.0,5.0,399.86604580251924,453.94485793776903,426.8319454440851,431.48695643295287,435.7242706916949
1219,H6-H7,H6-H7,H6-H7__CPT27,Tertiary,MASW,24.5,476.0,5.0,408.277957282035,473.79672562158044,431.3457465713827,446.4137946600826,450.0218162258166
1220,H6-H7,H6-H7,H6-H7__CPT27,Tertiary,MASW,25.5,483.0,5.0,419.5642476249535,498.7930351482095,446.40380173644604,465.4484814950118,469.82995228719136
1221,H6-H7,H6-H7,H6-H7__CPT27,Tertiary,MASW,26.5,489.4,5.0,419.4200739363019,494.44142609767476,445.1382902645684,462.9441443631971,467.72587716498424
1222,H6-H7,H6-H7,H6-H7__CPT27,Tertiary,MASW,27.5,495.0,5.0,438.04557129039216,489.23159954959317,439.66586278767244,468.07604743718696,467.43513251021284
1223,H6-H7,H6-H7,H6-H7__CPT27,Tertiary,MASW,28.5,501.1,5.0,445.80846149717365,475.29646227576336,438.0711193176883,463.2741543022079,462.5585989350724
1224,H6-H7,H6-H7,H6-H7__CPT29,Quaternary,MASW,2.0,250.5,5.0,190.63756601708718,176.2855903923671,176.212741830993,181.89195149490018,181.89195149490018
1225,H6-H7,H6-H7,H6-H7__CPT29,Quaternary,MASW,3.15,262.0,5.0,217.5619472616362,210.33161545479882,202.48859275291906,213.19445720364902,213.19445720364902
1226,H6-H7,H6-H7,H6-H7__CPT29,Quaternary,MASW,4.4,272.0,5.0,232.56429907988755,235.4559118284645,232.58263912842116,234.29497719672594,234.29497719672594
1227,H6-H7,H6-H7,H6-H7__CPT29,Quaternary,MASW,5.6,278.5,5.0,249.18721401583616,256.881240353403,249.8361160668765,253.77552539103888,253.77552539103888
1228,H6-H7,H6-H7,H6-H7__CPT29,Quaternary,MASW,6.6,282.5,5.0,302.4377607499856,289.4337546574524,281.8083930238729,294.566878542725,294.566878542725
1229,H6-H7,H6-H7,H6-H7__CPT29,Quaternary,MASW,7.9,289.0,5.0,294.7899684843353,305.7814858507303,291.96430152500227,301.33653649012984,301.33653649012984
1230,H6-H7,H6-H7,H6-H7__CPT29,Quaternary,MASW,9.35,295.5,5.0,290.06388109921215,304.1605305717211,296.16780688781284,298.44147358695227,298.44147358695227
1231,H6-H7,H6-H7,H6-H7__CPT30,Quaternary,MASW,1.5,200.8,5.0,198.54260257655454,196.2092209993761,195.53417823527263,197.1392646719523,197.1392646719523
1232,H6-H7,H6-H7,H6-H7__CPT30,Quaternary,MASW,2.5,211.5,5.0,190.65792244362152,181.76554191146005,185.14571980817033,185.27161014798307,185.27161014798307
1233,H6-H7,H6-H7,H6-H7__CPT30,Quaternary,MASW,3.5,220.5,5.0,227.99376983899293,232.39980353344382,234.85767717523416,230.62726343137524,230.62726343137524
1234,H6-H7,H6-H7,H6-H7__CPT30,Quaternary,MASW,4.6,237.0,5.0,236.58202982640267,230.01647380259737,238.35550865286308,232.62054359236691,232.62054359236691
1235,H6-H7,H6-H7,H6-H7__CPT30,Quaternary,MASW,5.6,255.0,5.0,292.8913732338719,277.4169034002824,271.87624774532355,283.5060844567838,283.5060844567838
1236,H6-H7,H6-H7,H6-H7__CPT30,Quaternary,MASW,6.5,268.0,5.0,302.33683633932856,296.75611995081726,286.9141543738059,298.97593736095746,298.97593736095746
1237,H6-H7,H6-H7,H6-H7__CPT30,Quaternary,MASW,7.4,279.0,5.0,297.9822089384951,301.4743740976402,288.80422699974093,300.0726235866855,300.0726235866855
1238,H6-H7,H6-H7,H6-H7__CPT30,Quaternary,MASW,8.4,287.0,5.0,283.15748220422387,292.5984947146239,282.961035632439,288.7848921844404,288.7848921844404
1239,H6-H7,H6-H7,H6-H7__CPT30,Quaternary,MASW,9.65,289.0,5.0,296.33057136681094,296.364089040148,296.7593697384549,296.350681515899,296.350681515899
1240,H6-H7,H6-H7,H6-H7__CPT30,Quaternary,MASW,11.0,290.0,5.0,285.82996206582885,275.0891828384224,275.61181039321923,279.33619212686034,279.33619212686034
1241,H6-H7,H6-H7,H6-H7__CPT30,Quaternary,MASW,12.35,294.0,5.0,312.9861181721431,313.03188700032763,309.1244049318362,313.0135786659603,313.0135786659603
1242,H6-H7,H6-H7,H6-H7__CPT30,Tertiary,MASW,13.5,304.0,5.0,307.5424058343494,301.63252704045226,303.71941184417034,303.98272687868626,302.28750309782174
1243,H6-H7,H6-H7,H6-H7__CPT30,Tertiary,MASW,14.5,317.0,5.0,326.7371329508899,307.99790579027456,299.0068339377826,315.361052003619,311.73858500026444
1244,H6-H7,H6-H7,H6-H7__CPT30,Tertiary,MASW,15.5,331.0,5.0,328.9677578305187,326.48966058203587,316.0266883178352,327.47865148537284,326.62125631849494
1245,H6-H7,H6-H7,H6-H7__CPT30,Tertiary,MASW,16.5,349.0,5.0,336.9580377826859,318.72625901897834,313.72497282415986,325.89750482918544,323.22530058766773
1246,H6-H7,H6-H7,H6-H7__CPT30,Tertiary,MASW,17.5,365.0,5.0,349.9518086922819,310.9276546648066,311.5412801424726,325.9859689136704,317.5055094946008
1247,H6-H7,H6-H7,H6-H7__CPT30,Tertiary,MASW,18.5,382.0,5.0,352.90715410616616,322.65139671853,325.8726780039078,334.4292960187718,329.14572145524625
1248,H6-H7,H6-H7,H6-H7__CPT30,Tertiary,MASW,19.5,396.0,5.0,371.8948913760717,355.01285835257346,346.281219797986,361.671706210581,359.4343610834692
1249,H6-H7,H6-H7,H6-H7__CPT30,Tertiary,MASW,20.5,414.0,5.0,387.2357681423259,376.0591614608652,358.93153911858377,380.49056330111137,378.76884869207225
1250,H6-H7,H6-H7,H6-H7__CPT30,Tertiary,MASW,21.75,427.0,5.0,417.1106160389124,433.15021559829984,398.61141533860746,426.6616595767088,418.79699854787646
1251,H6-H7,H6-H7,H6-H7__CPT31,Quaternary,MASW,2.25,200.0,5.0,208.06824285761883,194.45966294621195,193.15577056936894,199.7928936931753,199.7928936931753
1252,H6-H7,H6-H7,H6-H7__CPT31,Quaternary,MASW,3.5,226.0,5.0,215.2349881896723,210.86005729018092,214.0432945856479,212.5992560370941,212.5992560370941
1253,H6-H7,H6-H7,H6-H7__CPT31,Quaternary,MASW,4.65,238.0,5.0,218.9341517979436,213.06584642440012,220.74337890680985,215.39405333568484,215.39405333568484
1254,H6-H7,H6-H7,H6-H7__CPT31,Quaternary,MASW,5.65,239.0,5.0,284.7659151807506,269.28753966151316,262.97909147483966,275.375283505099,275.375283505099
1255,H6-H7,H6-H7,H6-H7__CPT31,Quaternary,MASW,6.65,236.0,5.0,295.60658562131937,281.84988273164913,275.47623048736244,287.27402355224353,287.27402355224353
1256,H6-H7,H6-H7,H6-H7__CPT31,Quaternary,MASW,7.65,237.0,5.0,284.8256813792788,292.8382960633751,287.2721976948672,289.6065504469287,289.6065504469287
1257,H6-H7,H6-H7,H6-H7__CPT31,Quaternary,MASW,8.5,245.0,5.0,272.4020411378269,279.9129196181966,279.62425745646334,276.88403131858036,276.88403131858036
1258,H6-H7,H6-H7,H6-H7__CPT31,Quaternary,MASW,9.5,250.0,5.0,277.21702440022875,280.960583269244,280.6022545240797,279.45713124955375,279.45713124955375
1259,H6-H7,H6-H7,H6-H7__CPT31,Quaternary,MASW,10.5,260.0,5.0,281.8900099956313,270.3568144957406,274.472221186898,274.9123602231506,274.9123602231506
1260,H6-H7,H6-H7,H6-H7__CPT31,Quaternary,MASW,11.35,273.0,5.0,292.91288471192235,281.0067154749135,281.8705738043824,285.7099792429773,285.7099792429773
1261,H6-H7,H6-H7,H6-H7__CPT31,Quaternary,MASW,12.4,292.0,5.0,320.743595897851,315.51336062859997,305.35351073359965,317.59514160587764,317.59514160587764
1262,H6-H7,H6-H7,H6-H7__CPT31,Tertiary,MASW,13.55,309.0,5.0,310.0323010437062,300.59246981975735,301.58079716324977,304.3334123269616,303.31821827386386
1263,H6-H7,H6-H7,H6-H7__CPT31,Tertiary,MASW,14.5,323.0,5.0,337.7331058719576,307.3826464080581,306.10422099221773,319.18102183700955,313.40491629421126
1264,H6-H7,H6-H7,H6-H7__CPT31,Tertiary,MASW,15.75,350.0,5.0,353.64504007735997,319.17388186994395,318.3895047464837,332.53965045727807,324.80322400183525
1265,H6-H7,H6-H7,H6-H7__CPT31,Tertiary,MASW,17.25,373.0,5.0,362.261679018848,327.24596131259744,318.1680840223456,340.82664187425576,337.68728413942927
1266,H6-H7,H6-H7,H6-H7__CPT31,Tertiary,MASW,18.5,390.0,5.0,398.4108569524254,357.9895043879982,346.01544268951585,373.64110031800266,375.977593247919
1267,H6-H7,H6-H7,H6-H7__CPT31,Tertiary,MASW,19.5,402.0,5.0,390.4185902174341,357.3402448745818,361.6318567514198,370.2212595089766,371.8828491336945
1268,H6-H7,H6-H7,H6-H7__CPT31,Tertiary,MASW,20.5,421.0,5.0,430.283475687841,408.69642592283077,396.570861098057,417.19814726290036,417.0077437333897
1269,H6-H7,H6-H7,H6-H7__CPT31,Tertiary,MASW,21.5,436.0,5.0,425.46312633692474,423.5474462242372,398.4629566337484,424.312681029086,426.9590563118405
1270,H6-H7,H6-H7,H6-H7__CPT31,Tertiary,MASW,22.5,445.0,5.0,417.86612315914044,390.87570078190606,391.2328173061038,401.4561073968326,404.6575356331034
1271,H6-H7,H6-H7,H6-H7__CPT33,Quaternary,MASW,1.5,243.0,5.0,184.1152697595234,181.31619213508384,181.8464587957503,182.43068014587314,182.43068014587314
1272,H6-H7,H6-H7,H6-H7__CPT33,Quaternary,MASW,2.5,254.0,5.0,198.26378830038146,201.47072526149785,198.02922838350403,200.18177230861554,200.18177230861554
1273,H6-H7,H6-H7,H6-H7__CPT33,Quaternary,MASW,3.65,259.0,5.0,195.87099523978813,203.85131864878772,205.52112153025712,200.62089663599087,200.62089663599087
1274,H6-H7,H6-H7,H6-H7__CPT33,Quaternary,MASW,4.65,262.0,5.0,241.77809600157462,256.90433397401705,256.5810455232855,250.7434746763919,250.7434746763919
1275,H6-H7,H6-H7,H6-H7__CPT33,Quaternary,MASW,5.65,275.0,5.0,288.9131686929054,279.2946713682377,267.5839531725116,283.10303481318357,283.10303481318357
1276,H6-H7,H6-H7,H6-H7__CPT33,Quaternary,MASW,6.9,288.0,5.0,288.17484806864314,285.48989985635967,285.8034042791699,286.5608641102604,286.5608641102604
1277,H6-H7,H6-H7,H6-H7__CPT33,Quaternary,MASW,8.0,302.0,5.0,268.30082991191256,290.0415621786649,283.0020445495258,281.14149361586794,281.14149361586794
1278,H6-H7,H6-H7,H6-H7__CPT33,Quaternary,MASW,9.3,313.0,5.0,281.20500751943314,297.7201394749442,295.46256234073195,291.0007767942637,291.0007767942637
1182,H6-H7,H6-H7,H6-H7__CPT6,Quaternary,MASW,1.75,181.4,5.0,168.59043987603096,151.94319635424452,155.66547006023865,158.39516929984907,158.39516929984907
1183,H6-H7,H6-H7,H6-H7__CPT6,Quaternary,MASW,2.75,191.7,5.0,217.68361605810492,209.8865253241417,210.92603053464515,212.97127551995055,212.97127551995055
1184,H6-H7,H6-H7,H6-H7__CPT6,Quaternary,MASW,3.85,217.6,5.0,224.77729200398704,216.86271715726562,215.06290458100264,219.99454433921264,219.99454433921264
1185,H6-H7,H6-H7,H6-H7__CPT6,Quaternary,MASW,5.0,234.2,5.0,213.655232467418,218.6794780088463,215.8031056842147,216.6557553997304,216.6557553997304
1186,H6-H7,H6-H7,H6-H7__CPT6,Quaternary,MASW,6.0,249.1,5.0,231.28689137045646,238.34183617672386,243.88744919357177,235.494395615231,235.494395615231
1187,H6-H7,H6-H7,H6-H7__CPT6,Quaternary,MASW,7.35,256.2,5.0,215.85747777715756,230.99838734734857,231.43225215757175,224.81858397025525,224.81858397025525
1188,H6-H7,H6-H7,H6-H7__CPT6,Quaternary,MASW,8.6,261.1,5.0,200.53503062721697,227.32781833186584,232.05781157373187,216.20595412912576,216.20595412912576
1189,H6-H7,H6-H7,H6-H7__CPT6,Quaternary,MASW,9.5,266.2,5.0,221.62431398517447,237.2756749260399,237.524281873863,230.8866870458174,230.8866870458174
1190,H6-H7,H6-H7,H6-H7__CPT6,Quaternary,MASW,10.9,276.4,5.0,241.66556608611072,252.00667882475562,252.30901834208623,247.8181668553243,247.8181668553243
1191,H6-H7,H6-H7,H6-H7__CPT6,Quaternary,MASW,12.5,295.0,5.0,294.89877274614537,335.41496050604735,316.3158025751413,318.5800996640213,318.5800996640213
1192,H6-H7,H6-H7,H6-H7__CPT6,Tertiary,MASW,13.9,323.4,5.0,346.6481248541415,350.7842702577725,339.37790876330314,349.1239226256266,351.76284218234895
1193,H6-H7,H6-H7,H6-H7__CPT6,Tertiary,MASW,15.3,359.1,5.0,365.0679227581809,406.0977434365834,391.87449531010964,389.15966030417985,408.027711487102
1194,H6-H7,H6-H7,H6-H7__CPT6,Tertiary,MASW,16.75,383.3,5.0,413.33577058289217,581.6952194788103,572.1652949164387,507.3860157639192,528.2932498761501
1195,H6-H7,H6-H7,H6-H7__CPT6,Tertiary,MASW,18.25,414.7,5.0,417.7291220683889,595.4213012305488,554.6019618364476,516.7167283950854,536.4748846645623
1196,H6-H7,H6-H7,H6-H7__CPT6,Tertiary,MASW,19.5,431.8,5.0,481.43408398850636,635.6922631137351,630.9764344035066,568.8043236340665,584.2888346655673
1197,H6-H7,H6-H7,H6-H7__CPT6,Tertiary,MASW,20.5,448.1,5.0,477.0822538698972,606.7439724202371,595.8143817133819,551.1129133731746,566.6403218161652
1198,H6-H7,H6-H7,H6-H7__CPT6,Tertiary,MASW,21.75,464.6,5.0,484.42839236626406,620.7186983587513,589.6911862267593,562.1196052229839,574.3331040776006
0,Hungaria krt,Hungaria krt,Hungaria krt__CPT4,Quaternary,SCPT,1.5,162.4,5.0,195.64912654670385,169.60858433379917,165.10934745238566,179.58078386318502,187.6470867277569
21,Hungaria krt,Hungaria krt,Hungaria krt__CPT4,Quaternary,MASW,1.8,226.755552052112,5.0,208.43621915800915,180.83814652428296,189.77612068062683,191.40941812609103,191.40941812609103
1,Hungaria krt,Hungaria krt,Hungaria krt__CPT4,Quaternary,SCPT,2.5,288.5,5.0,215.35241153581808,211.60319357277416,220.82309908321605,213.09498372303992,221.92177534527565
22,Hungaria krt,Hungaria krt,Hungaria krt__CPT4,Quaternary,MASW,3.05,253.7146866871708,5.0,222.3573679019409,197.93487165961085,204.01055225620493,207.3643038729925,207.3643038729925
2,Hungaria krt,Hungaria krt,Hungaria krt__CPT4,Quaternary,SCPT,3.5,350.1,5.0,227.82541902411296,236.7561670314377,247.98717847328876,233.14260852845956,242.50407609478228
3,Hungaria krt,Hungaria krt,Hungaria krt__CPT4,Quaternary,SCPT,4.5,433.7,5.0,267.29396989180435,314.7926501532741,312.04933421026925,294.8563022321565,301.430025061029
23,Hungaria krt,Hungaria krt,Hungaria krt__CPT4,Quaternary,MASW,4.5,309.832496723211,5.0,267.29396989180435,279.4781458305048,272.42649445242324,274.5392080043477,274.5392080043477
4,Hungaria krt,Hungaria krt,Hungaria krt__CPT4,Quaternary,SCPT,5.5,462.7,5.0,287.28194169686407,339.37180244402356,329.00328651657816,317.489073880799,323.9841849775372
24,Hungaria krt,Hungaria krt,Hungaria krt__CPT4,Quaternary,MASW,5.85,338.34076859735893,5.0,290.954542322541,301.5783672928021,280.261432047675,297.28306373272665,297.28306373272665
5,Hungaria krt,Hungaria krt,Hungaria krt__CPT4,Quaternary,SCPT,6.5,333.9,5.0,290.7671867360142,332.5208025517695,320.5790218074005,315.14429518014214,319.80668610540016
25,Hungaria krt,Hungaria krt,Hungaria krt__CPT4,Quaternary,MASW,7.25,293.18947731215565,5.0,266.67252954494325,279.2663229243459,274.64363776469247,274.1589652222737,274.1589652222737
6,Hungaria krt,Hungaria krt,Hungaria krt__CPT4,Quaternary,SCPT,7.5,343.2,5.0,269.49828994648686,303.6924036475193,297.9159302244828,289.52279509617256,293.6493518526295
26,Hungaria krt,Hungaria krt,Hungaria krt__CPT4,Quaternary,MASW,8.4,160.45082839849806,5.0,277.12255812003644,269.253641472529,268.3896814344169,272.37403404376346,272.37403404376346
7,Hungaria krt,Hungaria krt,Hungaria krt__CPT4,Quaternary,SCPT,8.5,227.5,5.0,274.6571769075922,295.990135846094,296.96167351402573,287.26500542596966,292.0003976233764
8,Hungaria krt,Hungaria krt,Hungaria krt__CPT4,Quaternary,SCPT,9.5,242.8,5.0,260.25790554405353,282.7831113325755,292.04254249096107,273.54806892284574,279.4066186949231
27,Hungaria krt,Hungaria krt,Hungaria krt__CPT4,Quaternary,MASW,10.25,185.96619822180912,5.0,260.27940876296816,282.5828115546628,267.8431936423458,273.4408338268444,273.4408338268444
9,Hungaria krt,Hungaria krt,Hungaria krt__CPT4,Tertiary,SCPT,10.5,233.1,5.0,274.1306181097405,272.3356208577537,263.3325598262371,273.0522050025137,265.29563443630514
10,Hungaria krt,Hungaria krt,Hungaria krt__CPT4,Tertiary,SCPT,11.5,247.4,5.0,280.2977627418577,280.88976190658605,272.23018858784894,280.6528123495124,271.14764383437625
11,Hungaria krt,Hungaria krt,Hungaria krt__CPT4,Tertiary,SCPT,12.5,278.2,5.0,284.42202586310634,305.1933807484555,286.26065512917535,296.7087515760769,286.33752297549887
28,Hungaria krt,Hungaria krt,Hungaria krt__CPT4,Tertiary,MASW,12.5,257.62484692640925,5.0,284.75443262031126,302.3811635033831,290.5399460919482,295.20318412040666,294.97632990006775
12,Hungaria krt,Hungaria krt,Hungaria krt__CPT4,Tertiary,SCPT,13.5,206.7,5.0,301.3721576233815,320.77704664715753,300.9985600990389,312.8694953677864,296.3307959106944
13,Hungaria krt,Hungaria krt,Hungaria krt__CPT4,Tertiary,SCPT,14.5,238.6,5.0,317.5670647739584,353.75066232840663,354.040422103951,338.8071282386567,342.95120305499876
29,Hungaria krt,Hungaria krt,Hungaria krt__CPT4,Tertiary,MASW,14.5,281.53442457121537,5.0,317.1647659322888,335.5690886011214,324.9340443357869,328.08255853732726,336.8719875028915
14,Hungaria krt,Hungaria krt,Hungaria krt__CPT4,Tertiary,SCPT,15.5,342.0,5.0,319.1150281241127,349.5638714994529,344.55029652447047,337.0503846878704,341.3052817804532
30,Hungaria krt,Hungaria krt,Hungaria krt__CPT4,Tertiary,MASW,16.25,270.888556241701,5.0,306.131768725344,305.582469504545,296.0962808052762,305.80207081930513,305.3165536002565
15,Hungaria krt,Hungaria krt,Hungaria krt__CPT4,Tertiary,SCPT,16.5,266.7,5.0,301.96941941524335,291.444699286044,286.6908141574913,295.60983711172685,282.6860167515497
16,Hungaria krt,Hungaria krt,Hungaria krt__CPT4,Tertiary,SCPT,17.5,185.1,5.0,282.49452278501957,278.30610923427815,274.8500987130391,279.9739706740204,268.2480384434895
17,Hungaria krt,Hungaria krt,Hungaria krt__CPT4,Tertiary,SCPT,18.5,209.6,5.0,279.9437430776636,300.26341948267856,292.1688617096844,291.9643070761038,283.4988455606937
31,Hungaria krt,Hungaria krt,Hungaria krt__CPT4,Tertiary,MASW,18.75,244.4248801792452,5.0,284.7847456539963,280.6084101174407,277.90255992987363,282.27154413057036,280.22759102398715
18,Hungaria krt,Hungaria krt,Hungaria krt__CPT4,Tertiary,SCPT,19.5,268.3,5.0,285.56995032495297,281.32309661341554,289.7435350834382,283.01420617588724,274.75618052418946
19,Hungaria krt,Hungaria krt,Hungaria krt__CPT4,Tertiary,SCPT,20.5,241.8,5.0,304.4431860027435,305.05214326012555,320.47558653786155,304.80841432669115,297.24803414359826
20,Hungaria krt,Hungaria krt,Hungaria krt__CPT4,Tertiary,SCPT,21.5,230.6,5.0,316.3614093147144,370.7181576370964,361.4748719385069,347.93627972109755,360.50046733520503
32,Hungaria krt,Hungaria krt,Hungaria krt__CPT4,Tertiary,MASW,21.5,379.2784974614476,5.0,314.3612632907958,360.91935464512164,345.26402327652283,341.52123590029197,351.4569559163546
33,Hungaria krt,Hungaria krt,Hungaria krt__CPT5,Quaternary,SCPT,1.5,130.3,5.0,195.3296764908086,162.54629916861103,172.94374586350875,174.9417811390662,172.95786652325216
51,Hungaria krt,Hungaria krt,Hungaria krt__CPT5,Quaternary,MASW,1.5,262.2764591222678,5.0,195.3296764908086,159.54624679393072,171.56462436759455,172.9972691526301,172.9972691526301
34,Hungaria krt,Hungaria krt,Hungaria krt__CPT5,Quaternary,SCPT,2.5,151.8,5.0,213.1425523549654,211.34985194291647,222.32326272631303,212.06511560345356,220.40229769183154
52,Hungaria krt,Hungaria krt,Hungaria krt__CPT5,Quaternary,MASW,2.6,290.34645849246823,5.0,216.26074425782227,193.275134664388,203.36453073503296,202.16066989804193,202.16066989804193
35,Hungaria krt,Hungaria krt,Hungaria krt__CPT5,Quaternary,SCPT,3.5,291.8,5.0,257.09737558303067,303.38805496403694,305.83489065613315,283.9475618991314,291.64228763685827
53,Hungaria krt,Hungaria krt,Hungaria krt__CPT5,Quaternary,MASW,3.8,355.89919580552174,5.0,268.04508310519657,279.53846855126375,277.25178921265325,274.88312977817696,274.88312977817696
36,Hungaria krt,Hungaria krt,Hungaria krt__CPT5,Quaternary,SCPT,4.5,433.5,5.0,290.6183981372021,345.0986269044003,334.5975747214666,322.17748030001593,328.8506926033867
54,Hungaria krt,Hungaria krt,Hungaria krt__CPT5,Quaternary,MASW,4.95,374.2177132653614,5.0,293.1225226374142,303.9892477882684,295.77944664459625,299.59503339162546,299.59503339162546
37,Hungaria krt,Hungaria krt,Hungaria krt__CPT5,Quaternary,SCPT,5.5,594.0,5.0,283.9619022065283,340.27689896838444,328.6352891653581,316.52171522462015,323.3060623465984
55,Hungaria krt,Hungaria krt,Hungaria krt__CPT5,Quaternary,MASW,6.2,338.7293209269103,5.0,277.55278455317034,285.37338341750285,275.29214005565143,282.21904251183946,282.21904251183946
38,Hungaria krt,Hungaria krt,Hungaria krt__CPT5,Quaternary,SCPT,6.5,361.6,5.0,274.8597880075739,332.74423575022075,311.15714564341937,308.2554809595871,312.34442319802093
56,Hungaria krt,Hungaria krt,Hungaria krt__CPT5,Quaternary,MASW,7.15,307.6345446313491,5.0,270.49468020666615,277.3198946329739,275.3150679726487,274.5693826459867,274.5693826459867
39,Hungaria krt,Hungaria krt,Hungaria krt__CPT5,Quaternary,SCPT,7.5,202.8,5.0,289.7805228926497,315.55518364930555,311.3211493777423,304.9810588904544,309.2373102249624
57,Hungaria krt,Hungaria krt,Hungaria krt__CPT5,Quaternary,MASW,7.7,469.3785994440153,5.0,300.84393100727453,302.70918645119235,290.8510066280102,301.9617005068577,301.9617005068577
40,Hungaria krt,Hungaria krt,Hungaria krt__CPT5,Tertiary,SCPT,8.5,239.5,5.0,273.4912295575398,274.58811402866075,280.5763935061675,274.148833316231,284.9613143251616
58,Hungaria krt,Hungaria krt,Hungaria krt__CPT5,Tertiary,MASW,9.0,236.95193333557484,5.0,279.31181722467085,289.91710725845087,285.37988926520933,285.6275073079565,297.3902088178042
41,Hungaria krt,Hungaria krt,Hungaria krt__CPT5,Tertiary,SCPT,9.5,230.7,5.0,285.3605251502477,290.77003067765617,278.62070459548164,288.5940305140631,300.3516234230587
42,Hungaria krt,Hungaria krt,Hungaria krt__CPT5,Tertiary,SCPT,10.5,291.4,5.0,299.90424636380925,303.8521868921507,301.9796710143867,302.2668122085545,314.38312224951414
59,Hungaria krt,Hungaria krt,Hungaria krt__CPT5,Tertiary,MASW,11.0,232.340247034248,5.0,307.4568771020323,317.4153746947462,309.85774818878355,313.3938430238537,320.6889546302801
43,Hungaria krt,Hungaria krt,Hungaria krt__CPT5,Tertiary,SCPT,11.5,361.5,5.0,315.00051855939006,325.2682565684059,314.9691241090656,321.1215982142414,326.29938922867314
44,Hungaria krt,Hungaria krt,Hungaria krt__CPT5,Tertiary,SCPT,12.5,394.1,5.0,329.1937163301476,344.1952990598354,335.8987383989247,338.1143284123099,342.1827051661247
60,Hungaria krt,Hungaria krt,Hungaria krt__CPT5,Tertiary,MASW,13.0,242.56775610640275,5.0,332.2504766678497,339.1593454351976,327.0722557962764,336.3787234703463,339.5839940935628
45,Hungaria krt,Hungaria krt,Hungaria krt__CPT5,Tertiary,SCPT,13.5,339.5,5.0,335.91833416109614,353.6517515824141,352.1985306113429,346.44872806727153,352.2399540824284
46,Hungaria krt,Hungaria krt,Hungaria krt__CPT5,Tertiary,SCPT,14.5,280.7,5.0,320.70087135643445,356.8611196188541,360.1788508946787,341.93188164437066,346.11020354076857
61,Hungaria krt,Hungaria krt,Hungaria krt__CPT5,Tertiary,MASW,15.0,301.8585277306017,5.0,320.4419604871002,341.62423920140367,327.61927261554166,332.98828797748433,341.0652521531579
47,Hungaria krt,Hungaria krt,Hungaria krt__CPT5,Tertiary,SCPT,15.5,342.0,5.0,320.5285226762127,339.72294069717367,340.1763143324087,331.9109631784868,329.2116642235051
48,Hungaria krt,Hungaria krt,Hungaria krt__CPT5,Tertiary,SCPT,16.5,282.4,5.0,321.7510291231714,332.78806146080376,326.0574467782229,328.3285287568907,323.7904493496515
62,Hungaria krt,Hungaria krt,Hungaria krt__CPT5,Tertiary,MASW,17.0,349.3932717135017,5.0,333.9602542439967,328.5766750316556,320.4745823542606,330.7196133390378,331.30146631511275
49,Hungaria krt,Hungaria krt,Hungaria krt__CPT5,Tertiary,SCPT,17.5,253.3,5.0,346.3061782946269,339.20942532170653,336.44138256880046,342.0305057272221,337.84881519299284
50,Hungaria krt,Hungaria krt,Hungaria krt__CPT5,Tertiary,SCPT,18.5,321.4,5.0,367.25507151832545,358.58636852866044,357.0701617352371,362.02902139587417,359.5927605578573
63,Hungaria krt,Hungaria krt,Hungaria krt__CPT5,Tertiary,MASW,18.81,368.9090098180544,5.0,365.10963210781995,353.5280028020623,354.0641472586173,358.11590357142825,356.3133723188529
326,Lang,Lang,Lang__CPT10,Quaternary,MASW,2.0,187.0,3.0,149.22227064580574,178.17373625589505,180.8647577261596,164.75560345388183,164.75560345388183
327,Lang,Lang,Lang__CPT10,Quaternary,MASW,3.0,193.0,3.0,219.87696303696805,225.0624797004642,225.6172815484123,222.76887386551883,222.76887386551883
328,Lang,Lang,Lang__CPT10,Quaternary,MASW,4.0,200.0,3.0,211.9500406717647,203.35745260635628,206.02444763050957,207.45026531151424,207.45026531151424
329,Lang,Lang,Lang__CPT10,Quaternary,MASW,5.0,210.0,3.0,236.68692965527984,227.7526316639623,235.43496587721793,232.50058621638775,232.50058621638775
330,Lang,Lang,Lang__CPT10,Quaternary,MASW,6.25,221.0,3.0,231.22387920037346,231.2051513581991,233.1677042516896,231.40909547188224,231.40909547188224
331,Lang,Lang,Lang__CPT10,Quaternary,MASW,7.5,238.0,3.0,255.47817118177554,260.14710494297464,263.1493068128352,258.3318661023599,258.3318661023599
332,Lang,Lang,Lang__CPT10,Quaternary,MASW,8.6,259.0,3.0,298.9713837314563,300.5905331184498,296.28969569117163,299.42900618273495,299.42900618273495
333,Lang,Lang,Lang__CPT10,Quaternary,MASW,10.35,268.0,3.0,306.0654974540723,291.97110244077686,291.38989628181673,298.1720003189812,298.1720003189812
334,Lang,Lang,Lang__CPT10,Quaternary,MASW,12.25,285.0,3.0,312.85140344607595,306.975717369146,290.286320103701,307.8800977105407,307.8800977105407
335,Lang,Lang,Lang__CPT10,Tertiary,MASW,13.5,294.0,3.0,316.30997301382916,285.6531371594917,288.6371983032756,299.3736535112569,299.3736535112569
336,Lang,Lang,Lang__CPT10,Tertiary,MASW,14.5,300.0,3.0,341.64543771704354,337.15343958463774,325.05618346932766,337.9304232769034,337.9304232769034
337,Lang,Lang,Lang__CPT10,Tertiary,MASW,15.75,313.0,3.0,350.3018728377016,374.81981356120343,363.8683076858855,362.50472600445477,362.50472600445477
338,Lang,Lang,Lang__CPT10,Tertiary,MASW,17.0,320.0,3.0,392.0452994932147,426.93263576048156,408.40657614538156,409.0461366811501,417.631932846898
339,Lang,Lang,Lang__CPT10,Tertiary,MASW,18.0,329.0,3.0,395.28458404414044,427.1603933567507,414.708323819635,411.2914297596598,415.29508581754226
340,Lang,Lang,Lang__CPT10,Tertiary,MASW,19.0,337.0,3.0,386.9470130646264,415.49049977157813,404.5041943618859,401.31738288080857,409.93065913905656
341,Lang,Lang,Lang__CPT10,Tertiary,MASW,20.0,348.0,3.0,414.3794358804134,438.05298267348314,425.15315759039333,425.96186255994195,427.1977645548684
342,Lang,Lang,Lang__CPT10,Tertiary,MASW,21.14,360.0,3.0,421.3175990981844,443.67916511464756,439.3079510062027,433.04426599506894,437.69967705964643
312,Lang,Lang,Lang__CPT11,Quaternary,MASW,2.0,189.0,3.0,151.84342464119618,175.35904703815848,175.77448054324705,164.3960799126431,164.3960799126431
313,Lang,Lang,Lang__CPT11,Quaternary,MASW,3.0,196.0,3.0,185.8582326802737,209.11371986340092,209.812609578561,198.37507656743688,198.37507656743688
314,Lang,Lang,Lang__CPT11,Quaternary,MASW,4.0,204.0,3.0,216.47614918209987,217.58473396464913,223.93549640264717,217.71061661008306,217.71061661008306
315,Lang,Lang,Lang__CPT11,Quaternary,MASW,5.0,212.0,3.0,230.4211636671488,215.18056762509826,223.66848797088952,222.77010864157774,222.77010864157774
316,Lang,Lang,Lang__CPT11,Quaternary,MASW,6.0,225.0,3.0,243.2984650466309,240.49236960132282,238.80254236868723,241.58067831493898,241.58067831493898
317,Lang,Lang,Lang__CPT11,Quaternary,MASW,7.25,236.0,3.0,242.8370066168653,246.08415213292147,244.98414803577947,244.50803245687646,244.50803245687646
318,Lang,Lang,Lang__CPT11,Quaternary,MASW,8.6,255.0,3.0,280.44404496724775,285.9756785251538,279.21665183897096,282.79584627750796,282.79584627750796
319,Lang,Lang,Lang__CPT11,Quaternary,MASW,9.5,265.0,3.0,287.74789621469256,275.2773314119579,274.85516912832026,280.7776687710235,280.7776687710235
320,Lang,Lang,Lang__CPT11,Quaternary,MASW,10.15,271.0,3.0,300.0704885427328,294.75805651504106,294.83317285317264,297.1444828172967,297.1444828172967
321,Lang,Lang,Lang__CPT11,Quaternary,MASW,11.0,283.0,3.0,279.8907317236903,285.569585067724,275.8106646622386,282.0176673529676,282.0176673529676
322,Lang,Lang,Lang__CPT11,Tertiary,MASW,12.0,293.0,3.0,309.82191314347705,279.7720255191256,285.59901563128955,293.52024343592524,293.52024343592524
323,Lang,Lang,Lang__CPT11,Tertiary,MASW,13.0,301.0,3.0,326.4251479578311,310.5077438528823,307.23079853139245,317.23543760745747,317.23543760745747
324,Lang,Lang,Lang__CPT11,Tertiary,MASW,14.0,308.0,3.0,362.5930526429799,356.4443529571722,348.78345953173397,358.4186798866418,358.4186798866418
325,Lang,Lang,Lang__CPT11,Tertiary,MASW,15.24,312.0,3.0,350.98728875527667,374.12396786584117,356.99710175114404,361.83000911533,361.83000911533
292,Lang,Lang,Lang__CPT12,Quaternary,MASW,2.0,190.0,3.0,148.38899665614707,174.51622061135768,178.23768649522736,162.57614730371,162.57614730371
293,Lang,Lang,Lang__CPT12,Quaternary,MASW,3.0,197.0,3.0,164.70729281868134,188.87735146114994,188.7290543308518,177.57654312455108,177.57654312455108
294,Lang,Lang,Lang__CPT12,Quaternary,MASW,4.0,200.0,3.0,162.49906512145054,205.63028238143616,195.46828167874727,184.02621845803012,184.02621845803012
295,Lang,Lang,Lang__CPT12,Quaternary,MASW,5.0,208.0,3.0,180.80308403383674,215.94173294912255,209.35542367699514,198.73872946116606,198.73872946116606
296,Lang,Lang,Lang__CPT12,Quaternary,MASW,6.0,218.0,3.0,172.3977053249579,212.67826536801624,215.45269029113783,193.75358984757744,193.75358984757744
297,Lang,Lang,Lang__CPT12,Quaternary,MASW,7.0,228.0,3.0,147.65997582601383,214.71803840556552,216.28866618039507,181.5567801235035,181.5567801235035
298,Lang,Lang,Lang__CPT12,Quaternary,MASW,8.0,239.0,3.0,167.10262407839727,220.04282413346266,221.60953373049549,194.54924961147816,194.54924961147816
299,Lang,Lang,Lang__CPT12,Quaternary,MASW,9.0,250.0,3.0,162.01247858916494,217.61292362789177,218.38191082135418,190.62356337143274,190.62356337143274
300,Lang,Lang,Lang__CPT12,Quaternary,MASW,10.0,260.0,3.0,243.311885656615,253.2426891718083,245.67132968173922,247.9708074278558,247.9708074278558
301,Lang,Lang,Lang__CPT12,Tertiary,MASW,11.0,270.0,3.0,291.5719889627254,266.66230333406713,279.41593791212745,278.8967535286136,278.8967535286136
302,Lang,Lang,Lang__CPT12,Tertiary,MASW,12.0,280.0,3.0,311.71576168744286,285.8002001616463,287.41827623864555,297.352106245386,297.352106245386
303,Lang,Lang,Lang__CPT12,Tertiary,MASW,13.0,290.0,3.0,326.69328592344596,316.697303336819,307.2746731925682,320.1885040373869,320.1885040373869
304,Lang,Lang,Lang__CPT12,Tertiary,MASW,14.0,297.0,3.0,382.2759205167829,398.2305101377351,370.37481014623614,388.1452778931176,406.64760244526883
305,Lang,Lang,Lang__CPT12,Tertiary,MASW,15.0,304.0,3.0,347.36080473251735,368.10134606030783,353.9952217503283,357.2205526331886,357.2205526331886
306,Lang,Lang,Lang__CPT12,Tertiary,MASW,16.0,310.0,3.0,359.8985063290188,388.09237050024757,374.0747379543818,373.7641603260751,373.7641603260751
307,Lang,Lang,Lang__CPT12,Tertiary,MASW,17.0,318.0,3.0,359.44353697547956,381.3283636646897,375.5271036008742,370.75117303663967,370.75117303663967
308,Lang,Lang,Lang__CPT12,Tertiary,MASW,18.0,325.0,3.0,385.3935404923834,406.64614305783584,396.65141205527635,395.9545978598549,403.3116561352955
309,Lang,Lang,Lang__CPT12,Tertiary,MASW,19.0,335.0,3.0,430.09836110388466,439.63406777718455,421.6680087877729,433.50456219107167,433.2646148738512
310,Lang,Lang,Lang__CPT12,Tertiary,MASW,20.0,348.0,3.0,379.9085946072583,411.7098979601352,411.99553768553807,397.11010940393675,407.608014450538
311,Lang,Lang,Lang__CPT12,Tertiary,MASW,21.14,360.0,3.0,433.0998643409602,456.3933274664396,442.92100578346503,444.4264807293371,446.2857629632352
432,Lang,Lang,Lang__CPT15,Quaternary,MASW,2.0,160.0,3.0,137.65596152614927,171.05705086093673,165.41960823975563,154.60726616327534,154.60726616327534
433,Lang,Lang,Lang__CPT15,Quaternary,MASW,3.0,173.0,3.0,155.29758875252062,183.92182824947707,181.61295983728544,170.22517065054842,170.22517065054842
434,Lang,Lang,Lang__CPT15,Quaternary,MASW,4.0,188.0,3.0,154.10540729571264,204.00049598309727,191.6284060164969,178.6891093426311,178.6891093426311
435,Lang,Lang,Lang__CPT15,Quaternary,MASW,5.0,197.0,3.0,185.0148851957615,228.207608992009,221.67758232176212,207.04451690849103,207.04451690849103
436,Lang,Lang,Lang__CPT15,Quaternary,MASW,6.0,208.0,3.0,178.19772318117697,216.36424293013005,215.25677160252135,198.16872735809304,198.16872735809304
437,Lang,Lang,Lang__CPT15,Quaternary,MASW,7.0,218.0,3.0,178.5672050782108,200.26413028616167,206.61059365739874,190.7864161681902,190.7864161681902
438,Lang,Lang,Lang__CPT15,Quaternary,MASW,8.15,230.0,3.0,216.28371903516307,224.81827938184526,220.2466340067681,220.4833910567127,220.4833910567127
439,Lang,Lang,Lang__CPT15,Quaternary,MASW,9.25,240.0,3.0,267.1846662005729,262.10240576401367,259.7473605247847,264.13883387103795,264.13883387103795
440,Lang,Lang,Lang__CPT15,Tertiary,MASW,10.1,250.0,3.0,235.40365549824097,234.97553664075375,243.6882251398053,236.0258597070738,236.0258597070738
441,Lang,Lang,Lang__CPT15,Tertiary,MASW,11.0,263.0,3.0,273.7648453270448,280.47051591783816,283.9296598206938,277.77315886190775,277.77315886190775
442,Lang,Lang,Lang__CPT15,Tertiary,MASW,12.0,272.0,3.0,301.03083807925776,306.56639514142694,306.48775098364894,304.05510737925005,304.05510737925005
443,Lang,Lang,Lang__CPT15,Tertiary,MASW,13.0,281.0,3.0,329.33183405300923,311.2606991441274,314.19569240334494,319.5664095853859,319.5664095853859
444,Lang,Lang,Lang__CPT15,Tertiary,MASW,13.9,290.0,3.0,336.04201623086277,318.1895286423834,324.28341882122885,326.72189066275195,326.72189066275195
445,Lang,Lang,Lang__CPT15,Tertiary,MASW,14.9,298.0,3.0,380.14544024459093,416.9247684303545,392.5537139367386,397.5513896374089,418.4845118884325
446,Lang,Lang,Lang__CPT15,Tertiary,MASW,15.93,304.0,3.0,371.45497264247126,436.3072517965001,413.24437681164346,403.6315157871451,421.5646018578465
360,Lang,Lang,Lang__CPT19,Quaternary,MASW,2.0,180.0,3.0,176.94139741048951,180.83074313332696,186.96541168545045,179.66848301488693,179.66848301488693
361,Lang,Lang,Lang__CPT19,Quaternary,MASW,3.0,195.0,3.0,190.14496740139975,196.61083535555144,197.07269564456465,193.71987199617345,193.71987199617345
362,Lang,Lang,Lang__CPT19,Quaternary,MASW,4.0,210.0,3.0,205.07122075378302,207.6804109455564,207.975814394428,206.5315461960856,206.5315461960856
363,Lang,Lang,Lang__CPT19,Quaternary,MASW,5.0,223.0,3.0,210.3606425750506,212.29312061175892,213.29526313393296,211.52090963564103,211.52090963564103
364,Lang,Lang,Lang__CPT19,Quaternary,MASW,5.85,235.0,3.0,202.4369474585224,209.98537698796224,210.80692247640587,206.63503652691892,206.63503652691892
365,Lang,Lang,Lang__CPT19,Quaternary,MASW,6.85,247.0,3.0,272.54921904032057,277.7730716880457,268.81534675081883,274.5087507655807,274.5087507655807
366,Lang,Lang,Lang__CPT19,Quaternary,MASW,8.25,255.0,3.0,289.6891503728318,291.14237687453567,291.4924712456575,290.5224367826098,290.5224367826098
367,Lang,Lang,Lang__CPT19,Quaternary,MASW,9.4,268.0,3.0,264.07094483863153,263.4863661564114,257.50801024724245,263.14463474081606,263.14463474081606
368,Lang,Lang,Lang__CPT19,Quaternary,MASW,10.15,271.0,3.0,217.1784208059254,234.5049169599931,229.74677261278302,226.07931193796637,226.07931193796637
369,Lang,Lang,Lang__CPT19,Quaternary,MASW,10.95,274.0,3.0,262.0910562647173,267.76376186399324,260.42212378094155,264.45975333180553,264.45975333180553
370,Lang,Lang,Lang__CPT19,Quaternary,MASW,12.0,275.0,3.0,295.6804054843436,296.36790639605056,296.33334880866937,296.0548810580694,296.0548810580694
371,Lang,Lang,Lang__CPT19,Quaternary,MASW,13.05,277.0,3.0,309.87214308009766,296.8404563315535,310.7275857636067,304.0223508803586,304.0223508803586
372,Lang,Lang,Lang__CPT19,Tertiary,MASW,14.0,278.0,3.0,325.8646798126247,323.3047458164772,333.8386383072464,325.49616531414114,325.49616531414114
373,Lang,Lang,Lang__CPT19,Tertiary,MASW,15.0,283.0,3.0,350.75553508953647,376.8700415428038,366.1788579210189,363.8376127517983,363.8376127517983
374,Lang,Lang,Lang__CPT19,Tertiary,MASW,16.0,287.0,3.0,383.93202549696963,429.724509012152,403.3843187749076,405.90267178563494,421.53386285251975
375,Lang,Lang,Lang__CPT19,Tertiary,MASW,17.05,292.0,3.0,373.00593547169893,413.00684428861103,401.4767707393645,393.3859894519819,410.52271404203475
343,Lang,Lang,Lang__CPT2,Quaternary,MASW,2.25,197.0,3.0,159.9792744699802,172.79329078063392,177.5832137787913,167.36165447217905,167.36165447217905
344,Lang,Lang,Lang__CPT2,Quaternary,MASW,3.25,210.0,3.0,220.18374522491837,219.27547552437395,216.41675456217166,219.39563371230057,219.39563371230057
345,Lang,Lang,Lang__CPT2,Quaternary,MASW,4.15,224.0,3.0,199.59109249691477,198.19725999651035,199.49276795961367,198.95285528631766,198.95285528631766
346,Lang,Lang,Lang__CPT2,Quaternary,MASW,5.3,233.0,3.0,230.21354855294,235.12664223605285,235.44144154434773,232.9340701230642,232.9340701230642
347,Lang,Lang,Lang__CPT2,Quaternary,MASW,6.15,240.0,3.0,206.7254469620862,222.35447948641453,220.2399247791655,214.97478594751047,214.97478594751047
348,Lang,Lang,Lang__CPT2,Quaternary,MASW,7.0,247.0,3.0,284.6781230323066,287.4773406345703,278.3658582704105,285.2939535066461,285.2939535066461
349,Lang,Lang,Lang__CPT2,Quaternary,MASW,8.2,252.0,3.0,280.45079118746503,274.05049062654155,274.7786369484389,276.985835411774,276.985835411774
350,Lang,Lang,Lang__CPT2,Quaternary,MASW,9.35,258.0,3.0,254.78250785512085,279.9492599506859,279.8510307785024,268.3210287951889,268.3210287951889
351,Lang,Lang,Lang__CPT2,Quaternary,MASW,10.15,262.0,3.0,273.32245668388276,275.49182376360517,271.77097168028865,274.140449207185,274.140449207185
352,Lang,Lang,Lang__CPT2,Quaternary,MASW,11.0,267.0,3.0,242.58493426609826,246.4793425196688,252.43045016150342,245.30371912905946,245.30371912905946
353,Lang,Lang,Lang__CPT2,Quaternary,MASW,12.25,270.0,3.0,289.77222475596267,297.7502596195875,293.7410291659824,293.73484445928267,293.73484445928267
354,Lang,Lang,Lang__CPT2,Tertiary,MASW,13.85,278.0,3.0,258.2898805042722,264.40345143674773,272.46277834134605,262.4214000602243,262.4214000602243
355,Lang,Lang,Lang__CPT2,Tertiary,MASW,15.1,282.0,3.0,343.93119219740964,363.3809637791913,359.1899426519533,354.08505661680624,354.08505661680624
356,Lang,Lang,Lang__CPT2,Tertiary,MASW,16.0,287.0,3.0,359.0793718410602,387.9671033116284,379.7489376964698,373.8893272712346,373.8893272712346
357,Lang,Lang,Lang__CPT2,Tertiary,MASW,17.0,292.0,3.0,368.1827312901665,407.6082595861759,398.0085192761339,388.44283286405215,404.9963549782453
358,Lang,Lang,Lang__CPT2,Tertiary,MASW,18.0,297.0,3.0,369.6818714735407,405.28253193963064,400.483926918504,388.39374489207506,403.01682031755246
359,Lang,Lang,Lang__CPT2,Tertiary,MASW,19.24,303.0,3.0,391.1479641547051,422.8374418735145,410.40272993639877,407.0544941481146,414.24738173443126
395,Lang,Lang,Lang__CPT20,Quaternary,MASW,2.0,158.0,3.0,187.49437653980175,193.19341823379125,198.16427493249157,191.09256689506032,191.09256689506032
396,Lang,Lang,Lang__CPT20,Quaternary,MASW,3.0,177.0,3.0,187.87934938201872,199.09032875070503,195.80404696730756,193.64233526883766,193.64233526883766
397,Lang,Lang,Lang__CPT20,Quaternary,MASW,4.0,200.0,3.0,185.3437358824853,215.52270686874343,209.94637841085066,200.8504292649605,200.8504292649605
398,Lang,Lang,Lang__CPT20,Quaternary,MASW,5.0,225.0,3.0,206.10429761674354,218.82335534892093,221.85374258339178,213.29859770010535,213.29859770010535
399,Lang,Lang,Lang__CPT20,Quaternary,MASW,5.9,244.0,3.0,180.95995988988514,211.94751828207598,211.8005612961112,197.38201710470028,197.38201710470028
400,Lang,Lang,Lang__CPT20,Quaternary,MASW,6.9,260.0,3.0,226.6911873711237,231.0485931175299,230.2866444479556,229.00183359039644,229.00183359039644
401,Lang,Lang,Lang__CPT20,Quaternary,MASW,8.2,274.0,3.0,225.48139664715941,226.09467409460524,226.56385027220742,225.86530970113714,225.86530970113714
402,Lang,Lang,Lang__CPT20,Quaternary,MASW,9.45,280.0,3.0,279.22786771591325,278.059649364679,276.588397790375,278.4369864251672,278.4369864251672
403,Lang,Lang,Lang__CPT20,Tertiary,MASW,10.5,283.5,3.0,315.2293861369118,290.0607317743032,300.1789608347357,302.1621489749466,302.1621489749466
404,Lang,Lang,Lang__CPT20,Tertiary,MASW,11.5,284.0,3.0,293.83502669689733,293.17447565539555,304.73848326374537,294.6090644689542,294.6090644689542
405,Lang,Lang,Lang__CPT20,Tertiary,MASW,12.75,285.0,3.0,341.167663150618,320.739228688608,321.0864575756717,329.81178684206316,329.81178684206316
406,Lang,Lang,Lang__CPT20,Tertiary,MASW,14.1,285.0,3.0,329.2863232069537,328.8599542665,333.1353479144538,329.4770583668275,329.4770583668275
407,Lang,Lang,Lang__CPT20,Tertiary,MASW,15.1,285.0,3.0,311.587717711903,314.93179379071006,298.4090808874901,311.73802537265163,311.73802537265163
408,Lang,Lang,Lang__CPT20,Tertiary,MASW,16.0,287.0,3.0,305.1647094687012,282.7719804623955,284.35682008921526,292.8014154425077,292.8014154425077
409,Lang,Lang,Lang__CPT20,Tertiary,MASW,17.0,292.0,3.0,355.73288597122337,357.2937353011668,360.85576739503415,356.9444246373424,356.9444246373424
410,Lang,Lang,Lang__CPT20,Tertiary,MASW,18.0,298.0,3.0,399.3383121250958,422.98308656173657,410.0458273506276,410.8961108539978,421.57886570123287
411,Lang,Lang,Lang__CPT20,Tertiary,MASW,19.14,309.0,3.0,384.59420029702744,425.1413625483426,419.2813121538596,405.8277978774515,415.2931709200856
412,Lang,Lang,Lang__CPT4,Quaternary,MASW,2.0,218.0,3.0,218.429743481653,206.95934030398843,202.00804496779847,211.53168543083942,211.53168543083942
413,Lang,Lang,Lang__CPT4,Quaternary,MASW,3.0,224.0,3.0,237.6910633855111,229.67295678928792,226.76609585689067,232.95017127876727,232.95017127876727
414,Lang,Lang,Lang__CPT4,Quaternary,MASW,4.0,228.0,3.0,198.913128035083,207.67789148260715,204.45235059925173,203.36835773476375,203.36835773476375
415,Lang,Lang,Lang__CPT4,Quaternary,MASW,5.15,235.0,3.0,199.2231020942407,213.01937585118606,214.93673810024345,206.88191523812253,206.88191523812253
416,Lang,Lang,Lang__CPT4,Quaternary,MASW,6.15,242.0,3.0,271.7188758085925,278.2847847461716,273.34849423080544,274.81842133651526,274.81842133651526
417,Lang,Lang,Lang__CPT4,Quaternary,MASW,7.0,250.0,3.0,289.96250694811016,286.56393247907766,286.3769562728062,288.0695308243994,288.0695308243994
418,Lang,Lang,Lang__CPT4,Quaternary,MASW,8.0,258.0,3.0,270.6267050218243,272.9249473697348,276.90878598611204,272.2826206092821,272.2826206092821
419,Lang,Lang,Lang__CPT4,Quaternary,MASW,8.9,266.0,3.0,257.5261025771079,274.6614994781475,274.39341300391357,266.787782364056,266.787782364056
420,Lang,Lang,Lang__CPT4,Quaternary,MASW,9.9,275.0,3.0,285.61894250454486,292.1339454375522,292.9034233574867,289.26008448356504,289.26008448356504
421,Lang,Lang,Lang__CPT4,Quaternary,MASW,11.0,281.0,3.0,302.7082922694756,306.13605457708655,300.94642341762614,304.068462466843,304.068462466843
422,Lang,Lang,Lang__CPT4,Quaternary,MASW,12.0,290.0,3.0,281.7347949105548,290.5463178921193,288.782634332617,286.37311634365864,286.37311634365864
423,Lang,Lang,Lang__CPT4,Quaternary,MASW,13.0,294.0,3.0,272.6147122908398,280.38344254122956,279.9680450150829,276.8194430733882,276.8194430733882
424,Lang,Lang,Lang__CPT4,Tertiary,MASW,14.25,300.0,3.0,269.627884156807,267.22936812787555,271.7109310426356,268.7526503871197,268.7526503871197
425,Lang,Lang,Lang__CPT4,Tertiary,MASW,15.6,306.0,3.0,362.742142289232,382.08394395353605,376.27805612181845,372.6846022163379,372.6846022163379
426,Lang,Lang,Lang__CPT4,Tertiary,MASW,16.6,314.0,3.0,396.16541551095,440.72994291471207,419.8346239981347,418.05163650727843,428.26804943344956
427,Lang,Lang,Lang__CPT4,Tertiary,MASW,17.5,325.0,3.0,362.6471443470131,404.02630584652405,405.55030535408827,384.99645477113876,404.53193416266333
428,Lang,Lang,Lang__CPT4,Tertiary,MASW,18.5,334.0,3.0,384.78969131903193,420.1951603231,416.4252097181397,403.5127063212137,414.1136364550815
429,Lang,Lang,Lang__CPT4,Tertiary,MASW,19.5,340.0,3.0,379.5104885903178,426.46368316852335,419.84519265864617,404.0234240175679,414.9166077218806
430,Lang,Lang,Lang__CPT4,Tertiary,MASW,20.5,348.0,3.0,393.10829546175484,433.3680181308283,428.04275194658254,414.2521724403863,425.0117660511813
431,Lang,Lang,Lang__CPT4,Tertiary,MASW,21.9,360.0,3.0,411.6283121661117,442.791297952417,436.60403749036567,427.88367453061153,436.74048805351873
283,Lang,Lang,Lang__CPT7,Quaternary,MASW,2.0,198.0,3.0,168.09158230477252,202.78091196149023,203.52419534789203,186.4315762129706,186.4315762129706
284,Lang,Lang,Lang__CPT7,Quaternary,MASW,3.0,199.0,3.0,161.90038048294088,192.19671021138643,197.3662995312169,178.39164835254383,178.39164835254383
285,Lang,Lang,Lang__CPT7,Quaternary,MASW,4.0,205.0,3.0,173.6901683526221,223.57808874396918,215.36200478705385,198.81947490353306,198.81947490353306
286,Lang,Lang,Lang__CPT7,Quaternary,MASW,5.0,212.0,3.0,226.2774930912466,239.85854114972008,240.73329057323724,233.73409134786507,233.73409134786507
287,Lang,Lang,Lang__CPT7,Quaternary,MASW,6.0,223.0,3.0,194.12167842887214,219.23878151387055,220.03402951826806,207.63239955979,207.63239955979
288,Lang,Lang,Lang__CPT7,Quaternary,MASW,6.85,234.0,3.0,190.66918843839883,219.6716786412024,220.66839677716948,206.20470861525968,206.20470861525968
289,Lang,Lang,Lang__CPT7,Quaternary,MASW,7.699999999999999,244.0,3.0,241.19608717522675,248.07595642673937,241.08970189020425,244.257318844645,244.257318844645
290,Lang,Lang,Lang__CPT7,Quaternary,MASW,8.85,254.0,3.0,280.94662858165964,282.07870770699526,285.3254370900112,281.89112814226127,281.89112814226127
291,Lang,Lang,Lang__CPT7,Quaternary,MASW,10.09,265.0,3.0,296.5621565247402,290.45702119423737,296.9938591116585,293.84186484025844,293.84186484025844
376,Lang,Lang,Lang__CPT9,Quaternary,MASW,2.0,169.0,3.0,155.84206788715338,180.67832154836748,178.83812887235297,168.87363400719042,168.87363400719042
377,Lang,Lang,Lang__CPT9,Quaternary,MASW,3.25,190.0,3.0,173.63691005965018,196.69864629398288,194.72161178078468,185.7765761085652,185.7765761085652
378,Lang,Lang,Lang__CPT9,Quaternary,MASW,4.5,218.0,3.0,203.34981701784454,214.0555183568098,213.79196101024303,209.1441558675027,209.1441558675027
379,Lang,Lang,Lang__CPT9,Quaternary,MASW,5.5,238.0,3.0,221.38243945816865,221.60838067780207,223.99658101120602,221.74423925269002,221.74423925269002
380,Lang,Lang,Lang__CPT9,Quaternary,MASW,6.5,254.0,3.0,232.71436958412707,227.32325712429105,227.98903776865035,229.80082233066662,229.80082233066662
381,Lang,Lang,Lang__CPT9,Quaternary,MASW,7.5,278.0,3.0,234.63994011584722,242.37237844782948,239.8996461522981,238.6169220901254,238.6169220901254
382,Lang,Lang,Lang__CPT9,Quaternary,MASW,8.5,279.0,3.0,299.369250247333,306.5182031342218,301.0767393721639,302.7375400741374,302.7375400741374
383,Lang,Lang,Lang__CPT9,Quaternary,MASW,9.5,284.0,3.0,274.1754670493762,269.55555244444884,267.3061458736118,271.3972781059855,271.3972781059855
384,Lang,Lang,Lang__CPT9,Quaternary,MASW,10.5,286.0,3.0,283.07465797229816,280.80605409093255,275.440434958777,281.2814716963145,281.2814716963145
385,Lang,Lang,Lang__CPT9,Tertiary,MASW,11.5,286.0,3.0,278.05397668425235,279.31694698120265,283.6607698983983,279.1783951687071,279.1783951687071
386,Lang,Lang,Lang__CPT9,Tertiary,MASW,12.5,286.0,3.0,311.9551897371226,311.21777277457767,314.3972846468607,311.86623053483765,311.86623053483765
387,Lang,Lang,Lang__CPT9,Tertiary,MASW,13.5,282.0,3.0,329.58134589995063,325.0793850285197,320.5756450665339,326.64158633692415,326.64158633692415
388,Lang,Lang,Lang__CPT9,Tertiary,MASW,14.5,281.5,3.0,330.0081915754346,335.41925099575326,320.564323580342,331.46847937754916,331.46847937754916
389,Lang,Lang,Lang__CPT9,Tertiary,MASW,15.75,285.0,3.0,356.11156070903303,384.98347923015683,372.7270116592857,370.5115589569489,370.5115589569489
390,Lang,Lang,Lang__CPT9,Tertiary,MASW,17.0,290.0,3.0,430.8481918817375,441.0501108751463,433.55957480170827,435.6827575847213,437.348129968916
391,Lang,Lang,Lang__CPT9,Tertiary,MASW,18.0,298.0,3.0,366.7585119275431,358.1948628408235,357.9488362237311,361.9986035607423,361.9986035607423
392,Lang,Lang,Lang__CPT9,Tertiary,MASW,19.0,309.0,3.0,414.1920566349959,428.6931180052248,414.73774295011356,420.7112068162913,423.1145901828477
393,Lang,Lang,Lang__CPT9,Tertiary,MASW,20.0,320.0,3.0,440.8186364456228,463.9634416369051,449.93858137811304,452.01202867593616,455.3231812093822
394,Lang,Lang,Lang__CPT9,Tertiary,MASW,20.8,333.0,3.0,429.35876793582526,456.8457224287547,453.9826004647567,443.9861016172677,446.4861379721767
150,Marina,Marina,Marina__CPT1,Quaternary,MASW,1.5,154.37361376580503,3.0,180.21042107276733,211.40307117798645,215.89151505598693,197.1626263182277,197.1626263182277
151,Marina,Marina,Marina__CPT1,Quaternary,MASW,2.4,188.9515464665028,3.0,203.37658087194103,218.85330871453291,219.57601532435942,211.81797720382875,211.81797720382875
152,Marina,Marina,Marina__CPT1,Quaternary,MASW,3.1,210.7618990419121,3.0,214.0064917900635,217.79602141815226,218.52475217939744,216.15469047974997,216.15469047974997
153,Marina,Marina,Marina__CPT1,Quaternary,MASW,3.7,216.8659416178409,3.0,225.47071641838923,227.34625120226409,226.75884106265914,226.44174700979477,226.44174700979477
154,Marina,Marina,Marina__CPT1,Quaternary,MASW,4.45,192.58263899576804,3.0,206.45627705775996,219.89653652985956,222.71984460265256,214.0162784535622,214.0162784535622
155,Marina,Marina,Marina__CPT1,Quaternary,MASW,5.2,254.04192770326176,3.0,229.28542127492267,235.97047335633624,234.79091214776116,232.82171058873524,232.82171058873524
156,Marina,Marina,Marina__CPT1,Quaternary,MASW,5.75,254.85619390992656,3.0,208.6491068932479,220.34840655074052,221.10604528070937,215.07848151653283,215.07848151653283
157,Marina,Marina,Marina__CPT1,Quaternary,MASW,6.5,229.95709832009632,3.0,180.27122984914917,222.81086763523527,222.10504765209393,202.48557934536564,202.48557934536564
158,Marina,Marina,Marina__CPT1,Quaternary,MASW,7.65,204.7285980178102,3.0,178.47667877893088,220.78149686613799,225.98495525536202,201.09571649170465,201.09571649170465
159,Marina,Marina,Marina__CPT1,Quaternary,MASW,8.65,253.02665478008373,3.0,230.4885405807611,236.25468014976306,239.3348720192529,233.94511951511205,233.94511951511205
160,Marina,Marina,Marina__CPT1,Quaternary,MASW,9.5,254.45081735336137,3.0,232.7779170643994,232.94783798797533,239.3508103959651,233.50366313551612,233.50366313551612
161,Marina,Marina,Marina__CPT1,Quaternary,MASW,11.0,248.69925764605333,3.0,251.07510331937905,259.0392122652234,260.40642578774913,255.5590658813221,255.5590658813221
162,Marina,Marina,Marina__CPT1,Quaternary,MASW,12.5,300.69654630824925,3.0,321.407998265664,350.5784477884151,338.9091319219349,335.9983768072875,335.9983768072875
163,Marina,Marina,Marina__CPT1,Quaternary,MASW,14.0,318.2497071346119,3.0,372.20225285401625,466.6638393926071,432.4298312889696,418.30589110832085,448.04775563390274
164,Marina,Marina,Marina__CPT1,Tertiary,MASW,15.55,335.13417893108965,3.0,411.58492654816905,454.3545156854974,434.1702691500804,432.613878321397,456.2098548355891
165,Marina,Marina,Marina__CPT2,Quaternary,MASW,1.45,162.8655867742902,3.0,185.60811174949035,203.2971573745867,208.11701387469904,195.5953270936304,195.5953270936304
166,Marina,Marina,Marina__CPT2,Quaternary,MASW,2.15,152.4065336873562,3.0,164.90720176984445,187.6070439598128,194.96891690544032,177.7118881697306,177.7118881697306
167,Marina,Marina,Marina__CPT2,Quaternary,MASW,2.9,172.2616758424782,3.0,191.04111129516687,210.3358842967751,211.88258163302598,201.57079976461944,201.57079976461944
168,Marina,Marina,Marina__CPT2,Quaternary,MASW,4.2,225.0811766638941,3.0,262.32771936788066,258.0129870809321,251.71477254215498,259.304144389556,259.304144389556
169,Marina,Marina,Marina__CPT2,Quaternary,MASW,5.5,224.0938681444996,3.0,216.44909901563102,213.0604902786595,219.27222171816064,215.19628945547117,215.19628945547117
170,Marina,Marina,Marina__CPT2,Quaternary,MASW,6.5,228.58095676543687,3.0,209.37861817626512,220.8284025762097,225.34387114679748,216.03735036429265,216.03735036429265
171,Marina,Marina,Marina__CPT2,Quaternary,MASW,8.0,250.2333078399093,3.0,232.70855520505577,238.23454580184116,242.11472662617248,236.11295145162336,236.11295145162336
172,Marina,Marina,Marina__CPT2,Quaternary,MASW,9.5,236.1418597383989,3.0,219.20039312847626,231.57195647682886,235.77639667982308,226.32749399215976,226.32749399215976
173,Marina,Marina,Marina__CPT2,Quaternary,MASW,10.5,282.537697681028,3.0,281.5746841544122,285.62216875273447,276.47288079303326,282.8712026666931,282.8712026666931
174,Marina,Marina,Marina__CPT2,Quaternary,MASW,11.75,275.1829064009047,3.0,265.90893286334,299.9927169869872,288.49881933096657,283.03754025437854,283.03754025437854
175,Marina,Marina,Marina__CPT2,Quaternary,MASW,13.15,319.4455185892932,3.0,325.59460659363594,355.96040283662654,348.36641778473495,341.22365423778683,341.22365423778683
176,Marina,Marina,Marina__CPT2,Quaternary,MASW,14.4,305.3404635400741,3.0,309.18630094451055,324.9391846407038,319.22439833794016,317.1901235874373,317.1901235874373
177,Marina,Marina,Marina__CPT2,Tertiary,MASW,15.5,318.45230541235145,3.0,325.13868456262355,332.9374927475837,327.7349948773038,328.8867587240539,328.8867587240539
178,Marina,Marina,Marina__CPT2,Tertiary,MASW,16.5,354.9977594624199,3.0,372.6849188338546,370.83845138529057,362.73471595406477,370.84794105949067,370.84794105949067
179,Marina,Marina,Marina__CPT2,Tertiary,MASW,17.5,355.3165664289617,3.0,396.97510625821394,403.899769458322,380.40416092321925,398.3741238906755,414.72888075738456
262,Paskal,Paskal,Paskal__CPT1,Quaternary,MASW,1.5,161.2812034755749,5.0,189.63960030257974,159.16177599476043,166.72368948616113,170.71625632579722,170.71625632579722
263,Paskal,Paskal,Paskal__CPT1,Quaternary,MASW,2.5,222.76172789332315,5.0,255.08548813825442,237.3187036539671,234.20212881486833,244.27188359902263,244.27188359902263
264,Paskal,Paskal,Paskal__CPT1,Quaternary,MASW,3.25,223.9108492496985,5.0,258.57249691475687,254.98841898318474,253.01074146259657,256.4160497943228,256.4160497943228
265,Paskal,Paskal,Paskal__CPT1,Quaternary,MASW,4.15,229.6152703338023,5.0,250.73359628180316,249.20632395404044,241.47887822907202,249.8161133468346,249.8161133468346
266,Paskal,Paskal,Paskal__CPT1,Quaternary,MASW,5.3,284.8468157056311,5.0,230.28464373876835,221.50434943206415,223.22110327405684,224.97556255115668,224.97556255115668
267,Paskal,Paskal,Paskal__CPT1,Quaternary,MASW,6.15,267.058512604076,5.0,247.0356766207124,255.72217565724003,244.72734277342659,252.21151196946033,252.21151196946033
268,Paskal,Paskal,Paskal__CPT1,Quaternary,MASW,7.0,225.18262954113905,5.0,264.67246461827494,275.55258713119684,270.9241016433667,271.1478719824911,271.1478719824911
269,Paskal,Paskal,Paskal__CPT1,Quaternary,MASW,8.25,211.45499754260985,5.0,267.50613881871413,280.18045448514084,265.59091266214114,275.0402172452723,275.0402172452723
270,Paskal,Paskal,Paskal__CPT1,Quaternary,MASW,9.52,187.58499662470868,5.0,244.29970899639883,255.79352268697176,251.26933942585148,251.13249165348867,251.13249165348867
271,Paskal,Paskal,Paskal__CPT2,Quaternary,MASW,1.5,157.3610543809992,5.0,189.81376571559892,161.153602524579,155.92888598379974,172.05808826652603,172.05808826652603
272,Paskal,Paskal,Paskal__CPT2,Quaternary,MASW,2.5,212.313686919956,5.0,249.62817356699762,232.29971889903942,232.76104426415517,239.08187340479682,239.08187340479682
273,Paskal,Paskal,Paskal__CPT2,Quaternary,MASW,3.35,203.21529879091256,5.0,260.10996331330915,259.5708653936666,257.9739373798337,259.78637035304894,259.78637035304894
274,Paskal,Paskal,Paskal__CPT2,Tertiary,MASW,4.1,194.23547021582692,5.0,200.71466097561424,209.58606004630366,209.5184600659203,205.9913930548474,221.00913242487917
275,Paskal,Paskal,Paskal__CPT2,Tertiary,MASW,5.0,267.27963511620146,5.0,194.49582798089492,206.69439513868258,216.94490837699814,201.72574873339727,218.23091829915398
276,Paskal,Paskal,Paskal__CPT2,Tertiary,MASW,6.0,248.23038318074427,5.0,203.09640671265976,211.10624664520623,223.39788021961292,207.86508463710615,220.59319923371564
277,Paskal,Paskal,Paskal__CPT2,Tertiary,MASW,6.75,188.43348036726303,5.0,218.45247777300858,212.64133919045454,226.08348936592827,214.94701047882884,226.05287896031032
278,Paskal,Paskal,Paskal__CPT2,Tertiary,MASW,7.25,189.31716125851733,5.0,222.74103425749516,214.7845329156046,227.74339230813993,217.93244686394442,227.8877322533988
279,Paskal,Paskal,Paskal__CPT2,Tertiary,MASW,7.75,197.5519360067566,5.0,226.88455264358697,215.61417160763895,228.98229452563174,220.05353650883993,230.4414778455587
280,Paskal,Paskal,Paskal__CPT2,Tertiary,MASW,8.25,202.310932199361,5.0,234.6522018225701,228.46250678841295,237.19984368511857,230.9185469948468,237.793024852475
281,Paskal,Paskal,Paskal__CPT2,Tertiary,MASW,8.75,205.9751159322853,5.0,238.01140647562733,235.15515328223992,245.21277766678745,236.29351818557103,241.06735354604936
282,Paskal,Paskal,Paskal__CPT2,Tertiary,MASW,9.505,243.3681410722542,5.0,270.5587853364469,268.943230579429,275.08484891218546,269.5882916330214,274.17929273250894
602,Puskas,Puskas,Puskas__CPTu 101,Quaternary,MASW,1.5,138.68254140664703,1.0,192.77337395727565,199.19300968422536,202.0630498552834,196.47760784210743,196.47760784210743
603,Puskas,Puskas,Puskas__CPTu 101,Quaternary,MASW,2.65,175.6383057937299,1.0,181.42521309896196,201.19955814630538,205.4616242668739,191.27005006679778,191.27005006679778
604,Puskas,Puskas,Puskas__CPTu 101,Quaternary,MASW,3.8,226.254185497313,1.0,173.10528240897213,206.32754535202363,206.0430034568187,187.25853428695282,187.25853428695282
605,Puskas,Puskas,Puskas__CPTu 101,Quaternary,MASW,4.8,322.56166663971857,1.0,191.94900909018523,220.49503848475018,211.108663031418,201.65726410340125,201.65726410340125
606,Puskas,Puskas,Puskas__CPTu 101,Quaternary,MASW,5.9,349.5909756775834,1.0,247.48401162035637,254.32053243926643,249.70675607075196,249.1651119353494,249.1651119353494
607,Puskas,Puskas,Puskas__CPTu 101,Quaternary,MASW,7.0,271.02729546635857,1.0,243.66695943257608,256.3443637096399,247.9795961655467,246.82349903521313,246.82349903521313
608,Puskas,Puskas,Puskas__CPTu 101,Quaternary,MASW,7.75,212.7095348061291,1.0,201.16510750847343,208.02048715410933,203.82380312156425,202.97677415035912,202.97677415035912
609,Puskas,Puskas,Puskas__CPTu 101,Quaternary,MASW,8.5,274.51122171261454,1.0,216.58321197689588,225.26254469508177,216.95146690286597,217.9745349240394,217.9745349240394
610,Puskas,Puskas,Puskas__CPTu 101,Quaternary,MASW,9.5,353.5717404298168,1.0,256.74811229411074,269.49380484114704,270.1807384816841,262.60780264791237,262.60780264791237
611,Puskas,Puskas,Puskas__CPTu 101,Quaternary,MASW,10.5,351.59011300743686,1.0,280.94168795407586,292.1893379004179,287.1279280663151,284.45343910292354,284.45343910292354
612,Puskas,Puskas,Puskas__CPTu 101,Quaternary,MASW,11.5,304.20050622200347,1.0,279.9688994860397,288.7606648727137,291.92586496787084,284.82156096352963,284.82156096352963
613,Puskas,Puskas,Puskas__CPTu 101,Tertiary,MASW,12.5,265.2928323682341,1.0,270.0685307892896,298.25111254627876,299.606193133964,282.7894718300523,286.1545719126623
614,Puskas,Puskas,Puskas__CPTu 101,Tertiary,MASW,13.6,310.8084916587805,1.0,285.52810352802186,293.2802074652244,296.6373951662297,289.9793394947826,291.37050653605877
615,Puskas,Puskas,Puskas__CPTu 101,Tertiary,MASW,15.2,312.0,1.0,319.30685669774607,316.06987724887887,307.3901841172525,315.2020251868879,312.84888416336855
616,Puskas,Puskas,Puskas__CPTu 102,Quaternary,MASW,1.5,173.75219099554448,1.0,191.04309282019955,194.37123330469927,199.29807553929376,193.98491875423022,193.98491875423022
617,Puskas,Puskas,Puskas__CPTu 102,Quaternary,MASW,2.6,169.63762925377875,1.0,173.3803796983486,179.5601248494483,187.56135324449383,178.45325108219808,178.45325108219808
618,Puskas,Puskas,Puskas__CPTu 102,Quaternary,MASW,3.7,289.2965889689008,1.0,227.58828960799636,248.958982847014,240.73039807597237,234.5907598354984,234.5907598354984
619,Puskas,Puskas,Puskas__CPTu 102,Quaternary,MASW,4.6,284.4555282995208,1.0,223.58047664426925,262.86701375243535,253.01006393890623,237.73350060281317,237.73350060281317
620,Puskas,Puskas,Puskas__CPTu 102,Quaternary,MASW,5.5,283.6958939452112,1.0,236.7894680741318,258.9889551369772,255.7877432497666,245.6152994621466,245.6152994621466
621,Puskas,Puskas,Puskas__CPTu 102,Quaternary,MASW,6.6,281.5545998734863,1.0,255.56186755667218,286.2465362063017,261.8468997195547,261.8472975923136,261.8472975923136
622,Puskas,Puskas,Puskas__CPTu 102,Quaternary,MASW,8.25,250.98040992645232,1.0,218.97958967443174,256.31698821050105,250.43825174039918,233.42577448590856,233.42577448590856
623,Puskas,Puskas,Puskas__CPTu 102,Quaternary,MASW,10.15,312.01853719663126,1.0,291.09169677333506,326.70578079516883,309.66178499734986,301.72146406367705,301.72146406367705
624,Puskas,Puskas,Puskas__CPTu 102,Quaternary,MASW,11.75,284.46017559275367,1.0,302.08416419659596,307.8177910124452,313.92542286391733,306.4519446608957,306.4519446608957
625,Puskas,Puskas,Puskas__CPTu 102,Quaternary,MASW,12.95,306.02310728847925,1.0,309.5796600247057,342.79674399425556,343.822777131999,324.39991132841175,324.39991132841175
626,Puskas,Puskas,Puskas__CPTu 102,Tertiary,MASW,13.95,301.69541044289565,1.0,310.05035622564094,298.25976150543266,301.3614045540651,305.6350929750957,304.74451545856016
627,Puskas,Puskas,Puskas__CPTu 102,Tertiary,MASW,15.0,315.54632358270493,1.0,289.9551541629701,285.3790690255425,290.0823311323055,289.3021483684469,289.75494975598576
628,Puskas,Puskas,Puskas__CPTu 102,Tertiary,MASW,16.0,422.7887352526375,1.0,289.2463899853711,284.6599735492088,286.99865110895286,287.87920083710264,287.32490309154764
629,Puskas,Puskas,Puskas__CPTu 102,Tertiary,MASW,17.0,424.2404683388645,1.0,296.94030371897713,304.2042432556313,302.3223160271019,299.62902670501876,300.61616527950866
630,Puskas,Puskas,Puskas__CPTu 102,Tertiary,MASW,18.0,467.0582993691288,1.0,332.68380082203487,330.7721089448604,328.2364913741557,331.05701953376104,329.3177647758272
631,Puskas,Puskas,Puskas__CPTu 102,Tertiary,MASW,19.0,477.7239513029948,1.0,344.97052787750545,330.4397047740832,331.8923541101012,338.7997680909123,336.0810233518099
632,Puskas,Puskas,Puskas__CPTu 102,Tertiary,MASW,20.0,450.0473236722789,1.0,361.19947142317085,345.99028330438193,341.18233694710386,352.7901537217824,376.2503861078001
633,Puskas,Puskas,Puskas__CPTu 102,Tertiary,MASW,20.75,449.6692803496859,1.0,391.8300073740213,377.0551418384788,378.93182535290475,385.68503269454425,407.99638673371953
634,Puskas,Puskas,Puskas__CPTu 102,Tertiary,MASW,21.5,519.3171293282068,1.0,451.1097727051712,424.9335008312506,422.10145031370524,438.2565631125428,446.4181652316171
635,Puskas,Puskas,Puskas__CPTu 102,Tertiary,MASW,22.5,474.5245914648232,1.0,440.15256748931444,395.19456167640203,400.65697629756943,421.05151894631047,426.31672502366894
636,Puskas,Puskas,Puskas__CPTu 102,Tertiary,MASW,23.5,420.604743225581,1.0,399.3429674248953,368.48087112404863,366.76619439130513,384.60892165664137,389.32656642466327
637,Puskas,Puskas,Puskas__CPTu 102,Tertiary,MASW,24.5,418.0843408364796,1.0,402.3509211470303,364.70619509649805,362.63950984832894,384.296789921365,382.9002276591428
638,Puskas,Puskas,Puskas__CPTu 102,Tertiary,MASW,25.58,420.0,1.0,420.9528370760577,363.70688348292816,370.806608719194,396.4472049248738,384.3831027561449
639,Puskas,Puskas,Puskas__CPTu 103,Quaternary,MASW,1.5,163.74777189115315,1.0,192.46566699840258,192.92391392143273,201.21201571346114,195.11846968542002,195.11846968542002
640,Puskas,Puskas,Puskas__CPTu 103,Quaternary,MASW,2.45,179.81892629917368,1.0,198.64683215115605,200.62275463571052,209.0469202868305,202.01102142185172,202.01102142185172
641,Puskas,Puskas,Puskas__CPTu 103,Quaternary,MASW,3.2,231.63812966562637,1.0,202.56775592972312,219.79224768940335,218.8975706689501,209.8880981971758,209.8880981971758
642,Puskas,Puskas,Puskas__CPTu 103,Quaternary,MASW,4.0,269.85890736778634,1.0,202.78969881304099,220.58478470621895,216.07843777689504,209.31242145358402,209.31242145358402
643,Puskas,Puskas,Puskas__CPTu 103,Quaternary,MASW,5.0,284.97715277718333,1.0,215.45062098016535,244.53571566951402,238.54727741461065,226.39401768104202,226.39401768104202
644,Puskas,Puskas,Puskas__CPTu 103,Quaternary,MASW,6.1,321.91311668643067,1.0,256.35762182817666,270.9157472088845,259.45838375753505,259.42443448312207,259.42443448312207
645,Puskas,Puskas,Puskas__CPTu 103,Quaternary,MASW,7.1,302.5285363643705,1.0,256.268211553144,263.46909305866535,256.53143656293787,257.4149318289172,257.4149318289172
646,Puskas,Puskas,Puskas__CPTu 103,Tertiary,MASW,7.9,249.9512931083937,1.0,195.03591471978612,203.20524271336882,208.68332317428445,200.26247758783305,208.18198019037257
647,Puskas,Puskas,Puskas__CPTu 103,Tertiary,MASW,9.05,276.09700022109786,1.0,214.8950762951224,228.96493317319397,232.28663134104087,222.0737194660748,224.31421559115554
648,Puskas,Puskas,Puskas__CPTu 103,Tertiary,MASW,10.15,303.7635396941799,1.0,237.49874893625645,258.64834848026317,264.1223124946452,248.34859833359826,249.3110704984547
649,Puskas,Puskas,Puskas__CPTu 103,Tertiary,MASW,11.05,290.5035179205965,1.0,249.16374995125906,271.39059584931323,278.2949401921804,260.89003102591437,265.0841858294635
650,Puskas,Puskas,Puskas__CPTu 103,Tertiary,MASW,12.2,297.05205747794787,1.0,281.2454629839837,290.94733303520155,296.54623404018713,287.2082560245766,288.975125824711
651,Puskas,Puskas,Puskas__CPTu 103,Tertiary,MASW,13.3,275.1647179618006,1.0,268.7334349520843,272.67015279904683,282.81700959885944,273.4791584512047,276.33689671556954
652,Puskas,Puskas,Puskas__CPTu 103,Tertiary,MASW,14.15,301.4852781605907,1.0,296.37589677077193,288.554752935273,292.32110393603756,293.97193460244415,294.92508616774955
653,Puskas,Puskas,Puskas__CPTu 103,Tertiary,MASW,14.9,304.3958867665379,1.0,320.67158609168166,310.76975644581194,312.0833133334821,316.577642385908,314.6820611844439
654,Puskas,Puskas,Puskas__CPTu 103,Tertiary,MASW,15.9,431.2908772341572,1.0,326.309640007577,316.165213632589,313.77966080174537,320.9748441929713,317.9859329814337
655,Puskas,Puskas,Puskas__CPTu 103,Tertiary,MASW,16.95,447.44510304030746,1.0,346.76353591361794,344.59114545343897,340.88998703036,344.6658643121599,342.9091851403024
656,Puskas,Puskas,Puskas__CPTu 103,Tertiary,MASW,17.799999999999997,456.2652742066623,1.0,355.75352307141344,362.89634565056315,354.2950047946539,356.3764220761609,404.2899213037471
657,Puskas,Puskas,Puskas__CPTu 103,Tertiary,MASW,18.9,469.3597430439654,1.0,377.2013931659857,358.2374094342567,356.64705153596225,368.0548459602376,398.73740366538823
658,Puskas,Puskas,Puskas__CPTu 103,Tertiary,MASW,20.05,451.5714428500952,1.0,374.86792492564246,355.46204073841557,352.01761103614035,364.9399070209391,389.5531428242933
659,Puskas,Puskas,Puskas__CPTu 103,Tertiary,MASW,20.75,438.4973544759012,1.0,371.2154859615091,349.93561879176116,343.83893606398374,359.58294563832413,380.83190746232236
660,Puskas,Puskas,Puskas__CPTu 103,Tertiary,MASW,21.5,498.1918044529453,1.0,422.6747761959978,356.70195448187184,357.4837551967215,391.8557275501464,388.5370708473277
661,Puskas,Puskas,Puskas__CPTu 103,Tertiary,MASW,22.845,430.8360034864727,1.0,382.19757372219624,360.9123716739704,356.5527957095195,371.11266720036355,383.5778008576447
524,Puskas,Puskas,Puskas__CPTu 104,Quaternary,MASW,1.9,163.18443070516346,1.0,179.04616254121814,178.736394755611,181.93186269925707,179.860310317207,179.860310317207
525,Puskas,Puskas,Puskas__CPTu 104,Quaternary,MASW,3.4,210.25515579391984,1.0,188.70425659769163,211.1657308366456,215.78706307854662,199.7933690844885,199.7933690844885
526,Puskas,Puskas,Puskas__CPTu 104,Quaternary,MASW,4.5,195.19172023592088,1.0,191.3689241067316,213.46420049335742,216.42278906307337,201.84543555294204,201.84543555294204
527,Puskas,Puskas,Puskas__CPTu 104,Quaternary,MASW,5.65,246.706066828521,1.0,249.57440402715906,256.42216012858324,253.43960198804325,251.74780929250628,251.74780929250628
528,Puskas,Puskas,Puskas__CPTu 104,Quaternary,MASW,6.699999999999999,285.97711503811126,1.0,258.55479928882215,271.2350264045356,262.03536173966324,261.46512454095773,261.46512454095773
529,Puskas,Puskas,Puskas__CPTu 104,Tertiary,MASW,7.7,234.8737739152925,1.0,200.9206663896767,224.63154093258623,222.18010244694338,210.56961093673021,218.76773114408826
530,Puskas,Puskas,Puskas__CPTu 104,Tertiary,MASW,9.05,312.9671055278385,1.0,268.249892375001,283.1889748249433,286.72764869729957,275.8983347515605,278.8022923453388
531,Puskas,Puskas,Puskas__CPTu 104,Tertiary,MASW,10.15,276.2181107129158,1.0,239.64887087787938,256.43840334991575,266.25715925055357,249.8643581999576,255.1198996186282
532,Puskas,Puskas,Puskas__CPTu 104,Tertiary,MASW,11.0,324.4570490369466,1.0,272.4348802361443,296.85914350030635,299.7636077107752,283.9950217295946,287.46795110051363
533,Puskas,Puskas,Puskas__CPTu 104,Tertiary,MASW,12.0,311.63967452618743,1.0,286.01401943459473,292.2892121912246,295.1862349733325,289.6768406651541,291.03252267202424
534,Puskas,Puskas,Puskas__CPTu 104,Tertiary,MASW,13.0,295.5140211867028,1.0,272.73226209743746,292.8342908395104,292.0846307723269,281.3850271358256,284.16073104422594
535,Puskas,Puskas,Puskas__CPTu 104,Tertiary,MASW,14.0,335.13074954740495,1.0,322.242019481601,332.54062206414596,331.1836893755103,326.4356496927622,326.5946216725151
536,Puskas,Puskas,Puskas__CPTu 104,Tertiary,MASW,15.0,323.96592211186413,1.0,300.8925303492622,322.70828172907613,312.6417781845805,307.58269218332873,310.0245498859987
537,Puskas,Puskas,Puskas__CPTu 104,Tertiary,MASW,16.0,437.4866573166197,1.0,386.91132390875737,448.67682008098484,436.0267361972654,410.0438224048799,457.57015081466585
538,Puskas,Puskas,Puskas__CPTu 104,Tertiary,MASW,16.75,413.7721971704041,1.0,375.90141814455166,470.7412565054837,419.22025473421303,401.73594986713164,481.34134229287537
539,Puskas,Puskas,Puskas__CPTu 104,Tertiary,MASW,17.45,341.0583951550048,1.0,337.9571306246394,420.97385264515816,391.0317487779282,364.90159537401365,440.62961264325065
540,Puskas,Puskas,Puskas__CPTu 105,Quaternary,MASW,1.5,207.27264054799303,1.0,212.86976001533097,233.8949828074451,236.75476818619615,222.8976244673504,222.8976244673504
541,Puskas,Puskas,Puskas__CPTu 105,Quaternary,MASW,2.5,158.72141746342407,1.0,176.80351917527125,178.91505736313158,191.18209300244592,181.3222899424423,181.3222899424423
542,Puskas,Puskas,Puskas__CPTu 105,Quaternary,MASW,3.5,215.63788526793937,1.0,205.28424292259723,235.54972165462888,227.24196545040343,216.0501334084498,216.0501334084498
543,Puskas,Puskas,Puskas__CPTu 105,Quaternary,MASW,4.5,206.6519916051882,1.0,218.02161712912203,247.97186679735486,242.4376863047092,229.46431551697015,229.46431551697015
544,Puskas,Puskas,Puskas__CPTu 105,Quaternary,MASW,5.75,244.4049327006428,1.0,251.84685791020001,269.0430899499412,258.76892916994353,256.43187637295404,256.43187637295404
545,Puskas,Puskas,Puskas__CPTu 105,Quaternary,MASW,6.9,300.54341875664136,1.0,256.2592224072429,273.0879750587385,265.5016314992091,261.4804790891673,261.4804790891673
546,Puskas,Puskas,Puskas__CPTu 105,Tertiary,MASW,8.0,257.4156054634633,1.0,220.70487162790724,244.3798474316008,240.29234522541748,229.8943748681247,236.42352667852498
547,Puskas,Puskas,Puskas__CPTu 105,Tertiary,MASW,9.35,289.92602749610785,1.0,249.95439468693263,273.8731581118128,272.7529492715817,260.1277499220385,264.1935521256631
548,Puskas,Puskas,Puskas__CPTu 105,Tertiary,MASW,10.5,269.63528133696855,1.0,241.60096376796895,260.5876189984334,276.38180651431986,254.41936616741899,259.2367509379689
549,Puskas,Puskas,Puskas__CPTu 105,Tertiary,MASW,11.5,296.4125627351424,1.0,260.2466327484955,294.52875955865613,294.7176208092505,275.20277100379036,278.5419721562673
550,Puskas,Puskas,Puskas__CPTu 105,Tertiary,MASW,12.5,332.81720212636026,1.0,291.0400794024613,294.3635385054703,307.0445943321628,296.2559483779864,297.0784527557032
551,Puskas,Puskas,Puskas__CPTu 105,Tertiary,MASW,13.56,319.0,1.0,286.02957702280446,295.8178970325056,303.75853935134717,292.71045491807433,294.27122822987053
552,Puskas,Puskas,Puskas__CPTu 105a,Quaternary,MASW,1.5,203.07003454043985,1.0,224.85554821843976,231.4023462491446,234.17375960862526,228.5933628962427,228.5933628962427
553,Puskas,Puskas,Puskas__CPTu 105a,Quaternary,MASW,2.5,164.1698805554823,1.0,193.4367136035059,192.7062248002312,207.19923633650473,197.35457771060936,197.35457771060936
554,Puskas,Puskas,Puskas__CPTu 105a,Quaternary,MASW,3.5,226.5301257540227,1.0,219.01078233819698,244.28845976883122,234.31021334925262,227.18457008547944,227.18457008547944
555,Puskas,Puskas,Puskas__CPTu 105a,Quaternary,MASW,4.6,214.0557725227909,1.0,235.6004302875711,257.9068427265756,254.9491583161504,244.54137403560415,244.54137403560415
556,Puskas,Puskas,Puskas__CPTu 105a,Quaternary,MASW,5.85,228.08041455768125,1.0,254.47005026246433,290.84331452822926,268.93449499645345,263.96295868651737,263.96295868651737
557,Puskas,Puskas,Puskas__CPTu 105a,Quaternary,MASW,6.9,286.4074786821876,1.0,263.7180161722984,300.1778536015582,277.12383980978166,272.92030855823515,272.92030855823515
558,Puskas,Puskas,Puskas__CPTu 105a,Tertiary,MASW,8.0,264.2290965879465,1.0,241.7508016963775,260.81986102147795,263.08619800992625,250.80308599249074,256.2170856565515
559,Puskas,Puskas,Puskas__CPTu 105a,Tertiary,MASW,9.35,294.3799419997476,1.0,268.12787711391985,294.4958068542825,288.2804334163104,277.9038097825855,281.3746606680963
560,Puskas,Puskas,Puskas__CPTu 105a,Tertiary,MASW,10.5,316.6613959944379,1.0,286.9851176693113,303.7882325453403,302.2607120058767,293.9834005368679,295.6721011761394
561,Puskas,Puskas,Puskas__CPTu 105a,Tertiary,MASW,11.5,320.1817390435761,1.0,284.9892142457367,298.86210004547416,298.26760316617595,290.9766134632935,292.5825448711619
562,Puskas,Puskas,Puskas__CPTu 105a,Tertiary,MASW,12.5,292.3243246637816,1.0,266.8804805588741,284.6781536015882,295.6762664485107,277.8896084148116,280.718774632074
563,Puskas,Puskas,Puskas__CPTu 105a,Tertiary,MASW,13.225,293.2251197283667,1.0,282.8314477499415,305.14099404994715,313.09426691269726,294.9292532560871,298.1874719370208
564,Puskas,Puskas,Puskas__CPTu 105b,Quaternary,MASW,1.5,190.9938787397064,1.0,218.31431726637805,226.85329273669504,226.32054758773657,221.9597252871407,221.9597252871407
565,Puskas,Puskas,Puskas__CPTu 105b,Quaternary,MASW,2.5,191.8727199208419,1.0,219.34832787880688,226.46573003427545,224.81964478434418,222.03658104280612,222.03658104280612
566,Puskas,Puskas,Puskas__CPTu 105b,Quaternary,MASW,3.7,225.42125665162249,1.0,222.1844362049204,251.49584508826757,245.0750028753589,233.11049452011147,233.11049452011147
567,Puskas,Puskas,Puskas__CPTu 105b,Quaternary,MASW,4.85,215.9984124182276,1.0,240.8444225477468,272.40438149102613,265.8367863688971,252.70961328236857,252.70961328236857
568,Puskas,Puskas,Puskas__CPTu 105b,Quaternary,MASW,5.9,230.9055854621707,1.0,250.9295650438809,275.61428283794476,261.5046152653773,257.6573726715105,257.6573726715105
569,Puskas,Puskas,Puskas__CPTu 105b,Quaternary,MASW,6.9,263.38069592274184,1.0,240.72433661880257,273.7362146552776,258.4171807981325,250.68725396024269,250.68725396024269
570,Puskas,Puskas,Puskas__CPTu 105b,Tertiary,MASW,8.0,251.39253454287743,1.0,222.09438233314202,246.2978676046118,241.56584350938627,231.32651827710487,237.33489182521834
571,Puskas,Puskas,Puskas__CPTu 105b,Tertiary,MASW,9.35,312.61877516206926,1.0,269.38696811972386,288.7749751348679,287.91831765849923,277.6974184280863,280.83999115871325
572,Puskas,Puskas,Puskas__CPTu 105b,Tertiary,MASW,10.5,317.55627388021264,1.0,279.316074217107,289.5981085566776,288.2491945161914,283.499665001967,285.53272308573423
573,Puskas,Puskas,Puskas__CPTu 105b,Tertiary,MASW,11.5,294.56513068992183,1.0,257.40110386418087,271.98433489955744,279.6503245682869,266.0736729573365,268.62829318754774
574,Puskas,Puskas,Puskas__CPTu 105b,Tertiary,MASW,12.5,306.618003282423,1.0,274.35555753082457,294.0460308312069,295.43823006310987,283.4489647641553,286.16703181991807
575,Puskas,Puskas,Puskas__CPTu 105b,Tertiary,MASW,13.75,309.0054926016797,1.0,284.72031283249027,297.15161272479145,296.78695496554917,290.1418025403806,291.74348430462936
576,Puskas,Puskas,Puskas__CPTu 105b,Tertiary,MASW,15.05,373.22921534716966,1.0,322.9825101205897,315.6481599665307,305.9528335973704,316.68339067994833,314.86308777613965
577,Puskas,Puskas,Puskas__CPTu 105b,Tertiary,MASW,16.05,373.4975912838863,1.0,311.1338284675405,317.1214856768187,313.12260090483625,312.6217234400642,311.57499938233093
578,Puskas,Puskas,Puskas__CPTu 105b,Tertiary,MASW,17.22,400.1815312092543,1.0,342.8518606196626,356.5516350221473,338.94270926542185,343.6883686598891,341.3681205554338
579,Puskas,Puskas,Puskas__CPTu 105b,Tertiary,MASW,17.97,350.6081552017557,1.0,310.2362507200669,328.39575071949554,326.9975043958379,317.87316020046325,318.6836465873191
580,Puskas,Puskas,Puskas__CPTu 105b,Tertiary,MASW,18.5,374.65111799992616,1.0,337.2787797422866,334.6489364069692,330.3630495120379,334.79565814023164,333.4935972630865
581,Puskas,Puskas,Puskas__CPTu 105b,Tertiary,MASW,19.49,378.7647664543246,1.0,341.226411072639,344.4530338277658,344.6904557054817,342.745475670904,341.5472588323562
582,Puskas,Puskas,Puskas__CPTu 106b,Quaternary,MASW,1.65,166.46592004006249,1.0,205.7648310871678,209.05673403081175,210.33716706892983,207.61970121631884,207.61970121631884
583,Puskas,Puskas,Puskas__CPTu 106b,Quaternary,MASW,2.65,213.10110515722656,1.0,229.1382351098897,246.43359833771234,242.91082119347254,235.74511728799587,235.74511728799587
584,Puskas,Puskas,Puskas__CPTu 106b,Quaternary,MASW,3.5,255.60486092847967,1.0,252.12071662829706,282.73591451897033,270.6952421430628,262.020955828205,262.020955828205
585,Puskas,Puskas,Puskas__CPTu 106b,Quaternary,MASW,4.5,214.86118457919997,1.0,243.05524418000232,312.4332684133616,282.1445310443151,263.93247449763766,263.93247449763766
586,Puskas,Puskas,Puskas__CPTu 106b,Quaternary,MASW,5.75,213.649738774907,1.0,243.7450910307915,293.56606160344256,269.4875641091339,258.3046524056088,258.3046524056088
587,Puskas,Puskas,Puskas__CPTu 106b,Quaternary,MASW,7.15,265.60177278354627,1.0,242.80350451785893,269.7541047209783,257.4989557715502,251.05453680401106,251.05453680401106
588,Puskas,Puskas,Puskas__CPTu 106b,Tertiary,MASW,8.4,285.95755638825125,1.0,240.6435970605229,267.9246392138437,257.9280197121216,249.69355128162437,256.023032715251
589,Puskas,Puskas,Puskas__CPTu 106b,Tertiary,MASW,9.5,270.55175189310285,1.0,236.83645899124048,250.42085041639436,259.81378603637273,245.55339211851194,250.00785895824808
590,Puskas,Puskas,Puskas__CPTu 106b,Tertiary,MASW,10.5,300.2910177067554,1.0,257.8022979096804,283.63377903865813,283.6480615764906,269.1258223999236,273.58587264446265
591,Puskas,Puskas,Puskas__CPTu 106b,Tertiary,MASW,11.5,329.2169595598079,1.0,277.8966581775194,287.5775570637316,289.9966843232242,282.9221739948974,284.65280409206724
592,Puskas,Puskas,Puskas__CPTu 106b,Tertiary,MASW,12.5,304.37851762332224,1.0,264.9056917910475,276.54883463830106,284.09719736450046,272.2739356806279,274.4386625847432
593,Puskas,Puskas,Puskas__CPTu 106b,Tertiary,MASW,13.75,305.9080287175228,1.0,275.1581213165166,283.3435749683841,288.99978041912897,280.47008348388925,281.7302226947511
594,Puskas,Puskas,Puskas__CPTu 106b,Tertiary,MASW,15.05,339.95832130039133,1.0,293.976297730471,288.1107777319603,295.73404480429247,293.61355175411927,294.3417493676502
595,Puskas,Puskas,Puskas__CPTu 106b,Tertiary,MASW,16.05,346.8125163840661,1.0,296.29276235651787,302.5286769502155,305.78622621522334,300.0453714149482,300.23055019040834
596,Puskas,Puskas,Puskas__CPTu 106b,Tertiary,MASW,17.22,396.8175641011732,1.0,348.21114535831947,318.0839327121754,315.1321849721145,333.382312897016,329.9258882336795
597,Puskas,Puskas,Puskas__CPTu 106b,Tertiary,MASW,17.97,400.8088318143445,1.0,361.38407025812455,338.4821241495269,329.0292567153527,347.9234237328867,344.88108329231045
598,Puskas,Puskas,Puskas__CPTu 106b,Tertiary,MASW,18.5,401.38662122891856,1.0,361.4528895884096,336.7379021890793,334.36180645824766,349.37130712215156,346.4017947164802
599,Puskas,Puskas,Puskas__CPTu 106b,Tertiary,MASW,19.5,387.9174824560795,1.0,363.72601023912136,359.6917686422149,349.88564189039687,358.9164045108271,390.0410492400234
600,Puskas,Puskas,Puskas__CPTu 106b,Tertiary,MASW,20.5,585.5471353150621,1.0,387.1586237256599,402.1961925435733,392.25028052335995,390.90712619388177,422.39058248071944
601,Puskas,Puskas,Puskas__CPTu 106b,Tertiary,MASW,21.09,596.7310192112477,1.0,416.71125319020285,423.6076216014196,415.7712117570268,417.45557482736274,439.37836485205065
713,Puskas,Puskas,Puskas__CPTu 107,Quaternary,MASW,1.5,171.0314970781803,1.0,209.13428538286715,227.91767047754726,224.6709951712072,216.45353481386994,216.45353481386994
714,Puskas,Puskas,Puskas__CPTu 107,Quaternary,MASW,2.65,174.830611629113,1.0,207.98904990516306,232.10392796202143,223.53488874249177,216.0619182328719,216.0619182328719
715,Puskas,Puskas,Puskas__CPTu 107,Quaternary,MASW,3.65,282.7262832406957,1.0,209.20609578467432,237.76251808657324,232.71476804021026,220.1834012635103,220.1834012635103
716,Puskas,Puskas,Puskas__CPTu 107,Quaternary,MASW,4.5,306.5356378035019,1.0,224.0309333881484,251.2080576170427,241.82104358786907,233.1968371043555,233.1968371043555
717,Puskas,Puskas,Puskas__CPTu 107,Quaternary,MASW,5.5,312.2893837504623,1.0,223.44714271957395,251.17190944569862,242.42947234606908,233.03300098182748,233.03300098182748
718,Puskas,Puskas,Puskas__CPTu 107,Quaternary,MASW,6.5,262.9702795858493,1.0,227.78934181002256,250.9597782641909,245.90953520898958,236.49207880819714,236.49207880819714
719,Puskas,Puskas,Puskas__CPTu 107,Tertiary,MASW,7.5,222.69904339522503,1.0,217.49253145507274,242.9432579805104,228.6440500477264,224.47505698476152,233.02562286918527
720,Puskas,Puskas,Puskas__CPTu 107,Tertiary,MASW,8.5,255.54170957214,1.0,241.90228017628743,263.1980252169332,259.96638596632704,250.333823178677,256.68770108087426
721,Puskas,Puskas,Puskas__CPTu 107,Tertiary,MASW,9.5,279.65852833582034,1.0,264.53612927825975,285.62140405043976,294.27496658049256,276.2875753970114,281.30541871604396
722,Puskas,Puskas,Puskas__CPTu 107,Tertiary,MASW,10.5,273.2041046674423,1.0,268.4152399935246,302.01196030922904,301.584570580174,282.9243329997019,286.85984164282786
723,Puskas,Puskas,Puskas__CPTu 107,Tertiary,MASW,11.5,381.6608848999902,1.0,258.45614050314975,280.2451884951071,291.36720306443675,271.19126342030444,274.8704204149353
724,Puskas,Puskas,Puskas__CPTu 107,Tertiary,MASW,12.21,449.10579272697487,1.0,313.67079158354414,344.6803181136948,335.84277082300036,324.7237233293706,327.61344784461784
725,Puskas,Puskas,Puskas__CPTu 108,Quaternary,MASW,1.5,168.69504845605218,1.0,211.76729187391234,228.54900070582403,221.83826581986057,217.21020377015387,217.21020377015387
726,Puskas,Puskas,Puskas__CPTu 108,Quaternary,MASW,2.45,207.9253707484521,1.0,234.787926000042,248.55449428670363,243.34352321367086,239.35959880877112,239.35959880877112
727,Puskas,Puskas,Puskas__CPTu 108,Quaternary,MASW,3.2,257.99427658201216,1.0,237.98785012826238,292.66587321330826,277.51734065613016,257.0679784406683,257.0679784406683
728,Puskas,Puskas,Puskas__CPTu 108,Quaternary,MASW,3.75,320.2919012268393,1.0,258.23694562260454,320.5771998107361,297.4141151729846,278.29696780169445,278.29696780169445
729,Puskas,Puskas,Puskas__CPTu 108,Quaternary,MASW,4.75,310.9060148185139,1.0,251.75413970285496,315.6709981796323,288.57434696163295,271.3311529882355,271.3311529882355
730,Puskas,Puskas,Puskas__CPTu 108,Quaternary,MASW,6.15,291.42084093425814,1.0,238.087261907183,289.53238954570656,270.4861177627477,254.7434086279157,254.7434086279157
731,Puskas,Puskas,Puskas__CPTu 108,Quaternary,MASW,7.1,248.00923213838368,1.0,243.0528254728817,275.30936187300347,257.4057449094015,251.93818038660459,251.93818038660459
732,Puskas,Puskas,Puskas__CPTu 108,Tertiary,MASW,7.95,222.89708592256488,1.0,219.55670207125533,243.20868360314276,237.72312428596723,228.33315345719467,234.9836909496038
733,Puskas,Puskas,Puskas__CPTu 108,Tertiary,MASW,9.05,254.90147403751453,1.0,254.96651549446295,287.4418494267708,281.7980994225782,267.5036113601032,272.5309940248372
734,Puskas,Puskas,Puskas__CPTu 108,Tertiary,MASW,10.05,297.3943196732986,1.0,286.66493388097945,323.50244815593925,312.9072778192798,299.68316680200405,304.09942999507734
735,Puskas,Puskas,Puskas__CPTu 108,Tertiary,MASW,11.2,348.0762091527139,1.0,280.8257736941297,304.3461126151806,310.84645699954643,293.02810098223233,299.5504412907008
736,Puskas,Puskas,Puskas__CPTu 108,Tertiary,MASW,12.35,412.7767692618326,1.0,316.97973424792264,373.6229018279412,361.70939042534667,338.0183533974192,349.227004139287
737,Puskas,Puskas,Puskas__CPTu 108,Tertiary,MASW,13.1,401.7184754897793,1.0,315.75655707078505,341.30952107686403,349.4331103346831,329.3254429065994,341.39825002345486
738,Puskas,Puskas,Puskas__CPTu 108,Tertiary,MASW,13.7,412.2886177356382,1.0,325.3206946386238,382.0349959138403,370.17023184806965,346.4235034468152,361.5115470849776
739,Puskas,Puskas,Puskas__CPTu 108,Tertiary,MASW,14.5,417.8024253946145,1.0,333.4904448784455,382.86757932650147,377.7723980013514,353.4453098672887,437.07236279360785
740,Puskas,Puskas,Puskas__CPTu 108,Tertiary,MASW,15.5,407.0297928643518,1.0,322.8327233249537,340.8055447126371,338.60825260757446,330.1588260922882,332.52144299818144
741,Puskas,Puskas,Puskas__CPTu 108,Tertiary,MASW,16.5,415.2533959964566,1.0,296.30013278521136,306.51565725002513,306.88558311196186,300.963175764773,301.0162329737645
742,Puskas,Puskas,Puskas__CPTu 108,Tertiary,MASW,17.5,431.8171552529777,1.0,312.02682123002194,314.6540591936683,315.39656995344734,313.4278981388003,313.03419447585355
743,Puskas,Puskas,Puskas__CPTu 108,Tertiary,MASW,18.95,509.5914898045308,1.0,379.0829099825647,350.2880419207228,351.0608182343513,366.0853234557776,397.587933613454
744,Puskas,Puskas,Puskas__CPTu 108,Tertiary,MASW,20.2,584.1761783677528,1.0,432.4707273288102,439.1387610495716,422.66004351684785,430.4907439326814,440.8768727633074
745,Puskas,Puskas,Puskas__CPTu 108,Tertiary,MASW,20.75,552.889172343808,1.0,416.31947342354556,452.6221987307203,439.1288076925313,428.37355763547134,456.24046833743216
746,Puskas,Puskas,Puskas__CPTu 108,Tertiary,MASW,21.5,532.4758537595809,1.0,420.4824356255449,396.3065498829311,403.90018051443445,411.7638578931509,425.1442593501757
747,Puskas,Puskas,Puskas__CPTu 108,Tertiary,MASW,22.5,483.0520047601885,1.0,398.44861150383053,365.63669054680577,362.26232476577,382.26909740702087,387.03814775359484
748,Puskas,Puskas,Puskas__CPTu 108,Tertiary,MASW,23.75,475.8107531307998,1.0,402.1765568701616,370.5320524758725,367.8493482807624,386.7711555822245,384.209865018643
749,Puskas,Puskas,Puskas__CPTu 108,Tertiary,MASW,25.05,509.99439501805966,1.0,438.74046525618394,363.0126088928798,364.5750985295759,403.4025018891912,387.7700429069001
750,Puskas,Puskas,Puskas__CPTu 108,Tertiary,MASW,25.8,516.6209043516516,1.0,447.8665807252541,369.78034133628154,374.80396383777173,412.5385965929759,396.51831947647696
751,Puskas,Puskas,Puskas__CPTu 108,Tertiary,MASW,26.55,508.4925168924642,1.0,451.7005448582857,370.08885493758316,373.44160746164675,414.0764678642539,399.16487550680625
752,Puskas,Puskas,Puskas__CPTu 108,Tertiary,MASW,27.215,473.2015957908107,1.0,429.37971921090804,371.20519254632126,377.3535159161447,404.13779430309137,399.7082688812965
753,Puskas,Puskas,Puskas__CPTu 109,Quaternary,MASW,1.5,154.20132929995023,1.0,189.44089909964336,187.96063117068763,194.07508014722112,190.5950103423065,190.5950103423065
754,Puskas,Puskas,Puskas__CPTu 109,Quaternary,MASW,2.25,183.7380946685475,1.0,208.88710397953056,214.8027807437698,221.11356766080874,213.37424545427837,213.37424545427837
755,Puskas,Puskas,Puskas__CPTu 109,Quaternary,MASW,2.9,195.28916953321456,1.0,228.83209503134046,239.28928844573915,236.61956753042995,232.6955086185062,232.6955086185062
756,Puskas,Puskas,Puskas__CPTu 109,Quaternary,MASW,3.7,295.06869709530383,1.0,232.95829033095936,266.45649591720604,261.8080545638228,246.17380682576757,246.17380682576757
757,Puskas,Puskas,Puskas__CPTu 109,Quaternary,MASW,5.0,302.040380113818,1.0,243.690897657541,297.954463731737,273.3438030892441,259.95422085215426,259.95422085215426
758,Puskas,Puskas,Puskas__CPTu 109,Quaternary,MASW,5.95,290.78809470704414,1.0,235.0062678141204,305.18490310813496,278.3334260860371,257.1270466416611,257.1270466416611
759,Puskas,Puskas,Puskas__CPTu 109,Quaternary,MASW,6.5,285.1093118356397,1.0,245.90702197589331,305.6974287819985,277.8919828146558,263.56065904983564,263.56065904983564
760,Puskas,Puskas,Puskas__CPTu 109,Quaternary,MASW,7.5,240.57421175402212,1.0,265.5178671243012,288.70116917376316,274.82033045554306,271.66488236678833,271.66488236678833
761,Puskas,Puskas,Puskas__CPTu 109,Tertiary,MASW,8.5,229.16979180981505,1.0,231.9400139609261,258.381640862108,269.0487024316783,246.45926091526448,253.26045250847025
762,Puskas,Puskas,Puskas__CPTu 109,Tertiary,MASW,9.9,280.50292776260176,1.0,283.05449330583855,318.67402015160707,312.65113309321185,296.85784494249003,301.5035886328973
763,Puskas,Puskas,Puskas__CPTu 109,Tertiary,MASW,11.2,389.1176536775279,1.0,301.1557006161209,350.29271819021835,324.2052684466676,314.9530260858679,318.14188874189364
764,Puskas,Puskas,Puskas__CPTu 109,Tertiary,MASW,11.8,366.3946567236064,1.0,290.8400114726613,316.2147557715759,309.3112932476508,300.00316536316825,304.56860947577013
765,Puskas,Puskas,Puskas__CPTu 109,Tertiary,MASW,12.5,415.2952021326748,1.0,327.97819047645294,381.5283922463895,363.3048488588656,345.95938677131954,354.21754224973927
766,Puskas,Puskas,Puskas__CPTu 109,Tertiary,MASW,13.5,416.89764952808366,1.0,338.39808963467897,421.1392171622693,404.1000911758546,368.8042217271389,461.5885675330011
767,Puskas,Puskas,Puskas__CPTu 109,Tertiary,MASW,14.9,401.2370520208633,1.0,339.523994729062,440.5837701263246,402.59636302125443,371.5728623784089,461.4969642213058
768,Puskas,Puskas,Puskas__CPTu 109,Tertiary,MASW,16.15,473.1945423642119,1.0,349.10696757150504,470.1100642009148,414.9316296270244,384.4590416163691,461.0182090100965
769,Puskas,Puskas,Puskas__CPTu 109,Tertiary,MASW,16.9,475.4318888902732,1.0,357.28374453958656,407.0872078545913,394.99478373569553,375.48087220871486,420.6595840017146
770,Puskas,Puskas,Puskas__CPTu 109,Tertiary,MASW,17.9,497.3965333145044,1.0,386.07831592674256,437.89614306250934,426.83111770829555,405.4655546887631,443.32270658603574
771,Puskas,Puskas,Puskas__CPTu 109,Tertiary,MASW,19.05,488.5508029322555,1.0,398.86289674245205,445.12773614543744,435.9712430175243,416.45017894424467,446.26021913240913
772,Puskas,Puskas,Puskas__CPTu 109,Tertiary,MASW,19.8,468.0945771377496,1.0,393.84768207757685,430.4606715042181,425.72852915166726,408.56429441916754,444.41441614768416
773,Puskas,Puskas,Puskas__CPTu 109,Tertiary,MASW,20.5,474.3049527618691,1.0,402.94499446932645,437.661653426007,431.675279948393,416.48858142016945,447.8297145925467
774,Puskas,Puskas,Puskas__CPTu 109,Tertiary,MASW,21.5,509.46030729542105,1.0,412.37498390802375,445.07451686454294,434.5928080274094,423.7409552038194,453.78776054186613
775,Puskas,Puskas,Puskas__CPTu 109,Tertiary,MASW,22.75,508.9807292766628,1.0,421.7779298986695,455.61002596087957,442.5837523358555,432.89617536687274,453.8687267023344
776,Puskas,Puskas,Puskas__CPTu 109,Tertiary,MASW,23.75,558.4984862565876,1.0,465.67493078535796,463.25825468436096,451.55551288431195,461.03340266514965,458.8111309055743
777,Puskas,Puskas,Puskas__CPTu 109,Tertiary,MASW,24.5,486.2469479510288,1.0,440.6716567375237,430.6581317633831,429.1475065299856,435.67755917813736,449.38435237342355
778,Puskas,Puskas,Puskas__CPTu 109,Tertiary,MASW,25.5,468.82748348780166,1.0,411.53362149288813,404.31327241421275,409.95453367701884,409.9692986221595,426.07841634110025
779,Puskas,Puskas,Puskas__CPTu 109,Tertiary,MASW,26.5,493.6580005594871,1.0,440.2653269489106,397.88015251821673,389.351923567392,417.9347712107847,417.32703430944804
780,Puskas,Puskas,Puskas__CPTu 109,Tertiary,MASW,27.66,504.2900797769235,1.0,528.5214755443315,401.2247629996288,414.4232385705042,471.4393624769391,448.52075691368316
781,Puskas,Puskas,Puskas__CPTu 110,Quaternary,MASW,1.5,200.39827423258905,1.0,209.72601943989417,232.78011184362688,238.19995070799138,221.32636625560528,221.32636625560528
782,Puskas,Puskas,Puskas__CPTu 110,Quaternary,MASW,2.45,145.81757350484608,1.0,164.61764956079494,177.4873713085463,186.30363769850288,172.78400528320074,172.78400528320074
783,Puskas,Puskas,Puskas__CPTu 110,Quaternary,MASW,3.05,189.85635815921648,1.0,191.5578774007055,219.01566071015503,224.09151612392182,204.86317955554642,204.86317955554642
784,Puskas,Puskas,Puskas__CPTu 110,Quaternary,MASW,3.85,310.9234013659034,1.0,242.8174943640479,263.02661973156705,255.90823268756984,249.64864783720387,249.64864783720387
785,Puskas,Puskas,Puskas__CPTu 110,Quaternary,MASW,5.05,302.5591536137546,1.0,242.9578762992611,275.98430248228874,268.06568683391424,255.06276634509118,255.06276634509118
786,Puskas,Puskas,Puskas__CPTu 110,Quaternary,MASW,5.949999999999999,276.71814675465174,1.0,228.2774598097974,275.63523219218905,264.08225409063306,245.31643344110256,245.31643344110256
787,Puskas,Puskas,Puskas__CPTu 110,Quaternary,MASW,6.85,270.6218527389317,1.0,242.68565336502385,300.226721072789,278.01035596851966,260.9816367119029,260.9816367119029
788,Puskas,Puskas,Puskas__CPTu 110,Quaternary,MASW,7.8,240.10991579143212,1.0,249.61521790918687,298.4316170960178,278.475968570489,264.948902033323,264.948902033323
789,Puskas,Puskas,Puskas__CPTu 110,Tertiary,MASW,8.6,259.15796461510746,1.0,256.8873377339253,280.9473494798017,284.155376083564,268.36074439347925,281.636165490224
790,Puskas,Puskas,Puskas__CPTu 110,Tertiary,MASW,9.5,276.2420718485685,1.0,267.48758479866353,294.533282232064,297.8687624190774,280.28163423214124,288.0149114612309
791,Puskas,Puskas,Puskas__CPTu 110,Tertiary,MASW,10.5,242.73062414832853,1.0,260.2382574320828,290.9181500982978,294.64653536654276,274.66932007718856,279.5426919182067
792,Puskas,Puskas,Puskas__CPTu 110,Tertiary,MASW,11.65,417.0864828726228,1.0,308.57081750959827,343.17980276279275,326.93211592882244,319.01470454931064,321.56701629232566
793,Puskas,Puskas,Puskas__CPTu 110,Tertiary,MASW,12.9,357.01092228030126,1.0,285.489828230974,300.4498490470763,300.5484323938266,292.1561213834445,293.61579545685555
794,Puskas,Puskas,Puskas__CPTu 110,Tertiary,MASW,14.05,404.08198793474,1.0,321.7920498772727,331.3463066117375,327.36837962429587,324.87759343508895,327.0281970392733
795,Puskas,Puskas,Puskas__CPTu 110,Tertiary,MASW,14.8,395.3061842804448,1.0,321.7399555590891,372.9808264705359,367.98884603692466,342.4767718311709,353.4762138792145
796,Puskas,Puskas,Puskas__CPTu 110,Tertiary,MASW,15.5,484.57396015852,1.0,367.9451820072669,476.4186924072338,439.05191029200785,403.3051767113584,463.88486289292695
797,Puskas,Puskas,Puskas__CPTu 110,Tertiary,MASW,16.5,477.2386325952831,1.0,366.8252493768741,407.02244869213956,397.25601789593327,381.6071222298548,431.40593952061135
798,Puskas,Puskas,Puskas__CPTu 110,Tertiary,MASW,17.5,443.3628887189915,1.0,363.5498991399767,409.646088050692,403.7145773736595,381.938877004391,429.9048011246363
799,Puskas,Puskas,Puskas__CPTu 110,Tertiary,MASW,19.0,469.2945504406817,1.0,375.8106080021,431.9195969853562,419.65871833723406,396.6544039303709,442.20081895559883
800,Puskas,Puskas,Puskas__CPTu 110,Tertiary,MASW,20.5,527.5931660235888,1.0,411.92496486102243,444.85553481725884,431.2306055046302,422.46981540590093,449.6480112231022
801,Puskas,Puskas,Puskas__CPTu 110,Tertiary,MASW,21.75,511.7728837949055,1.0,438.2659563364912,437.83461426498747,435.17825129176,437.2727602747751,449.62641096540307
802,Puskas,Puskas,Puskas__CPTu 110,Tertiary,MASW,22.25,481.0034745008721,1.0,430.96862201399074,442.86566044737197,438.48006786009074,434.98157958528736,456.5709178364915
803,Puskas,Puskas,Puskas__CPTu 110,Tertiary,MASW,22.36,462.4689505029692,1.0,427.07553961585313,438.2644066089377,430.12365022241244,429.6511821531373,452.8428151923444
825,Puskas,Puskas,Puskas__CPTu 112,Quaternary,MASW,1.5,247.8565513133917,1.0,208.9395789101097,213.4808248954492,226.63516005065472,214.78967963074646,214.78967963074646
826,Puskas,Puskas,Puskas__CPTu 112,Quaternary,MASW,2.15,206.6398675684603,1.0,181.3002624491301,189.44973524804522,188.50469152992048,184.64599299896278,184.64599299896278
827,Puskas,Puskas,Puskas__CPTu 112,Quaternary,MASW,2.75,192.14192162642937,1.0,160.7664817304986,186.0784860204898,189.5012995311305,172.64166330227457,172.64166330227457
828,Puskas,Puskas,Puskas__CPTu 112,Quaternary,MASW,3.85,188.58858106312715,1.0,166.50939117051337,203.4141896633616,207.1478127042031,183.20300602952682,183.20300602952682
829,Puskas,Puskas,Puskas__CPTu 112,Quaternary,MASW,4.75,211.57719445603627,1.0,209.06323881830974,240.79279316076295,230.12220075525673,219.77930672898756,219.77930672898756
830,Puskas,Puskas,Puskas__CPTu 112,Quaternary,MASW,5.75,260.796572749255,1.0,250.9335167783687,270.61687971661524,257.71272551592807,255.829876851769,255.829876851769
831,Puskas,Puskas,Puskas__CPTu 112,Quaternary,MASW,7.45,266.3152922379172,1.0,250.46855554407648,300.580629498644,275.5866459813746,264.9023831586781,264.9023831586781
832,Puskas,Puskas,Puskas__CPTu 112,Quaternary,MASW,9.0,293.1036579652522,1.0,268.1573516206356,300.50263836522805,289.50835465672736,279.11932940794446,279.11932940794446
833,Puskas,Puskas,Puskas__CPTu 112,Tertiary,MASW,10.1,298.53842624504034,1.0,276.3774711969521,301.0592989698413,301.5280206470528,287.3575162995555,292.3589077640208
834,Puskas,Puskas,Puskas__CPTu 112,Tertiary,MASW,11.05,313.2235594030481,1.0,297.9897991480494,318.70835466019577,314.3304268328629,305.86917558706347,309.60779769564374
835,Puskas,Puskas,Puskas__CPTu 112,Tertiary,MASW,12.05,389.4859402882468,1.0,313.96598016292194,375.6914049367192,345.95273468889974,332.05891553281367,340.8346686316743
836,Puskas,Puskas,Puskas__CPTu 112,Tertiary,MASW,12.85,448.3076900062492,1.0,314.48242875514774,369.33013730556047,362.4703386224017,336.1800720057713,350.1404709575768
837,Puskas,Puskas,Puskas__CPTu 112,Tertiary,MASW,13.5,456.5124040212682,1.0,323.10931546260446,380.23444259743417,366.6046553128134,343.881905286423,356.52495366433783
838,Puskas,Puskas,Puskas__CPTu 112,Tertiary,MASW,14.4,434.7889089919266,1.0,322.09381208134874,325.34303568075194,332.26473034590197,325.60180973715734,328.0379760162626
839,Puskas,Puskas,Puskas__CPTu 112,Tertiary,MASW,15.4,413.5995258322484,1.0,327.9301642175301,332.1643269096729,316.9619527633961,325.2256872598277,324.01772082208697
840,Puskas,Puskas,Puskas__CPTu 112,Tertiary,MASW,16.2,413.57480049432417,1.0,335.7337570875258,323.59831718807186,313.99892118657414,327.24772854276625,325.2498100190189
841,Puskas,Puskas,Puskas__CPTu 112,Tertiary,MASW,16.75,395.7007209996854,1.0,320.0056660972367,318.7131293658378,313.6745813086031,317.89998596288314,317.2861176209392
842,Puskas,Puskas,Puskas__CPTu 112,Tertiary,MASW,17.5,398.7051358684919,1.0,343.4645461920822,326.268945364701,318.9978455107261,333.355587246413,331.44314530928636
843,Puskas,Puskas,Puskas__CPTu 112,Tertiary,MASW,18.5,433.7863395722361,1.0,383.86981921853635,345.93501300490647,336.65234575062817,363.333007726177,388.24932633975374
844,Puskas,Puskas,Puskas__CPTu 112,Tertiary,MASW,19.5,446.826169371082,1.0,396.73100829446213,376.2864357766399,369.03957756635435,385.14347819682695,422.6474881964498
845,Puskas,Puskas,Puskas__CPTu 112,Tertiary,MASW,20.5,374.5451847602716,1.0,345.8384817443583,342.95286015666255,338.38478952056647,343.15374118729727,342.7334271461917
846,Puskas,Puskas,Puskas__CPTu 112,Tertiary,MASW,21.5,378.6468007107174,1.0,362.51719704610275,355.6884396845387,347.38417091429716,356.8898588493925,376.36186783547413
847,Puskas,Puskas,Puskas__CPTu 112,Tertiary,MASW,22.5,436.70603389526303,1.0,409.1738004312419,357.87044307817223,356.3365759847145,384.7390738864632,380.9686879790091
848,Puskas,Puskas,Puskas__CPTu 112,Tertiary,MASW,23.5,537.9545240284157,1.0,441.77654422038876,373.55261268151975,374.1387125671073,409.8491327783075,400.987643817514
849,Puskas,Puskas,Puskas__CPTu 112,Tertiary,MASW,24.5,486.7362618040775,1.0,413.4855377231249,381.59512128669394,387.8750649531817,400.775494516459,410.51669954991894
850,Puskas,Puskas,Puskas__CPTu 112,Tertiary,MASW,25.545,519.6919159437585,1.0,448.4006054800551,386.9225369623117,395.6067000353522,422.4147748609413,423.0114265978445
851,Puskas,Puskas,Puskas__CPTu 113,Quaternary,MASW,1.5,218.4920718549121,1.0,203.32077361813316,207.6235045411854,215.10844790232903,207.43817456060683,207.43817456060683
852,Puskas,Puskas,Puskas__CPTu 113,Quaternary,MASW,2.25,235.1311823772301,1.0,214.08792601120328,209.18481011223867,211.8310208334574,212.6679700734349,212.6679700734349
853,Puskas,Puskas,Puskas__CPTu 113,Quaternary,MASW,2.85,209.8338655995791,1.0,189.17814608932218,192.17278910304958,204.12775864406137,194.00076162358621,194.00076162358621
854,Puskas,Puskas,Puskas__CPTu 113,Quaternary,MASW,3.85,210.7831944833367,1.0,201.33891366983445,227.8382138356942,224.89677832480157,212.0309220282847,212.0309220282847
855,Puskas,Puskas,Puskas__CPTu 113,Quaternary,MASW,5.05,249.12116863907616,1.0,234.685777720362,257.89842365359436,254.1478513866018,243.7872341854941,243.7872341854941
856,Puskas,Puskas,Puskas__CPTu 113,Quaternary,MASW,6.0,231.3198506695236,1.0,225.88385385154888,275.91539262615197,261.69353645965305,243.27144906332725,243.27144906332725
857,Puskas,Puskas,Puskas__CPTu 113,Quaternary,MASW,7.1,254.818943702389,1.0,238.97580810446604,295.4242707931117,273.6382848280839,256.9299013155002,256.9299013155002
858,Puskas,Puskas,Puskas__CPTu 113,Quaternary,MASW,8.25,351.6203146859859,1.0,259.18506569071843,284.98991440230816,267.85379521268396,265.50900211886443,265.50900211886443
859,Puskas,Puskas,Puskas__CPTu 113,Tertiary,MASW,9.25,301.42449401020934,1.0,249.33007168798392,276.3377377915055,275.72721613772063,260.96723523703355,267.5665561839457
860,Puskas,Puskas,Puskas__CPTu 113,Tertiary,MASW,10.15,292.7843806065131,1.0,257.18794919849597,279.3240898483993,283.34369135954694,268.069967438306,272.7397865692318
861,Puskas,Puskas,Puskas__CPTu 113,Tertiary,MASW,11.0,292.4659929065777,1.0,263.8301440757971,282.58248162971944,284.80297830913287,272.7492538884993,276.32389995538966
862,Puskas,Puskas,Puskas__CPTu 113,Tertiary,MASW,12.0,298.68228205638707,1.0,252.76545437452424,271.08595131093665,279.16450085451663,263.1593798569631,266.73092908502645
863,Puskas,Puskas,Puskas__CPTu 113,Tertiary,MASW,13.0,378.1991934507872,1.0,281.49753098390346,299.174703846836,297.73499329914864,288.90078324862617,291.6091267785076
864,Puskas,Puskas,Puskas__CPTu 113,Tertiary,MASW,14.0,387.6000048615877,1.0,301.5835978669802,289.7467755606272,291.5337242350086,296.745182284219,296.329638250404
865,Puskas,Puskas,Puskas__CPTu 113,Tertiary,MASW,15.05,455.8586003549698,1.0,366.0978907030817,480.241372831151,429.5820365837085,400.0472084483303,472.74403076104437
866,Puskas,Puskas,Puskas__CPTu 113,Tertiary,MASW,16.15,484.6370874975657,1.0,366.5261516543481,440.0253300073512,429.0855342656312,394.9503886095087,457.53580031758236
867,Puskas,Puskas,Puskas__CPTu 113,Tertiary,MASW,17.1,462.0016359922432,1.0,359.5780816361092,409.5223020260947,401.7438460843511,379.0641122170978,426.531729146895
868,Puskas,Puskas,Puskas__CPTu 113,Tertiary,MASW,17.75,385.3383512141156,1.0,364.35764378631455,457.4625167295103,430.6146039600755,396.3878100134421,450.5190332913242
869,Puskas,Puskas,Puskas__CPTu 113,Tertiary,MASW,18.5,421.9505280282337,1.0,405.161216775901,489.4509571534292,461.21069841040304,433.3327528943269,471.2475261367936
870,Puskas,Puskas,Puskas__CPTu 113,Tertiary,MASW,19.5,372.45822962193984,1.0,372.8977387252412,426.412502553289,415.31519421152046,392.972534473933,433.12756247951444
871,Puskas,Puskas,Puskas__CPTu 113,Tertiary,MASW,20.64,438.658819466712,1.0,416.5309924048751,438.53590024367105,431.8762173180983,424.34059994727426,448.0557752543099
872,Puskas,Puskas,Puskas__CPTu 114,Quaternary,MASW,1.5,224.75092393174705,1.0,213.42243425083072,224.42336724308154,224.40009086058475,218.29769883133005,218.29769883133005
873,Puskas,Puskas,Puskas__CPTu 114,Quaternary,MASW,2.25,224.13193179464807,1.0,215.27808210751337,211.88567082926812,212.96877367698312,214.07202429087872,214.07202429087872
874,Puskas,Puskas,Puskas__CPTu 114,Quaternary,MASW,2.85,186.43379476265693,1.0,182.14119121986815,187.3277694422327,191.32090065594758,185.62802508903266,185.62802508903266
875,Puskas,Puskas,Puskas__CPTu 114,Quaternary,MASW,3.6,197.16634393812143,1.0,196.2276858589582,213.26999749783042,219.32627622516733,205.43991150774298,205.43991150774298
876,Puskas,Puskas,Puskas__CPTu 114,Quaternary,MASW,4.5,220.3446748699139,1.0,223.99674248751194,253.25640091196135,241.07811033658658,233.2460698028021,233.2460698028021
877,Puskas,Puskas,Puskas__CPTu 114,Quaternary,MASW,5.6,238.76717286650103,1.0,238.18000587533874,269.6720312192818,259.1769591970348,248.88700344401488,248.88700344401488
878,Puskas,Puskas,Puskas__CPTu 114,Quaternary,MASW,6.75,252.71605577583384,1.0,253.2846655296395,306.3649965017346,279.1300771816836,268.32599953069627,268.32599953069627
879,Puskas,Puskas,Puskas__CPTu 114,Quaternary,MASW,7.85,296.36910100833444,1.0,256.7125286344906,312.4151295109319,278.4608207633624,270.9161678428242,270.9161678428242
880,Puskas,Puskas,Puskas__CPTu 114,Tertiary,MASW,8.7,298.751297713141,1.0,262.35733435214826,280.93677993780153,284.3295999844202,271.53710132363125,282.7156714319846
881,Puskas,Puskas,Puskas__CPTu 114,Tertiary,MASW,9.5,273.3427491900246,1.0,258.3439204366121,287.8883685174117,286.9313879763503,270.97303194772303,277.123123753088
882,Puskas,Puskas,Puskas__CPTu 114,Tertiary,MASW,10.5,274.4851564238781,1.0,265.22373229788684,296.7061159095238,297.5126182336671,279.18199220079566,284.81061222785775
883,Puskas,Puskas,Puskas__CPTu 114,Tertiary,MASW,11.6,349.02458754476305,1.0,333.029760223473,394.4926128519458,370.9955883929376,352.84350656373493,429.76102820791016
884,Puskas,Puskas,Puskas__CPTu 114,Tertiary,MASW,12.9,455.37679631018045,1.0,327.7107739137429,387.69029430334496,371.36844054615915,348.9266439118969,362.74991032038736
885,Puskas,Puskas,Puskas__CPTu 114,Tertiary,MASW,14.05,444.89322672508666,1.0,337.5238416919228,409.6170567120068,387.1999805248433,362.0801808071351,438.9534166955743
886,Puskas,Puskas,Puskas__CPTu 114,Tertiary,MASW,14.85,419.3373064047892,1.0,343.80155364919153,440.88675617544436,399.18174529553966,373.22400508385334,445.3360552182825
887,Puskas,Puskas,Puskas__CPTu 114,Tertiary,MASW,15.6,413.0622284277911,1.0,342.54688078085695,449.07464644789655,411.8687235206413,377.02611595846986,464.3746506216093
888,Puskas,Puskas,Puskas__CPTu 114,Tertiary,MASW,16.5,405.4488297502153,1.0,349.6856241269009,439.2979469753783,407.0809615700394,378.73975308715006,454.42958032747885
889,Puskas,Puskas,Puskas__CPTu 114,Tertiary,MASW,17.5,405.0860597221328,1.0,371.47522645117573,521.9866344048914,453.2343441549158,414.9608950410647,486.60601206123755
890,Puskas,Puskas,Puskas__CPTu 114,Tertiary,MASW,18.5,422.1799813005418,1.0,398.6750325274761,480.97527112391936,453.06981552626206,426.09694668782697,467.74394452826414
891,Puskas,Puskas,Puskas__CPTu 114,Tertiary,MASW,19.5,378.765919590836,1.0,384.1534329374398,419.5486601116257,415.1639296936026,398.4380722469123,433.17022409026913
892,Puskas,Puskas,Puskas__CPTu 114,Tertiary,MASW,20.5,414.0643271634791,1.0,423.40247817381805,481.9020898843566,457.43275181245855,441.8311853408077,464.3617490568489
893,Puskas,Puskas,Puskas__CPTu 114,Tertiary,MASW,21.5,410.2344894035193,1.0,418.4966676636777,457.20770454341954,446.0937392213394,432.29028119619534,456.84819553399655
894,Puskas,Puskas,Puskas__CPTu 114,Tertiary,MASW,22.55,461.6075672095514,1.0,428.8319335587619,432.53358310708444,422.7714592246951,427.55558934379934,445.9934658070225
662,Puskas,Puskas,Puskas__CPTu 115B,Quaternary,MASW,1.5,177.5775357627264,1.0,207.99073901282185,227.97940786681633,223.55344477471195,215.48793135261664,215.48793135261664
663,Puskas,Puskas,Puskas__CPTu 115B,Quaternary,MASW,2.85,194.80249713462203,1.0,201.14772790848366,230.57808376706666,228.45213668395184,213.30183584806568,213.30183584806568
664,Puskas,Puskas,Puskas__CPTu 115B,Quaternary,MASW,4.1,273.90570076495567,1.0,209.12581892161498,243.04077312678206,232.61301450630708,220.8341752454967,220.8341752454967
665,Puskas,Puskas,Puskas__CPTu 115B,Quaternary,MASW,4.9,292.45199750297326,1.0,228.69393349161152,256.8128374185563,250.7887824493279,239.23515356068796,239.23515356068796
666,Puskas,Puskas,Puskas__CPTu 115B,Quaternary,MASW,5.85,307.64613531995786,1.0,240.24122426929515,253.28362179142133,248.84377483676568,244.7232565360694,244.7232565360694
667,Puskas,Puskas,Puskas__CPTu 115B,Tertiary,MASW,7.1,263.54741981739886,1.0,205.78032080238583,232.21034086931886,228.93791975224312,216.35635941410467,224.062215033502
668,Puskas,Puskas,Puskas__CPTu 115B,Tertiary,MASW,8.15,296.4455748931434,1.0,251.99893817666637,282.83422231890614,274.6585803703299,263.10980686766834,270.3010455027897
669,Puskas,Puskas,Puskas__CPTu 115B,Tertiary,MASW,9.15,313.7495228555593,1.0,275.10427517526796,295.2422735020317,293.95086953551396,283.61731588944446,291.3259489450965
670,Puskas,Puskas,Puskas__CPTu 115B,Tertiary,MASW,10.15,279.609921790994,1.0,272.5961215883525,309.42743022263113,303.02662678881364,286.7899174101634,300.89716686715275
671,Puskas,Puskas,Puskas__CPTu 115B,Tertiary,MASW,10.9,271.70906152072064,1.0,280.76901272339876,317.560672585509,312.70187054874975,295.3963990729263,308.92437466240165
672,Puskas,Puskas,Puskas__CPTu 115B,Tertiary,MASW,11.9,294.8011092106114,1.0,303.0751712940199,341.4473870041893,343.12480250160877,320.2483495275254,332.74809429445156
673,Puskas,Puskas,Puskas__CPTu 115B,Tertiary,MASW,13.0,299.7397989861046,1.0,314.96403230883345,342.5110220989857,328.5820001698339,323.0262698900466,326.4810295925705
674,Puskas,Puskas,Puskas__CPTu 115B,Tertiary,MASW,14.05,274.7841072091833,1.0,301.5593708864707,312.82586615032176,306.23998815695757,304.62744215613714,307.94861962647985
675,Puskas,Puskas,Puskas__CPTu 115B,Tertiary,MASW,15.0,336.55568493216555,1.0,346.32109604724633,397.6856889169054,372.0699009191807,361.26989844846,440.8619564801207
676,Puskas,Puskas,Puskas__CPTu 115B,Tertiary,MASW,16.05,462.3761512596194,1.0,362.7221381499398,505.434650701974,443.86351585954753,405.03291823714613,479.39479120992826
677,Puskas,Puskas,Puskas__CPTu 115B,Tertiary,MASW,17.25,435.65513361182826,1.0,356.6218106554081,456.12298128186814,426.14535581111585,390.3408167115614,444.8793278137941
678,Puskas,Puskas,Puskas__CPTu 115B,Tertiary,MASW,18.0,513.5264931671679,1.0,415.50472786246667,509.19337317923015,473.0398136209408,445.36748093908164,490.86960198814404
679,Puskas,Puskas,Puskas__CPTu 115B,Tertiary,MASW,18.8,465.7402513651255,1.0,398.8759915613746,449.74903917258035,440.38614427199576,418.36608766478486,461.70100085115286
680,Puskas,Puskas,Puskas__CPTu 115B,Tertiary,MASW,19.85,382.9857694236487,1.0,353.25949355657974,402.9761819280064,380.23368849073796,368.34832345616167,411.35265301297216
681,Puskas,Puskas,Puskas__CPTu 115B,Tertiary,MASW,20.9,484.74342284797984,1.0,465.7752157462525,505.90399424809226,486.22371350051117,477.70310443960045,495.9149715147579
682,Puskas,Puskas,Puskas__CPTu 115B,Tertiary,MASW,21.9,413.1132090436036,1.0,429.9508864982884,436.2601644819077,436.0785253773146,432.72462551253227,454.1778360980868
683,Puskas,Puskas,Puskas__CPTu 116B,Quaternary,MASW,1.5,165.17598579807225,1.0,195.578923968194,204.6550098598174,208.5175472507089,200.73507667085298,200.73507667085298
684,Puskas,Puskas,Puskas__CPTu 116B,Quaternary,MASW,2.25,182.48225149002965,1.0,203.9577466135323,209.000213510994,209.43807574506116,206.34113447719284,206.34113447719284
685,Puskas,Puskas,Puskas__CPTu 116B,Quaternary,MASW,3.1,211.939798054941,1.0,193.52517194688332,195.68964477250273,201.2332725526242,196.13302103557936,196.13302103557936
686,Puskas,Puskas,Puskas__CPTu 116B,Quaternary,MASW,4.1,271.3842887981581,1.0,204.68996741233113,219.65873493826368,216.1977204473297,210.29101206549484,210.29101206549484
687,Puskas,Puskas,Puskas__CPTu 116B,Quaternary,MASW,5.0,282.5296903549559,1.0,219.29842676254003,258.1377368510623,243.56050122906228,231.91525476641164,231.91525476641164
688,Puskas,Puskas,Puskas__CPTu 116B,Quaternary,MASW,5.95,323.5496490378933,1.0,242.02166591204548,270.62253265098957,257.22410969449487,250.65012771222436,250.65012771222436
689,Puskas,Puskas,Puskas__CPTu 116B,Quaternary,MASW,7.45,286.9464469554483,1.0,242.6786377674312,268.70074241896634,254.62094318113537,249.99188910003195,249.99188910003195
690,Puskas,Puskas,Puskas__CPTu 116B,Tertiary,MASW,8.8,271.498292730628,1.0,236.75709014572988,260.90731123600267,263.90683344158504,248.18456847615715,253.50026228144924
691,Puskas,Puskas,Puskas__CPTu 116B,Tertiary,MASW,9.65,300.0730102578347,1.0,261.44027021754414,296.7796561338785,291.49689207693586,275.3025054191779,280.33540910042035
692,Puskas,Puskas,Puskas__CPTu 116B,Tertiary,MASW,10.55,290.23879428544615,1.0,281.68605324977267,307.1159252251036,305.6055374149924,292.4251059796286,295.6426180047144
693,Puskas,Puskas,Puskas__CPTu 116B,Tertiary,MASW,11.2,294.0468611837509,1.0,308.8271643004422,347.63197434037653,332.5409335209752,321.41416476241716,326.27333889000175
694,Puskas,Puskas,Puskas__CPTu 116B,Tertiary,MASW,11.75,260.1769190191595,1.0,283.11773655179593,311.85017026559274,309.76620663894914,295.110051389098,301.40474160758174
695,Puskas,Puskas,Puskas__CPTu 116B,Tertiary,MASW,12.75,292.19423384599014,1.0,317.6719496788606,382.7193400677757,361.7279569251339,339.6526924781746,350.6676205392184
696,Puskas,Puskas,Puskas__CPTu 116B,Tertiary,MASW,14.2,294.6537441290555,1.0,334.6470677192949,349.5842616674842,343.7876350733391,339.5804814785647,339.7331474112662
697,Puskas,Puskas,Puskas__CPTu 116B,Tertiary,MASW,15.05,313.17368201624055,1.0,352.88320158000937,389.71621250176,388.9613921821829,368.79180462404435,434.39088557581846
698,Puskas,Puskas,Puskas__CPTu 116B,Tertiary,MASW,15.6,391.0747429266331,1.0,333.5433886965141,383.7206096617503,358.69605326472225,348.1400870109277,352.7198695033624
699,Puskas,Puskas,Puskas__CPTu 116B,Tertiary,MASW,16.75,460.0133192978093,1.0,380.4484676288765,464.8357627446583,430.62641749383937,406.90014278555003,448.0847734469688
700,Puskas,Puskas,Puskas__CPTu 116B,Tertiary,MASW,17.75,499.9847697664736,1.0,413.47994777713996,497.4556464205268,470.10935370371107,441.79700909815944,470.39806549885344
701,Puskas,Puskas,Puskas__CPTu 116B,Tertiary,MASW,18.5,474.3334713691037,1.0,413.23287967293965,459.34312734178786,453.3154063711445,431.66606218803,451.9237420873114
702,Puskas,Puskas,Puskas__CPTu 116B,Tertiary,MASW,19.5,438.0534386036963,1.0,408.007666571832,456.4020178640183,439.30983018318284,424.2296198306323,447.2070303311931
703,Puskas,Puskas,Puskas__CPTu 116B,Tertiary,MASW,20.5,444.8571547773184,1.0,425.5086934869098,456.7071143809761,443.92227697982145,435.5493690893583,449.39781789361433
704,Puskas,Puskas,Puskas__CPTu 116B,Tertiary,MASW,21.5,478.1757734714046,1.0,457.3031797782048,475.89370730741524,458.5082221063807,460.40809869364864,471.40203116117056
705,Puskas,Puskas,Puskas__CPTu 116B,Tertiary,MASW,22.5,437.9925398709746,1.0,432.56600367147536,461.2541640418681,444.78402762337515,440.4175445489756,449.6338319535295
706,Puskas,Puskas,Puskas__CPTu 116B,Tertiary,MASW,23.5,435.4314006524327,1.0,451.2103116255296,451.5812074896343,444.4178243898903,449.217098746991,459.21155589132036
707,Puskas,Puskas,Puskas__CPTu 116B,Tertiary,MASW,24.5,426.0934640483595,1.0,453.11713562196775,464.405031766229,457.8989610672099,456.2272297309953,458.3789402173682
708,Puskas,Puskas,Puskas__CPTu 116B,Tertiary,MASW,25.5,484.2937101128108,1.0,510.8725983277622,477.41233261582437,470.02168372052165,493.2207601469659,478.3217560011764
709,Puskas,Puskas,Puskas__CPTu 116B,Tertiary,MASW,26.5,461.6646301279563,1.0,509.013549150615,474.262960819264,466.3959990258743,490.6032994056269,477.24686110756267
710,Puskas,Puskas,Puskas__CPTu 116B,Tertiary,MASW,27.5,446.080165661899,1.0,513.1116979347324,453.95906016196756,452.4656308398071,485.1150360479665,466.86609152893516
711,Puskas,Puskas,Puskas__CPTu 116B,Tertiary,MASW,28.5,449.5151864902999,1.0,526.4997633003721,468.52970111139587,464.78297695424357,498.37314500259765,473.2748801558716
712,Puskas,Puskas,Puskas__CPTu 116B,Tertiary,MASW,29.5,441.4789918862944,1.0,541.6652658981153,448.030841755467,448.51171096724636,497.48543002590526,469.3894167215172
804,Puskas,Puskas,Puskas__CPTu 120a,Quaternary,MASW,1.5,169.27417404343785,1.0,198.8110466163945,207.32106478943012,211.06090052544272,203.6859777076265,203.6859777076265
805,Puskas,Puskas,Puskas__CPTu 120a,Quaternary,MASW,2.15,148.7533414958771,1.0,176.21111538725563,179.1727452562773,187.14842304974073,179.8725778920339,179.8725778920339
806,Puskas,Puskas,Puskas__CPTu 120a,Quaternary,MASW,2.75,188.84556930451924,1.0,210.24428579973852,225.1256876704137,225.78950011569225,217.00672413556242,217.00672413556242
807,Puskas,Puskas,Puskas__CPTu 120a,Quaternary,MASW,3.95,295.0128794371489,1.0,235.50646634777135,261.13307617932287,252.61696496843763,244.26969858756433,244.26969858756433
808,Puskas,Puskas,Puskas__CPTu 120a,Quaternary,MASW,5.300000000000001,306.83201423995195,1.0,245.14707160442438,281.70724674633885,263.0026037905061,255.64800482400523,255.64800482400523
809,Puskas,Puskas,Puskas__CPTu 120a,Quaternary,MASW,6.4,304.3360650771512,1.0,243.13085042721343,309.244601359482,280.52462944443954,263.1168470088157,263.1168470088157
810,Puskas,Puskas,Puskas__CPTu 120a,Quaternary,MASW,7.4,265.04783653843504,1.0,252.90112666183882,293.8905647040187,272.50095440656906,264.5216207896626,264.5216207896626
811,Puskas,Puskas,Puskas__CPTu 120a,Quaternary,MASW,8.4,258.2649911120815,1.0,255.11546627426912,278.6158504054382,266.76973940049396,261.99745694924,261.99745694924
812,Puskas,Puskas,Puskas__CPTu 120a,Tertiary,MASW,9.4,231.19395467894705,1.0,240.93140756757825,255.26462376711052,267.91915088323265,250.89447747031522,255.9786534912176
813,Puskas,Puskas,Puskas__CPTu 120a,Tertiary,MASW,10.35,265.01827986137533,1.0,278.3382135098497,295.70379084272815,292.37752149261524,285.0537688173701,287.7075608426771
814,Puskas,Puskas,Puskas__CPTu 120a,Tertiary,MASW,11.15,372.0626210861618,1.0,294.90966541670497,312.2492423139326,311.02728093964333,302.23427046663716,303.1565191331157
815,Puskas,Puskas,Puskas__CPTu 120a,Tertiary,MASW,11.75,374.5058530745233,1.0,302.1240698840405,322.0931900502546,314.93628587109737,308.8630610954313,309.8502389405547
816,Puskas,Puskas,Puskas__CPTu 120a,Tertiary,MASW,12.5,400.4545339037271,1.0,318.49952694066405,353.70609027806603,337.67905955063753,329.2740117245141,330.7998855247226
817,Puskas,Puskas,Puskas__CPTu 120a,Tertiary,MASW,13.5,450.7630066078721,1.0,347.2915387815252,388.28355857162455,377.88671486594603,362.21184526377147,433.27248293625036
818,Puskas,Puskas,Puskas__CPTu 120a,Tertiary,MASW,14.8,387.7574696092931,1.0,321.2997227934692,361.10229701589884,344.2622799524692,333.8197771033989,337.22755228115545
819,Puskas,Puskas,Puskas__CPTu 120a,Tertiary,MASW,16.0,528.035828356596,1.0,380.39937795906815,477.3889698367362,441.9774353384418,411.7018089788728,463.53162268826264
820,Puskas,Puskas,Puskas__CPTu 120a,Tertiary,MASW,16.799999999999997,541.4113022349106,1.0,398.50825013281235,511.3143475596754,474.22914927639727,435.8531556218665,482.64804469253215
821,Puskas,Puskas,Puskas__CPTu 120a,Tertiary,MASW,17.6,526.5325021850196,1.0,394.8136870787857,489.79590549598134,457.0060215079749,426.08334568146853,476.43133597379585
822,Puskas,Puskas,Puskas__CPTu 120a,Tertiary,MASW,19.0,449.0788780094532,1.0,368.5959483603136,372.20465295614315,358.30078253545463,366.01122362248884,400.76416262413005
823,Puskas,Puskas,Puskas__CPTu 120a,Tertiary,MASW,20.0,438.5401246438102,1.0,359.8171579326147,341.19911563881567,336.1798307835115,349.7580417310969,348.3493096841241
824,Puskas,Puskas,Puskas__CPTu 120a,Tertiary,MASW,20.5,441.683963026819,1.0,367.3081400544127,341.75878822648644,338.7506606116853,354.6408858234579,367.5150284004299
895,Puskas,Puskas,Puskas__CPTu 121A,Quaternary,MASW,1.5,243.63319066437415,1.0,201.19011741150342,213.84392200158968,219.00893045719602,208.274805792561,208.274805792561
896,Puskas,Puskas,Puskas__CPTu 121A,Quaternary,MASW,2.7,178.24327434404807,1.0,161.06149157564772,179.417443133651,190.49928231859496,172.14449812160206,172.14449812160206
897,Puskas,Puskas,Puskas__CPTu 121A,Quaternary,MASW,4.05,214.51341235432335,1.0,190.50354247946072,204.38001895108746,213.03495978898565,199.08920372204346,199.08920372204346
898,Puskas,Puskas,Puskas__CPTu 121A,Quaternary,MASW,5.45,265.99977478840395,1.0,248.37507734426612,256.89863793989514,252.49999890732533,250.87194267505004,250.87194267505004
899,Puskas,Puskas,Puskas__CPTu 121A,Quaternary,MASW,6.6,249.06811188904564,1.0,240.52989798658743,280.5386005335167,267.2613069512698,254.05205204985106,254.05205204985106
900,Puskas,Puskas,Puskas__CPTu 121A,Quaternary,MASW,7.5,258.6120744886227,1.0,233.5777905519013,287.66708903478496,265.57902689570386,250.45459832922782,250.45459832922782
901,Puskas,Puskas,Puskas__CPTu 121A,Quaternary,MASW,8.5,349.60936029235586,1.0,271.97697206394656,287.67102568358956,279.55968626259806,276.5473209107828,276.5473209107828
902,Puskas,Puskas,Puskas__CPTu 121A,Tertiary,MASW,10.25,274.3252209805548,1.0,246.2778634042048,274.398676874998,286.39890163724436,261.8982906041707,268.94023394070405
903,Puskas,Puskas,Puskas__CPTu 121A,Tertiary,MASW,12.25,429.7297539613017,1.0,334.4298668785802,393.94934868466447,369.64003140298,353.19743286342384,427.6682223721439
904,Puskas,Puskas,Puskas__CPTu 121A,Tertiary,MASW,13.5,457.5477116999507,1.0,344.486246126285,392.67191275644717,385.28153981655254,363.314284845962,439.6367302569388
905,Puskas,Puskas,Puskas__CPTu 121A,Tertiary,MASW,14.5,429.23450448963655,1.0,352.61334696805056,398.78573350117716,380.2551664422327,367.40730745296196,433.6791862717798
906,Puskas,Puskas,Puskas__CPTu 121A,Tertiary,MASW,15.5,393.2011106231139,1.0,332.5415257908348,379.7590130146854,363.2101178060003,348.32835733027076,351.99695346706665
907,Puskas,Puskas,Puskas__CPTu 121A,Tertiary,MASW,16.5,407.15217775269457,1.0,352.21117530184955,370.12101430826385,365.65301528159335,358.8508932745617,406.3551224873395
908,Puskas,Puskas,Puskas__CPTu 121A,Tertiary,MASW,17.5,431.4541433745016,1.0,413.80848558133613,514.0753519950629,478.0932512883016,446.42393051309324,486.64828477774034
909,Puskas,Puskas,Puskas__CPTu 121A,Tertiary,MASW,18.5,410.1982569149331,1.0,419.7032497791318,539.413198273174,496.3654514942236,458.29696538731565,502.44997234373204
910,Puskas,Puskas,Puskas__CPTu 121A,Tertiary,MASW,19.5,391.8910877493569,1.0,403.3265362413302,472.5618284888908,457.00510506128353,428.80155277419385,461.1580396880344
911,Puskas,Puskas,Puskas__CPTu 121A,Tertiary,MASW,20.5,410.3707620497225,1.0,439.78235833335646,493.0784934377187,482.10554568616794,459.8972782352674,478.8331717105444
912,Puskas,Puskas,Puskas__CPTu 121A,Tertiary,MASW,21.95,421.3272325672114,1.0,452.1536657590579,485.03826912944857,475.49331297874244,463.89218458322074,470.53095633266935
180,River,River,River__CPT2,Quaternary,MASW,1.65,115.33052569156412,4.0,137.47020610388591,163.46242929290747,174.3207146352232,151.20763981663214,151.20763981663214
181,River,River,River__CPT2,Quaternary,MASW,2.7,164.93791717262042,4.0,168.07501063340683,186.606248576876,190.8091711303818,178.0269766658617,178.0269766658617
182,River,River,River__CPT2,Quaternary,MASW,3.65,234.05003282834616,4.0,213.22318014708006,209.72855011089263,210.4337944287157,211.29398908154377,211.29398908154377
183,River,River,River__CPT2,Quaternary,MASW,4.85,319.5102089316684,4.0,238.8225198690687,242.19903267052942,232.62368429391464,240.6737343917018,240.6737343917018
184,River,River,River__CPT2,Quaternary,MASW,6.15,322.2077314793199,4.0,250.16988235875837,254.45600376366454,255.07282617060386,252.51823621350462,252.51823621350462
185,River,River,River__CPT2,Quaternary,MASW,7.199999999999999,246.8972404710532,4.0,233.13010779475098,238.6968531914847,233.68987247020965,236.1755554953747,236.1755554953747
186,River,River,River__CPT2,Quaternary,MASW,8.05,259.9961823769368,4.0,259.79783018949365,258.98945251973413,259.37327058692534,259.35291073136017,259.35291073136017
187,River,River,River__CPT2,Quaternary,MASW,9.25,239.59756278151008,4.0,258.7086868560911,260.19344697461827,251.12403143528562,259.52425333564264,259.52425333564264
188,River,River,River__CPT2,Quaternary,MASW,11.0,251.45450563660305,4.0,271.10787933792653,288.74227355771944,281.96999120488516,280.6691422665024,280.6691422665024
189,River,River,River__CPT2,Quaternary,MASW,12.4,489.6128465352403,4.0,296.73617100758304,326.71117672860055,315.9007023969811,312.86495221586864,312.86495221586864
190,River,River,River__CPT2,Tertiary,MASW,14.15,693.5362539919386,4.0,377.9745366753481,412.59637240410245,405.92288442632264,396.64055527499795,419.6959530341557
191,River,River,River__CPT2,Tertiary,MASW,16.25,751.0262122133416,4.0,409.54353382312223,416.704144882135,411.32283169050487,413.4665061019807,418.6405165258383
192,River,River,River__CPT5,Quaternary,MASW,2.05,202.0,4.0,190.64499239366157,179.69685055787477,176.4827407681282,184.54347196549554,184.54347196549554
193,River,River,River__CPT5,Quaternary,MASW,3.65,211.3071752491552,4.0,187.13946826799517,196.25546027511356,195.84570482891428,192.0995678094444,192.0995678094444
194,River,River,River__CPT5,Quaternary,MASW,4.65,217.06157804322785,4.0,186.92904391994932,208.7400529741941,207.07046538889256,198.6267503099094,198.6267503099094
195,River,River,River__CPT5,Quaternary,MASW,5.65,292.9070627467941,4.0,233.35048573208962,232.85841042357748,233.86000073980765,233.0797157711236,233.0797157711236
196,River,River,River__CPT5,Quaternary,MASW,6.7,325.46149347739083,4.0,255.0897915257355,256.7897561174631,257.1799859525287,256.02337460062347,256.02337460062347
197,River,River,River__CPT5,Quaternary,MASW,8.1,276.7262155606347,4.0,244.11553715003035,240.5073901269569,239.97474363080664,242.12440909967242,242.12440909967242
198,River,River,River__CPT5,Quaternary,MASW,9.75,259.21651334725726,4.0,254.69194686214502,258.41215073729944,257.0411611667884,256.7313814937717,256.7313814937717
199,River,River,River__CPT5,Quaternary,MASW,11.35,263.8911524267684,4.0,261.69930835026764,287.4519252150148,281.77229905990544,275.5637147229999,275.5637147229999
200,River,River,River__CPT5,Tertiary,MASW,13.1,445.1012939042873,4.0,343.30573858285646,408.47997688122024,393.574226446767,377.74646029495796,406.4851629020474
201,River,River,River__CPT5,Tertiary,MASW,14.65,499.49813265589256,4.0,381.8284488662569,410.33182806230394,407.0934044271753,397.25108331712966,407.782483175876
202,River,River,River__CPT5,Tertiary,MASW,16.4,670.414393337913,4.0,416.7994782416882,411.74131747825214,410.38447087146045,414.0098486100359,414.30431367299633
203,River,River,River__CPT5,Tertiary,MASW,18.0,646.2767046306219,4.0,421.2269800776101,420.8909991475304,418.47211613325123,421.0421573899338,419.678927415164
204,River,River,River__CPT5,Tertiary,MASW,19.45,650.1372413207323,4.0,440.81830379361327,430.3758439193222,429.09687024324853,435.0439832324656,434.3241619993
205,River,River,River__CPT7,Quaternary,MASW,1.75,230.0,4.0,180.4433311447963,169.81647187536572,168.49001198984212,174.5188223502476,174.5188223502476
206,River,River,River__CPT7,Quaternary,MASW,3.1,176.88507959680965,4.0,212.57093868145753,199.69004716999567,205.98472597089076,205.38691960791505,205.38691960791505
207,River,River,River__CPT7,Quaternary,MASW,4.25,215.8194474926102,4.0,244.53042502936847,251.27006432389192,239.10174028785673,248.2145406144932,248.2145406144932
208,River,River,River__CPT7,Quaternary,MASW,5.65,215.6930991940163,4.0,244.1604424642307,230.3297449270983,235.9181911798239,236.453856228938,236.453856228938
209,River,River,River__CPT7,Quaternary,MASW,7.05,304.0688582275734,4.0,235.46257355542724,227.84341713091973,230.39809675743652,231.24104104190786,231.24104104190786
210,River,River,River__CPT7,Quaternary,MASW,8.0,318.12506802788243,4.0,250.4186936091682,249.13234664791744,247.05234755830276,249.71038304255362,249.71038304255362
211,River,River,River__CPT7,Quaternary,MASW,8.95,217.8391962302913,4.0,250.27162619574477,252.53302716489733,251.0116984122641,251.5128790612946,251.5128790612946
212,River,River,River__CPT7,Quaternary,MASW,9.9,236.6873001066819,4.0,271.79838816300673,270.77149782261966,267.23673902452117,271.2331174807014,271.2331174807014
213,River,River,River__CPT7,Quaternary,MASW,11.0,236.26600586720053,4.0,277.3950553557022,294.28966528478657,283.4244309676181,286.5633714067017,286.5633714067017
214,River,River,River__CPT7,Quaternary,MASW,11.9,277.38594435616045,4.0,313.3222442992068,317.15141040042283,309.6721851109967,315.42252849084036,315.42252849084036
215,River,River,River__CPT7,Quaternary,MASW,12.75,313.4911476710846,4.0,349.6989023514593,365.5459308622699,366.38851027195295,358.32779385916905,358.32779385916905
216,River,River,River__CPT7,Quaternary,MASW,13.85,310.73352908732784,4.0,356.87099923916725,388.24518257823235,381.3895064220773,373.7992341009723,373.7992341009723
217,River,River,River__CPT7,Quaternary,MASW,14.9,713.9594253985106,4.0,377.3025660790254,425.53590174764605,419.90340930746436,403.11160882869837,423.063075429948
218,River,River,River__CPT7,Quaternary,MASW,16.3,773.4776656548057,4.0,412.1364456130494,430.4148366090373,427.19067312112657,422.09133611067676,433.81143134170395
510,Tömő u. 23,Tömő u. 23,Tömő u. 23__CPT2,Quaternary,MASW,2.5,145.07791806916796,4.0,184.44069727740322,188.98019762068077,187.05801353881859,186.92375824922445,186.92375824922445
511,Tömő u. 23,Tömő u. 23,Tömő u. 23__CPT2,Quaternary,MASW,3.5,135.77595066181453,4.0,175.52842720906176,199.3550968224199,197.27652209868452,188.25711398763758,188.25711398763758
512,Tömő u. 23,Tömő u. 23,Tömő u. 23__CPT2,Quaternary,MASW,4.5,207.83062350057065,4.0,220.1253314799036,221.20106138164567,226.2916972633845,220.7163339064053,220.7163339064053
513,Tömő u. 23,Tömő u. 23,Tömő u. 23__CPT2,Quaternary,MASW,5.5,241.49697661905745,4.0,226.59790944132672,239.07258747464374,233.69534379316366,233.37618412394377,233.37618412394377
514,Tömő u. 23,Tömő u. 23,Tömő u. 23__CPT2,Quaternary,MASW,6.5,220.1001456011517,4.0,223.73035109082366,231.0358306221631,236.04703421535243,227.71930151981124,227.71930151981124
515,Tömő u. 23,Tömő u. 23,Tömő u. 23__CPT2,Quaternary,MASW,7.5,192.10938907392375,4.0,232.10291562724709,236.4797795658399,240.57969769294232,234.50006894675207,234.50006894675207
516,Tömő u. 23,Tömő u. 23,Tömő u. 23__CPT2,Quaternary,MASW,8.5,173.70283986615854,4.0,233.19572713408786,230.08435453168167,233.0623101984014,231.47930157470222,231.47930157470222
517,Tömő u. 23,Tömő u. 23,Tömő u. 23__CPT2,Quaternary,MASW,9.5,220.16264992636596,4.0,281.0289484057695,273.3945625067473,259.5424047738467,276.80402839577516,276.80402839577516
518,Tömő u. 23,Tömő u. 23,Tömő u. 23__CPT2,Quaternary,MASW,10.5,204.12092081968143,4.0,282.2764166937847,261.77768042624615,262.3014992068903,270.81112817710715,270.81112817710715
519,Tömő u. 23,Tömő u. 23,Tömő u. 23__CPT2,Quaternary,MASW,11.5,232.16348896923972,4.0,308.1988143379997,296.42217836610655,295.21512991768645,301.66492397953215,301.66492397953215
520,Tömő u. 23,Tömő u. 23,Tömő u. 23__CPT2,Quaternary,MASW,12.5,208.5698011236357,4.0,298.48485104538105,291.7062388276057,286.08493679567647,294.7373518457136,294.7373518457136
521,Tömő u. 23,Tömő u. 23,Tömő u. 23__CPT2,Quaternary,MASW,13.5,221.35743614256288,4.0,328.7673503830447,308.6561994916604,304.86074567729577,317.54929955767614,317.54929955767614
522,Tömő u. 23,Tömő u. 23,Tömő u. 23__CPT2,Quaternary,MASW,14.5,437.1449424002657,4.0,344.1300886480936,318.6032569680054,319.70708435531384,329.84720393252206,329.84720393252206
523,Tömő u. 23,Tömő u. 23,Tömő u. 23__CPT2,Quaternary,MASW,15.45,462.6168452811813,4.0,363.4375929676151,343.83802600617867,340.0067920407675,352.52350463697985,352.52350463697985
496,Tömő u. 23,Tömő u. 23,Tömő u. 23__Cpt1,Quaternary,MASW,1.5,195.33301458310092,4.0,170.39899594391446,167.37964838535868,170.1321740905323,168.73167675449517,168.73167675449517
497,Tömő u. 23,Tömő u. 23,Tömő u. 23__Cpt1,Quaternary,MASW,2.5,192.41851868248412,4.0,185.02225136762243,190.33965374103502,191.91175538895212,187.9281695755083,187.9281695755083
498,Tömő u. 23,Tömő u. 23,Tömő u. 23__Cpt1,Quaternary,MASW,3.5,208.20137017551997,4.0,190.41004128694985,209.4420731754709,209.48332398514643,200.65296967820427,200.65296967820427
499,Tömő u. 23,Tömő u. 23,Tömő u. 23__Cpt1,Quaternary,MASW,4.5,192.24780332045268,4.0,217.86994823959512,227.11203017372162,229.6297440686456,222.90554664341067,222.90554664341067
500,Tömő u. 23,Tömő u. 23,Tömő u. 23__Cpt1,Quaternary,MASW,5.5,180.71573428578316,4.0,233.20331910764978,239.36838155807,238.93214021579158,236.57418801934514,236.57418801934514
501,Tömő u. 23,Tömő u. 23,Tömő u. 23__Cpt1,Quaternary,MASW,6.5,171.01706808707598,4.0,230.04916759519213,232.9198084608928,235.6600792366267,231.62361376200505,231.62361376200505
502,Tömő u. 23,Tömő u. 23,Tömő u. 23__Cpt1,Quaternary,MASW,7.5,188.8576036691429,4.0,229.80879153847732,233.68254130435002,235.8835722068261,231.93133850790028,231.93133850790028
503,Tömő u. 23,Tömő u. 23,Tömő u. 23__Cpt1,Quaternary,MASW,8.5,245.96683319461823,4.0,259.77911055736706,256.07778644524564,251.75866925458308,257.73681083494256,257.73681083494256
504,Tömő u. 23,Tömő u. 23,Tömő u. 23__Cpt1,Quaternary,MASW,9.5,283.93973209690654,4.0,257.91727360343396,244.98568073377936,247.1746029185077,250.7226553422457,250.7226553422457
505,Tömő u. 23,Tömő u. 23,Tömő u. 23__Cpt1,Tertiary,MASW,10.5,305.5845956841096,4.0,268.21890848142397,262.25401698706924,258.7517983433654,264.92162351197015,265.181839808272
506,Tömő u. 23,Tömő u. 23,Tömő u. 23__Cpt1,Tertiary,MASW,11.5,318.64401219028895,4.0,286.79297108111945,277.58943046965766,278.95006505131255,281.69389549967315,281.51031377276774
507,Tömő u. 23,Tömő u. 23,Tömő u. 23__Cpt1,Tertiary,MASW,12.5,322.0731260784149,4.0,298.71699739451316,296.36935250345715,289.50527951080244,297.423500757243,297.19845881721255
508,Tömő u. 23,Tömő u. 23,Tömő u. 23__Cpt1,Tertiary,MASW,13.5,319.8451162543098,4.0,307.09955842730824,308.0441325218718,299.15325805735404,307.61871518037054,307.1931494663621
509,Tömő u. 23,Tömő u. 23,Tömő u. 23__Cpt1,Tertiary,MASW,14.1,322.0,4.0,303.4543258343458,300.03381033007724,296.91817689424585,301.5682448506394,300.7111290664374
