row_id,project,group_project,group_cpt,geo_age,test_method,z_mid_m,vs_meas_mps,fold,empirical,rf,et,base_stack,specialist_stack
447,Bacso,Bacso,Bacso__SCPTu1,Quaternary,SCPT,2.25,87.8,2.0,200.95995174722165,200.6047152016882,199.55604083790928,199.76600054926197,199.76600054926197
448,Bacso,Bacso,Bacso__SCPTu1,Quaternary,SCPT,4.5,349.0,2.0,267.70097983375206,281.18211518952256,292.4136427962085,288.5662133616056,288.5662133616056
449,Bacso,Bacso,Bacso__SCPTu1,Quaternary,SCPT,5.9,231.4,2.0,251.10294172732435,264.1060812556074,275.65442764796364,271.8241238255905,271.8241238255905
450,Bacso,Bacso,Bacso__SCPTu1,Quaternary,SCPT,7.4,271.3,2.0,248.8377740938516,258.46575087862846,265.1065798903027,262.60009392914725,262.60009392914725
451,Bacso,Bacso,Bacso__SCPTu1,Quaternary,SCPT,9.5,278.0,2.0,272.96515720572984,260.34366686023054,255.0817824046694,257.68765226531093,257.68765226531093
452,Bacso,Bacso,Bacso__SCPTu1,Quaternary,SCPT,11.15,358.7,2.0,282.15252319277533,267.0343468271475,267.9900170788516,270.0681781153869,270.0681781153869
453,Bacso,Bacso,Bacso__SCPTu1,Tertiary,SCPT,12.3,351.5,2.0,293.75423545432426,288.4708190851341,293.2923991087684,293.361628244271,292.4365352843936
454,Bacso,Bacso,Bacso__SCPTu1,Tertiary,SCPT,13.4,365.6,2.0,296.6634303194297,288.928905996184,282.87200458508784,284.89909850623275,284.83100489991796
455,Bacso,Bacso,Bacso__SCPTu1,Tertiary,SCPT,14.5,455.0,2.0,317.32706285713203,305.0742571983561,300.6995418015376,303.1369789786797,303.1507299197171
456,Bacso,Bacso,Bacso__SCPTu1,Tertiary,SCPT,15.5,365.6,2.0,320.36750987338723,318.89516742905624,318.52812831000927,318.80336080969505,319.94285204161434
457,Bacso,Bacso,Bacso__SCPTu1,Tertiary,SCPT,16.5,282.0,2.0,329.2742669039969,330.41727386647773,323.3763682008284,324.2542716335995,326.53161825824105
458,Bacso,Bacso,Bacso__SCPTu1,Tertiary,SCPT,17.5,270.0,2.0,334.2419575231,333.29213876839094,330.21062741158516,330.81221283009864,333.0209312508997
459,Bacso,Bacso,Bacso__SCPTu1,Tertiary,SCPT,18.5,320.0,2.0,332.5238051315941,330.45916315460636,329.43532049488454,329.8967579219646,332.0193140457637
460,Bacso,Bacso,Bacso__SCPTu1,Tertiary,SCPT,19.5,482.9,2.0,342.7564271751862,341.6951125325258,338.9742930294614,339.5389412986745,341.49487209587716
461,Bacso,Bacso,Bacso__SCPTu1,Tertiary,SCPT,20.5,470.0,2.0,372.06939651206335,344.65385263252557,341.19595353715374,345.65821559014313,346.4560964507044
462,Bacso,Bacso,Bacso__SCPTu1,Tertiary,SCPT,21.54,440.2,2.0,363.7122011088769,359.172991795527,349.81170342744156,351.86240397266465,374.7606575515206
463,Bacso,Bacso,Bacso__SCPTu2,Quaternary,SCPT,1.5,62.3,2.0,169.7762370958257,166.719854870882,173.71773606896312,173.12072904021815,173.12072904021815
464,Bacso,Bacso,Bacso__SCPTu2,Quaternary,SCPT,2.75,260.0,2.0,226.71759067162787,215.4277036266621,216.10737303855842,217.6666679896723,217.6666679896723
465,Bacso,Bacso,Bacso__SCPTu2,Quaternary,SCPT,3.9,318.6,2.0,258.9953809495423,278.82019661144,282.07481427065403,278.4860639677835,278.4860639677835
466,Bacso,Bacso,Bacso__SCPTu2,Quaternary,SCPT,4.65,282.0,2.0,262.8659789232765,297.4630786748485,300.02589475613183,294.1339030595052,294.1339030595052
467,Bacso,Bacso,Bacso__SCPTu2,Quaternary,SCPT,5.85,230.0,2.0,256.2849888632543,268.94854455210805,279.76467301903045,276.11017926660895,276.11017926660895
468,Bacso,Bacso,Bacso__SCPTu2,Quaternary,SCPT,7.25,260.0,2.0,255.45986032761945,258.20380775084266,262.6434266728103,261.5531507898196,261.5531507898196
469,Bacso,Bacso,Bacso__SCPTu2,Quaternary,SCPT,8.15,280.0,2.0,253.831355502866,257.60791270361,263.0560721492476,261.6512849037215,261.6512849037215
470,Bacso,Bacso,Bacso__SCPTu2,Quaternary,SCPT,9.1,303.3,2.0,257.7208778351643,257.2362369658703,256.6212866068399,256.7859257168443,256.7859257168443
471,Bacso,Bacso,Bacso__SCPTu2,Quaternary,SCPT,9.95,390.0,2.0,266.24758461776935,258.62061647242325,259.67621915178313,260.6514851798069,260.6514851798069
472,Bacso,Bacso,Bacso__SCPTu2,Quaternary,SCPT,10.85,423.9,2.0,276.88053784254987,259.5111331737052,262.8920172580532,264.94434453581806,264.94434453581806
473,Bacso,Bacso,Bacso__SCPTu2,Quaternary,SCPT,11.75,391.7,2.0,296.3209973237594,291.6873623469747,287.04582383469864,288.4183658719658,288.4183658719658
474,Bacso,Bacso,Bacso__SCPTu2,Tertiary,SCPT,12.5,350.0,2.0,290.3702728466962,290.3242116692675,290.012229991073,290.0659082613113,290.50122223080433
475,Bacso,Bacso,Bacso__SCPTu2,Tertiary,SCPT,13.5,355.0,2.0,309.70259573245477,291.7163252451873,287.6629143610641,290.8660421392307,292.2298461180528
476,Bacso,Bacso,Bacso__SCPTu2,Tertiary,SCPT,14.5,422.0,2.0,319.3632816276774,298.40432754138504,298.3058292261211,301.37361419073295,300.3997705119632
477,Bacso,Bacso,Bacso__SCPTu2,Tertiary,SCPT,15.66,380.0,2.0,323.0344883290539,319.0598637020927,320.4581279480922,320.8432680639593,320.8584470644327
95,Balazs Bela u,Balazs Bela u,Balazs Bela u__CPT1,Quaternary,MASW,1.5,160.22927084196056,4.0,154.28171481084078,171.89443590328986,171.96782994846103,162.85014073559074,162.85014073559074
96,Balazs Bela u,Balazs Bela u,Balazs Bela u__CPT1,Quaternary,MASW,2.5,225.09300694348687,4.0,193.10830880370523,194.45295448584915,196.92317924916088,193.7794653275889,193.7794653275889
97,Balazs Bela u,Balazs Bela u,Balazs Bela u__CPT1,Quaternary,MASW,3.5,240.09620888267037,4.0,200.4376030277078,217.0653512388909,213.36084041226823,208.58585451245438,208.58585451245438
98,Balazs Bela u,Balazs Bela u,Balazs Bela u__CPT1,Quaternary,MASW,4.5,207.03853585650089,4.0,241.70554690529428,259.5189262345974,258.66364137687043,250.45391591629814,250.45391591629814
99,Balazs Bela u,Balazs Bela u,Balazs Bela u__CPT1,Quaternary,MASW,5.5,191.0690633873746,4.0,233.04206489077953,240.79555539738448,243.1800148776326,236.88709007949024,236.88709007949024
100,Balazs Bela u,Balazs Bela u,Balazs Bela u__CPT1,Quaternary,MASW,6.5,179.8770125717389,4.0,233.40624098281214,242.97394690498453,242.4654894563352,238.14204921401392,238.14204921401392
101,Balazs Bela u,Balazs Bela u,Balazs Bela u__CPT1,Quaternary,MASW,7.5,179.09335493620526,4.0,239.88013754048566,236.18620493735804,241.53417530776298,238.02600556564977,238.02600556564977
102,Balazs Bela u,Balazs Bela u,Balazs Bela u__CPT1,Quaternary,MASW,8.4,202.76392077368945,4.0,243.13338347574552,244.65712643813265,246.15696549441796,243.89406500027118,243.89406500027118
103,Balazs Bela u,Balazs Bela u,Balazs Bela u__CPT1,Quaternary,MASW,9.5,274.80579295238493,4.0,277.86498859817635,277.51648195639297,276.72212928656757,277.6906806045517,277.6906806045517
104,Balazs Bela u,Balazs Bela u,Balazs Bela u__CPT1,Tertiary,MASW,10.6,284.31066554681274,4.0,290.93220243245213,270.02168732906983,278.64193883512854,280.2820083401238,280.2820083401238
105,Balazs Bela u,Balazs Bela u,Balazs Bela u__CPT1,Tertiary,MASW,11.5,287.2940421350688,4.0,295.880351508288,277.96594815847624,290.9133848190541,286.7833022483429,286.7833022483429
106,Balazs Bela u,Balazs Bela u,Balazs Bela u__CPT1,Tertiary,MASW,12.5,305.5982001643207,4.0,313.4818681308707,311.60900965170794,311.48577729439273,312.54403605256636,312.54403605256636
107,Balazs Bela u,Balazs Bela u,Balazs Bela u__CPT1,Tertiary,MASW,13.4,323.77912492398366,4.0,348.3322417381413,327.83740398992046,328.15421396473465,337.92948651667206,337.92948651667206
108,Balazs Bela u,Balazs Bela u,Balazs Bela u__CPT1,Tertiary,MASW,14.15,286.7956655723814,4.0,343.4169301511629,327.9521250209037,321.16959669133405,335.5954588656246,335.5954588656246
109,Balazs Bela u,Balazs Bela u,Balazs Bela u__CPT1,Tertiary,MASW,14.745,281.62953012015385,4.0,346.27850841547416,333.2563144414394,337.52467044809015,339.7050183391761,339.7050183391761
110,Balazs Bela u,Balazs Bela u,Balazs Bela u__CPT3,Quaternary,MASW,1.5,181.2593016532936,4.0,164.5099379274302,171.77291148854425,165.70252992966226,168.10220405037637,168.10220405037637
111,Balazs Bela u,Balazs Bela u,Balazs Bela u__CPT3,Quaternary,MASW,2.5,213.7389977658518,4.0,183.94316921656414,184.54516292467667,185.57299311534544,184.2439202034961,184.2439202034961
112,Balazs Bela u,Balazs Bela u,Balazs Bela u__CPT3,Quaternary,MASW,3.5,242.16945631577872,4.0,204.47980388762565,210.29967940613696,213.7471121549822,207.36932560674782,207.36932560674782
113,Balazs Bela u,Balazs Bela u,Balazs Bela u__CPT3,Quaternary,MASW,4.5,183.9976083561228,4.0,230.5068033307597,248.51673153392787,247.7525150980922,239.34242699549608,239.34242699549608
114,Balazs Bela u,Balazs Bela u,Balazs Bela u__CPT3,Quaternary,MASW,5.5,196.25096508768468,4.0,237.74837954069758,245.6182294108589,247.5180838421084,241.6512694526703,241.6512694526703
115,Balazs Bela u,Balazs Bela u,Balazs Bela u__CPT3,Quaternary,MASW,6.5,181.47621716786065,4.0,228.88200309830296,233.39442521823702,235.37965001095907,231.12720211158003,231.12720211158003
116,Balazs Bela u,Balazs Bela u,Balazs Bela u__CPT3,Quaternary,MASW,7.5,195.9799207328963,4.0,252.02495297836484,247.67275954709862,248.43112903256485,249.83937955990723,249.83937955990723
117,Balazs Bela u,Balazs Bela u,Balazs Bela u__CPT3,Quaternary,MASW,8.4,204.43626559443783,4.0,247.02027890049393,249.89700624910802,248.15093210688175,248.454479090342,248.454479090342
118,Balazs Bela u,Balazs Bela u,Balazs Bela u__CPT3,Quaternary,MASW,9.5,257.70007980133306,4.0,264.6888165881151,266.7029608360143,268.15828029093643,265.69398014300407,265.69398014300407
119,Balazs Bela u,Balazs Bela u,Balazs Bela u__CPT3,Tertiary,MASW,10.6,293.3543261321456,4.0,285.517054020796,278.9370443804434,283.9579775549446,282.20787226576834,282.20787226576834
120,Balazs Bela u,Balazs Bela u,Balazs Bela u__CPT3,Tertiary,MASW,11.5,297.0572278925097,4.0,294.36111588680984,289.08688282964783,296.31478153996903,291.7120796572788,291.7120796572788
121,Balazs Bela u,Balazs Bela u,Balazs Bela u__CPT3,Tertiary,MASW,12.5,320.18378589781827,4.0,317.70250195960665,314.0170764616598,316.32366387027747,315.85441401049064,315.85441401049064
122,Balazs Bela u,Balazs Bela u,Balazs Bela u__CPT3,Tertiary,MASW,13.4,299.2427491507408,4.0,329.20560959107786,315.2300143876075,313.12054679788434,322.1420324140839,322.1420324140839
123,Balazs Bela u,Balazs Bela u,Balazs Bela u__CPT3,Tertiary,MASW,14.15,295.38867195232734,4.0,355.8106733020577,331.1642730033371,332.4999904753885,343.2663440404607,343.2663440404607
124,Balazs Bela u,Balazs Bela u,Balazs Bela u__CPT3,Tertiary,MASW,14.745,284.7713855793395,4.0,353.4558374391666,330.1818287960654,341.84309759933717,341.6206884898936,341.6206884898936
125,Balazs Bela u,Balazs Bela u,Balazs Bela u__CPT5,Quaternary,MASW,1.5,225.344560762992,4.0,196.5403744625079,184.946813534296,183.1059113192853,190.65549031611485,190.65549031611485
126,Balazs Bela u,Balazs Bela u,Balazs Bela u__CPT5,Quaternary,MASW,2.3,218.7736372966365,4.0,197.7072025171394,196.0576677676269,188.2369384673629,196.88070760329018,196.88070760329018
127,Balazs Bela u,Balazs Bela u,Balazs Bela u__CPT5,Quaternary,MASW,3.05,238.47002457839076,4.0,209.8227426250569,217.6376685782391,211.75479034464328,213.69448406453847,213.69448406453847
128,Balazs Bela u,Balazs Bela u,Balazs Bela u__CPT5,Quaternary,MASW,3.55,172.9944254712481,4.0,165.60248766710453,199.02459230506932,203.96054920904086,181.54604813283797,181.54604813283797
129,Balazs Bela u,Balazs Bela u,Balazs Bela u__CPT5,Quaternary,MASW,4.0,208.06999100282263,4.0,213.43931428618623,233.0920076693565,232.3718975496186,223.04931804992805,223.04931804992805
130,Balazs Bela u,Balazs Bela u,Balazs Bela u__CPT5,Quaternary,MASW,4.7,192.08137490019047,4.0,234.06270053578925,249.098765485799,246.35506132484613,241.46372346532183,241.46372346532183
131,Balazs Bela u,Balazs Bela u,Balazs Bela u__CPT5,Quaternary,MASW,5.7,192.82835352083657,4.0,239.17170791055696,240.9818251503589,246.6899105695787,240.0750605469352,240.0750605469352
132,Balazs Bela u,Balazs Bela u,Balazs Bela u__CPT5,Quaternary,MASW,6.6,192.23263736765307,4.0,243.2153730472267,240.23561028247605,242.23941173518674,241.7209001598342,241.7209001598342
133,Balazs Bela u,Balazs Bela u,Balazs Bela u__CPT5,Quaternary,MASW,8.0,194.1878028074128,4.0,248.04070242856508,250.43411531881162,247.61149601372654,249.23453588087327,249.23453588087327
134,Balazs Bela u,Balazs Bela u,Balazs Bela u__CPT5,Tertiary,MASW,9.6,256.0695961005619,4.0,253.16228306215322,260.1729162345853,262.41992486796323,256.6436624288353,256.6436624288353
135,Balazs Bela u,Balazs Bela u,Balazs Bela u__CPT5,Tertiary,MASW,10.8,282.3878377195648,4.0,279.6123041051437,269.1981146402606,279.6670604930021,274.3558001853138,274.3558001853138
136,Balazs Bela u,Balazs Bela u,Balazs Bela u__CPT5,Tertiary,MASW,12.95,301.7575919193504,4.0,330.04852512783776,314.39011795788514,319.3400805380366,322.1241914957131,322.1241914957131
137,Balazs Bela u,Balazs Bela u,Balazs Bela u__CPT7,Quaternary,MASW,1.55,218.61843680273475,4.0,207.7770867427783,203.19273650946093,195.70148057143555,205.47212667227825,205.47212667227825
138,Balazs Bela u,Balazs Bela u,Balazs Bela u__CPT7,Quaternary,MASW,2.5,243.5136525721244,4.0,222.70912973306645,223.38776239882645,214.1709165772912,223.048187970357,223.048187970357
139,Balazs Bela u,Balazs Bela u,Balazs Bela u__CPT7,Quaternary,MASW,3.25,173.9745978721373,4.0,176.51632615429224,200.19893100159544,201.49887603064167,187.98505206642957,187.98505206642957
140,Balazs Bela u,Balazs Bela u,Balazs Bela u__CPT7,Quaternary,MASW,3.9,217.03384928200185,4.0,224.52495670013732,251.58816467400536,247.1081525132268,237.67166802060805,237.67166802060805
141,Balazs Bela u,Balazs Bela u,Balazs Bela u__CPT7,Quaternary,MASW,4.85,203.1240160584304,4.0,248.42830138587382,253.80848112778102,256.8774307008894,251.10398213469915,251.10398213469915
142,Balazs Bela u,Balazs Bela u,Balazs Bela u__CPT7,Quaternary,MASW,6.25,184.60127439809037,4.0,237.16980611251216,240.70558982948532,243.73837272148998,238.93115759577466,238.93115759577466
143,Balazs Bela u,Balazs Bela u,Balazs Bela u__CPT7,Quaternary,MASW,7.35,165.4915602191897,4.0,225.04749383777826,231.92030571447594,233.28615997682545,228.45805648112778,228.45805648112778
144,Balazs Bela u,Balazs Bela u,Balazs Bela u__CPT7,Quaternary,MASW,7.85,192.86192210827696,4.0,253.2870784825714,249.58851130891142,249.40843329016994,251.4309942156066,251.4309942156066
145,Balazs Bela u,Balazs Bela u,Balazs Bela u__CPT7,Quaternary,MASW,9.0,247.33548914468648,4.0,254.1947676054201,258.2471998969409,258.8873913307222,256.2129718857993,256.2129718857993
146,Balazs Bela u,Balazs Bela u,Balazs Bela u__CPT7,Tertiary,MASW,10.75,273.0212382878847,4.0,275.628953157007,269.96003911539407,275.2398475111978,272.77977009961836,272.77977009961836
147,Balazs Bela u,Balazs Bela u,Balazs Bela u__CPT7,Tertiary,MASW,12.25,316.70687811949347,4.0,312.364432264518,312.70303450512506,310.5942183074127,312.53368752917703,312.53368752917703
148,Balazs Bela u,Balazs Bela u,Balazs Bela u__CPT7,Tertiary,MASW,13.5,335.72412127806666,4.0,357.93758382802594,331.9001854805704,338.3634763722457,344.6731066720885,344.6731066720885
149,Balazs Bela u,Balazs Bela u,Balazs Bela u__CPT7,Tertiary,MASW,14.5,276.8066629898324,4.0,349.2145591683706,330.21816647185005,336.6674528695117,339.58355589435547,339.58355589435547
996,Budapart,Budapart,Budapart__BOC.CPT2,Quaternary,MASW,1.35,314.9245011606354,2.0,179.53821378551794,180.8266505704302,183.5062159967144,182.905471763474,182.905471763474
997,Budapart,Budapart,Budapart__BOC.CPT2,Quaternary,MASW,2.35,242.44163571454845,2.0,199.05595889341592,209.05278707554527,216.2879175862927,213.61104166720193,213.61104166720193
998,Budapart,Budapart,Budapart__BOC.CPT2,Quaternary,MASW,3.5,157.9886140542735,2.0,243.1734413581565,240.62762148865244,242.59205691881104,242.67917589174093,242.67917589174093
999,Budapart,Budapart,Budapart__BOC.CPT2,Quaternary,MASW,4.5,176.10766844413888,2.0,275.1845956744846,303.50613672478727,294.7142906061482,291.6987941349967,291.6987941349967
1000,Budapart,Budapart,Budapart__BOC.CPT2,Quaternary,MASW,5.8,197.17858473558465,2.0,294.24944464906525,275.538496211154,285.2654778504062,286.59537837072594,286.59537837072594
1001,Budapart,Budapart,Budapart__BOC.CPT2,Quaternary,MASW,7.1,239.2957443400448,2.0,278.7443100838618,279.8355399737518,279.9260086617633,279.74843502768607,279.74843502768607
1002,Budapart,Budapart,Budapart__BOC.CPT2,Quaternary,MASW,8.1,248.33418668783227,2.0,248.319440720344,252.5433762850707,256.0890028213353,254.9082537848286,254.9082537848286
1003,Budapart,Budapart,Budapart__BOC.CPT2,Quaternary,MASW,9.3,252.3328671626296,2.0,250.74474100620344,257.95185449203984,258.67229246432254,257.4673720157311,257.4673720157311
1004,Budapart,Budapart,Budapart__BOC.CPT2,Quaternary,MASW,10.5,274.25358161893274,2.0,272.43132823891966,265.58829179258646,268.3688688675166,268.974353617561,268.974353617561
1005,Budapart,Budapart,Budapart__BOC.CPT2,Quaternary,MASW,11.5,275.4542892028961,2.0,275.2847528617688,267.71650699932457,269.95119042865923,270.7445876666628,270.7445876666628
1006,Budapart,Budapart,Budapart__BOC.CPT2,Quaternary,MASW,12.65,294.5715165515109,2.0,299.05016904818416,285.31721528905234,286.2470430884128,288.1319812983718,288.1319812983718
1007,Budapart,Budapart,Budapart__BOC.CPT2,Quaternary,MASW,14.0,264.56409767953005,2.0,271.4547631215615,266.3056666339954,274.67293071673885,274.1877843565261,274.1877843565261
1008,Budapart,Budapart,Budapart__BOC.CPT2,Quaternary,MASW,15.2,467.4323088011077,2.0,309.01659159023075,299.8933035580298,298.2184369691481,299.81377719866566,299.81377719866566
1009,Budapart,Budapart,Budapart__BOC.CPT2,Quaternary,MASW,16.2,487.9315323651389,2.0,291.4850954029279,292.7592869643568,289.4064145413978,289.7172690606305,289.7172690606305
1010,Budapart,Budapart,Budapart__BOC.CPT2,Quaternary,MASW,17.085,534.8024694985974,2.0,334.19982842291654,323.14407940336173,320.5434865104937,322.5557931656932,322.5557931656932
1011,Budapart,Budapart,Budapart__BOG.CPT1,Quaternary,MASW,1.45,198.6866581464849,2.0,219.20500229480626,222.966080786031,225.3888483837035,224.45026885881364,224.45026885881364
1012,Budapart,Budapart,Budapart__BOG.CPT1,Quaternary,MASW,2.45,174.2077326855875,2.0,196.97841563061934,190.14016709532962,192.28868475496986,192.98496058944366,192.98496058944366
1013,Budapart,Budapart,Budapart__BOG.CPT1,Quaternary,MASW,3.5,218.74548124871887,2.0,232.55475558950894,220.75649797016763,224.10940847421782,225.3563809770306,225.3563809770306
1014,Budapart,Budapart,Budapart__BOG.CPT1,Quaternary,MASW,4.5,224.91616831893225,2.0,243.5660726293219,236.43553335912824,238.4076049074553,239.17435313074847,239.17435313074847
1015,Budapart,Budapart,Budapart__BOG.CPT1,Quaternary,MASW,5.5,262.04744823605785,2.0,248.187992824312,248.8620840632532,246.519432980804,246.76899998095558,246.76899998095558
1016,Budapart,Budapart,Budapart__BOG.CPT1,Quaternary,MASW,6.5,278.80618079788064,2.0,264.5665000427749,268.37198749434884,267.4973217858866,267.05563748195584,267.05563748195584
1017,Budapart,Budapart,Budapart__BOG.CPT1,Quaternary,MASW,7.35,226.6397771054856,2.0,221.8948640696785,237.82804818549903,237.88481839058605,235.41482313256634,235.41482313256634
1018,Budapart,Budapart,Budapart__BOG.CPT1,Quaternary,MASW,8.35,250.3457724284192,2.0,246.24092079083673,248.2279304945123,255.34096614795982,253.95481803795008,253.95481803795008
1019,Budapart,Budapart,Budapart__BOG.CPT1,Quaternary,MASW,9.5,247.64418117211255,2.0,253.7246822713156,255.55096079815516,258.3355862866919,257.63864571283005,257.63864571283005
1020,Budapart,Budapart,Budapart__BOG.CPT1,Quaternary,MASW,10.5,282.2871895712367,2.0,270.1006774251076,264.91792071364773,268.7358173336445,268.9401058193749,268.9401058193749
1021,Budapart,Budapart,Budapart__BOG.CPT1,Quaternary,MASW,11.5,262.47852224854205,2.0,273.5675695061474,264.09223116044285,267.0849941190022,268.0474974352093,268.0474974352093
1022,Budapart,Budapart,Budapart__BOG.CPT1,Quaternary,MASW,12.5,383.3651304293964,2.0,276.55462800519405,267.87735283255677,273.0421032347512,273.5661239527213,273.5661239527213
1023,Budapart,Budapart,Budapart__BOG.CPT1,Quaternary,MASW,13.5,524.1579625234431,2.0,360.93814599731127,367.3716467521448,364.2579265120704,363.7580197115836,433.32341173762717
1024,Budapart,Budapart,Budapart__BOG.CPT1,Quaternary,MASW,14.89,550.1775271810608,2.0,373.05625485248567,390.0984057124565,399.65229047595585,395.54519146216177,424.40541584164856
1025,Budapart,Budapart,Budapart__BOG.CPT2,Quaternary,MASW,1.75,156.09949847531516,2.0,212.02265890263814,208.471853791193,211.29235348818636,211.40173872419282,211.40173872419282
1026,Budapart,Budapart,Budapart__BOG.CPT2,Quaternary,MASW,3.35,199.45797632533723,2.0,246.988701637479,251.66305244701763,260.5516744702006,258.4707192549472,258.4707192549472
1027,Budapart,Budapart,Budapart__BOG.CPT2,Quaternary,MASW,4.7,245.37338826516856,2.0,276.0310494737946,310.0537758558836,294.9397033697964,292.0229230258865,292.0229230258865
1028,Budapart,Budapart,Budapart__BOG.CPT2,Quaternary,MASW,5.6,236.69771399156156,2.0,237.59994180276252,248.50885422525198,245.96148241470232,244.6887408384501,244.6887408384501
1029,Budapart,Budapart,Budapart__BOG.CPT2,Quaternary,MASW,6.5,232.24896776381445,2.0,229.40972098613534,234.63400738966283,241.2231723459284,239.41311838460553,239.41311838460553
1030,Budapart,Budapart,Budapart__BOG.CPT2,Quaternary,MASW,7.5,250.35437496561337,2.0,246.31251829395404,252.58900391253331,255.5430082559071,254.13669355012007,254.13669355012007
1031,Budapart,Budapart,Budapart__BOG.CPT2,Quaternary,MASW,8.5,304.3331535968106,2.0,294.1037759764822,289.1304061474467,289.05018045874397,289.80264718058396,289.80264718058396
1032,Budapart,Budapart,Budapart__BOG.CPT2,Quaternary,MASW,9.5,285.5003637808965,2.0,277.0643047680563,271.6947923896558,276.0555580848282,276.20663562624327,276.20663562624327
1033,Budapart,Budapart,Budapart__BOG.CPT2,Quaternary,MASW,10.5,272.75596422944125,2.0,263.8079371735183,265.0956774266376,267.9269483417037,267.3050210544549,267.3050210544549
1034,Budapart,Budapart,Budapart__BOG.CPT2,Quaternary,MASW,11.95,412.2267261117577,2.0,308.1059418616753,290.96445728844895,295.9977335667271,297.7831632210051,297.7831632210051
1035,Budapart,Budapart,Budapart__BOG.CPT3,Quaternary,MASW,1.6,190.75126081678476,2.0,217.2195994220453,227.38747140237618,225.72161733272728,224.42541227274813,224.42541227274813
1036,Budapart,Budapart,Budapart__BOG.CPT3,Quaternary,MASW,2.6,166.76722098028122,2.0,197.4200362685525,186.10122317532296,189.06960713828633,190.2992810951576,190.2992810951576
1037,Budapart,Budapart,Budapart__BOG.CPT3,Quaternary,MASW,4.0,215.41747286501064,2.0,234.229174210799,231.29159667872545,227.29197352198355,228.31930442482525,228.31930442482525
1038,Budapart,Budapart,Budapart__BOG.CPT3,Quaternary,MASW,5.4,260.93714504043294,2.0,264.400214915582,286.9489058156339,283.49413494326893,280.54448601522597,280.54448601522597
1039,Budapart,Budapart,Budapart__BOG.CPT3,Quaternary,MASW,6.5,269.6562030046544,2.0,268.63622841415713,271.8067264175964,275.1663926800848,274.17684151309004,274.17684151309004
1040,Budapart,Budapart,Budapart__BOG.CPT3,Quaternary,MASW,7.75,239.9973595537022,2.0,238.586401771355,246.73278025990055,249.2775480282483,247.6438474268742,247.6438474268742
1041,Budapart,Budapart,Budapart__BOG.CPT3,Quaternary,MASW,9.25,264.3478893337697,2.0,258.6375319789058,258.48057883971416,262.1347475945386,261.60716613920454,261.60716613920454
1042,Budapart,Budapart,Budapart__BOG.CPT3,Quaternary,MASW,10.5,260.10595577818225,2.0,256.7272153785593,259.6760597524965,262.6515182693131,261.75423367890784,261.75423367890784
1043,Budapart,Budapart,Budapart__BOG.CPT3,Quaternary,MASW,11.6,302.93970271584345,2.0,262.87016113068336,263.13765416519493,266.2625258844399,265.75089398470834,265.75089398470834
1044,Budapart,Budapart,Budapart__BOG.CPT3,Quaternary,MASW,12.6,456.07858192523423,2.0,276.0720570273971,269.24504354798455,272.1781244807719,272.7586939443729,272.7586939443729
1045,Budapart,Budapart,Budapart__BOG.CPT3,Quaternary,MASW,13.675,482.60330611425417,2.0,302.7782519782195,276.4043670657614,282.6992495402349,285.6239749819891,285.6239749819891
1046,Budapart,Budapart,Budapart__BOIJ.CPT1,Quaternary,MASW,1.5,182.62077604901256,2.0,195.3543778104316,174.60258852136502,181.9775424422713,183.92408262627342,183.92408262627342
1047,Budapart,Budapart,Budapart__BOIJ.CPT1,Quaternary,MASW,2.5,186.1021412498908,2.0,238.02280283182264,226.22430757831216,221.11089867065346,223.56891131272397,223.56891131272397
1048,Budapart,Budapart,Budapart__BOIJ.CPT1,Quaternary,MASW,3.5,176.45878234349587,2.0,221.06560138253963,234.19736773444083,230.3336485621429,228.919060291913,228.919060291913
1049,Budapart,Budapart,Budapart__BOIJ.CPT1,Quaternary,MASW,4.5,195.90551345445684,2.0,233.4360070280897,239.3826595325876,231.43358837905015,231.73285253888722,231.73285253888722
1050,Budapart,Budapart,Budapart__BOIJ.CPT1,Quaternary,MASW,5.5,210.2692476943019,2.0,242.1838773567962,253.89991111750751,241.72590862531246,241.79454868638965,241.79454868638965
1051,Budapart,Budapart,Budapart__BOIJ.CPT1,Quaternary,MASW,6.5,220.7469330930209,2.0,250.10748239584484,251.98109642490806,250.02476853700983,250.0371738717602,250.0371738717602
1052,Budapart,Budapart,Budapart__BOIJ.CPT1,Quaternary,MASW,7.5,208.8482131112298,2.0,244.9456807473766,249.08518919335748,246.9477930457997,246.64643620820314,246.64643620820314
1053,Budapart,Budapart,Budapart__BOIJ.CPT1,Quaternary,MASW,8.5,205.3530384795569,2.0,248.20418257522425,255.26046702103304,259.8240157464388,258.0469685683019,258.0469685683019
1054,Budapart,Budapart,Budapart__BOIJ.CPT1,Quaternary,MASW,9.5,211.8672348045849,2.0,255.20807709978968,259.44854696183694,266.3776537502644,264.67156370241753,264.67156370241753
1055,Budapart,Budapart,Budapart__BOIJ.CPT1,Quaternary,MASW,10.865,229.9427091755753,2.0,278.149745931238,266.4983335975817,271.9614517749603,272.8808431911273,272.8808431911273
1056,Budapart,Budapart,Budapart__BOIJ.CPT3,Quaternary,MASW,2.0,178.06189884304365,2.0,193.24545505945267,199.29403916547412,203.02369824362066,201.52601521180554,201.52601521180554
1057,Budapart,Budapart,Budapart__BOIJ.CPT3,Quaternary,MASW,3.15,199.6152481747873,2.0,234.52465766319247,224.5508733228594,224.4544778551789,225.93697482287737,225.93697482287737
1058,Budapart,Budapart,Budapart__BOIJ.CPT3,Quaternary,MASW,4.4,238.65773298569488,2.0,272.9336719651042,284.6336794236645,274.4911890793665,274.256996132064,274.256996132064
1059,Budapart,Budapart,Budapart__BOIJ.CPT3,Quaternary,MASW,5.9,197.86134262656049,2.0,228.73824138364157,249.92009596171357,253.7284187209338,249.81272836481702,249.81272836481702
1060,Budapart,Budapart,Budapart__BOIJ.CPT3,Quaternary,MASW,7.4,214.1691716756123,2.0,253.2926601615146,247.69802332518745,251.00660604706889,251.34819427391173,251.34819427391173
1061,Budapart,Budapart,Budapart__BOIJ.CPT3,Quaternary,MASW,8.5,204.9323330643595,2.0,255.51447802546716,256.838221724565,255.75045857409174,255.71504760304077,255.71504760304077
1062,Budapart,Budapart,Budapart__BOIJ.CPT3,Quaternary,MASW,9.5,218.93893794126737,2.0,274.4042856954049,274.67466991564413,276.44853763695966,276.1409317438016,276.1409317438016
1063,Budapart,Budapart,Budapart__BOIJ.CPT3,Quaternary,MASW,10.5,220.9834279376888,2.0,279.7761168979451,267.736904442841,272.3864825947211,273.48235721724774,273.48235721724774
1064,Budapart,Budapart,Budapart__BOIJ.CPT3,Quaternary,MASW,11.62,268.46,2.0,286.41157607395166,274.89920071483357,279.5660940783306,280.5823892473548,280.5823892473548
1065,Budapart,Budapart,Budapart__BRE.CPT4,Quaternary,MASW,1.7000000000000002,153.52949138327185,2.0,192.1190381474252,199.8542272004537,203.46216732428275,201.718939828885,201.718939828885
1066,Budapart,Budapart,Budapart__BRE.CPT4,Quaternary,MASW,2.7,193.96732697418173,2.0,231.9182490560455,226.95976316640838,227.97645350998735,228.56342371955486,228.56342371955486
1067,Budapart,Budapart,Budapart__BRE.CPT4,Quaternary,MASW,4.1,215.077696284564,2.0,266.70030253194545,269.81058652254444,274.2547701211471,273.1081043181161,273.1081043181161
1068,Budapart,Budapart,Budapart__BRE.CPT4,Quaternary,MASW,5.5,238.80464668674344,2.0,241.31050892113103,255.23056837876845,260.2290496284183,257.2994421654928,257.2994421654928
1069,Budapart,Budapart,Budapart__BRE.CPT4,Quaternary,MASW,6.5,245.3354627875698,2.0,244.06517446140356,252.14959969681482,256.41946764981395,254.52721015150752,254.52721015150752
1070,Budapart,Budapart,Budapart__BRE.CPT4,Quaternary,MASW,7.5,247.53147221052092,2.0,240.9362862986993,252.11032797560202,253.18774189016634,251.3110622913584,251.3110622913584
1071,Budapart,Budapart,Budapart__BRE.CPT4,Quaternary,MASW,8.5,272.4027350426088,2.0,263.7606580952606,263.59975134938463,265.1758356210085,264.96307593285127,264.96307593285127
1072,Budapart,Budapart,Budapart__BRE.CPT4,Quaternary,MASW,9.5,254.89844722125025,2.0,245.9613753913409,260.3095702012691,255.92289347334088,254.40333697746888,254.40333697746888
1073,Budapart,Budapart,Budapart__BRE.CPT4,Quaternary,MASW,10.5,272.64323208484603,2.0,264.1904454660298,261.9160906879872,260.86015428015173,261.35700868256765,261.35700868256765
1074,Budapart,Budapart,Budapart__BRE.CPT4,Quaternary,MASW,11.5,280.9149843751927,2.0,267.2821888016553,266.12656156452266,266.46937479745776,266.5911391372044,266.5911391372044
1075,Budapart,Budapart,Budapart__BRE.CPT4,Quaternary,MASW,12.89,473.2222413447456,2.0,286.58849150154026,274.3080165517754,275.7038071000366,277.3097636397783,277.3097636397783
1076,Budapart,Budapart,Budapart__BRF.CPT2,Quaternary,MASW,1.6,183.13755001535216,2.0,222.0983060947854,227.22847376994056,231.04592593685612,229.68115035333395,229.68115035333395
1077,Budapart,Budapart,Budapart__BRF.CPT2,Quaternary,MASW,2.5,178.1407235440785,2.0,214.52860096802453,196.14405493970767,196.5778295388042,199.1714730414662,199.1714730414662
1078,Budapart,Budapart,Budapart__BRF.CPT2,Quaternary,MASW,3.5,203.95888690857916,2.0,236.16278499411084,235.9571888564963,236.22360782285773,236.21448340002033,236.21448340002033
1079,Budapart,Budapart,Budapart__BRF.CPT2,Quaternary,MASW,4.5,212.1688645121086,2.0,252.51686391145992,266.64729414465666,263.4802452959834,261.80588721669403,261.80588721669403
1080,Budapart,Budapart,Budapart__BRF.CPT2,Quaternary,MASW,5.5,278.6857150019483,2.0,284.371408852154,309.02003225826985,295.17350483263476,293.52740538963934,293.52740538963934
1081,Budapart,Budapart,Budapart__BRF.CPT2,Quaternary,MASW,6.75,231.1739523533905,2.0,243.89565513085992,253.11317758991467,255.90864248267926,254.0696677273901,254.0696677273901
1082,Budapart,Budapart,Budapart__BRF.CPT2,Quaternary,MASW,8.0,259.84204481191153,2.0,257.45709849863414,257.27553669781815,258.78284009974846,258.5835445120619,258.5835445120619
1083,Budapart,Budapart,Budapart__BRF.CPT2,Quaternary,MASW,9.0,260.8606967781626,2.0,258.76915939911385,256.8826454635925,254.97014889812831,255.53642473875547,255.53642473875547
1084,Budapart,Budapart,Budapart__BRF.CPT2,Quaternary,MASW,10.0,266.0650563384212,2.0,265.3534284918695,262.8245811253214,266.16240415867026,266.0409007653562,266.0409007653562
1085,Budapart,Budapart,Budapart__BRF.CPT2,Quaternary,MASW,11.0,269.6280434193707,2.0,272.60169932891785,264.49341024940674,268.48732018458077,269.10049519475655,269.10049519475655
1086,Budapart,Budapart,Budapart__BRF.CPT2,Quaternary,MASW,12.0,371.5950423468242,2.0,269.28234111408204,264.7159645218066,270.2246972179031,270.0831338500875,270.0831338500875
1087,Budapart,Budapart,Budapart__BRF.CPT2,Quaternary,MASW,12.925,491.7559209041706,2.0,323.26055881833213,299.52928955325467,301.71979780858226,304.85698115259606,304.85698115259606
1088,Budapart,Budapart,Budapart__BRG.CPT1,Quaternary,MASW,2.1,181.80561628891536,2.0,209.57336888915125,211.2763442684496,209.47870834697048,209.4929047021002,209.4929047021002
1089,Budapart,Budapart,Budapart__BRG.CPT1,Quaternary,MASW,3.15,190.555474102631,2.0,227.40933549498757,219.56685149863387,225.2399566066619,225.56403929315204,225.56403929315204
1090,Budapart,Budapart,Budapart__BRG.CPT1,Quaternary,MASW,4.4,222.7778845225797,2.0,257.73439083599135,266.9626955934498,247.20725001052526,248.7584710386673,248.7584710386673
1091,Budapart,Budapart,Budapart__BRG.CPT1,Quaternary,MASW,5.5,217.6915332265952,2.0,238.73843109694454,256.235510934663,250.453549877594,248.66030570969585,248.66030570969585
1092,Budapart,Budapart,Budapart__BRG.CPT1,Quaternary,MASW,6.5,225.5612163020003,2.0,240.406011413562,240.47637702184963,239.7135863098348,239.81732279530976,239.81732279530976
1093,Budapart,Budapart,Budapart__BRG.CPT1,Quaternary,MASW,7.5,218.69912924404144,2.0,244.41715654534383,246.65421564619567,246.02493925289872,245.78309931843455,245.78309931843455
1094,Budapart,Budapart,Budapart__BRG.CPT1,Quaternary,MASW,8.5,210.47264817800425,2.0,244.62630406061524,252.0788971120822,252.00106921878677,250.8808422534013,250.8808422534013
1095,Budapart,Budapart,Budapart__BRG.CPT1,Quaternary,MASW,9.5,218.6399431603297,2.0,255.6000954600319,259.03751060567396,259.941910778875,259.28596704518856,259.28596704518856
1096,Budapart,Budapart,Budapart__BRG.CPT1,Quaternary,MASW,10.5,222.56821807043863,2.0,259.5698589648364,260.5400090484882,262.8275366136907,262.3362910152526,262.3362910152526
1097,Budapart,Budapart,Budapart__BRG.CPT1,Quaternary,MASW,11.64,269.0433266736204,2.0,331.6693369341676,300.978700752189,306.2546460076656,309.93889571431095,309.93889571431095
1098,Budapart,Budapart,Budapart__BRK.CPT1,Quaternary,MASW,1.4,187.3100343454764,2.0,195.2209618477157,197.11734186379314,207.50103002950067,205.61092438071415,205.61092438071415
1099,Budapart,Budapart,Budapart__BRK.CPT1,Quaternary,MASW,2.4,222.34084520729309,2.0,220.7648188537325,211.56430348394363,207.18507004150615,209.16748176718346,209.16748176718346
1100,Budapart,Budapart,Budapart__BRK.CPT1,Quaternary,MASW,3.5,252.56608898094157,2.0,252.29812964972743,268.1141703590917,266.5171350309549,264.3342692793398,264.3342692793398
1101,Budapart,Budapart,Budapart__BRK.CPT1,Quaternary,MASW,4.5,244.96483679727447,2.0,277.4380115505683,295.41715385840126,291.2508364819497,289.1358868577746,289.1358868577746
1102,Budapart,Budapart,Budapart__BRK.CPT1,Quaternary,MASW,5.8,234.55662684429797,2.0,255.4144126480533,279.3806241598019,283.0610519206269,278.73076635330176,278.73076635330176
1103,Budapart,Budapart,Budapart__BRK.CPT1,Quaternary,MASW,7.1,237.4367692279285,2.0,254.90958117424861,262.9765135347159,262.070975239813,260.9840762678624,260.9840762678624
1104,Budapart,Budapart,Budapart__BRK.CPT1,Quaternary,MASW,8.1,218.54536943109616,2.0,235.96852962140517,256.1033025303291,254.56796133931658,251.687296536428,251.687296536428
1105,Budapart,Budapart,Budapart__BRK.CPT1,Quaternary,MASW,9.3,217.19009684022475,2.0,234.49302691402664,259.4347783681691,258.61450167967604,254.84401160137855,254.84401160137855
1106,Budapart,Budapart,Budapart__BRK.CPT1,Quaternary,MASW,10.5,241.63536774335344,2.0,259.50370928138955,262.6347361236385,265.3581575995022,264.47164236552436,264.47164236552436
1107,Budapart,Budapart,Budapart__BRK.CPT1,Quaternary,MASW,11.5,247.9246741046859,2.0,266.66300741965915,262.7896491234946,261.6705564041183,262.4134222464356,262.4134222464356
1108,Budapart,Budapart,Budapart__BRK.CPT1,Quaternary,MASW,12.8,266.2868371267044,2.0,288.6184287542276,272.55356856856406,276.8699279428718,278.60122921099133,278.60122921099133
1109,Budapart,Budapart,Budapart__BRK.CPT1,Quaternary,MASW,13.85,580.7534828026721,2.0,370.2237351556884,361.51994297597844,368.75254714116414,368.9728520805068,429.6840826875658
1110,Budapart,Budapart,Budapart__BRK.CPT2,Quaternary,MASW,1.4500000000000002,193.20265298831268,2.0,177.25755665272342,184.10699307510723,191.32646189844482,189.14701770554902,189.14701770554902
1111,Budapart,Budapart,Budapart__BRK.CPT2,Quaternary,MASW,2.3,168.6264078169069,2.0,150.4478463228167,173.4320766995227,170.70917486718508,167.50440401215732,167.50440401215732
1112,Budapart,Budapart,Budapart__BRK.CPT2,Quaternary,MASW,3.4,289.08835521167094,2.0,248.92907783003713,242.93622835925126,246.57228586785143,246.92437699023623,246.92437699023623
1113,Budapart,Budapart,Budapart__BRK.CPT2,Quaternary,MASW,4.45,232.40168051966785,2.0,256.7395929307063,257.54473591652163,257.6530916428109,257.5158599116446,257.5158599116446
1114,Budapart,Budapart,Budapart__BRK.CPT2,Quaternary,MASW,5.75,207.0452699782191,2.0,219.53943071848417,240.99236739228928,243.77747974933902,239.97799774856645,239.97799774856645
1115,Budapart,Budapart,Budapart__BRK.CPT2,Quaternary,MASW,7.1,239.6089866214836,2.0,247.1334315552142,254.00465275909232,250.39846435026573,249.90597331629783,249.90597331629783
1116,Budapart,Budapart,Budapart__BRK.CPT2,Quaternary,MASW,8.1,241.2747385799583,2.0,249.7018525772603,255.28821495484516,256.8151325121158,255.73536137852489,255.73536137852489
1117,Budapart,Budapart,Budapart__BRK.CPT2,Quaternary,MASW,9.3,240.69454175504325,2.0,247.06204735072558,254.25436367815598,253.68963736497705,252.68427970224195,252.68427970224195
1118,Budapart,Budapart,Budapart__BRK.CPT2,Quaternary,MASW,10.5,252.18399933673072,2.0,260.0350753125101,261.0782070777068,257.2218186961223,257.64185880332735,257.64185880332735
1119,Budapart,Budapart,Budapart__BRK.CPT2,Quaternary,MASW,11.69,274.8869914812007,2.0,290.7367468491683,281.19165287681307,280.5035795018496,282.0152772971531,282.0152772971531
1120,Budapart,Budapart,Budapart__BRL.CPT1,Quaternary,MASW,1.3,243.2255319206435,2.0,207.5566667199652,193.9327706533799,207.78171221216812,207.74793983929345,207.74793983929345
1121,Budapart,Budapart,Budapart__BRL.CPT1,Quaternary,MASW,2.2,213.2005697862587,2.0,177.59579371689014,179.4680623060104,178.81530026443303,178.6318418366097,178.6318418366097
1122,Budapart,Budapart,Budapart__BRL.CPT1,Quaternary,MASW,3.3,289.73113128281886,2.0,226.49171572073888,221.41204153597386,221.67057376466755,222.3871487975405,222.3871487975405
1123,Budapart,Budapart,Budapart__BRL.CPT1,Quaternary,MASW,4.3,338.56928750348965,2.0,255.39187701599795,269.2893230130856,252.95970446213877,253.32304833035968,253.32304833035968
1124,Budapart,Budapart,Budapart__BRL.CPT1,Quaternary,MASW,5.4,285.5014863130366,2.0,277.16815833094626,309.84531831509975,292.02766749625096,289.748969536282,289.748969536282
1125,Budapart,Budapart,Budapart__BRL.CPT1,Quaternary,MASW,6.5,239.2302244442629,2.0,266.3383486102842,273.8742329189659,275.35786820775786,273.985716418288,273.985716418288
1126,Budapart,Budapart,Budapart__BRL.CPT1,Quaternary,MASW,7.5,211.1738880050509,2.0,236.06215512781915,246.74240634853714,248.89380986820942,246.92549690720597,246.92549690720597
1127,Budapart,Budapart,Budapart__BRL.CPT1,Quaternary,MASW,8.5,224.1113002582659,2.0,248.74144752115836,256.0325282049078,258.2380679353536,256.7907926292351,256.7907926292351
1128,Budapart,Budapart,Budapart__BRL.CPT1,Quaternary,MASW,9.5,231.07340702137225,2.0,255.96993781266792,260.5741133172064,262.8825261230664,261.83385861248803,261.83385861248803
1129,Budapart,Budapart,Budapart__BRL.CPT1,Quaternary,MASW,10.5,231.81821956276607,2.0,256.00557864464866,258.22280591952295,263.02173952608183,261.9571840228569,261.9571840228569
1130,Budapart,Budapart,Budapart__BRL.CPT1,Quaternary,MASW,11.5,249.69829106615344,2.0,278.97907162974883,270.6021370451045,272.37987020597603,273.35970745337556,273.35970745337556
1131,Budapart,Budapart,Budapart__BRL.CPT1,Quaternary,MASW,12.5,254.4720832517515,2.0,287.8927447947249,270.08224191040097,275.9012432606078,277.6676066621918,277.6676066621918
1132,Budapart,Budapart,Budapart__BRL.CPT1,Quaternary,MASW,13.5,254.0133183260768,2.0,288.9709500313366,271.029378586939,274.5363405327467,276.65466145851013,276.65466145851013
1133,Budapart,Budapart,Budapart__BRL.CPT1,Quaternary,MASW,14.92,267.7981267304003,2.0,320.9707092583087,314.8128448486192,311.235960273718,312.67712822140345,312.67712822140345
1134,Budapart,Budapart,Budapart__BRL.CPT2,Quaternary,MASW,1.3,247.0019124481507,2.0,216.33992096450237,220.82968729262205,229.04367285510676,227.09159172565856,227.09159172565856
1135,Budapart,Budapart,Budapart__BRL.CPT2,Quaternary,MASW,2.0,214.60226635596624,2.0,189.2416880807512,187.79600760429435,190.76052398372315,190.53192386425397,190.53192386425397
1136,Budapart,Budapart,Budapart__BRL.CPT2,Quaternary,MASW,2.95,276.37887766946614,2.0,230.70680540340194,218.73044052409503,223.61984941279752,224.66884824060813,224.66884824060813
1137,Budapart,Budapart,Budapart__BRL.CPT2,Quaternary,MASW,4.0,319.1356120031349,2.0,266.1991187812246,281.9818601303484,271.22906301089864,270.46855583714427,270.46855583714427
1138,Budapart,Budapart,Budapart__BRL.CPT2,Quaternary,MASW,5.0,279.98277319772546,2.0,268.4058442314942,293.5084774761942,288.76315638547095,285.6138795964594,285.6138795964594
1139,Budapart,Budapart,Budapart__BRL.CPT2,Quaternary,MASW,6.0,239.579304108149,2.0,263.9964036244424,271.67569100275216,280.9258103234938,278.31883477438646,278.31883477438646
1140,Budapart,Budapart,Budapart__BRL.CPT2,Quaternary,MASW,7.0,221.3203923675362,2.0,246.42557009187405,252.055306426126,253.87840733328687,252.7462763111277,252.7462763111277
1141,Budapart,Budapart,Budapart__BRL.CPT2,Quaternary,MASW,8.15,226.4721804201633,2.0,249.57155686652834,258.2446740493138,259.7167582803442,258.1690880632441,258.1690880632441
1142,Budapart,Budapart,Budapart__BRL.CPT2,Quaternary,MASW,9.15,224.46344614457132,2.0,246.15638420985601,256.9253936921619,255.88877356469848,254.4047486457107,254.4047486457107
1143,Budapart,Budapart,Budapart__BRL.CPT2,Quaternary,MASW,10.0,223.2821304497248,2.0,246.1479007745871,258.29244975190187,259.10369924514146,257.1177102899843,257.1177102899843
1144,Budapart,Budapart,Budapart__BRL.CPT2,Quaternary,MASW,11.0,241.2961957759113,2.0,267.8765965649608,264.1861655796881,265.61044195175987,265.9491390123915,265.9491390123915
1145,Budapart,Budapart,Budapart__BRL.CPT2,Quaternary,MASW,12.0,270.7768319074563,2.0,301.46443583954664,290.9331429220242,289.2441495849999,291.0451112188011,291.0451112188011
1146,Budapart,Budapart,Budapart__BRL.CPT2,Quaternary,MASW,13.0,257.5041066260121,2.0,290.34891539730097,266.8730977286743,275.5573958185539,277.72712102916284,277.72712102916284
1147,Budapart,Budapart,Budapart__BRL.CPT2,Quaternary,MASW,14.0,245.48858678688,2.0,279.9327762791741,268.08227821745606,273.68953745924665,274.6170698769291,274.6170698769291
1148,Budapart,Budapart,Budapart__BRL.CPT2,Quaternary,MASW,15.0,257.4244137412403,2.0,296.7745448162013,287.19616765706036,284.48246808026306,286.2932958092866,286.2932958092866
1149,Budapart,Budapart,Budapart__BRL.CPT2,Quaternary,MASW,16.2,258.2191124468668,2.0,303.5702935737056,298.8353194153894,296.9094936805547,297.8992174147875,297.8992174147875
1150,Budapart,Budapart,Budapart__BRL.CPT2,Quaternary,MASW,17.18,576.0,2.0,316.0121822360868,301.2626728563731,305.2324129293796,306.82562401380954,306.82562401380954
1151,Budapart,Budapart,Budapart__BRL.CPT3,Quaternary,MASW,1.45,281.3032448201237,2.0,212.9584253287056,213.64107411569012,219.19377058932469,218.24695866233557,218.24695866233557
1152,Budapart,Budapart,Budapart__BRL.CPT3,Quaternary,MASW,2.45,218.07727993031943,2.0,162.65305392248928,170.17499886604682,175.165299045982,173.22883988140256,173.22883988140256
1153,Budapart,Budapart,Budapart__BRL.CPT3,Quaternary,MASW,3.4,245.3407359744841,2.0,184.964761609451,191.94657458870398,191.2751944680907,190.31508090383156,190.31508090383156
1154,Budapart,Budapart,Budapart__BRL.CPT3,Quaternary,MASW,4.4,345.2535848560474,2.0,237.54538178749158,232.09352379367488,233.04715431522294,233.71641840513135,233.71641840513135
1155,Budapart,Budapart,Budapart__BRL.CPT3,Quaternary,MASW,5.5,219.6144105090756,2.0,239.7328027786911,246.54795413262477,249.62058271697077,248.11181927626356,248.11181927626356
1156,Budapart,Budapart,Budapart__BRL.CPT3,Quaternary,MASW,6.75,257.8681816149979,2.0,282.47198861238695,289.5417776896606,282.38845226539763,282.4009811423573,282.4009811423573
1157,Budapart,Budapart,Budapart__BRL.CPT3,Quaternary,MASW,8.25,246.5712190506611,2.0,272.9755013834604,264.25339959515014,264.40384212799086,265.67222214351693,265.67222214351693
1158,Budapart,Budapart,Budapart__BRL.CPT3,Quaternary,MASW,9.5,206.6190105374448,2.0,225.8662741612304,256.12844540449987,256.7635468044039,251.87268360946706,251.87268360946706
1159,Budapart,Budapart,Budapart__BRL.CPT3,Quaternary,MASW,10.75,239.68851703269823,2.0,263.6176235028627,259.6570440380005,266.32528990673933,265.917373940219,265.917373940219
1160,Budapart,Budapart,Budapart__BRL.CPT3,Quaternary,MASW,12.0,214.49067248994888,2.0,235.17097811139783,262.96244184815447,265.0564127080256,260.3425338023687,260.3425338023687
1161,Budapart,Budapart,Budapart__BRL.CPT3,Quaternary,MASW,12.9,236.554475306871,2.0,262.3183921715381,263.5437662955199,268.8061054838436,267.822815158819,267.822815158819
1162,Budapart,Budapart,Budapart__BRL.CPT3,Quaternary,MASW,13.7,264.1683893374926,2.0,296.336265603054,275.65699365666734,279.7356490841686,282.16514386600176,282.16514386600176
1163,Budapart,Budapart,Budapart__BRL.CPT3,Quaternary,MASW,14.55,258.6225122143188,2.0,292.63275223406515,280.8991571674081,281.06648092524813,282.7718267848964,282.7718267848964
1164,Budapart,Budapart,Budapart__BRL.CPT3,Quaternary,MASW,15.5,255.62796351386152,2.0,293.3797679742281,288.6432240678157,292.13749911844394,292.32350356445755,292.32350356445755
1165,Budapart,Budapart,Budapart__BRL.CPT3,Quaternary,MASW,16.45,273.3555943775335,2.0,319.37900410572854,304.34888640689996,310.16017418966635,311.52584411836733,311.52584411836733
1166,Budapart,Budapart,Budapart__BRL.CPT3,Quaternary,MASW,17.485,575.9999999999999,2.0,367.6939934403179,387.88205025086137,376.04635743823985,374.7815117070265,416.41205013569044
1167,Budapart,Budapart,Budapart__BRL.CPT4,Quaternary,MASW,1.5,229.8839304448362,2.0,207.51878367484406,201.3932503582422,200.42732674825726,201.47539035400095,201.47539035400095
1168,Budapart,Budapart,Budapart__BRL.CPT4,Quaternary,MASW,2.45,304.66516443700505,2.0,257.0912854130712,249.2384480930479,235.49457268094028,238.61452168488265,238.61452168488265
1169,Budapart,Budapart,Budapart__BRL.CPT4,Quaternary,MASW,3.45,270.0293455242649,2.0,225.021973786144,228.84185911843088,228.94765070030525,228.35446208380046,228.35446208380046
1170,Budapart,Budapart,Budapart__BRL.CPT4,Quaternary,MASW,4.5,302.9616692137099,2.0,242.66915876584267,260.331467696901,251.82387980039567,250.42896684823626,250.42896684823626
1171,Budapart,Budapart,Budapart__BRL.CPT4,Quaternary,MASW,5.5,239.1401527047529,2.0,272.6403982122546,296.88584062641206,289.0169111901853,286.4991238021313,286.4991238021313
1172,Budapart,Budapart,Budapart__BRL.CPT4,Quaternary,MASW,6.6,256.6034776043064,2.0,284.7568418140225,287.6160659749659,288.5144637986221,287.94767532236676,287.94767532236676
1173,Budapart,Budapart,Budapart__BRL.CPT4,Quaternary,MASW,7.85,231.92321239130428,2.0,258.2477024171074,261.4594752732871,264.9442860380521,263.92883695541354,263.92883695541354
1174,Budapart,Budapart,Budapart__BRL.CPT4,Quaternary,MASW,8.9,210.32168985582655,2.0,231.47525419558323,250.84182597272644,250.99752510007272,247.96746877309894,247.96746877309894
1175,Budapart,Budapart,Budapart__BRL.CPT4,Quaternary,MASW,9.9,188.3373746118845,2.0,208.71252319570092,245.51863227426526,248.2314575839826,241.85806339243214,241.85806339243214
1176,Budapart,Budapart,Budapart__BRL.CPT4,Quaternary,MASW,11.0,224.39902409090905,2.0,254.9864276030645,256.30454591829255,264.19918464559487,262.79633955052986,262.79633955052986
1177,Budapart,Budapart,Budapart__BRL.CPT4,Quaternary,MASW,12.0,240.54305439735293,2.0,271.34248421784173,267.8452980181077,270.12532494490716,270.30755017341613,270.30755017341613
1178,Budapart,Budapart,Budapart__BRL.CPT4,Quaternary,MASW,13.0,268.668214410446,2.0,304.46649493162454,289.5011720872729,290.1575154037771,292.2601994481841,292.2601994481841
1179,Budapart,Budapart,Budapart__BRL.CPT4,Quaternary,MASW,14.0,279.4546737783115,2.0,320.58198419067963,308.57323351812227,307.25105829367436,309.2147813158563,309.2147813158563
1180,Budapart,Budapart,Budapart__BRL.CPT4,Quaternary,MASW,15.0,263.5582549871305,2.0,306.50565258817255,300.66217607781687,300.19322897119696,301.13173865218306,301.13173865218306
1181,Budapart,Budapart,Budapart__BRL.CPT4,Quaternary,MASW,16.08,270.7963110706171,2.0,319.97736962019286,311.6788559542802,311.57694193896697,312.82280327132685,312.82280327132685
219,Dunaterasz,Dunaterasz,Dunaterasz__CPT1,Quaternary,MASW,1.5,233.01496865580825,5.0,233.1321448924998,201.27189526809505,203.3403365667175,211.8945537103774,211.8945537103774
220,Dunaterasz,Dunaterasz,Dunaterasz__CPT1,Quaternary,MASW,2.65,161.46583675030033,5.0,229.73773316124633,203.74398614017127,211.66465547356398,212.4889914260519,212.4889914260519
221,Dunaterasz,Dunaterasz,Dunaterasz__CPT1,Quaternary,MASW,3.9,163.01239029095743,5.0,222.44928637615695,213.94329494243382,213.92587387193774,216.88274333082634,216.88274333082634
222,Dunaterasz,Dunaterasz,Dunaterasz__CPT1,Quaternary,MASW,4.75,193.26324287162743,5.0,221.90291761312653,214.34857910390463,213.63932769929676,216.96288652340664,216.96288652340664
223,Dunaterasz,Dunaterasz,Dunaterasz__CPT1,Quaternary,MASW,5.6,210.21097857471867,5.0,245.44219561427303,257.71260760030304,252.4425388925459,253.34971027082506,253.34971027082506
224,Dunaterasz,Dunaterasz,Dunaterasz__CPT1,Quaternary,MASW,6.85,189.28960459252335,5.0,245.60112175377068,253.30728955698785,256.63995580421386,250.583008025643,250.583008025643
225,Dunaterasz,Dunaterasz,Dunaterasz__CPT1,Quaternary,MASW,8.0,246.14239114562568,5.0,256.4988185673797,264.2796513934955,263.3676000371322,261.5298716131331,261.5298716131331
226,Dunaterasz,Dunaterasz,Dunaterasz__CPT1,Quaternary,MASW,9.0,242.36010701922967,5.0,251.28689294125869,249.77424750074167,250.29139252049478,250.3026348371207,250.3026348371207
227,Dunaterasz,Dunaterasz,Dunaterasz__CPT1,Quaternary,MASW,10.0,260.6009835718683,5.0,272.6879949017443,291.1900544682163,279.47737108308223,284.5757282843689,284.5757282843689
228,Dunaterasz,Dunaterasz,Dunaterasz__CPT1,Quaternary,MASW,11.15,322.7997524378964,5.0,307.52745880472895,355.0293275037919,337.69511016833354,337.62229230552015,337.62229230552015
229,Dunaterasz,Dunaterasz,Dunaterasz__CPT1,Quaternary,MASW,12.35,401.7820453738461,5.0,365.333839737433,514.3828069394682,477.1896345710779,456.32856370293433,456.32856370293433
230,Dunaterasz,Dunaterasz,Dunaterasz__CPT1,Quaternary,MASW,13.25,412.5906561194893,5.0,379.5269387459625,511.60008830179424,509.4323242873089,460.8290086508457,460.8290086508457
231,Dunaterasz,Dunaterasz,Dunaterasz__CPT1,Quaternary,MASW,13.95,350.4190840317688,5.0,332.56904148501434,493.96661381460444,469.90906079317176,430.0927031759876,430.0927031759876
232,Dunaterasz,Dunaterasz,Dunaterasz__CPT1,Quaternary,MASW,14.65,377.4406562832872,5.0,357.9184183592858,530.2851898168211,525.314735805859,462.12087859801767,462.12087859801767
233,Dunaterasz,Dunaterasz,Dunaterasz__CPT1,Quaternary,MASW,15.5,391.6336238720198,5.0,357.0867603989328,490.9488682864055,489.76929812881974,439.1818492090429,439.1818492090429
251,Dunaterasz,Dunaterasz,Dunaterasz__CPT3,Quaternary,MASW,1.5,243.6522670525204,5.0,223.8143155340785,199.4635385544278,202.63484439026124,207.6691756690789,207.6691756690789
252,Dunaterasz,Dunaterasz,Dunaterasz__CPT3,Quaternary,MASW,2.5,164.52161984464115,5.0,219.80749875527908,207.90396011102877,204.91601374538538,211.9950261885325,211.9950261885325
253,Dunaterasz,Dunaterasz,Dunaterasz__CPT3,Quaternary,MASW,3.5,140.1436187015576,5.0,199.81646807266753,202.7735700953744,201.92134824946447,201.73363927792695,201.73363927792695
254,Dunaterasz,Dunaterasz,Dunaterasz__CPT3,Quaternary,MASW,5.25,189.96998362234584,5.0,212.36833281533004,219.87141898138867,221.62810360745237,217.21565474596966,217.21565474596966
255,Dunaterasz,Dunaterasz,Dunaterasz__CPT3,Quaternary,MASW,7.5,280.89288071320817,5.0,250.46543075248707,253.80886140936764,252.70996003853728,252.63361415964505,252.63361415964505
256,Dunaterasz,Dunaterasz,Dunaterasz__CPT3,Quaternary,MASW,9.5,290.1925091008787,5.0,254.30277415605684,249.45484787095958,253.40704026657232,251.14101821072782,251.14101821072782
257,Dunaterasz,Dunaterasz,Dunaterasz__CPT3,Quaternary,MASW,11.25,308.0070638324241,5.0,299.06745487047647,320.86192834124665,312.2743197367982,313.05888000000897,313.05888000000897
258,Dunaterasz,Dunaterasz,Dunaterasz__CPT3,Tertiary,MASW,13.0,302.338687860811,5.0,282.4893941064499,327.17532350900717,313.0761799808855,310.7836069750562,308.7491950902976
259,Dunaterasz,Dunaterasz,Dunaterasz__CPT3,Tertiary,MASW,15.0,421.9515002325058,5.0,368.8505546041738,439.34330903977286,437.09026317331745,413.2570442433224,414.5580405934637
260,Dunaterasz,Dunaterasz,Dunaterasz__CPT3,Tertiary,MASW,16.5,434.4731468104367,5.0,328.69556238622,377.4837930432585,359.81155259042276,359.63483019141347,357.2542034812222
261,Dunaterasz,Dunaterasz,Dunaterasz__CPT3,Tertiary,MASW,17.5,449.12414076315633,5.0,347.760415038028,368.41486721023637,338.33293390931067,361.04987326286664,355.50372306372736
234,Dunaterasz,Dunaterasz,Dunaterasz__CPT7,Quaternary,MASW,1.5,341.41245087622747,5.0,234.99710765941927,223.29168919162515,223.52666273861848,227.32073123714335,227.32073123714335
235,Dunaterasz,Dunaterasz,Dunaterasz__CPT7,Quaternary,MASW,2.5,167.41803185818335,5.0,194.86123018807436,184.8568249430555,181.16399593445922,188.29854843651884,188.29854843651884
236,Dunaterasz,Dunaterasz,Dunaterasz__CPT7,Quaternary,MASW,3.5,169.2805907738425,5.0,202.4235368336738,206.72444756779345,205.0087340151957,205.20883229007208,205.20883229007208
237,Dunaterasz,Dunaterasz,Dunaterasz__CPT7,Quaternary,MASW,4.5,209.3771254247548,5.0,209.38231553813304,212.12860406450653,215.5516184427626,211.16332972291886,211.16332972291886
238,Dunaterasz,Dunaterasz,Dunaterasz__CPT7,Quaternary,MASW,5.5,254.79265277134243,5.0,241.3762756012907,234.14377511742956,236.75003944082678,236.65016097551842,236.65016097551842
239,Dunaterasz,Dunaterasz,Dunaterasz__CPT7,Quaternary,MASW,6.5,246.1751443855289,5.0,236.4801997698198,230.56132535465082,230.3362788988893,232.61588740662003,232.61588740662003
240,Dunaterasz,Dunaterasz,Dunaterasz__CPT7,Quaternary,MASW,7.5,234.7209428058546,5.0,224.58397297753825,222.85082929781584,227.35971124962487,223.45590288399688,223.45590288399688
241,Dunaterasz,Dunaterasz,Dunaterasz__CPT7,Quaternary,MASW,8.25,243.5669812326419,5.0,241.66514475205278,241.43086083708312,240.8554835193124,241.51283436022013,241.51283436022013
242,Dunaterasz,Dunaterasz,Dunaterasz__CPT7,Quaternary,MASW,8.9,252.1126054825733,5.0,247.09725532775346,243.06759215457078,242.6938426321024,244.4704437081757,244.4704437081757
243,Dunaterasz,Dunaterasz,Dunaterasz__CPT7,Quaternary,MASW,9.95,256.3556830690226,5.0,257.2829137199032,245.3205548666132,250.60580801890234,249.44275288818167,249.44275288818167
244,Dunaterasz,Dunaterasz,Dunaterasz__CPT7,Quaternary,MASW,11.05,288.57899310866173,5.0,308.40444410246903,302.4807216373582,304.82578710218337,304.54096879316086,304.54096879316086
245,Dunaterasz,Dunaterasz,Dunaterasz__CPT7,Quaternary,MASW,12.0,295.9273911577772,5.0,291.6540073702564,290.1055716571092,294.4685667860183,290.6465867902727,290.6465867902727
246,Dunaterasz,Dunaterasz,Dunaterasz__CPT7,Tertiary,MASW,13.0,259.40578487448937,5.0,268.3790654818613,266.25097180070213,267.90156098582105,266.9938782249193,266.99466873446306
247,Dunaterasz,Dunaterasz,Dunaterasz__CPT7,Tertiary,MASW,14.0,254.7858427540241,5.0,268.0364950148626,250.7694749880161,250.77908318296141,256.6825892614962,256.2209050306911
248,Dunaterasz,Dunaterasz,Dunaterasz__CPT7,Tertiary,MASW,15.0,321.06754082146693,5.0,289.4185350537695,281.36815876179156,280.8432146051705,284.1599946538383,278.98237651630825
249,Dunaterasz,Dunaterasz,Dunaterasz__CPT7,Tertiary,MASW,16.0,447.3862948626886,5.0,389.2501435290848,420.4985559633213,407.6332867551258,409.2861080867065,402.9633558538822
250,Dunaterasz,Dunaterasz,Dunaterasz__CPT7,Tertiary,MASW,17.355,485.3425983295048,5.0,401.21838883361795,461.6853940455783,465.6322306215769,439.5499938778094,445.1783865901719
478,Dévai 14,Dévai 14,Dévai 14__SCPTu1,Quaternary,SCPT,1.25,217.0,2.0,196.77759279247425,177.9589612226696,180.6817392354846,183.00943050562867,183.00943050562867
479,Dévai 14,Dévai 14,Dévai 14__SCPTu1,Quaternary,SCPT,2.0,240.0,2.0,209.7789905945729,195.93557407423722,198.32796404194056,200.00491083145337,200.00491083145337
480,Dévai 14,Dévai 14,Dévai 14__SCPTu1,Quaternary,SCPT,3.0,159.0,2.0,216.76874807066963,201.68499127232488,204.52611534141752,206.31744675673667,206.31744675673667
481,Dévai 14,Dévai 14,Dévai 14__SCPTu1,Quaternary,SCPT,4.15,205.0,2.0,226.64445249604967,212.41144902454099,213.513310481303,215.4333700033537,215.4333700033537
482,Dévai 14,Dévai 14,Dévai 14__SCPTu1,Quaternary,SCPT,5.15,160.0,2.0,223.7444293530541,228.19696329134055,228.47031225373618,227.75511729628386,227.75511729628386
483,Dévai 14,Dévai 14,Dévai 14__SCPTu1,Quaternary,SCPT,6.25,375.0,2.0,259.74283989083006,262.0633584450026,265.0598459827289,264.2554103390188,264.2554103390188
484,Dévai 14,Dévai 14,Dévai 14__SCPTu1,Quaternary,SCPT,7.5,440.0,2.0,291.9120816367094,299.7861873036426,291.6837664271606,291.7180023211018,291.7180023211018
485,Dévai 14,Dévai 14,Dévai 14__SCPTu1,Quaternary,SCPT,8.5,405.0,2.0,294.7607141490856,292.2516517444843,287.78194766569595,288.8181324199936,288.8181324199936
486,Dévai 14,Dévai 14,Dévai 14__SCPTu1,Quaternary,SCPT,9.5,333.0,2.0,309.0865561803318,301.52761490918897,292.4839429993941,294.91627639711953,294.91627639711953
487,Dévai 14,Dévai 14,Dévai 14__SCPTu1,Quaternary,SCPT,10.25,358.0,2.0,324.6586114649493,309.63158997857045,302.17439295440875,305.4450198925378,305.4450198925378
488,Dévai 14,Dévai 14,Dévai 14__SCPTu1,Tertiary,SCPT,11.0,391.0,2.0,314.3055974461044,309.57875823845626,299.1327362252704,301.361083988786,303.0813320329566
489,Dévai 14,Dévai 14,Dévai 14__SCPTu1,Tertiary,SCPT,12.0,472.0,2.0,331.5793679387349,327.0727014201727,313.1327861430092,315.83291289273484,321.87451120851273
490,Dévai 14,Dévai 14,Dévai 14__SCPTu1,Tertiary,SCPT,13.0,475.0,2.0,348.93109232327924,339.2739532293594,322.2090656324343,326.0829134887056,332.0962414941303
491,Dévai 14,Dévai 14,Dévai 14__SCPTu1,Tertiary,SCPT,14.0,596.0,2.0,353.37927820862564,356.74227784517734,340.09379658973563,342.05430893178,346.8838922367493
492,Dévai 14,Dévai 14,Dévai 14__SCPTu1,Tertiary,SCPT,15.0,598.0,2.0,379.2798010492556,398.84444993925155,392.8495731927572,390.78357351421545,429.8587119176629
493,Dévai 14,Dévai 14,Dévai 14__SCPTu1,Tertiary,SCPT,16.0,600.0,2.0,383.9485775035201,414.01892566136723,410.0180181195241,405.9975942904759,430.12686555096684
494,Dévai 14,Dévai 14,Dévai 14__SCPTu1,Tertiary,SCPT,17.0,601.0,2.0,385.3898622420622,428.3091350652788,416.56771952588895,411.7350261010534,433.79756802690935
495,Dévai 14,Dévai 14,Dévai 14__SCPTu1,Tertiary,SCPT,18.105,602.0,2.0,390.6802222924857,414.2076503838016,397.9447774689099,396.8465435074984,428.2942812354608
64,Futo u,Futo u,Futo u__CPT1,Quaternary,SCPT,2.5,261.0,3.0,264.9886474400604,253.03039346411418,241.70175120282957,258.94049842634115,258.94049842634115
65,Futo u,Futo u,Futo u__CPT1,Quaternary,SCPT,3.45,350.0,3.0,254.30864322154818,254.66402963693216,243.33033117332133,254.48627439274657,254.48627439274657
66,Futo u,Futo u,Futo u__CPT1,Quaternary,SCPT,4.35,195.0,3.0,233.05765536919398,251.6636700233144,241.95631096171928,242.18204904005614,242.18204904005614
67,Futo u,Futo u,Futo u__CPT1,Quaternary,SCPT,5.25,350.0,3.0,268.4152135851059,273.95265443718074,279.1869497391711,271.16979966980585,271.16979966980585
68,Futo u,Futo u,Futo u__CPT1,Quaternary,SCPT,6.65,310.0,3.0,293.8177027834324,280.0233603132471,281.1940892544845,286.837620358515,286.837620358515
69,Futo u,Futo u,Futo u__CPT1,Quaternary,SCPT,7.55,446.0,3.0,297.7775919765646,294.7275965847015,298.964190288738,296.24866919537845,296.24866919537845
70,Futo u,Futo u,Futo u__CPT1,Tertiary,SCPT,8.5,284.0,3.0,281.63325732462886,262.2887424136908,263.72408342081775,271.7889491600942,271.7889491600942
71,Futo u,Futo u,Futo u__CPT1,Tertiary,SCPT,9.5,243.0,3.0,282.65552652520097,263.4735137413956,266.62669462944547,272.89603286236854,272.89603286236854
72,Futo u,Futo u,Futo u__CPT1,Tertiary,SCPT,10.5,333.0,3.0,299.3288291147641,295.1491028691015,304.1394383171329,297.23161907186335,297.23161907186335
73,Futo u,Futo u,Futo u__CPT1,Tertiary,SCPT,11.5,276.0,3.0,328.9162731129877,312.8994948228234,324.217276531922,320.8079420713578,320.8079420713578
74,Futo u,Futo u,Futo u__CPT1,Tertiary,SCPT,12.5,430.0,3.0,359.01247843432947,350.6764827614707,359.0507222703372,354.8200011341369,354.8200011341369
75,Futo u,Futo u,Futo u__CPT1,Tertiary,SCPT,13.5,366.0,3.0,320.63888610662264,313.83413540448544,317.06514118058993,317.21826491917074,317.21826491917074
76,Futo u,Futo u,Futo u__CPT1,Tertiary,SCPT,14.5,341.0,3.0,325.66246781546084,335.51183462167495,329.7518857074591,330.5504682256364,330.5504682256364
77,Futo u,Futo u,Futo u__CPT1,Tertiary,SCPT,15.5,435.0,3.0,336.0243409036016,372.5969284228359,355.64376399779553,353.8384338875439,353.8384338875439
78,Futo u,Futo u,Futo u__CPT1,Tertiary,SCPT,16.5,369.0,3.0,356.85181839531737,393.6037177938431,385.57672710914846,374.7775372429491,374.7775372429491
79,Futo u,Futo u,Futo u__CPT1,Tertiary,SCPT,17.5,481.0,3.0,415.9501119027813,472.41849115201353,457.9607510697112,443.28605240817484,453.1468965859418
80,Futo u,Futo u,Futo u__CPT2,Quaternary,SCPT,1.8,170.0,3.0,163.7247321958601,169.16906536545798,189.65627195553643,166.42463736713862,166.42463736713862
81,Futo u,Futo u,Futo u__CPT2,Quaternary,SCPT,3.3,310.0,3.0,249.1928677065349,242.65235036531155,237.2593707236553,245.9008642588774,245.9008642588774
82,Futo u,Futo u,Futo u__CPT2,Quaternary,SCPT,4.5,230.0,3.0,223.50908607273615,205.3535400457391,212.8865285852089,214.23907686840002,214.23907686840002
83,Futo u,Futo u,Futo u__CPT2,Quaternary,SCPT,5.55,378.0,3.0,233.31148688103352,231.49607551331627,233.6367876897581,232.40200856519255,232.40200856519255
84,Futo u,Futo u,Futo u__CPT2,Quaternary,SCPT,7.15,289.0,3.0,297.89315142717084,276.15538699452316,280.91222253841585,286.8184068629287,286.8184068629287
85,Futo u,Futo u,Futo u__CPT2,Tertiary,SCPT,8.85,319.0,3.0,268.7689427629006,258.3010242697934,256.77562374149744,263.4830036407789,263.4830036407789
86,Futo u,Futo u,Futo u__CPT2,Tertiary,SCPT,10.0,225.0,3.0,286.47829450165904,264.6058363649743,268.1744502631227,275.32495113415155,275.32495113415155
87,Futo u,Futo u,Futo u__CPT2,Tertiary,SCPT,11.0,180.0,3.0,287.5715054839929,266.6399435415046,267.0210524631878,276.9080171941529,276.9080171941529
88,Futo u,Futo u,Futo u__CPT2,Tertiary,SCPT,12.25,200.0,3.0,334.08499333955064,316.15854951917515,321.8209549057239,324.9981952416901,324.9981952416901
89,Futo u,Futo u,Futo u__CPT2,Tertiary,SCPT,13.5,240.0,3.0,321.84512121259024,308.0248185813184,317.4235965289636,314.8591511657086,314.8591511657086
90,Futo u,Futo u,Futo u__CPT2,Tertiary,SCPT,14.5,280.0,3.0,350.7240005258556,364.2062850726792,362.5380372304052,357.40157430731927,357.40157430731927
91,Futo u,Futo u,Futo u__CPT2,Tertiary,SCPT,15.75,325.0,3.0,351.09689596366985,371.23152593844105,351.99553495863876,361.0238723974403,361.0238723974403
92,Futo u,Futo u,Futo u__CPT2,Tertiary,SCPT,17.0,340.0,3.0,363.1612170461645,349.7938573426685,334.0863623379794,356.41487475670266,356.41487475670266
93,Futo u,Futo u,Futo u__CPT2,Tertiary,SCPT,18.0,330.0,3.0,369.5743067746907,352.0857107956858,338.18820943676207,360.7240392496596,360.7240392496596
94,Futo u,Futo u,Futo u__CPT2,Tertiary,SCPT,19.0,325.0,3.0,402.9338188801838,397.36795049260434,383.48351970351223,400.1412073163382,410.7130077447653
1279,Galeria,Galeria,Galeria__CPT3,Quaternary,SCPT,1.5,279.0,4.0,180.9128296288474,173.23044207503574,164.43999183750594,177.02996767115684,177.02996767115684
1280,Galeria,Galeria,Galeria__CPT3,Quaternary,SCPT,2.5,480.9,4.0,206.78933644675743,196.53774903969224,202.31098053578515,201.5983896529367,201.5983896529367
1281,Galeria,Galeria,Galeria__CPT3,Quaternary,SCPT,4.5,325.8,4.0,285.96578454721885,288.2444452112339,273.8719492215196,287.10285424601466,287.10285424601466
1282,Galeria,Galeria,Galeria__CPT3,Quaternary,SCPT,6.25,290.0,4.0,253.58034352142587,256.8515302256568,257.440668043777,255.21069583508034,255.21069583508034
1283,Galeria,Galeria,Galeria__CPT3,Quaternary,SCPT,7.5,318.7,4.0,281.27485308348906,286.17271524038165,297.8481008917146,283.7132151235494,283.7132151235494
1284,Galeria,Galeria,Galeria__CPT3,Quaternary,SCPT,8.5,227.5,4.0,264.1092535651488,264.1975066448377,263.57209690292785,264.1533764193474,264.1533764193474
1285,Galeria,Galeria,Galeria__CPT3,Quaternary,SCPT,9.5,329.6,4.0,272.4305472832304,260.01711383743276,257.4388429120491,266.1514693285346,266.1514693285346
1286,Galeria,Galeria,Galeria__CPT3,Quaternary,SCPT,10.4,274.5,4.0,277.91948086092316,269.07856241143656,267.85221624956444,273.4632962139343,273.4632962139343
1287,Galeria,Galeria,Galeria__CPT3,Quaternary,SCPT,11.5,335.8,4.0,298.7720982762298,298.37211392283655,298.86577026730026,298.5720391192721,298.5720391192721
1288,Galeria,Galeria,Galeria__CPT3,Quaternary,SCPT,13.45,297.1,4.0,312.0247540075806,358.33432521148535,338.11569283801407,334.3787966910972,334.3787966910972
1289,Galeria,Galeria,Galeria__CPT6,Quaternary,SCPT,2.65,460.0,4.0,256.64511671331456,272.49280932387376,277.77537445419637,264.4502767108867,264.4502767108867
1290,Galeria,Galeria,Galeria__CPT6,Quaternary,SCPT,3.8,365.0,4.0,284.51774319692544,332.8234712839595,311.40497878662825,307.7241994589944,307.7241994589944
1291,Galeria,Galeria,Galeria__CPT6,Quaternary,SCPT,5.3,461.2,4.0,252.54848289525776,282.2946114152149,279.9030156070614,267.00763255461226,267.00763255461226
1292,Galeria,Galeria,Galeria__CPT6,Quaternary,SCPT,6.5,241.4,4.0,254.13032391108172,257.0124745765936,257.1886853120501,255.56733635842107,255.56733635842107
1293,Galeria,Galeria,Galeria__CPT6,Quaternary,SCPT,7.5,279.8,4.0,261.763476527617,254.22561914715342,254.43471226342672,257.96701705905105,257.96701705905105
1294,Galeria,Galeria,Galeria__CPT6,Quaternary,SCPT,8.5,303.4,4.0,254.443354676515,257.75443507078563,253.73438028525482,256.09354373384866,256.09354373384866
1295,Galeria,Galeria,Galeria__CPT6,Quaternary,SCPT,9.75,280.0,4.0,267.0087075889286,257.85162114667617,256.51659213522674,262.39022106794323,262.39022106794323
1296,Galeria,Galeria,Galeria__CPT6,Tertiary,SCPT,11.25,235.0,4.0,264.9456809989157,262.24528542103286,254.82635148586388,263.5920251726719,263.5920251726719
1297,Galeria,Galeria,Galeria__CPT6,Tertiary,SCPT,12.5,197.1,4.0,269.15482719960175,257.72441216668824,260.0496784118388,263.37761792119676,263.37761792119676
1298,Galeria,Galeria,Galeria__CPT6,Tertiary,SCPT,13.5,198.1,4.0,269.64883583086834,251.61264788780684,258.56468136912537,260.47467743193255,260.47467743193255
1299,Galeria,Galeria,Galeria__CPT6,Tertiary,SCPT,14.5,207.5,4.0,279.84494175149376,254.73530839642797,261.1435069286366,266.9951077084507,266.9951077084507
1300,Galeria,Galeria,Galeria__CPT6,Tertiary,SCPT,15.5,199.5,4.0,288.25710618010527,259.53453236409246,270.39596069458224,273.51905464351154,273.51905464351154
1301,Galeria,Galeria,Galeria__CPT6,Tertiary,SCPT,16.5,240.1,4.0,294.89833621453323,255.99003846352846,262.688042139453,274.7563219115966,274.7563219115966
1302,Galeria,Galeria,Galeria__CPT6,Tertiary,SCPT,17.5,283.1,4.0,304.0159697497149,259.91857989553057,263.55483469773264,281.1038938238111,281.1038938238111
1303,Galeria,Galeria,Galeria__CPT6,Tertiary,SCPT,18.5,344.4,4.0,314.25725802278714,273.75432461013366,282.412252589085,293.3074895461428,293.3074895461428
932,Galeria,Galeria,Galeria__CPTu1,Quaternary,MASW,1.5,200.87338911264135,4.0,189.03845131889673,179.32939933607497,177.48508225432732,184.11993897033415,184.11993897033415
933,Galeria,Galeria,Galeria__CPTu1,Quaternary,MASW,2.5,196.74440696539887,4.0,177.13808994878949,169.9582765668251,171.05436728189665,173.51105002862354,173.51105002862354
934,Galeria,Galeria,Galeria__CPTu1,Quaternary,MASW,3.65,291.6550194442972,4.0,235.86407908114862,247.79290013338664,242.2329973835874,241.75492589150747,241.75492589150747
935,Galeria,Galeria,Galeria__CPTu1,Quaternary,MASW,4.9,303.440748147891,4.0,280.67793564662975,281.8580340101891,271.3183524286495,281.26736591968415,281.26736591968415
936,Galeria,Galeria,Galeria__CPTu1,Quaternary,MASW,5.95,285.02503663109627,4.0,270.2547783248101,266.7479042987137,267.0220602954412,268.495615876417,268.495615876417
937,Galeria,Galeria,Galeria__CPTu1,Quaternary,MASW,7.1,265.69406677837884,4.0,257.22077869820646,266.23583592676226,262.5516689347931,261.6894897286663,261.6894897286663
938,Galeria,Galeria,Galeria__CPTu1,Tertiary,MASW,8.15,293.826453794217,4.0,239.43840308040924,252.18468187226222,251.5077257964012,245.72891060849057,245.72891060849057
939,Galeria,Galeria,Galeria__CPTu1,Tertiary,MASW,9.0,351.778884161439,4.0,285.5990487004478,281.50265051908156,269.8673346962684,283.54345204025486,283.54345204025486
940,Galeria,Galeria,Galeria__CPTu1,Tertiary,MASW,9.9,359.2097639054068,4.0,291.1673739748441,277.14497435640385,280.7840639029804,284.069664683999,284.069664683999
941,Galeria,Galeria,Galeria__CPTu1,Tertiary,MASW,10.65,345.67985624468184,4.0,283.1533621089258,268.9270912967964,277.84175965556966,275.9485641616239,275.9485641616239
942,Galeria,Galeria,Galeria__CPTu1,Tertiary,MASW,11.5,301.04994974683586,4.0,313.6660903166063,301.7150218430592,300.2947950628281,307.63252638708695,307.63252638708695
943,Galeria,Galeria,Galeria__CPTu1,Tertiary,MASW,12.5,269.53387290059925,4.0,335.7093128933058,363.16825733492607,371.4855574273787,349.1689650220469,349.1689650220469
944,Galeria,Galeria,Galeria__CPTu1,Tertiary,MASW,13.165,251.1968980124008,4.0,326.31216696719196,358.1214012681453,366.3562652044046,341.84699864871675,341.84699864871675
945,Galeria,Galeria,Galeria__CPTu2,Quaternary,MASW,1.5,142.94718163263792,4.0,170.398902596577,152.4197962005305,147.63496016219784,161.15882230447178,161.15882230447178
946,Galeria,Galeria,Galeria__CPTu2,Quaternary,MASW,2.5,243.4278209050671,4.0,222.14446647455347,210.58874478483537,214.69169502603475,216.28944577989282,216.28944577989282
947,Galeria,Galeria,Galeria__CPTu2,Quaternary,MASW,3.5,322.1958686052481,4.0,279.5918832291263,301.96055058022665,289.8408569487535,290.56104177544063,290.56104177544063
948,Galeria,Galeria,Galeria__CPTu2,Quaternary,MASW,4.5,322.5679840545331,4.0,285.7115891334474,311.2283679702096,305.7305961673894,298.1971689942376,298.1971689942376
949,Galeria,Galeria,Galeria__CPTu2,Quaternary,MASW,5.5,287.5370044235484,4.0,255.24108176549518,290.29991992128885,282.2621264710324,272.20665972225294,272.20665972225294
950,Galeria,Galeria,Galeria__CPTu2,Quaternary,MASW,6.75,314.99276153740004,4.0,261.6231868395204,263.2906194300953,265.5074293887267,262.45557894671015,262.45557894671015
951,Galeria,Galeria,Galeria__CPTu2,Quaternary,MASW,8.0,335.55843365581563,4.0,262.1263510586048,271.2309023025362,276.2529503640326,266.63976956728845,266.63976956728845
952,Galeria,Galeria,Galeria__CPTu2,Quaternary,MASW,9.05,355.7838439538125,4.0,285.181239248104,282.23273813543386,288.25123693461495,283.7031582796508,283.7031582796508
953,Galeria,Galeria,Galeria__CPTu2,Quaternary,MASW,10.05,288.1304316847947,4.0,271.22113283005086,260.87339241074886,264.07321509580896,265.9969492585614,265.9969492585614
954,Galeria,Galeria,Galeria__CPTu2,Quaternary,MASW,10.95,233.7608424569632,4.0,269.0873066732193,264.36634803421447,273.34726063280306,266.7163822631854,266.7163822631854
955,Galeria,Galeria,Galeria__CPTu2,Tertiary,MASW,11.95,250.88861987706844,4.0,313.84284209685546,327.3371914964509,327.1423653217868,320.51900802175334,320.51900802175334
956,Galeria,Galeria,Galeria__CPTu2,Tertiary,MASW,12.85,281.25794562499107,4.0,345.69799512936146,359.1753006974068,364.90843173005,352.372219891238,352.372219891238
957,Galeria,Galeria,Galeria__CPTu2,Tertiary,MASW,13.6,284.46925929850886,4.0,359.9817593746152,434.34621036337717,437.9045649245329,395.41966691643586,424.24705273257786
958,Galeria,Galeria,Galeria__CPTu3,Quaternary,MASW,1.5,186.7510049262177,4.0,180.9128296288474,167.230295506535,157.57173139457643,173.93707471311447,173.93707471311447
959,Galeria,Galeria,Galeria__CPTu3,Quaternary,MASW,2.6,217.38377613883452,4.0,213.6475391501051,207.5725058828166,213.02465511665258,210.58811713172358,210.58811713172358
960,Galeria,Galeria,Galeria__CPTu3,Quaternary,MASW,3.85,301.8937871548395,4.0,277.8828115600357,296.0676251609043,284.3911102809413,286.8311421230527,286.8311421230527
961,Galeria,Galeria,Galeria__CPTu3,Quaternary,MASW,5.0,316.2616940605289,4.0,286.7320718959813,307.35465625756814,293.9072948176556,296.8643417381238,296.8643417381238
962,Galeria,Galeria,Galeria__CPTu3,Quaternary,MASW,5.75,290.74075735471337,4.0,248.54869636566698,274.0400232767574,271.3453177228573,260.983314672519,260.983314672519
963,Galeria,Galeria,Galeria__CPTu3,Quaternary,MASW,6.5,304.91768049151176,4.0,256.02561627484334,262.9788115666887,266.0772633245752,259.4789245749784,259.4789245749784
964,Galeria,Galeria,Galeria__CPTu3,Quaternary,MASW,7.65,325.31218079012706,4.0,277.6155900996444,276.6545080848431,284.01779695370846,277.13463247255936,277.13463247255936
965,Galeria,Galeria,Galeria__CPTu3,Quaternary,MASW,8.9,311.13731166990686,4.0,269.11395963597874,266.57758456827764,269.6035812935664,267.8427697985596,267.8427697985596
966,Galeria,Galeria,Galeria__CPTu3,Quaternary,MASW,10.0,321.54674826016344,4.0,275.154932580088,274.0568072878852,273.52696849354226,274.6053210198453,274.6053210198453
967,Galeria,Galeria,Galeria__CPTu3,Quaternary,MASW,11.0,301.88367846916486,4.0,290.1686209610313,278.1937644482808,280.6317649905585,284.11811098540625,284.11811098540625
968,Galeria,Galeria,Galeria__CPTu3,Quaternary,MASW,11.9,255.5093548420168,4.0,300.48634762607514,318.7150626651677,306.5400477729414,309.4665169508194,309.4665169508194
969,Galeria,Galeria,Galeria__CPTu3,Quaternary,MASW,12.65,286.2096295408894,4.0,311.3000827443121,330.294322283343,310.9244177895464,320.65659178750894,320.65659178750894
970,Galeria,Galeria,Galeria__CPTu3,Quaternary,MASW,13.5,261.5631031455214,4.0,304.056701765849,336.5593228938723,316.2198975638259,319.8954792860603,319.8954792860603
971,Galeria,Galeria,Galeria__CPTu3,Quaternary,MASW,14.17,272.8075060459482,4.0,322.6440951011744,350.01376248058784,335.5428052590285,336.05040346428177,336.05040346428177
972,Galeria,Galeria,Galeria__CPTu4,Quaternary,MASW,1.5,149.8669174754767,4.0,180.84834364645758,150.1865567637628,148.6019680071786,164.80591624298924,164.80591624298924
973,Galeria,Galeria,Galeria__CPTu4,Quaternary,MASW,2.5,235.29946075176795,4.0,249.79541929362188,245.87860125660842,247.00285831010981,247.82927247648473,247.82927247648473
974,Galeria,Galeria,Galeria__CPTu4,Quaternary,MASW,3.6,267.6174015538523,4.0,286.6668090029598,308.67838565780517,294.1602314029368,297.4690703664971,297.4690703664971
975,Galeria,Galeria,Galeria__CPTu4,Quaternary,MASW,4.85,290.3013310348953,4.0,271.22829628384426,302.4979575414551,298.2415303469631,286.4367393567233,286.4367393567233
976,Galeria,Galeria,Galeria__CPTu4,Quaternary,MASW,5.95,275.6926399468307,4.0,252.45542865623725,278.9311815445742,275.4938523364813,265.3633188713659,265.3633188713659
977,Galeria,Galeria,Galeria__CPTu4,Quaternary,MASW,6.800000000000001,275.8133400192892,4.0,257.01865854441894,262.55100463542146,260.05414015530266,259.77010415150835,259.77010415150835
978,Galeria,Galeria,Galeria__CPTu4,Quaternary,MASW,7.75,262.9615711175503,4.0,261.8255135441668,259.6090016960215,257.41055925876526,260.71490212442654,260.71490212442654
979,Galeria,Galeria,Galeria__CPTu4,Quaternary,MASW,8.9,238.8663094842344,4.0,262.98428239447736,266.5919814308595,265.13582041399803,264.78198754582314,264.78198754582314
980,Galeria,Galeria,Galeria__CPTu4,Quaternary,MASW,10.0,230.19272958855112,4.0,263.23779672010323,257.6025760640038,256.072055647908,260.40494341027994,260.40494341027994
981,Galeria,Galeria,Galeria__CPTu4,Tertiary,MASW,11.0,311.61708594721443,4.0,312.9276542282348,317.5704066821742,298.55259318102696,315.2404834651783,315.2404834651783
982,Galeria,Galeria,Galeria__CPTu4,Tertiary,MASW,12.0,299.1742628896579,4.0,310.117455579352,301.3800960273984,296.1330755979113,305.7175633526434,305.7175633526434
983,Galeria,Galeria,Galeria__CPTu4,Tertiary,MASW,12.85,335.8456019731248,4.0,343.3885124109123,332.3944730856705,331.3884373777156,337.8467753975128,337.8467753975128
984,Galeria,Galeria,Galeria__CPTu4,Tertiary,MASW,13.6,289.7824435829544,4.0,326.240398481056,308.87848509007347,303.76794971162224,317.4407662194797,317.4407662194797
985,Galeria,Galeria,Galeria__CPTu4,Tertiary,MASW,14.5,262.7729653347981,4.0,313.18777001393585,308.6279092503208,308.9960559315573,310.89947999662417,310.89947999662417
986,Galeria,Galeria,Galeria__CPTu4,Tertiary,MASW,15.5,244.86422079700904,4.0,305.6144247022271,266.63442603291844,277.4151923293311,285.4598513238927,285.4598513238927
987,Galeria,Galeria,Galeria__CPTu4,Tertiary,MASW,16.5,236.04469094651992,4.0,304.23553149022956,264.8258681448594,266.6775881202462,283.84756251800496,283.84756251800496
988,Galeria,Galeria,Galeria__CPTu4,Tertiary,MASW,17.5,240.26869319748596,4.0,315.7466425253691,261.24466499879105,268.2144441826149,287.2057204357761,287.2057204357761
989,Galeria,Galeria,Galeria__CPTu4,Tertiary,MASW,18.5,246.022177679243,4.0,322.9984722764926,265.070642101159,270.6324492615841,292.60453250765494,292.60453250765494
990,Galeria,Galeria,Galeria__CPTu4,Tertiary,MASW,19.5,313.5556875483491,4.0,328.69032028484577,278.73936214349766,275.3904917252206,302.6861909947989,302.6861909947989
991,Galeria,Galeria,Galeria__CPTu4,Tertiary,MASW,20.5,332.559492726047,4.0,341.0232908839352,280.62678071044155,284.12408923781095,309.35459955856356,309.35459955856356
992,Galeria,Galeria,Galeria__CPTu4,Tertiary,MASW,21.5,338.29668951106567,4.0,347.113587354777,290.48673345617783,298.9992807100231,317.5403787377988,317.5403787377988
993,Galeria,Galeria,Galeria__CPTu4,Tertiary,MASW,22.5,342.2379812791047,4.0,355.767826067072,351.2129658442747,337.170664801116,353.48305948798514,353.48305948798514
994,Galeria,Galeria,Galeria__CPTu4,Tertiary,MASW,23.5,365.2214831032677,4.0,368.8735318275555,372.092327213937,378.0335076380478,370.4794338493562,370.4794338493562
995,Galeria,Galeria,Galeria__CPTu4,Tertiary,MASW,24.3,367.79735650907736,4.0,369.9494009349263,381.01181243341665,397.3225816532343,375.43986437094406,395.0554777228367
913,Galeria,Galeria,Galeria__CPTu6,Quaternary,MASW,1.5,133.45529133277475,4.0,177.87783177448742,146.6930600704016,145.20172085224033,161.53465096284341,161.53465096284341
914,Galeria,Galeria,Galeria__CPTu6,Quaternary,MASW,2.5,213.4602204627913,4.0,248.61588023954337,247.46052478993803,242.7825304666091,248.03752981190124,248.03752981190124
915,Galeria,Galeria,Galeria__CPTu6,Quaternary,MASW,3.6,272.7691531662016,4.0,285.4789710750153,308.99662529169984,295.9596629542498,297.00511553494596,297.00511553494596
916,Galeria,Galeria,Galeria__CPTu6,Quaternary,MASW,4.85,297.1655807658395,4.0,263.949050473289,293.45985939948616,297.3797106654599,278.31358436217084,278.31358436217084
917,Galeria,Galeria,Galeria__CPTu6,Quaternary,MASW,5.95,272.69762195324785,4.0,252.02060793608314,258.0872522642295,263.8827585212335,255.0358920155835,255.0358920155835
918,Galeria,Galeria,Galeria__CPTu6,Quaternary,MASW,7.0,288.18852978380573,4.0,263.2933468023009,267.0597147329176,266.0299795853035,265.1698438512524,265.1698438512524
919,Galeria,Galeria,Galeria__CPTu6,Quaternary,MASW,7.899999999999999,235.8756883032632,4.0,241.24770683031406,241.08469738737398,241.21353977105454,241.1661883361434,241.1661883361434
920,Galeria,Galeria,Galeria__CPTu6,Quaternary,MASW,8.6,262.07048087671285,4.0,256.58001382725627,263.9039994002271,260.2064771471753,260.2162404908243,260.2162404908243
921,Galeria,Galeria,Galeria__CPTu6,Quaternary,MASW,9.5,269.83202308273025,4.0,267.85228881443953,256.2695390482096,252.89903170158854,261.9969133167114,261.9969133167114
922,Galeria,Galeria,Galeria__CPTu6,Tertiary,MASW,10.75,276.3501036136512,4.0,260.8617229582472,250.0520678562146,258.2544558155003,255.39971270587745,255.39971270587745
923,Galeria,Galeria,Galeria__CPTu6,Tertiary,MASW,11.95,295.9671888314111,4.0,276.40828439471255,260.77373556474225,263.7139957094246,268.47722596646963,268.47722596646963
924,Galeria,Galeria,Galeria__CPTu6,Tertiary,MASW,12.85,275.8956626756854,4.0,266.83150259117974,256.26448016821195,256.302499153811,261.494620028848,261.494620028848
925,Galeria,Galeria,Galeria__CPTu6,Tertiary,MASW,13.65,244.9464642516105,4.0,269.45265823243227,250.41311226777205,257.3390746850567,259.75850083646463,259.75850083646463
926,Galeria,Galeria,Galeria__CPTu6,Tertiary,MASW,14.5,238.1196736349838,4.0,279.84494175149376,255.07393937069904,261.3084084207257,267.17251300520667,267.17251300520667
927,Galeria,Galeria,Galeria__CPTu6,Tertiary,MASW,15.5,238.96600919122216,4.0,288.25710618010527,259.57525969461045,269.8773280430222,273.54051472408565,273.54051472408565
928,Galeria,Galeria,Galeria__CPTu6,Tertiary,MASW,16.5,247.0961544396001,4.0,294.89833621453323,255.1881422930824,262.1352241323963,274.3256433217785,274.3256433217785
929,Galeria,Galeria,Galeria__CPTu6,Tertiary,MASW,17.5,255.5758747639164,4.0,304.0159697497149,264.9508551894041,269.9949288873612,283.8120701739497,283.8120701739497
930,Galeria,Galeria,Galeria__CPTu6,Tertiary,MASW,18.5,266.4994194691626,4.0,314.25725802278714,316.91559109426345,309.0960320683446,315.5836254971952,315.5836254971952
931,Galeria,Galeria,Galeria__CPTu6,Tertiary,MASW,19.225,327.5416937913881,4.0,329.91926590680976,350.7466045853027,343.9281419900799,340.1735767282477,340.1735767282477
1199,H6-H7,H6-H7,H6-H7__CPT27,Quaternary,MASW,2.5,273.4,5.0,242.90987964175633,236.65514938522895,232.60829505966137,238.8257695195519,238.8257695195519
1200,H6-H7,H6-H7,H6-H7__CPT27,Quaternary,MASW,4.25,286.9,5.0,225.15060370706095,225.28791288895096,224.5296453504243,225.23984515262913,225.23984515262913
1201,H6-H7,H6-H7,H6-H7__CPT27,Quaternary,MASW,5.75,301.0,5.0,269.5974267020539,272.8770464229107,274.50347346111624,271.7246659977787,271.7246659977787
1202,H6-H7,H6-H7,H6-H7__CPT27,Quaternary,MASW,7.0,312.0,5.0,284.5789483838874,272.1680690065192,281.87458689119643,276.44906880517283,276.44906880517283
1203,H6-H7,H6-H7,H6-H7__CPT27,Quaternary,MASW,8.0,323.5,5.0,264.11866262999536,298.7852442370171,291.8780895287083,286.1627666926657,286.1627666926657
1204,H6-H7,H6-H7,H6-H7__CPT27,Quaternary,MASW,9.0,333.0,5.0,263.59220769569833,273.26633397681667,273.7557572942647,269.8406556839334,269.8406556839334
1205,H6-H7,H6-H7,H6-H7__CPT27,Quaternary,MASW,10.0,343.5,5.0,295.0208803427013,288.72048016876664,291.2515286765297,290.9101662184217,290.9101662184217
1206,H6-H7,H6-H7,H6-H7__CPT27,Quaternary,MASW,11.0,353.0,5.0,314.3620148116702,306.49801802030316,301.40023601897144,309.2277839125604,309.2277839125604
1207,H6-H7,H6-H7,H6-H7__CPT27,Quaternary,MASW,12.25,366.2,5.0,304.77826719734804,302.9200793375435,295.69575948461295,303.5691528555223,303.5691528555223
1208,H6-H7,H6-H7,H6-H7__CPT27,Tertiary,MASW,13.5,379.0,5.0,323.1913405659181,310.11279074707414,308.3301015560568,314.62895811441206,310.7367874200418
1209,H6-H7,H6-H7,H6-H7__CPT27,Tertiary,MASW,14.5,390.4,5.0,346.60034305666386,318.6196952156665,316.7959966243149,328.146175883512,321.4969995499321
1210,H6-H7,H6-H7,H6-H7__CPT27,Tertiary,MASW,15.5,401.0,5.0,351.89338332116864,324.94098252624536,324.04242618767216,334.13102529317626,332.4810415782788
1211,H6-H7,H6-H7,H6-H7__CPT27,Tertiary,MASW,16.5,412.0,5.0,345.94811538081257,335.0813676746214,327.893492700436,338.84534267593557,337.2484596819679
1212,H6-H7,H6-H7,H6-H7__CPT27,Tertiary,MASW,17.5,422.3,5.0,351.47841212965324,358.2465940810883,344.85374796903403,355.8630323559822,356.7266039681789
1213,H6-H7,H6-H7,H6-H7__CPT27,Tertiary,MASW,18.5,431.4,5.0,357.38723754620685,366.5938687807636,359.0665386729114,363.3448776835738,368.238150008796
1214,H6-H7,H6-H7,H6-H7__CPT27,Tertiary,MASW,19.5,441.0,5.0,363.6941476664416,372.3545136576164,360.0134404771103,369.3001756451301,370.9164698257179
1215,H6-H7,H6-H7,H6-H7__CPT27,Tertiary,MASW,20.5,448.0,5.0,379.7517091734122,386.7607627928097,383.38344461999736,384.2929995925256,387.06779403352994
1216,H6-H7,H6-H7,H6-H7__CPT27,Tertiary,MASW,21.5,455.7,5.0,385.5129109417678,408.8987767317435,392.7890581375743,400.55660910283655,402.4745094894628
1217,H6-H7,H6-H7,H6-H7__CPT27,Tertiary,MASW,22.5,462.9,5.0,389.1842156999172,407.277398388219,390.34095469082644,400.85105202778465,403.36477448765396
1218,H6-H7,H6-H7,H6-H7__CPT27,Tertiary,MASW,23.5,470.0,5.0,399.86604580251924,463.9181877238558,436.59782088747113,440.40982024284426,442.44805572566145
1219,H6-H7,H6-H7,H6-H7__CPT27,Tertiary,MASW,24.5,476.0,5.0,408.277957282035,478.91086375055323,446.2175230865567,452.8977095863568,455.4575510428714
1220,H6-H7,H6-H7,H6-H7__CPT27,Tertiary,MASW,25.5,483.0,5.0,419.5642476249535,509.8129317937861,479.917447467939,476.20781313877586,479.4945753252676
1221,H6-H7,H6-H7,H6-H7__CPT27,Tertiary,MASW,26.5,489.4,5.0,419.4200739363019,511.7496097628139,481.25497402483774,477.3254739680613,480.52715517792456
1222,H6-H7,H6-H7,H6-H7__CPT27,Tertiary,MASW,27.5,495.0,5.0,438.04557129039216,499.5136702667553,466.85707062996966,477.0759773221979,474.60669976207237
1223,H6-H7,H6-H7,H6-H7__CPT27,Tertiary,MASW,28.5,501.1,5.0,445.80846149717365,491.0173002342504,464.7052217745582,474.69518186386733,470.7375960445464
1224,H6-H7,H6-H7,H6-H7__CPT29,Quaternary,MASW,2.0,250.5,5.0,190.63756601708718,180.5812600731727,170.99955290561928,184.03914671255006,184.03914671255006
1225,H6-H7,H6-H7,H6-H7__CPT29,Quaternary,MASW,3.15,262.0,5.0,217.5619472616362,206.8012872993296,209.49510460169924,210.50558979042205,210.50558979042205
1226,H6-H7,H6-H7,H6-H7__CPT29,Quaternary,MASW,4.4,272.0,5.0,232.56429907988755,233.10482936738237,234.95512437275335,232.91550101069035,232.91550101069035
1227,H6-H7,H6-H7,H6-H7__CPT29,Quaternary,MASW,5.6,278.5,5.0,249.18721401583616,261.49042870504036,261.3635031634457,257.11669808305413,257.11669808305413
1228,H6-H7,H6-H7,H6-H7__CPT29,Quaternary,MASW,6.6,282.5,5.0,302.4377607499856,292.7930693922842,295.39158505735867,296.1332138738052,296.1332138738052
1229,H6-H7,H6-H7,H6-H7__CPT29,Quaternary,MASW,7.9,289.0,5.0,294.7899684843353,328.90458639718184,323.49952506238265,316.5373042521945,316.5373042521945
1230,H6-H7,H6-H7,H6-H7__CPT29,Quaternary,MASW,9.35,295.5,5.0,290.06388109921215,321.6958114518116,306.4252346603408,310.250359121408,310.250359121408
1231,H6-H7,H6-H7,H6-H7__CPT30,Quaternary,MASW,1.5,200.8,5.0,198.54260257655454,196.6207452630317,193.5836463322012,197.291269933896,197.291269933896
1232,H6-H7,H6-H7,H6-H7__CPT30,Quaternary,MASW,2.5,211.5,5.0,190.65792244362152,181.9938668718678,185.65192532782044,184.98055960202913,184.98055960202913
1233,H6-H7,H6-H7,H6-H7__CPT30,Quaternary,MASW,3.5,220.5,5.0,227.99376983899293,230.91997942846226,234.78164871489508,229.8915584822953,229.8915584822953
1234,H6-H7,H6-H7,H6-H7__CPT30,Quaternary,MASW,4.6,237.0,5.0,236.58202982640267,232.52655128898854,235.06636637934946,233.93799938901913,233.93799938901913
1235,H6-H7,H6-H7,H6-H7__CPT30,Quaternary,MASW,5.6,255.0,5.0,292.8913732338719,281.94462455314425,280.56390229577926,285.7286474492358,285.7286474492358
1236,H6-H7,H6-H7,H6-H7__CPT30,Quaternary,MASW,6.5,268.0,5.0,302.33683633932856,315.9145677069597,309.67674471287586,311.0943666423341,311.0943666423341
1237,H6-H7,H6-H7,H6-H7__CPT30,Quaternary,MASW,7.4,279.0,5.0,297.9822089384951,335.2737140047986,330.2462638818764,321.7186931086288,321.7186931086288
1238,H6-H7,H6-H7,H6-H7__CPT30,Quaternary,MASW,8.4,287.0,5.0,283.15748220422387,303.5477347661464,298.62340979451056,296.2493200864368,296.2493200864368
1239,H6-H7,H6-H7,H6-H7__CPT30,Quaternary,MASW,9.65,289.0,5.0,296.33057136681094,314.42432407710913,314.7726304331512,307.9691744340368,307.9691744340368
1240,H6-H7,H6-H7,H6-H7__CPT30,Quaternary,MASW,11.0,290.0,5.0,285.82996206582885,280.1837615605917,281.7224607507915,282.1471307135623,282.1471307135623
1241,H6-H7,H6-H7,H6-H7__CPT30,Quaternary,MASW,12.35,294.0,5.0,312.9861181721431,317.2328850487031,307.56341319189266,315.74000179245155,315.74000179245155
1242,H6-H7,H6-H7,H6-H7__CPT30,Tertiary,MASW,13.5,304.0,5.0,307.5424058343494,311.30267081139533,308.64925982460414,309.98137686048506,306.16822497648536
1243,H6-H7,H6-H7,H6-H7__CPT30,Tertiary,MASW,14.5,317.0,5.0,326.7371329508899,310.74196423847036,310.98281770431726,316.2491829629777,313.45617953468536
1244,H6-H7,H6-H7,H6-H7__CPT30,Tertiary,MASW,15.5,331.0,5.0,328.9677578305187,331.5580361094074,329.7128263731138,330.6491268787673,329.03228532597393
1245,H6-H7,H6-H7,H6-H7__CPT30,Tertiary,MASW,16.5,349.0,5.0,336.9580377826859,324.7450667805275,320.07917786393904,328.9684152807055,326.43608667932637
1246,H6-H7,H6-H7,H6-H7__CPT30,Tertiary,MASW,17.5,365.0,5.0,349.9518086922819,317.24287876862167,315.4745632445567,328.32776342713095,320.99030195518293
1247,H6-H7,H6-H7,H6-H7__CPT30,Tertiary,MASW,18.5,382.0,5.0,352.90715410616616,333.13853733390744,323.8124885969887,339.9283062668841,333.17119434692273
1248,H6-H7,H6-H7,H6-H7__CPT30,Tertiary,MASW,19.5,396.0,5.0,371.8948913760717,363.59936480523527,344.8968873605333,366.481536614611,359.75075280709694
1249,H6-H7,H6-H7,H6-H7__CPT30,Tertiary,MASW,20.5,414.0,5.0,387.2357681423259,384.17969350707915,365.00227043387144,385.246566347751,380.4999998015378
1250,H6-H7,H6-H7,H6-H7__CPT30,Tertiary,MASW,21.75,427.0,5.0,417.1106160389124,436.93929380946236,419.7259990303418,429.89426530307554,422.1355735783348
1251,H6-H7,H6-H7,H6-H7__CPT31,Quaternary,MASW,2.25,200.0,5.0,208.06824285761883,194.8689875552853,190.43526105374406,199.39065661693493,199.39065661693493
1252,H6-H7,H6-H7,H6-H7__CPT31,Quaternary,MASW,3.5,226.0,5.0,215.2349881896723,210.6381412037492,215.45364119875344,212.2357613846072,212.2357613846072
1253,H6-H7,H6-H7,H6-H7__CPT31,Quaternary,MASW,4.65,238.0,5.0,218.9341517979436,213.1594725978945,221.1698524341472,215.163075614861,215.163075614861
1254,H6-H7,H6-H7,H6-H7__CPT31,Quaternary,MASW,5.65,239.0,5.0,284.7659151807506,272.8330321454956,268.92594342199806,276.9515621818664,276.9515621818664
1255,H6-H7,H6-H7,H6-H7__CPT31,Quaternary,MASW,6.65,236.0,5.0,295.60658562131937,298.7178678696348,294.2113654973579,297.62521170374384,297.62521170374384
1256,H6-H7,H6-H7,H6-H7__CPT31,Quaternary,MASW,7.65,237.0,5.0,284.8256813792788,312.04413301760286,311.1451860334077,302.23385785245273,302.23385785245273
1257,H6-H7,H6-H7,H6-H7__CPT31,Quaternary,MASW,8.5,245.0,5.0,272.4020411378269,284.6841039327153,285.92231707817695,280.32363541689494,280.32363541689494
1258,H6-H7,H6-H7,H6-H7__CPT31,Quaternary,MASW,9.5,250.0,5.0,277.21702440022875,287.23282107719785,285.85261866090985,283.6867850356352,283.6867850356352
1259,H6-H7,H6-H7,H6-H7__CPT31,Quaternary,MASW,10.5,260.0,5.0,281.8900099956313,273.6963525786328,277.23209401450333,276.536681005757,276.536681005757
1260,H6-H7,H6-H7,H6-H7__CPT31,Quaternary,MASW,11.35,273.0,5.0,292.91288471192235,285.655824509333,288.0605224865409,288.1751122532575,288.1751122532575
1261,H6-H7,H6-H7,H6-H7__CPT31,Quaternary,MASW,12.4,292.0,5.0,320.743595897851,312.93730979418604,311.04743636952867,315.6476584271085,315.6476584271085
1262,H6-H7,H6-H7,H6-H7__CPT31,Tertiary,MASW,13.55,309.0,5.0,310.0323010437062,314.5463819692378,311.4877141810995,312.9590259763408,309.19634736831074
1263,H6-H7,H6-H7,H6-H7__CPT31,Tertiary,MASW,14.5,323.0,5.0,337.7331058719576,310.1493863408483,307.3569005821654,319.5375300698903,313.7692758702714
1264,H6-H7,H6-H7,H6-H7__CPT31,Tertiary,MASW,15.75,350.0,5.0,353.64504007735997,323.7475961094044,322.85825236923847,333.9126782901503,326.757802132528
1265,H6-H7,H6-H7,H6-H7__CPT31,Tertiary,MASW,17.25,373.0,5.0,362.261679018848,326.91941359975567,322.7540582866067,338.878722156753,335.9828667390563
1266,H6-H7,H6-H7,H6-H7__CPT31,Tertiary,MASW,18.5,390.0,5.0,398.4108569524254,367.7674972030439,360.4968650459566,378.2148540787484,378.5824688666922
1267,H6-H7,H6-H7,H6-H7__CPT31,Tertiary,MASW,19.5,402.0,5.0,390.4185902174341,370.049004362399,358.83181318267356,377.05454241922496,374.650736385471
1268,H6-H7,H6-H7,H6-H7__CPT31,Tertiary,MASW,20.5,421.0,5.0,430.283475687841,428.7018195611128,414.6339003896951,429.25473677513236,424.4035471455896
1269,H6-H7,H6-H7,H6-H7__CPT31,Tertiary,MASW,21.5,436.0,5.0,425.46312633692474,443.36680839586325,410.8902158954685,437.01640476968566,434.9953354394795
1270,H6-H7,H6-H7,H6-H7__CPT31,Tertiary,MASW,22.5,445.0,5.0,417.86612315914044,399.5971312041668,393.20906767398367,405.8985897748749,402.1760201363809
1271,H6-H7,H6-H7,H6-H7__CPT33,Quaternary,MASW,1.5,243.0,5.0,184.1152697595234,181.27490550354258,182.164905847874,182.2640137107032,182.2640137107032
1272,H6-H7,H6-H7,H6-H7__CPT33,Quaternary,MASW,2.5,254.0,5.0,198.26378830038146,201.8026306784118,197.9828622040454,200.5569078986123,200.5569078986123
1273,H6-H7,H6-H7,H6-H7__CPT33,Quaternary,MASW,3.65,259.0,5.0,195.87099523978813,203.40543619433285,203.9904882971864,200.73597264924476,200.73597264924476
1274,H6-H7,H6-H7,H6-H7__CPT33,Quaternary,MASW,4.65,262.0,5.0,241.77809600157462,253.37788556430354,255.4664183995003,249.25598410033118,249.25598410033118
1275,H6-H7,H6-H7,H6-H7__CPT33,Quaternary,MASW,5.65,275.0,5.0,288.9131686929054,282.2718425016924,276.74588640724926,284.5787588126711,284.5787588126711
1276,H6-H7,H6-H7,H6-H7__CPT33,Quaternary,MASW,6.9,288.0,5.0,288.17484806864314,290.8391569606584,291.07646681962234,289.90385846657387,289.90385846657387
1277,H6-H7,H6-H7,H6-H7__CPT33,Quaternary,MASW,8.0,302.0,5.0,268.30082991191256,298.03813522037126,285.80482012316133,287.2727289106122,287.2727289106122
1278,H6-H7,H6-H7,H6-H7__CPT33,Quaternary,MASW,9.3,313.0,5.0,281.20500751943314,304.50389289785346,301.12612030680054,296.137509380207,296.137509380207
1182,H6-H7,H6-H7,H6-H7__CPT6,Quaternary,MASW,1.75,181.4,5.0,168.59043987603096,157.70025167826932,150.78515193216964,161.42938101469775,161.42938101469775
1183,H6-H7,H6-H7,H6-H7__CPT6,Quaternary,MASW,2.75,191.7,5.0,217.68361605810492,215.35881471343,217.54268661662184,216.16965731305572,216.16965731305572
1184,H6-H7,H6-H7,H6-H7__CPT6,Quaternary,MASW,3.85,217.6,5.0,224.77729200398704,216.61015494671184,213.72716818392914,219.43433388803805,219.43433388803805
1185,H6-H7,H6-H7,H6-H7__CPT6,Quaternary,MASW,5.0,234.2,5.0,213.655232467418,224.37482839852345,221.30736621578544,220.56313375927397,220.56313375927397
1186,H6-H7,H6-H7,H6-H7__CPT6,Quaternary,MASW,6.0,249.1,5.0,231.28689137045646,239.35244436675387,242.62163046742313,236.49799882569897,236.49799882569897
1187,H6-H7,H6-H7,H6-H7__CPT6,Quaternary,MASW,7.35,256.2,5.0,215.85747777715756,231.3397147247228,233.5703974067605,225.79853068671756,225.79853068671756
1188,H6-H7,H6-H7,H6-H7__CPT6,Quaternary,MASW,8.6,261.1,5.0,200.53503062721697,232.64384025334033,230.2801221900121,220.85950772321678,220.85950772321678
1189,H6-H7,H6-H7,H6-H7__CPT6,Quaternary,MASW,9.5,266.2,5.0,221.62431398517447,237.6745657102975,238.96122932811244,231.92889154005155,231.92889154005155
1190,H6-H7,H6-H7,H6-H7__CPT6,Quaternary,MASW,10.9,276.4,5.0,241.66556608611072,251.86077954716148,258.9289002640927,248.24443642458536,248.24443642458536
1191,H6-H7,H6-H7,H6-H7__CPT6,Quaternary,MASW,12.5,295.0,5.0,294.89877274614537,344.0021970923894,330.31685284186125,325.9495069580937,325.9495069580937
1192,H6-H7,H6-H7,H6-H7__CPT6,Tertiary,MASW,13.9,323.4,5.0,346.6481248541415,360.79713393859896,348.5283675115862,355.78046687604234,356.52094060470307
1193,H6-H7,H6-H7,H6-H7__CPT6,Tertiary,MASW,15.3,359.1,5.0,365.0679227581809,422.83021037318537,404.58426256083203,401.641603371078,409.2819942032566
1194,H6-H7,H6-H7,H6-H7__CPT6,Tertiary,MASW,16.75,383.3,5.0,413.33577058289217,596.9162241888382,596.8462667885277,524.8675774672747,538.5908189174978
1195,H6-H7,H6-H7,H6-H7__CPT6,Tertiary,MASW,18.25,414.7,5.0,417.7291220683889,596.5675511209953,574.8132231028939,526.613418853732,541.0325966063176
1196,H6-H7,H6-H7,H6-H7__CPT6,Tertiary,MASW,19.5,431.8,5.0,481.43408398850636,647.1936456139039,630.5266857430639,583.5259183181217,595.1959918280223
1197,H6-H7,H6-H7,H6-H7__CPT6,Tertiary,MASW,20.5,448.1,5.0,477.0822538698972,615.9191899575364,589.8213416718354,563.2459399138692,576.0162506043966
1198,H6-H7,H6-H7,H6-H7__CPT6,Tertiary,MASW,21.75,464.6,5.0,484.42839236626406,625.7810845242727,594.9583759336585,572.1434583587869,580.3906823250393
0,Hungaria krt,Hungaria krt,Hungaria krt__CPT4,Quaternary,SCPT,1.5,162.4,5.0,195.64912654670385,165.44797651273691,172.27902247576912,175.44751391330374,175.44751391330374
21,Hungaria krt,Hungaria krt,Hungaria krt__CPT4,Quaternary,MASW,1.8,226.755552052112,5.0,208.43621915800915,185.19402245893014,187.62579031117272,193.01814721419487,193.01814721419487
1,Hungaria krt,Hungaria krt,Hungaria krt__CPT4,Quaternary,SCPT,2.5,288.5,5.0,215.35241153581808,198.10812863814292,211.29240978662799,203.9806169118915,203.9806169118915
22,Hungaria krt,Hungaria krt,Hungaria krt__CPT4,Quaternary,MASW,3.05,253.7146866871708,5.0,222.3573679019409,201.66444023484604,207.83886518161347,208.67820625889883,208.67820625889883
2,Hungaria krt,Hungaria krt,Hungaria krt__CPT4,Quaternary,SCPT,3.5,350.1,5.0,227.82541902411296,228.8180579674614,219.3946549728143,228.47014333707057,228.47014333707057
3,Hungaria krt,Hungaria krt,Hungaria krt__CPT4,Quaternary,SCPT,4.5,433.7,5.0,267.29396989180435,286.0200959262946,269.93120431318994,279.3212408140874,279.3212408140874
23,Hungaria krt,Hungaria krt,Hungaria krt__CPT4,Quaternary,MASW,4.5,309.832496723211,5.0,267.29396989180435,289.16649593278044,287.0102243408901,281.31467524633877,281.31467524633877
4,Hungaria krt,Hungaria krt,Hungaria krt__CPT4,Quaternary,SCPT,5.5,462.7,5.0,287.28194169686407,302.1668070975408,296.5857001495422,296.8713625218454,296.8713625218454
24,Hungaria krt,Hungaria krt,Hungaria krt__CPT4,Quaternary,MASW,5.85,338.34076859735893,5.0,290.954542322541,304.19976860913806,295.116413265795,299.4967204817096,299.4967204817096
5,Hungaria krt,Hungaria krt,Hungaria krt__CPT4,Quaternary,SCPT,6.5,333.9,5.0,290.7671867360142,300.71877838153046,300.3745555347663,297.1975634600123,297.1975634600123
25,Hungaria krt,Hungaria krt,Hungaria krt__CPT4,Quaternary,MASW,7.25,293.18947731215565,5.0,266.67252954494325,290.81186963812684,283.5980435965018,282.1241617414023,282.1241617414023
6,Hungaria krt,Hungaria krt,Hungaria krt__CPT4,Quaternary,SCPT,7.5,343.2,5.0,269.49828994648686,292.1920482849169,283.45799106770795,284.0397097531575,284.0397097531575
26,Hungaria krt,Hungaria krt,Hungaria krt__CPT4,Quaternary,MASW,8.4,160.45082839849806,5.0,277.12255812003644,279.7283980894965,271.23637064176194,278.81357858537694,278.81357858537694
7,Hungaria krt,Hungaria krt,Hungaria krt__CPT4,Quaternary,SCPT,8.5,227.5,5.0,274.6571769075922,271.7656910982842,268.7990056969921,272.7742320234681,272.7742320234681
8,Hungaria krt,Hungaria krt,Hungaria krt__CPT4,Quaternary,SCPT,9.5,242.8,5.0,260.25790554405353,270.10994969895944,262.6265810463271,266.6200183489802,266.6200183489802
27,Hungaria krt,Hungaria krt,Hungaria krt__CPT4,Quaternary,MASW,10.25,185.96619822180912,5.0,260.27940876296816,286.59082546120186,271.5445061903952,277.09227492283236,277.09227492283236
9,Hungaria krt,Hungaria krt,Hungaria krt__CPT4,Tertiary,SCPT,10.5,233.1,5.0,274.1306181097405,277.2951275473506,267.30005408639283,276.1834153438873,275.53462712689213
10,Hungaria krt,Hungaria krt,Hungaria krt__CPT4,Tertiary,SCPT,11.5,247.4,5.0,280.2977627418577,292.00745373251493,279.13387581820484,287.8544384286707,285.6779624728431
11,Hungaria krt,Hungaria krt,Hungaria krt__CPT4,Tertiary,SCPT,12.5,278.2,5.0,284.42202586310634,310.7991673089613,295.7700813315081,301.29992889574436,299.84770832341087
28,Hungaria krt,Hungaria krt,Hungaria krt__CPT4,Tertiary,MASW,12.5,257.62484692640925,5.0,284.75443262031126,309.80576811304627,291.4853478468084,300.79654754543924,294.9727577572267
12,Hungaria krt,Hungaria krt,Hungaria krt__CPT4,Tertiary,SCPT,13.5,206.7,5.0,301.3721576233815,321.0674803107558,310.2717890958991,314.03185343737823,309.59926545251284
13,Hungaria krt,Hungaria krt,Hungaria krt__CPT4,Tertiary,SCPT,14.5,238.6,5.0,317.5670647739584,347.07089027502514,347.23541861267205,336.4451193678099,343.9981497225385
29,Hungaria krt,Hungaria krt,Hungaria krt__CPT4,Tertiary,MASW,14.5,281.53442457121537,5.0,317.1647659322888,345.6326422686225,346.2788970857251,335.3893870016013,343.3973103021345
14,Hungaria krt,Hungaria krt,Hungaria krt__CPT4,Tertiary,SCPT,15.5,342.0,5.0,319.1150281241127,341.08963739181837,346.63473471105,333.231525604478,339.1280406506486
30,Hungaria krt,Hungaria krt,Hungaria krt__CPT4,Tertiary,MASW,16.25,270.888556241701,5.0,306.131768725344,315.5634427447064,302.19218497331514,312.2297532351648,305.93349543064977
15,Hungaria krt,Hungaria krt,Hungaria krt__CPT4,Tertiary,SCPT,16.5,266.7,5.0,301.96941941524335,303.44767459095937,286.9706442576764,302.9294639219447,294.6720876932926
16,Hungaria krt,Hungaria krt,Hungaria krt__CPT4,Tertiary,SCPT,17.5,185.1,5.0,282.49452278501957,287.1458156745952,278.6721527279703,285.5092156751207,278.34014617795765
17,Hungaria krt,Hungaria krt,Hungaria krt__CPT4,Tertiary,SCPT,18.5,209.6,5.0,279.9437430776636,301.6038160066756,289.33438207501433,293.8385069930097,290.8333035855348
31,Hungaria krt,Hungaria krt,Hungaria krt__CPT4,Tertiary,MASW,18.75,244.4248801792452,5.0,284.7847456539963,288.7736050795854,283.3505285440699,287.37118876814014,282.0299760085038
18,Hungaria krt,Hungaria krt,Hungaria krt__CPT4,Tertiary,SCPT,19.5,268.3,5.0,285.56995032495297,290.34029869797683,293.0044790132174,288.66167984346,285.7150917550975
19,Hungaria krt,Hungaria krt,Hungaria krt__CPT4,Tertiary,SCPT,20.5,241.8,5.0,304.4431860027435,310.2765010578335,321.36624847229245,308.222235373492,305.93841663692376
20,Hungaria krt,Hungaria krt,Hungaria krt__CPT4,Tertiary,SCPT,21.5,230.6,5.0,316.3614093147144,366.472703569598,357.0961753776665,348.0897911628569,355.16809819018414
32,Hungaria krt,Hungaria krt,Hungaria krt__CPT4,Tertiary,MASW,21.5,379.2784974614476,5.0,314.3612632907958,363.4994452393687,355.4041507782923,345.4837285176443,352.4333535623907
33,Hungaria krt,Hungaria krt,Hungaria krt__CPT5,Quaternary,SCPT,1.5,130.3,5.0,195.3296764908086,162.34873036903085,172.83355721531362,173.2050952009023,173.2050952009023
51,Hungaria krt,Hungaria krt,Hungaria krt__CPT5,Quaternary,MASW,1.5,262.2764591222678,5.0,195.3296764908086,161.8420407706813,169.29309170432967,172.8535310514496,172.8535310514496
34,Hungaria krt,Hungaria krt,Hungaria krt__CPT5,Quaternary,SCPT,2.5,151.8,5.0,213.1425523549654,197.10301540290166,208.22584494638016,202.57468917714652,202.57468917714652
52,Hungaria krt,Hungaria krt,Hungaria krt__CPT5,Quaternary,MASW,2.6,290.34645849246823,5.0,216.26074425782227,201.43314848275227,212.36272261378446,206.50344647579595,206.50344647579595
35,Hungaria krt,Hungaria krt,Hungaria krt__CPT5,Quaternary,SCPT,3.5,291.8,5.0,257.09737558303067,267.310501792482,264.54235186413257,263.6905639041211,263.6905639041211
53,Hungaria krt,Hungaria krt,Hungaria krt__CPT5,Quaternary,MASW,3.8,355.89919580552174,5.0,268.04508310519657,290.72682250381314,293.9203979512711,282.57781449751246,282.57781449751246
36,Hungaria krt,Hungaria krt,Hungaria krt__CPT5,Quaternary,SCPT,4.5,433.5,5.0,290.6183981372021,312.89114426204156,309.3399382096971,304.90792545874683,304.90792545874683
54,Hungaria krt,Hungaria krt,Hungaria krt__CPT5,Quaternary,MASW,4.95,374.2177132653614,5.0,293.1225226374142,314.1847861326603,310.62223392698843,306.6461840666222,306.6461840666222
37,Hungaria krt,Hungaria krt,Hungaria krt__CPT5,Quaternary,SCPT,5.5,594.0,5.0,283.9619022065283,294.98391391464975,289.08057735815845,291.0783763485352,291.0783763485352
55,Hungaria krt,Hungaria krt,Hungaria krt__CPT5,Quaternary,MASW,6.2,338.7293209269103,5.0,277.55278455317034,293.25050385337363,283.7423320885197,287.6577999637556,287.6577999637556
38,Hungaria krt,Hungaria krt,Hungaria krt__CPT5,Quaternary,SCPT,6.5,361.6,5.0,274.8597880075739,296.7763450423834,287.18571934325996,288.913580022453,288.913580022453
56,Hungaria krt,Hungaria krt,Hungaria krt__CPT5,Quaternary,MASW,7.15,307.6345446313491,5.0,270.49468020666615,284.2016772117497,278.22546381757826,279.3269689059372,279.3269689059372
39,Hungaria krt,Hungaria krt,Hungaria krt__CPT5,Quaternary,SCPT,7.5,202.8,5.0,289.7805228926497,297.4734079614367,294.09245445951996,294.75794083919715,294.75794083919715
57,Hungaria krt,Hungaria krt,Hungaria krt__CPT5,Quaternary,MASW,7.7,469.3785994440153,5.0,300.84393100727453,314.3248428824671,304.09138954653685,309.53915936634274,309.53915936634274
40,Hungaria krt,Hungaria krt,Hungaria krt__CPT5,Tertiary,SCPT,8.5,239.5,5.0,273.4912295575398,281.09617027924776,274.1497151851236,278.41068251320667,285.76547612440027
58,Hungaria krt,Hungaria krt,Hungaria krt__CPT5,Tertiary,MASW,9.0,236.95193333557484,5.0,279.31181722467085,295.65274078191555,282.2761867394421,289.8274392919044,298.90793998186143
41,Hungaria krt,Hungaria krt,Hungaria krt__CPT5,Tertiary,SCPT,9.5,230.7,5.0,285.3605251502477,298.0587417157924,285.6684315316739,293.5513451871952,302.29084730791067
42,Hungaria krt,Hungaria krt,Hungaria krt__CPT5,Tertiary,SCPT,10.5,291.4,5.0,299.90424636380925,317.32226073739065,305.0824652530535,311.1137932947048,317.7584974529054
59,Hungaria krt,Hungaria krt,Hungaria krt__CPT5,Tertiary,MASW,11.0,232.340247034248,5.0,307.4568771020323,321.39961876283365,306.97210282548076,316.44916664005314,322.95975023564466
43,Hungaria krt,Hungaria krt,Hungaria krt__CPT5,Tertiary,SCPT,11.5,361.5,5.0,315.00051855939006,327.450947049282,313.6229131386552,323.0382932894732,327.04969954022016
44,Hungaria krt,Hungaria krt,Hungaria krt__CPT5,Tertiary,SCPT,12.5,394.1,5.0,329.1937163301476,345.31876671682795,329.8366723563211,339.58707766676673,342.4263600657521
60,Hungaria krt,Hungaria krt,Hungaria krt__CPT5,Tertiary,MASW,13.0,242.56775610640275,5.0,332.2504766678497,342.4150527029778,332.2530163115575,338.8225570978325,342.11857886479777
45,Hungaria krt,Hungaria krt,Hungaria krt__CPT5,Tertiary,SCPT,13.5,339.5,5.0,335.91833416109614,351.3605465290548,343.3231555818932,345.8766499258699,350.33013397074905
46,Hungaria krt,Hungaria krt,Hungaria krt__CPT5,Tertiary,SCPT,14.5,280.7,5.0,320.70087135643445,353.8898439465808,350.635771776506,341.900167457451,348.70733147493996
61,Hungaria krt,Hungaria krt,Hungaria krt__CPT5,Tertiary,MASW,15.0,301.8585277306017,5.0,320.4419604871002,347.9497582025029,351.43833682550144,338.06330537144356,344.81034400492615
47,Hungaria krt,Hungaria krt,Hungaria krt__CPT5,Tertiary,SCPT,15.5,342.0,5.0,320.5285226762127,338.8685096327483,340.3610687445526,332.33312156082064,336.1186145753628
48,Hungaria krt,Hungaria krt,Hungaria krt__CPT5,Tertiary,SCPT,16.5,282.4,5.0,321.7510291231714,330.94137565302003,325.8355952346355,327.69527148710085,325.87448677964824
62,Hungaria krt,Hungaria krt,Hungaria krt__CPT5,Tertiary,MASW,17.0,349.3932717135017,5.0,333.9602542439967,334.50687566938865,332.1778786826502,334.3154564730123,331.86520882527515
49,Hungaria krt,Hungaria krt,Hungaria krt__CPT5,Tertiary,SCPT,17.5,253.3,5.0,346.3061782946269,350.1509788542711,341.4071143297041,348.8004672057682,342.0906932053604
50,Hungaria krt,Hungaria krt,Hungaria krt__CPT5,Tertiary,SCPT,18.5,321.4,5.0,367.25507151832545,363.63943722938114,363.7256886637005,364.9008421428128,361.5863836847099
63,Hungaria krt,Hungaria krt,Hungaria krt__CPT5,Tertiary,MASW,18.81,368.9090098180544,5.0,365.10963210781995,364.58823044059926,372.1725971168737,364.7706362716921,361.8984924187756
326,Lang,Lang,Lang__CPT10,Quaternary,MASW,2.0,187.0,3.0,149.22227064580574,180.09608609756702,177.31558361708116,163.93397116492207,163.93397116492207
327,Lang,Lang,Lang__CPT10,Quaternary,MASW,3.0,193.0,3.0,219.87696303696805,223.57873231695896,225.83607742890476,221.72012236490434,221.72012236490434
328,Lang,Lang,Lang__CPT10,Quaternary,MASW,4.0,200.0,3.0,211.9500406717647,201.57207079390633,205.27500473247403,206.69593272016814,206.69593272016814
329,Lang,Lang,Lang__CPT10,Quaternary,MASW,5.0,210.0,3.0,236.68692965527984,230.15955194968006,232.6148585102008,233.4004234824878,233.4004234824878
330,Lang,Lang,Lang__CPT10,Quaternary,MASW,6.25,221.0,3.0,231.22387920037346,231.70881207889994,236.2569730208239,231.46621864495378,231.46621864495378
331,Lang,Lang,Lang__CPT10,Quaternary,MASW,7.5,238.0,3.0,255.47817118177554,264.23913576953123,265.3485635329937,259.82172957828755,259.82172957828755
332,Lang,Lang,Lang__CPT10,Quaternary,MASW,8.6,259.0,3.0,298.9713837314563,300.2816475560989,305.93838250583013,299.62579942155895,299.62579942155895
333,Lang,Lang,Lang__CPT10,Quaternary,MASW,10.35,268.0,3.0,306.0654974540723,292.3924195491536,294.46541605913734,299.15085047699847,299.15085047699847
334,Lang,Lang,Lang__CPT10,Quaternary,MASW,12.25,285.0,3.0,312.85140344607595,306.363027772376,303.18723399501386,309.5902181958871,309.5902181958871
335,Lang,Lang,Lang__CPT10,Tertiary,MASW,13.5,294.0,3.0,316.30997301382916,283.2356993825691,291.66506556477117,299.31634841460556,299.31634841460556
336,Lang,Lang,Lang__CPT10,Tertiary,MASW,14.5,300.0,3.0,341.64543771704354,333.52829759340614,330.0032187072949,337.56247010341593,337.56247010341593
337,Lang,Lang,Lang__CPT10,Tertiary,MASW,15.75,313.0,3.0,350.3018728377016,386.0708020805823,363.70673912065257,367.751716538185,367.751716538185
338,Lang,Lang,Lang__CPT10,Tertiary,MASW,17.0,320.0,3.0,392.0452994932147,428.93111434347014,416.44097710571504,410.07368506738425,414.79282955148324
339,Lang,Lang,Lang__CPT10,Tertiary,MASW,18.0,329.0,3.0,395.28458404414044,424.3167105190136,418.6226791860785,409.54347073355524,413.7680141071143
340,Lang,Lang,Lang__CPT10,Tertiary,MASW,19.0,337.0,3.0,386.9470130646264,414.22827603780297,401.39789890614304,400.3553348461057,406.5096219595042
341,Lang,Lang,Lang__CPT10,Tertiary,MASW,20.0,348.0,3.0,414.3794358804134,438.33143825898526,422.6083851690451,426.18720547947987,429.775001778469
342,Lang,Lang,Lang__CPT10,Tertiary,MASW,21.14,360.0,3.0,421.3175990981844,442.6175412364634,437.6663925859893,431.836265027022,435.4265848055051
312,Lang,Lang,Lang__CPT11,Quaternary,MASW,2.0,189.0,3.0,151.84342464119618,173.44178402197446,176.67577777835498,162.28368513740162,162.28368513740162
313,Lang,Lang,Lang__CPT11,Quaternary,MASW,3.0,196.0,3.0,185.8582326802737,212.11128033954733,208.36260711700754,198.55132257292658,198.55132257292658
314,Lang,Lang,Lang__CPT11,Quaternary,MASW,4.0,204.0,3.0,216.47614918209987,217.63462026442284,220.34223749383375,217.05461184584587,217.05461184584587
315,Lang,Lang,Lang__CPT11,Quaternary,MASW,5.0,212.0,3.0,230.4211636671488,214.8256255447685,222.54635994065785,222.48678752579607,222.48678752579607
316,Lang,Lang,Lang__CPT11,Quaternary,MASW,6.0,225.0,3.0,243.2984650466309,235.51380304596208,238.3606072922594,239.37449065925355,239.37449065925355
317,Lang,Lang,Lang__CPT11,Quaternary,MASW,7.25,236.0,3.0,242.8370066168653,247.53729711645227,243.70262968571,245.17588841031835,245.17588841031835
318,Lang,Lang,Lang__CPT11,Quaternary,MASW,8.6,255.0,3.0,280.44404496724775,285.3318221699562,280.66490058951507,282.87737690953287,282.87737690953287
319,Lang,Lang,Lang__CPT11,Quaternary,MASW,9.5,265.0,3.0,287.74789621469256,270.65272619799117,282.95209515787354,279.06944040550746,279.06944040550746
320,Lang,Lang,Lang__CPT11,Quaternary,MASW,10.15,271.0,3.0,300.0704885427328,297.0200627511413,297.45962231502034,298.54137960545455,298.54137960545455
321,Lang,Lang,Lang__CPT11,Quaternary,MASW,11.0,283.0,3.0,279.8907317236903,288.94693106710577,276.0768457546861,284.38278422873447,284.38278422873447
322,Lang,Lang,Lang__CPT11,Tertiary,MASW,12.0,293.0,3.0,309.82191314347705,278.68640221324375,284.71392574418013,293.84205672568334,293.84205672568334
323,Lang,Lang,Lang__CPT11,Tertiary,MASW,13.0,301.0,3.0,326.4251479578311,317.87049563774605,316.20488119116226,322.11942439098635,322.11942439098635
324,Lang,Lang,Lang__CPT11,Tertiary,MASW,14.0,308.0,3.0,362.5930526429799,359.51743426771566,354.3068718651504,361.0519685163105,361.0519685163105
325,Lang,Lang,Lang__CPT11,Tertiary,MASW,15.24,312.0,3.0,350.98728875527667,388.09300178852635,361.41975016725274,369.07412599998355,369.07412599998355
292,Lang,Lang,Lang__CPT12,Quaternary,MASW,2.0,190.0,3.0,148.38899665614707,173.26089343271022,174.9111115027334,160.34341313639138,160.34341313639138
293,Lang,Lang,Lang__CPT12,Quaternary,MASW,3.0,197.0,3.0,164.70729281868134,187.57862100827265,187.260177042061,175.7713482252839,175.7713482252839
294,Lang,Lang,Lang__CPT12,Quaternary,MASW,4.0,200.0,3.0,162.49906512145054,205.16078154455298,201.486377283757,182.58815733934122,182.58815733934122
295,Lang,Lang,Lang__CPT12,Quaternary,MASW,5.0,208.0,3.0,180.80308403383674,220.49037542220364,217.02706475634798,199.66306587877713,199.66306587877713
296,Lang,Lang,Lang__CPT12,Quaternary,MASW,6.0,218.0,3.0,172.3977053249579,221.23156055703132,217.48277546176539,195.2941714068591,195.2941714068591
297,Lang,Lang,Lang__CPT12,Quaternary,MASW,7.0,228.0,3.0,147.65997582601383,220.2029301803618,219.1351850626749,180.31960333599238,180.31960333599238
298,Lang,Lang,Lang__CPT12,Quaternary,MASW,8.0,239.0,3.0,167.10262407839727,224.6403184566977,226.0576268078286,193.74722369087263,193.74722369087263
299,Lang,Lang,Lang__CPT12,Quaternary,MASW,9.0,250.0,3.0,162.01247858916494,221.19550787716716,220.0571439892099,189.3051306329783,189.3051306329783
300,Lang,Lang,Lang__CPT12,Quaternary,MASW,10.0,260.0,3.0,243.311885656615,252.10331068542675,246.4909249594012,247.66859288804997,247.66859288804997
301,Lang,Lang,Lang__CPT12,Tertiary,MASW,11.0,270.0,3.0,291.5719889627254,272.56276127155894,271.74561983033993,281.90719469556115,281.90719469556115
302,Lang,Lang,Lang__CPT12,Tertiary,MASW,12.0,280.0,3.0,311.71576168744286,286.6506970449005,283.3398590077521,298.92062553057053,298.92062553057053
303,Lang,Lang,Lang__CPT12,Tertiary,MASW,13.0,290.0,3.0,326.69328592344596,317.30075941034914,319.6887066104879,321.96277380742595,321.96277380742595
304,Lang,Lang,Lang__CPT12,Tertiary,MASW,14.0,297.0,3.0,382.2759205167829,390.55806635399,374.49756769510435,386.3948037056481,398.6893257404521
305,Lang,Lang,Lang__CPT12,Tertiary,MASW,15.0,304.0,3.0,347.36080473251735,372.9086753337227,364.5790301659191,359.9081237700241,359.9081237700241
306,Lang,Lang,Lang__CPT12,Tertiary,MASW,16.0,310.0,3.0,359.8985063290188,393.3388814368339,376.138015446029,376.2473600043508,387.3375925294933
307,Lang,Lang,Lang__CPT12,Tertiary,MASW,17.0,318.0,3.0,359.44353697547956,391.4055355490775,378.6644668499423,375.08424398999,385.32029282050405
308,Lang,Lang,Lang__CPT12,Tertiary,MASW,18.0,325.0,3.0,385.3935404923834,406.03281996819834,397.17558771189124,395.5785965439112,400.9347281411139
309,Lang,Lang,Lang__CPT12,Tertiary,MASW,19.0,335.0,3.0,430.09836110388466,441.64422048886763,425.82675407714294,435.8330591215685,435.7400098877252
310,Lang,Lang,Lang__CPT12,Tertiary,MASW,20.0,348.0,3.0,379.9085946072583,415.01363055058914,411.0275778837286,397.0733498049576,403.33193719143594
311,Lang,Lang,Lang__CPT12,Tertiary,MASW,21.14,360.0,3.0,433.0998643409602,459.1111858962202,446.38263198827235,445.9159027541746,445.4383887501565
432,Lang,Lang,Lang__CPT15,Quaternary,MASW,2.0,160.0,3.0,137.65596152614927,168.96640798549737,166.2904937017848,152.5097811842351,152.5097811842351
433,Lang,Lang,Lang__CPT15,Quaternary,MASW,3.0,173.0,3.0,155.29758875252062,182.53436836900627,181.8450820494642,168.36611081857023,168.36611081857023
434,Lang,Lang,Lang__CPT15,Quaternary,MASW,4.0,188.0,3.0,154.10540729571264,202.38237030748627,194.6406248087736,176.6018618409979,176.6018618409979
435,Lang,Lang,Lang__CPT15,Quaternary,MASW,5.0,197.0,3.0,185.0148851957615,232.7635795790491,223.18849440810692,207.52042538885735,207.52042538885735
436,Lang,Lang,Lang__CPT15,Quaternary,MASW,6.0,208.0,3.0,178.19772318117697,213.24428304578555,213.97937440326245,194.9349781854489,194.9349781854489
437,Lang,Lang,Lang__CPT15,Quaternary,MASW,7.0,218.0,3.0,178.5672050782108,203.07827450235382,206.24076027786708,190.42877904873257,190.42877904873257
438,Lang,Lang,Lang__CPT15,Quaternary,MASW,8.15,230.0,3.0,216.28371903516307,222.47598148867138,222.9740421270459,219.35800115876324,219.35800115876324
439,Lang,Lang,Lang__CPT15,Quaternary,MASW,9.25,240.0,3.0,267.1846662005729,258.7564051199234,261.4562300673977,262.9367675492093,262.9367675492093
440,Lang,Lang,Lang__CPT15,Tertiary,MASW,10.1,250.0,3.0,235.40365549824097,233.3928041965263,242.90411016486132,234.39607350561036,234.39607350561036
441,Lang,Lang,Lang__CPT15,Tertiary,MASW,11.0,263.0,3.0,273.7648453270448,279.4347450183993,278.2351386522759,276.5852666881667,276.5852666881667
442,Lang,Lang,Lang__CPT15,Tertiary,MASW,12.0,272.0,3.0,301.03083807925776,303.00946541311384,303.0923560472308,302.01853141696057,302.01853141696057
443,Lang,Lang,Lang__CPT15,Tertiary,MASW,13.0,281.0,3.0,329.33183405300923,314.270863671744,319.403260299448,321.71322621620436,321.71322621620436
444,Lang,Lang,Lang__CPT15,Tertiary,MASW,13.9,290.0,3.0,336.04201623086277,321.6561447558852,325.74730090557347,328.7704053238582,328.7704053238582
445,Lang,Lang,Lang__CPT15,Tertiary,MASW,14.9,298.0,3.0,380.14544024459093,425.29594914735645,406.70304262695925,402.08744797974373,415.71467986795847
446,Lang,Lang,Lang__CPT15,Tertiary,MASW,15.93,304.0,3.0,371.45497264247126,439.8936608782284,429.6342141481947,404.22850934479993,417.52457036723496
360,Lang,Lang,Lang__CPT19,Quaternary,MASW,2.0,180.0,3.0,176.94139741048951,177.68000332280627,186.67548176643686,177.31031577389325,177.31031577389325
361,Lang,Lang,Lang__CPT19,Quaternary,MASW,3.0,195.0,3.0,190.14496740139975,197.29221059513813,192.58401465208019,193.68562402037648,193.68562402037648
362,Lang,Lang,Lang__CPT19,Quaternary,MASW,4.0,210.0,3.0,205.07122075378302,212.2523424937073,203.30220476403795,208.6308869344004,208.6308869344004
363,Lang,Lang,Lang__CPT19,Quaternary,MASW,5.0,223.0,3.0,210.3606425750506,214.09937440447257,214.64580782709322,212.22177544880083,212.22177544880083
364,Lang,Lang,Lang__CPT19,Quaternary,MASW,5.85,235.0,3.0,202.4369474585224,210.94578445793414,209.2158187505295,206.64757604411324,206.64757604411324
365,Lang,Lang,Lang__CPT19,Quaternary,MASW,6.85,247.0,3.0,272.54921904032057,279.22078992709567,281.5727903688966,275.86483689381544,275.86483689381544
366,Lang,Lang,Lang__CPT19,Quaternary,MASW,8.25,255.0,3.0,289.6891503728318,294.06942930687774,310.57783677826166,291.8710727813447,291.8710727813447
367,Lang,Lang,Lang__CPT19,Quaternary,MASW,9.4,268.0,3.0,264.07094483863153,263.4714229599723,264.7292695347329,263.7710135686227,263.7710135686227
368,Lang,Lang,Lang__CPT19,Quaternary,MASW,10.15,271.0,3.0,217.1784208059254,233.97898760095,228.18706964249617,225.42224164652325,225.42224164652325
369,Lang,Lang,Lang__CPT19,Quaternary,MASW,10.95,274.0,3.0,262.0910562647173,270.55167914910135,264.7741769012525,266.2877679548592,266.2877679548592
370,Lang,Lang,Lang__CPT19,Quaternary,MASW,12.0,275.0,3.0,295.6804054843436,293.44634183318425,298.01439030208405,294.5612556687203,294.5612556687203
371,Lang,Lang,Lang__CPT19,Quaternary,MASW,13.05,277.0,3.0,309.87214308009766,303.0983928678843,313.120530847827,306.46655374135787,306.46655374135787
372,Lang,Lang,Lang__CPT19,Tertiary,MASW,14.0,278.0,3.0,325.8646798126247,326.2471600368403,334.02847759782884,326.0558638411261,326.0558638411261
373,Lang,Lang,Lang__CPT19,Tertiary,MASW,15.0,283.0,3.0,350.75553508953647,385.00144204320367,374.0980998103558,367.4797774219786,367.4797774219786
374,Lang,Lang,Lang__CPT19,Tertiary,MASW,16.0,287.0,3.0,383.93202549696963,431.90351124745257,416.68877811400296,407.21197169593097,416.0555675016018
375,Lang,Lang,Lang__CPT19,Tertiary,MASW,17.05,292.0,3.0,373.00593547169893,410.5318018629605,404.26388187014174,391.3193054204913,400.74411988247795
343,Lang,Lang,Lang__CPT2,Quaternary,MASW,2.25,197.0,3.0,159.9792744699802,173.33732767098212,173.46428724576586,166.52441238259607,166.52441238259607
344,Lang,Lang,Lang__CPT2,Quaternary,MASW,3.25,210.0,3.0,220.18374522491837,222.5399160042567,218.0122291028837,221.35869571321552,221.35869571321552
345,Lang,Lang,Lang__CPT2,Quaternary,MASW,4.15,224.0,3.0,199.59109249691477,202.65324190282354,196.2836340861011,201.11633933976148,201.11633933976148
346,Lang,Lang,Lang__CPT2,Quaternary,MASW,5.3,233.0,3.0,230.21354855294,231.34988210666398,231.53228137281562,230.78101593735886,230.78101593735886
347,Lang,Lang,Lang__CPT2,Quaternary,MASW,6.15,240.0,3.0,206.7254469620862,221.795374481474,218.5637220047617,214.12787750268765,214.12787750268765
348,Lang,Lang,Lang__CPT2,Quaternary,MASW,7.0,247.0,3.0,284.6781230323066,290.042329160631,293.2593362009457,287.34770899620355,287.34770899620355
349,Lang,Lang,Lang__CPT2,Quaternary,MASW,8.2,252.0,3.0,280.45079118746503,276.8976598015792,280.64280460992455,278.6685625780391,278.6685625780391
350,Lang,Lang,Lang__CPT2,Quaternary,MASW,9.35,258.0,3.0,254.78250785512085,280.1070425829555,282.49601485094036,267.14485729125784,267.14485729125784
351,Lang,Lang,Lang__CPT2,Quaternary,MASW,10.15,262.0,3.0,273.32245668388276,271.479565422017,274.38737373243026,272.3994525703357,272.3994525703357
352,Lang,Lang,Lang__CPT2,Quaternary,MASW,11.0,267.0,3.0,242.58493426609826,251.1123422112485,252.32258719169465,246.81181298455243,246.81181298455243
353,Lang,Lang,Lang__CPT2,Quaternary,MASW,12.25,270.0,3.0,289.77222475596267,294.28122532679487,298.2854249767576,292.01802233228005,292.01802233228005
354,Lang,Lang,Lang__CPT2,Tertiary,MASW,13.85,278.0,3.0,258.2898805042722,261.45489589195074,267.18641675373635,259.86756976812023,259.86756976812023
355,Lang,Lang,Lang__CPT2,Tertiary,MASW,15.1,282.0,3.0,343.93119219740964,365.33262982682294,356.7807478859629,354.4704316652579,354.4704316652579
356,Lang,Lang,Lang__CPT2,Tertiary,MASW,16.0,287.0,3.0,359.0793718410602,389.6346165912179,386.73219302454805,374.0451221084256,374.0451221084256
357,Lang,Lang,Lang__CPT2,Tertiary,MASW,17.0,292.0,3.0,368.1827312901665,404.140650488626,405.5219361249982,385.7429306186787,395.07900254065464
358,Lang,Lang,Lang__CPT2,Tertiary,MASW,18.0,297.0,3.0,369.6818714735407,406.6709329953774,398.7944865245281,387.73556914941673,395.36227161278487
359,Lang,Lang,Lang__CPT2,Tertiary,MASW,19.24,303.0,3.0,391.1479641547051,421.41973975726745,416.9570100057495,406.00181435636586,410.9551343031146
395,Lang,Lang,Lang__CPT20,Quaternary,MASW,2.0,158.0,3.0,187.49437653980175,194.47457796467884,199.70225843346358,190.9525850789367,190.9525850789367
396,Lang,Lang,Lang__CPT20,Quaternary,MASW,3.0,177.0,3.0,187.87934938201872,196.25702524681284,196.15844114153373,192.0225044494046,192.0225044494046
397,Lang,Lang,Lang__CPT20,Quaternary,MASW,4.0,200.0,3.0,185.3437358824853,217.0330531228067,209.46895199949756,200.56349836339334,200.56349836339334
398,Lang,Lang,Lang__CPT20,Quaternary,MASW,5.0,225.0,3.0,206.10429761674354,221.58987656954218,224.55621034299415,213.70686902705404,213.70686902705404
399,Lang,Lang,Lang__CPT20,Quaternary,MASW,5.9,244.0,3.0,180.95995988988514,211.8265998049571,213.10552528572302,195.7859366867697,195.7859366867697
400,Lang,Lang,Lang__CPT20,Quaternary,MASW,6.9,260.0,3.0,226.6911873711237,225.96004884284923,227.8105270744996,226.32532286649376,226.32532286649376
401,Lang,Lang,Lang__CPT20,Quaternary,MASW,8.2,274.0,3.0,225.48139664715941,224.5957173296534,227.27053713313717,225.03812126939943,225.03812126939943
402,Lang,Lang,Lang__CPT20,Quaternary,MASW,9.45,280.0,3.0,279.22786771591325,278.2898884921988,277.80504171042816,278.7584835849412,278.7584835849412
403,Lang,Lang,Lang__CPT20,Tertiary,MASW,10.5,283.5,3.0,315.2293861369118,297.08594146804217,299.7246196774136,306.02323271097794,306.02323271097794
404,Lang,Lang,Lang__CPT20,Tertiary,MASW,11.5,284.0,3.0,293.83502669689733,289.47841646123436,305.1754735846982,291.64858687993393,291.64858687993393
405,Lang,Lang,Lang__CPT20,Tertiary,MASW,12.75,285.0,3.0,341.167663150618,328.8358836120614,335.09078388040086,334.9450252981757,334.9450252981757
406,Lang,Lang,Lang__CPT20,Tertiary,MASW,14.1,285.0,3.0,329.2863232069537,332.54186056674376,338.99343720030413,330.91008835999924,330.91008835999924
407,Lang,Lang,Lang__CPT20,Tertiary,MASW,15.1,285.0,3.0,311.587717711903,308.4158913245232,305.5570441571402,309.9977478690619,309.9977478690619
408,Lang,Lang,Lang__CPT20,Tertiary,MASW,16.0,287.0,3.0,305.1647094687012,280.9076276758311,285.5377183039876,292.7850655126335,292.7850655126335
409,Lang,Lang,Lang__CPT20,Tertiary,MASW,17.0,292.0,3.0,355.73288597122337,372.56150598716357,356.8827256706862,364.0499687221507,364.0499687221507
410,Lang,Lang,Lang__CPT20,Tertiary,MASW,18.0,298.0,3.0,399.3383121250958,428.8179710040801,416.39894027856224,413.81571351228024,420.3259126436891
411,Lang,Lang,Lang__CPT20,Tertiary,MASW,19.14,309.0,3.0,384.59420029702744,426.6193070374685,415.027019083948,405.0621078567422,410.8269325867332
412,Lang,Lang,Lang__CPT4,Quaternary,MASW,2.0,218.0,3.0,218.429743481653,209.52638646047663,202.95193854731696,213.93175277924416,213.93175277924416
413,Lang,Lang,Lang__CPT4,Quaternary,MASW,3.0,224.0,3.0,237.6910633855111,228.55234715457414,227.70597450553282,233.07691956610626,233.07691956610626
414,Lang,Lang,Lang__CPT4,Quaternary,MASW,4.0,228.0,3.0,198.913128035083,205.46679483532168,201.26141166522984,202.16340635247636,202.16340635247636
415,Lang,Lang,Lang__CPT4,Quaternary,MASW,5.15,235.0,3.0,199.2231020942407,219.78007149376953,215.4936547311055,209.24929539064814,209.24929539064814
416,Lang,Lang,Lang__CPT4,Quaternary,MASW,6.15,242.0,3.0,271.7188758085925,285.25395526524863,282.6859168909852,278.404173899437,278.404173899437
417,Lang,Lang,Lang__CPT4,Quaternary,MASW,7.0,250.0,3.0,289.96250694811016,296.2613310904394,294.85297739789115,293.0949987201554,293.0949987201554
418,Lang,Lang,Lang__CPT4,Quaternary,MASW,8.0,258.0,3.0,270.6267050218243,278.5674986917095,279.9865080629386,274.56839639169806,274.56839639169806
419,Lang,Lang,Lang__CPT4,Quaternary,MASW,8.9,266.0,3.0,257.5261025771079,282.42411548793353,280.37213840809034,269.6879339818422,269.6879339818422
420,Lang,Lang,Lang__CPT4,Quaternary,MASW,9.9,275.0,3.0,285.61894250454486,297.4775132425505,299.42386882399455,291.4879289974441,291.4879289974441
421,Lang,Lang,Lang__CPT4,Quaternary,MASW,11.0,281.0,3.0,302.7082922694756,302.93270827683943,306.23747797693704,302.82047948421393,302.82047948421393
422,Lang,Lang,Lang__CPT4,Quaternary,MASW,12.0,290.0,3.0,281.7347949105548,282.749908169429,285.77819234539004,282.24189516989185,282.24189516989185
423,Lang,Lang,Lang__CPT4,Quaternary,MASW,13.0,294.0,3.0,272.6147122908398,276.7554756802383,284.6397316359716,274.6772913392781,274.6772913392781
424,Lang,Lang,Lang__CPT4,Tertiary,MASW,14.25,300.0,3.0,269.627884156807,266.85660005765226,270.3732685167847,268.238663221438,268.238663221438
425,Lang,Lang,Lang__CPT4,Tertiary,MASW,15.6,306.0,3.0,362.742142289232,387.889947796465,376.7347198282924,375.1053593807318,387.54219169384845
426,Lang,Lang,Lang__CPT4,Tertiary,MASW,16.6,314.0,3.0,396.16541551095,443.84354401303676,435.22493944550297,419.3273924224096,427.1550579819812
427,Lang,Lang,Lang__CPT4,Tertiary,MASW,17.5,325.0,3.0,362.6471443470131,404.87972375402336,405.7207103631251,383.1820397975409,394.4894228749523
428,Lang,Lang,Lang__CPT4,Tertiary,MASW,18.5,334.0,3.0,384.78969131903193,422.24425876250746,416.7012829412016,403.0821727519822,409.9808956164336
429,Lang,Lang,Lang__CPT4,Tertiary,MASW,19.5,340.0,3.0,379.5104885903178,420.0420528739869,415.1081923616455,399.26227559673964,406.9944003005764
430,Lang,Lang,Lang__CPT4,Tertiary,MASW,20.5,348.0,3.0,393.10829546175484,432.65895239497,428.76027282792546,412.40977594166606,419.3940246640292
431,Lang,Lang,Lang__CPT4,Tertiary,MASW,21.9,360.0,3.0,411.6283121661117,442.113141975829,432.3193571250135,426.59850728520723,431.26176977109617
283,Lang,Lang,Lang__CPT7,Quaternary,MASW,2.0,198.0,3.0,168.09158230477252,201.24221032769316,204.31950851219761,183.92150923829374,183.92150923829374
284,Lang,Lang,Lang__CPT7,Quaternary,MASW,3.0,199.0,3.0,161.90038048294088,198.241647636822,198.39866235267328,179.151885784009,179.151885784009
285,Lang,Lang,Lang__CPT7,Quaternary,MASW,4.0,205.0,3.0,173.6901683526221,222.031114013271,217.38225903428523,196.37877067668316,196.37877067668316
286,Lang,Lang,Lang__CPT7,Quaternary,MASW,5.0,212.0,3.0,226.2774930912466,236.82563327059836,241.98580012513563,231.49149141214215,231.49149141214215
287,Lang,Lang,Lang__CPT7,Quaternary,MASW,6.0,223.0,3.0,194.12167842887214,219.48008527238431,218.4979654847425,206.41182750701876,206.41182750701876
288,Lang,Lang,Lang__CPT7,Quaternary,MASW,6.85,234.0,3.0,190.66918843839883,218.50067647681024,219.48877657791743,204.11111350701734,204.11111350701734
289,Lang,Lang,Lang__CPT7,Quaternary,MASW,7.699999999999999,244.0,3.0,241.19608717522675,246.30513619188943,242.8884838075431,243.73722551273352,243.73722551273352
290,Lang,Lang,Lang__CPT7,Quaternary,MASW,8.85,254.0,3.0,280.94662858165964,283.6318168051223,279.9039558454446,282.28602992335647,282.28602992335647
291,Lang,Lang,Lang__CPT7,Quaternary,MASW,10.09,265.0,3.0,296.5621565247402,296.66271955748573,296.4822377881285,296.6124337792705,296.6124337792705
376,Lang,Lang,Lang__CPT9,Quaternary,MASW,2.0,169.0,3.0,155.84206788715338,177.23238500432248,179.582992652057,166.19344564586686,166.19344564586686
377,Lang,Lang,Lang__CPT9,Quaternary,MASW,3.25,190.0,3.0,173.63691005965018,192.3798554234864,194.38223897496778,182.76827857551325,182.76827857551325
378,Lang,Lang,Lang__CPT9,Quaternary,MASW,4.5,218.0,3.0,203.34981701784454,215.42536892932645,214.51924346806652,209.30052401458585,209.30052401458585
379,Lang,Lang,Lang__CPT9,Quaternary,MASW,5.5,238.0,3.0,221.38243945816865,222.72132927156602,223.35081893649053,222.0508752369721,222.0508752369721
380,Lang,Lang,Lang__CPT9,Quaternary,MASW,6.5,254.0,3.0,232.71436958412707,227.32416979877922,229.73448687164105,230.00348011705805,230.00348011705805
381,Lang,Lang,Lang__CPT9,Quaternary,MASW,7.5,278.0,3.0,234.63994011584722,241.43575354259875,238.6928497613166,238.01359363082568,238.01359363082568
382,Lang,Lang,Lang__CPT9,Quaternary,MASW,8.5,279.0,3.0,299.369250247333,314.70891553282826,314.9197950770392,306.94327177707277,306.94327177707277
383,Lang,Lang,Lang__CPT9,Quaternary,MASW,9.5,284.0,3.0,274.1754670493762,266.2092541187977,265.3909751350846,270.16300002200035,270.16300002200035
384,Lang,Lang,Lang__CPT9,Quaternary,MASW,10.5,286.0,3.0,283.07465797229816,280.464654239684,279.08273831701047,281.7666340648188,281.7666340648188
385,Lang,Lang,Lang__CPT9,Tertiary,MASW,11.5,286.0,3.0,278.05397668425235,278.2745709638013,285.17922096134316,278.16425195662555,278.16425195662555
386,Lang,Lang,Lang__CPT9,Tertiary,MASW,12.5,286.0,3.0,311.9551897371226,311.15120118641204,320.0713521676591,311.5529361168673,311.5529361168673
387,Lang,Lang,Lang__CPT9,Tertiary,MASW,13.5,282.0,3.0,329.58134589995063,320.8072616990592,323.53303984434797,325.1647107009825,325.1647107009825
388,Lang,Lang,Lang__CPT9,Tertiary,MASW,14.5,281.5,3.0,330.0081915754346,336.9954361465873,332.3677998342029,333.4835145129516,333.4835145129516
389,Lang,Lang,Lang__CPT9,Tertiary,MASW,15.75,285.0,3.0,356.11156070903303,392.06177635518196,374.60989915195177,373.65456115535335,373.65456115535335
390,Lang,Lang,Lang__CPT9,Tertiary,MASW,17.0,290.0,3.0,430.8481918817375,447.4669404358956,432.98734790448697,439.0789475864892,442.51026010132097
391,Lang,Lang,Lang__CPT9,Tertiary,MASW,18.0,298.0,3.0,366.7585119275431,358.53863405739,358.78912475666203,362.62528303390854,362.62528303390854
392,Lang,Lang,Lang__CPT9,Tertiary,MASW,19.0,309.0,3.0,414.1920566349959,426.3958177900243,412.2498182887918,420.24964094096634,423.5825115168934
393,Lang,Lang,Lang__CPT9,Tertiary,MASW,20.0,320.0,3.0,440.8186364456228,461.4034676535776,452.9520450854999,450.99362241869,452.32153615811154
394,Lang,Lang,Lang__CPT9,Tertiary,MASW,20.8,333.0,3.0,429.35876793582526,468.4050723281026,458.2826660454951,448.45716043975176,453.30003353609357
150,Marina,Marina,Marina__CPT1,Quaternary,MASW,1.5,154.37361376580503,3.0,180.21042107276733,210.04300313085974,208.31929223816317,194.5557453214908,194.5557453214908
151,Marina,Marina,Marina__CPT1,Quaternary,MASW,2.4,188.9515464665028,3.0,203.37658087194103,222.86049136192824,215.26492206652148,212.89576027866255,212.89576027866255
152,Marina,Marina,Marina__CPT1,Quaternary,MASW,3.1,210.7618990419121,3.0,214.0064917900635,218.33969815353692,211.32199929255023,216.16223726715052,216.16223726715052
153,Marina,Marina,Marina__CPT1,Quaternary,MASW,3.7,216.8659416178409,3.0,225.47071641838923,228.03154612675957,225.0038072843672,226.7475161301517,226.7475161301517
154,Marina,Marina,Marina__CPT1,Quaternary,MASW,4.45,192.58263899576804,3.0,206.45627705775996,223.03177488221203,221.5983137155424,214.5840392661251,214.5840392661251
155,Marina,Marina,Marina__CPT1,Quaternary,MASW,5.2,254.04192770326176,3.0,229.28542127492267,232.51515893801704,237.5027974146081,230.8946430082534,230.8946430082534
156,Marina,Marina,Marina__CPT1,Quaternary,MASW,5.75,254.85619390992656,3.0,208.6491068932479,220.958594401909,223.28126153246248,214.71565704984283,214.71565704984283
157,Marina,Marina,Marina__CPT1,Quaternary,MASW,6.5,229.95709832009632,3.0,180.27122984914917,223.2751799818664,222.20709598680688,200.6242539926846,200.6242539926846
158,Marina,Marina,Marina__CPT1,Quaternary,MASW,7.65,204.7285980178102,3.0,178.47667877893088,220.14515453125887,223.8005797701792,198.21901026393414,198.21901026393414
159,Marina,Marina,Marina__CPT1,Quaternary,MASW,8.65,253.02665478008373,3.0,230.4885405807611,233.56391659177007,238.54294091667663,232.02113323480611,232.02113323480611
160,Marina,Marina,Marina__CPT1,Quaternary,MASW,9.5,254.45081735336137,3.0,232.7779170643994,230.7291881339049,241.43863095090865,231.75128871221042,231.75128871221042
161,Marina,Marina,Marina__CPT1,Quaternary,MASW,11.0,248.69925764605333,3.0,251.07510331937905,260.89404470810626,265.82270871127287,255.93749086544253,255.93749086544253
162,Marina,Marina,Marina__CPT1,Quaternary,MASW,12.5,300.69654630824925,3.0,321.407998265664,339.41770381048735,342.2308309781847,330.29012210124705,330.29012210124705
163,Marina,Marina,Marina__CPT1,Quaternary,MASW,14.0,318.2497071346119,3.0,372.20225285401625,451.43782139137363,426.3413892766073,409.9099585828309,423.81407964133496
164,Marina,Marina,Marina__CPT1,Tertiary,MASW,15.55,335.13417893108965,3.0,411.58492654816905,462.34824765034995,462.21591622330635,436.228804125592,448.3933879292405
165,Marina,Marina,Marina__CPT2,Quaternary,MASW,1.45,162.8655867742902,3.0,185.60811174949035,204.91609463197275,208.67172719266776,195.0233047400241,195.0233047400241
166,Marina,Marina,Marina__CPT2,Quaternary,MASW,2.15,152.4065336873562,3.0,164.90720176984445,189.96943423612066,197.03451275069526,176.9952762693941,176.9952762693941
167,Marina,Marina,Marina__CPT2,Quaternary,MASW,2.9,172.2616758424782,3.0,191.04111129516687,216.0337306656809,207.6540678681822,203.15344935199218,203.15344935199218
168,Marina,Marina,Marina__CPT2,Quaternary,MASW,4.2,225.0811766638941,3.0,262.32771936788066,257.53498792075834,250.94453048870588,259.92030709178397,259.92030709178397
169,Marina,Marina,Marina__CPT2,Quaternary,MASW,5.5,224.0938681444996,3.0,216.44909901563102,214.50944163459002,223.22410615432094,215.47708781249355,215.47708781249355
170,Marina,Marina,Marina__CPT2,Quaternary,MASW,6.5,228.58095676543687,3.0,209.37861817626512,219.43802161280274,228.47633756606933,214.349317098567,214.349317098567
171,Marina,Marina,Marina__CPT2,Quaternary,MASW,8.0,250.2333078399093,3.0,232.70855520505577,235.94180976715637,243.69937685902835,234.31960580237643,234.31960580237643
172,Marina,Marina,Marina__CPT2,Quaternary,MASW,9.5,236.1418597383989,3.0,219.20039312847626,229.34950671953683,235.8166156626404,224.2175328486705,224.2175328486705
173,Marina,Marina,Marina__CPT2,Quaternary,MASW,10.5,282.537697681028,3.0,281.5746841544122,285.7363986588514,282.17356018925693,283.6479088655252,283.6479088655252
174,Marina,Marina,Marina__CPT2,Quaternary,MASW,11.75,275.1829064009047,3.0,265.90893286334,309.16154601028455,304.82348590516307,286.7207993536137,286.7207993536137
175,Marina,Marina,Marina__CPT2,Quaternary,MASW,13.15,319.4455185892932,3.0,325.59460659363594,355.0937293215531,347.69289017339935,340.0244154502999,340.0244154502999
176,Marina,Marina,Marina__CPT2,Quaternary,MASW,14.4,305.3404635400741,3.0,309.18630094451055,327.8180838313368,326.38653185700076,318.3659226778654,318.3659226778654
177,Marina,Marina,Marina__CPT2,Tertiary,MASW,15.5,318.45230541235145,3.0,325.13868456262355,331.40092811919493,332.17681736629527,328.25487327914493,328.25487327914493
178,Marina,Marina,Marina__CPT2,Tertiary,MASW,16.5,354.9977594624199,3.0,372.6849188338546,376.9854811640524,363.70340873549617,374.8290322922792,374.8290322922792
179,Marina,Marina,Marina__CPT2,Tertiary,MASW,17.5,355.3165664289617,3.0,396.97510625821394,403.457631010338,384.30833152140093,400.20324329147564,408.0890295737779
262,Paskal,Paskal,Paskal__CPT1,Quaternary,MASW,1.5,161.2812034755749,5.0,189.63960030257974,158.7684566020002,163.98196431133317,168.9553334921973,168.9553334921973
263,Paskal,Paskal,Paskal__CPT1,Quaternary,MASW,2.5,222.76172789332315,5.0,255.08548813825442,245.99874229709755,238.14027580488565,249.14168057770556,249.14168057770556
264,Paskal,Paskal,Paskal__CPT1,Quaternary,MASW,3.25,223.9108492496985,5.0,258.57249691475687,258.78276495148424,262.28522854697917,258.7091516959232,258.7091516959232
265,Paskal,Paskal,Paskal__CPT1,Quaternary,MASW,4.15,229.6152703338023,5.0,250.73359628180316,252.04016313590722,246.9075345038095,251.58209208187614,251.58209208187614
266,Paskal,Paskal,Paskal__CPT1,Quaternary,MASW,5.3,284.8468157056311,5.0,230.28464373876835,222.86304400160876,219.69533951022262,225.4329946495955,225.4329946495955
267,Paskal,Paskal,Paskal__CPT1,Quaternary,MASW,6.15,267.058512604076,5.0,247.0356766207124,258.432291779323,244.4440099024754,254.3848795762266,254.3848795762266
268,Paskal,Paskal,Paskal__CPT1,Quaternary,MASW,7.0,225.18262954113905,5.0,264.67246461827494,277.4099917637653,273.60195176789586,272.8835970715952,272.8835970715952
269,Paskal,Paskal,Paskal__CPT1,Quaternary,MASW,8.25,211.45499754260985,5.0,267.50613881871413,279.7120537994386,269.3463894614273,275.377898800062,275.377898800062
270,Paskal,Paskal,Paskal__CPT1,Quaternary,MASW,9.52,187.58499662470868,5.0,244.29970899639883,256.7908725368506,253.15426319059645,252.34793855176596,252.34793855176596
271,Paskal,Paskal,Paskal__CPT2,Quaternary,MASW,1.5,157.3610543809992,5.0,189.81376571559892,158.07897054966446,154.68900960367756,168.5321888008943,168.5321888008943
272,Paskal,Paskal,Paskal__CPT2,Quaternary,MASW,2.5,212.313686919956,5.0,249.62817356699762,238.66625489039993,234.72813605369083,242.4470597364189,242.4470597364189
273,Paskal,Paskal,Paskal__CPT2,Quaternary,MASW,3.35,203.21529879091256,5.0,260.10996331330915,259.90373967748206,262.463303831412,259.9758993451666,259.9758993451666
274,Paskal,Paskal,Paskal__CPT2,Tertiary,MASW,4.1,194.23547021582692,5.0,200.71466097561424,207.68988229032183,212.79753756915298,205.22140415612847,218.59319431766775
275,Paskal,Paskal,Paskal__CPT2,Tertiary,MASW,5.0,267.27963511620146,5.0,194.49582798089492,207.0400892492183,214.96510037778265,202.56014140614522,215.19360438861725
276,Paskal,Paskal,Paskal__CPT2,Tertiary,MASW,6.0,248.23038318074427,5.0,203.09640671265976,210.08740898665897,220.12467418257617,207.61360046413338,217.8196323373092
277,Paskal,Paskal,Paskal__CPT2,Tertiary,MASW,6.75,188.43348036726303,5.0,218.45247777300858,211.5270347998026,223.58204302741262,213.9256026967232,223.61375442556647
278,Paskal,Paskal,Paskal__CPT2,Tertiary,MASW,7.25,189.31716125851733,5.0,222.74103425749516,210.02891682631156,220.6534407128777,214.39343933671316,223.16191291353954
279,Paskal,Paskal,Paskal__CPT2,Tertiary,MASW,7.75,197.5519360067566,5.0,226.88455264358697,210.22261750800408,224.9958649319672,215.9102997496838,226.0230573021274
280,Paskal,Paskal,Paskal__CPT2,Tertiary,MASW,8.25,202.310932199361,5.0,234.6522018225701,219.60326112737135,230.40910900844025,224.7573133737063,231.85176434906083
281,Paskal,Paskal,Paskal__CPT2,Tertiary,MASW,8.75,205.9751159322853,5.0,238.01140647562733,230.2779777095254,241.75683448424184,232.95566936834058,238.31209269554898
282,Paskal,Paskal,Paskal__CPT2,Tertiary,MASW,9.505,243.3681410722542,5.0,270.5587853364469,268.0536669299293,270.7505436153929,268.9278088845257,272.6990157855889
602,Puskas,Puskas,Puskas__CPTu 101,Quaternary,MASW,1.5,138.68254140664703,1.0,192.77337395727565,199.30957947495116,198.16067825999767,194.97992877193178,194.97992877193178
603,Puskas,Puskas,Puskas__CPTu 101,Quaternary,MASW,2.65,175.6383057937299,1.0,181.42521309896196,200.0066253575936,204.944444502149,187.9527088791955,187.9527088791955
604,Puskas,Puskas,Puskas__CPTu 101,Quaternary,MASW,3.8,226.254185497313,1.0,173.10528240897213,208.71309918321842,205.88868819250555,184.69206835297013,184.69206835297013
605,Puskas,Puskas,Puskas__CPTu 101,Quaternary,MASW,4.8,322.56166663971857,1.0,191.94900909018523,215.95204160892044,213.49482346931555,199.91592012188886,199.91592012188886
606,Puskas,Puskas,Puskas__CPTu 101,Quaternary,MASW,5.9,349.5909756775834,1.0,247.48401162035637,252.81029523066678,246.17882315110458,249.00416242754028,249.00416242754028
607,Puskas,Puskas,Puskas__CPTu 101,Quaternary,MASW,7.0,271.02729546635857,1.0,243.66695943257608,263.4685392738668,237.85741256731984,249.1450610008803,249.1450610008803
608,Puskas,Puskas,Puskas__CPTu 101,Quaternary,MASW,7.75,212.7095348061291,1.0,201.16510750847343,204.59965116915077,202.3836515730881,202.25043433592046,202.25043433592046
609,Puskas,Puskas,Puskas__CPTu 101,Quaternary,MASW,8.5,274.51122171261454,1.0,216.58321197689588,226.88493255932306,220.78587027578942,219.8347652419679,219.8347652419679
610,Puskas,Puskas,Puskas__CPTu 101,Quaternary,MASW,9.5,353.5717404298168,1.0,256.74811229411074,280.46570181874534,268.97014407627245,264.25842968264067,264.25842968264067
611,Puskas,Puskas,Puskas__CPTu 101,Quaternary,MASW,10.5,351.59011300743686,1.0,280.94168795407586,301.8936011098631,291.69791100884083,287.6095881126213,287.6095881126213
612,Puskas,Puskas,Puskas__CPTu 101,Quaternary,MASW,11.5,304.20050622200347,1.0,279.9688994860397,299.453595072886,294.22220395478234,286.38745838645303,286.38745838645303
613,Puskas,Puskas,Puskas__CPTu 101,Tertiary,MASW,12.5,265.2928323682341,1.0,270.0685307892896,296.8572771620683,299.6344508265268,279.2878130727999,279.2878130727999
614,Puskas,Puskas,Puskas__CPTu 101,Tertiary,MASW,13.6,310.8084916587805,1.0,285.52810352802186,295.8904403067276,297.4834088639983,289.19060324955996,289.19060324955996
615,Puskas,Puskas,Puskas__CPTu 101,Tertiary,MASW,15.2,312.0,1.0,319.30685669774607,314.3420736844268,313.6975213282254,317.5277364546487,317.5277364546487
616,Puskas,Puskas,Puskas__CPTu 102,Quaternary,MASW,1.5,173.75219099554448,1.0,191.04309282019955,193.25822153332243,196.89015327721867,191.99413610703098,191.99413610703098
617,Puskas,Puskas,Puskas__CPTu 102,Quaternary,MASW,2.6,169.63762925377875,1.0,173.3803796983486,178.902387349791,186.73498725313976,175.66938987563685,175.66938987563685
618,Puskas,Puskas,Puskas__CPTu 102,Quaternary,MASW,3.7,289.2965889689008,1.0,227.58828960799636,249.07993745746126,237.725853083013,234.3434870219029,234.3434870219029
619,Puskas,Puskas,Puskas__CPTu 102,Quaternary,MASW,4.6,284.4555282995208,1.0,223.58047664426925,259.6873078659542,260.3131416425817,235.63621734332042,235.63621734332042
620,Puskas,Puskas,Puskas__CPTu 102,Quaternary,MASW,5.5,283.6958939452112,1.0,236.7894680741318,267.42275739434837,257.96058532764596,246.64523218787903,246.64523218787903
621,Puskas,Puskas,Puskas__CPTu 102,Quaternary,MASW,6.6,281.5545998734863,1.0,255.56186755667218,295.8331431098535,268.48009738667906,267.6899630157271,267.6899630157271
622,Puskas,Puskas,Puskas__CPTu 102,Quaternary,MASW,8.25,250.98040992645232,1.0,218.97958967443174,267.59974655357155,250.8817844002456,234.1431896506907,234.1431896506907
623,Puskas,Puskas,Puskas__CPTu 102,Quaternary,MASW,10.15,312.01853719663126,1.0,291.09169677333506,333.0477404593121,317.8665116540905,304.42728024590144,304.42728024590144
624,Puskas,Puskas,Puskas__CPTu 102,Quaternary,MASW,11.75,284.46017559275367,1.0,302.08416419659596,322.0660435641106,315.82402706694234,308.6305504317626,308.6305504317626
625,Puskas,Puskas,Puskas__CPTu 102,Quaternary,MASW,12.95,306.02310728847925,1.0,309.5796600247057,354.6442119451852,357.1689326495705,324.7757684299581,324.7757684299581
626,Puskas,Puskas,Puskas__CPTu 102,Tertiary,MASW,13.95,301.69541044289565,1.0,310.05035622564094,299.9244632371012,307.0495038770284,306.8279649595313,306.8279649595313
627,Puskas,Puskas,Puskas__CPTu 102,Tertiary,MASW,15.0,315.54632358270493,1.0,289.9551541629701,284.47035496095094,293.28860472865296,288.46352440773006,288.46352440773006
628,Puskas,Puskas,Puskas__CPTu 102,Tertiary,MASW,16.0,422.7887352526375,1.0,289.2463899853711,281.65486869378987,288.32787230382667,286.9020662261662,286.9020662261662
629,Puskas,Puskas,Puskas__CPTu 102,Tertiary,MASW,17.0,424.2404683388645,1.0,296.94030371897713,303.36376494132884,297.9693936672108,298.9046291247567,298.9046291247567
630,Puskas,Puskas,Puskas__CPTu 102,Tertiary,MASW,18.0,467.0582993691288,1.0,332.68380082203487,334.7945383029177,329.1004173275831,333.1351866181237,336.7665791930531
631,Puskas,Puskas,Puskas__CPTu 102,Tertiary,MASW,19.0,477.7239513029948,1.0,344.97052787750545,329.4625720171524,331.9223261141813,339.58769429165744,341.8178472567749
632,Puskas,Puskas,Puskas__CPTu 102,Tertiary,MASW,20.0,450.0473236722789,1.0,361.19947142317085,344.5347172800197,340.77054852759017,355.08196842499746,355.2109541243452
633,Puskas,Puskas,Puskas__CPTu 102,Tertiary,MASW,20.75,449.6692803496859,1.0,391.8300073740213,379.2931764485863,381.13026308813164,387.4892697847799,388.91811550647134
634,Puskas,Puskas,Puskas__CPTu 102,Tertiary,MASW,21.5,519.3171293282068,1.0,451.1097727051712,417.98763619838553,422.9928227928994,439.4901377127016,439.69869853966424
635,Puskas,Puskas,Puskas__CPTu 102,Tertiary,MASW,22.5,474.5245914648232,1.0,440.15256748931444,398.4366483895358,390.36090647856304,424.64225264401097,423.0275226704031
636,Puskas,Puskas,Puskas__CPTu 102,Tertiary,MASW,23.5,420.604743225581,1.0,399.3429674248953,370.5312154510525,367.3049611647011,388.8424819406081,385.33293073642847
637,Puskas,Puskas,Puskas__CPTu 102,Tertiary,MASW,24.5,418.0843408364796,1.0,402.3509211470303,367.7464454935899,371.1079487179106,390.0612497480265,386.8284747459975
638,Puskas,Puskas,Puskas__CPTu 102,Tertiary,MASW,25.58,420.0,1.0,420.9528370760577,365.4112562911248,369.5731915617281,400.8402607833082,396.8640176380785
639,Puskas,Puskas,Puskas__CPTu 103,Quaternary,MASW,1.5,163.74777189115315,1.0,192.46566699840258,194.87142370019913,199.65813779989492,193.5389689763593,193.5389689763593
640,Puskas,Puskas,Puskas__CPTu 103,Quaternary,MASW,2.45,179.81892629917368,1.0,198.64683215115605,204.16410293764883,206.83198265744926,200.69094068332825,200.69094068332825
641,Puskas,Puskas,Puskas__CPTu 103,Quaternary,MASW,3.2,231.63812966562637,1.0,202.56775592972312,223.3681416074122,216.93906349486988,209.31192091341526,209.31192091341526
642,Puskas,Puskas,Puskas__CPTu 103,Quaternary,MASW,4.0,269.85890736778634,1.0,202.78969881304099,221.96379738176583,223.81344328130575,209.39137121193212,209.39137121193212
643,Puskas,Puskas,Puskas__CPTu 103,Quaternary,MASW,5.0,284.97715277718333,1.0,215.45062098016535,243.1511004868739,242.63335228734599,224.74313486093604,224.74313486093604
644,Puskas,Puskas,Puskas__CPTu 103,Quaternary,MASW,6.1,321.91311668643067,1.0,256.35762182817666,273.8637208608529,260.89234602678647,261.71792620256514,261.71792620256514
645,Puskas,Puskas,Puskas__CPTu 103,Quaternary,MASW,7.1,302.5285363643705,1.0,256.268211553144,278.6805004665783,259.39300735070213,262.9550207636909,262.9550207636909
646,Puskas,Puskas,Puskas__CPTu 103,Tertiary,MASW,7.9,249.9512931083937,1.0,195.03591471978612,205.03879460058852,207.41953181129819,198.59475711247177,198.59475711247177
647,Puskas,Puskas,Puskas__CPTu 103,Tertiary,MASW,9.05,276.09700022109786,1.0,214.8950762951224,234.22151886266602,231.55953127943823,221.34431559169522,221.34431559169522
648,Puskas,Puskas,Puskas__CPTu 103,Tertiary,MASW,10.15,303.7635396941799,1.0,237.49874893625645,260.1099036288236,258.966631235958,245.12585352238605,245.12585352238605
649,Puskas,Puskas,Puskas__CPTu 103,Tertiary,MASW,11.05,290.5035179205965,1.0,249.16374995125906,271.8473805976152,275.5567050344289,257.05334103097107,257.05334103097107
650,Puskas,Puskas,Puskas__CPTu 103,Tertiary,MASW,12.2,297.05205747794787,1.0,281.2454629839837,294.26108745347074,296.3683430282898,285.83607039161666,285.83607039161666
651,Puskas,Puskas,Puskas__CPTu 103,Tertiary,MASW,13.3,275.1647179618006,1.0,268.7334349520843,271.30655920794675,281.30569824798965,270.11961478174976,270.11961478174976
652,Puskas,Puskas,Puskas__CPTu 103,Tertiary,MASW,14.15,301.4852781605907,1.0,296.37589677077193,290.9726944523092,290.50551596620863,294.4497992453462,294.4497992453462
653,Puskas,Puskas,Puskas__CPTu 103,Tertiary,MASW,14.9,304.3958867665379,1.0,320.67158609168166,314.50830410011537,315.87054017605755,318.5696534776245,318.5696534776245
654,Puskas,Puskas,Puskas__CPTu 103,Tertiary,MASW,15.9,431.2908772341572,1.0,326.309640007577,313.9864107066618,317.1664958085071,322.10469753409205,322.10469753409205
655,Puskas,Puskas,Puskas__CPTu 103,Tertiary,MASW,16.95,447.44510304030746,1.0,346.76353591361794,344.2494286130488,346.59375084428035,345.99890919031776,350.57686942699456
656,Puskas,Puskas,Puskas__CPTu 103,Tertiary,MASW,17.799999999999997,456.2652742066623,1.0,355.75352307141344,365.9902699915501,361.1566980010167,359.0646343024628,363.0052129486155
657,Puskas,Puskas,Puskas__CPTu 103,Tertiary,MASW,18.9,469.3597430439654,1.0,377.2013931659857,356.40519898245407,356.79345154133995,369.80833058931955,371.39190406793387
658,Puskas,Puskas,Puskas__CPTu 103,Tertiary,MASW,20.05,451.5714428500952,1.0,374.86792492564246,349.45480612736554,349.93189273291085,365.7946632396656,365.23492605632697
659,Puskas,Puskas,Puskas__CPTu 103,Tertiary,MASW,20.75,438.4973544759012,1.0,371.2154859615091,345.7132745418063,345.32524564242624,362.0622022218963,360.65649561020524
660,Puskas,Puskas,Puskas__CPTu 103,Tertiary,MASW,21.5,498.1918044529453,1.0,422.6747761959978,356.1729954504831,351.47233070442917,397.8294863875807,393.258811422384
661,Puskas,Puskas,Puskas__CPTu 103,Tertiary,MASW,22.845,430.8360034864727,1.0,382.19757372219624,363.26477216431834,357.9199186950334,375.18324064816085,372.95682302542554
524,Puskas,Puskas,Puskas__CPTu 104,Quaternary,MASW,1.9,163.18443070516346,1.0,179.04616254121814,184.41635618375116,183.95369765747333,180.88498506612757,180.88498506612757
525,Puskas,Puskas,Puskas__CPTu 104,Quaternary,MASW,3.4,210.25515579391984,1.0,188.70425659769163,212.02489696702995,216.32174835131062,196.7565370467181,196.7565370467181
526,Puskas,Puskas,Puskas__CPTu 104,Quaternary,MASW,4.5,195.19172023592088,1.0,191.3689241067316,213.80463998544028,215.11229972108956,199.00079888173852,199.00079888173852
527,Puskas,Puskas,Puskas__CPTu 104,Quaternary,MASW,5.65,246.706066828521,1.0,249.57440402715906,261.0535616374864,252.4923066918429,253.11117626701142,253.11117626701142
528,Puskas,Puskas,Puskas__CPTu 104,Quaternary,MASW,6.699999999999999,285.97711503811126,1.0,258.55479928882215,286.70983672648094,266.5885113311266,267.10624485731483,267.10624485731483
529,Puskas,Puskas,Puskas__CPTu 104,Tertiary,MASW,7.7,234.8737739152925,1.0,200.9206663896767,223.42635620051846,220.9817235943343,208.4126784831347,208.4126784831347
530,Puskas,Puskas,Puskas__CPTu 104,Tertiary,MASW,9.05,312.9671055278385,1.0,268.249892375001,286.4648156244866,279.13860283720186,274.13411998994974,274.13411998994974
531,Puskas,Puskas,Puskas__CPTu 104,Tertiary,MASW,10.15,276.2181107129158,1.0,239.64887087787938,259.10437398317674,260.0814515946788,246.33260181781955,246.33260181781955
532,Puskas,Puskas,Puskas__CPTu 104,Tertiary,MASW,11.0,324.4570490369466,1.0,272.4348802361443,298.70867039943397,300.5546312914205,281.44353788650545,281.44353788650545
533,Puskas,Puskas,Puskas__CPTu 104,Tertiary,MASW,12.0,311.63967452618743,1.0,286.01401943459473,292.09626188654914,294.7570482126374,288.25892885992795,288.25892885992795
534,Puskas,Puskas,Puskas__CPTu 104,Tertiary,MASW,13.0,295.5140211867028,1.0,272.73226209743746,297.05052528256175,299.77009095344107,281.13650848239513,281.13650848239513
535,Puskas,Puskas,Puskas__CPTu 104,Tertiary,MASW,14.0,335.13074954740495,1.0,322.242019481601,339.45098784371396,329.5605366684628,327.6787618910658,339.4604925691469
536,Puskas,Puskas,Puskas__CPTu 104,Tertiary,MASW,15.0,323.96592211186413,1.0,300.8925303492622,324.2602336965089,319.1310762914735,308.6270420559853,308.6270420559853
537,Puskas,Puskas,Puskas__CPTu 104,Tertiary,MASW,16.0,437.4866573166197,1.0,386.91132390875737,450.4477092474722,437.48665766981355,407.46376315065436,417.76142697172156
538,Puskas,Puskas,Puskas__CPTu 104,Tertiary,MASW,16.75,413.7721971704041,1.0,375.90141814455166,474.68338850551976,443.0951471237866,406.48463735250084,416.3867976057702
539,Puskas,Puskas,Puskas__CPTu 104,Tertiary,MASW,17.45,341.0583951550048,1.0,337.9571306246394,438.0924022410545,421.2695281362168,369.3667242909216,381.6704353608691
540,Puskas,Puskas,Puskas__CPTu 105,Quaternary,MASW,1.5,207.27264054799303,1.0,212.86976001533097,232.09817968173496,235.40972838298566,219.56687534063474,219.56687534063474
541,Puskas,Puskas,Puskas__CPTu 105,Quaternary,MASW,2.5,158.72141746342407,1.0,176.80351917527125,181.02401051190827,191.5519573760698,178.77396514030806,178.77396514030806
542,Puskas,Puskas,Puskas__CPTu 105,Quaternary,MASW,3.5,215.63788526793937,1.0,205.28424292259723,234.80493170121787,235.4248166044434,215.1968581132412,215.1968581132412
543,Puskas,Puskas,Puskas__CPTu 105,Quaternary,MASW,4.5,206.6519916051882,1.0,218.02161712912203,243.3131931528321,248.6344336350517,226.80492087534634,226.80492087534634
544,Puskas,Puskas,Puskas__CPTu 105,Quaternary,MASW,5.75,244.4049327006428,1.0,251.84685791020001,275.75424009208064,264.02444945347054,259.4045658609552,259.4045658609552
545,Puskas,Puskas,Puskas__CPTu 105,Quaternary,MASW,6.9,300.54341875664136,1.0,256.2592224072429,286.90492568826573,268.37523268622067,265.70528977864655,265.70528977864655
546,Puskas,Puskas,Puskas__CPTu 105,Tertiary,MASW,8.0,257.4156054634633,1.0,220.70487162790724,243.04879616166463,238.5463479662492,228.0680390933342,228.0680390933342
547,Puskas,Puskas,Puskas__CPTu 105,Tertiary,MASW,9.35,289.92602749610785,1.0,249.95439468693263,276.5682815729226,267.7830204960078,258.54691979539274,258.54691979539274
548,Puskas,Puskas,Puskas__CPTu 105,Tertiary,MASW,10.5,269.63528133696855,1.0,241.60096376796895,263.33802995031823,271.98435290049304,249.3993982236171,249.3993982236171
549,Puskas,Puskas,Puskas__CPTu 105,Tertiary,MASW,11.5,296.4125627351424,1.0,260.2466327484955,291.76493768530025,294.71162919554195,271.0067581318218,271.0067581318218
550,Puskas,Puskas,Puskas__CPTu 105,Tertiary,MASW,12.5,332.81720212636026,1.0,291.0400794024613,297.41684365578186,300.4913752749001,293.4070796746474,293.4070796746474
551,Puskas,Puskas,Puskas__CPTu 105,Tertiary,MASW,13.56,319.0,1.0,286.02957702280446,296.7477648824522,302.69181626687316,290.0236303131331,290.0236303131331
552,Puskas,Puskas,Puskas__CPTu 105a,Quaternary,MASW,1.5,203.07003454043985,1.0,224.85554821843976,231.25935719049738,234.09172951549917,227.2147092692371,227.2147092692371
553,Puskas,Puskas,Puskas__CPTu 105a,Quaternary,MASW,2.5,164.1698805554823,1.0,193.4367136035059,199.39317899209053,205.03420047217716,195.77385518108287,195.77385518108287
554,Puskas,Puskas,Puskas__CPTu 105a,Quaternary,MASW,3.5,226.5301257540227,1.0,219.01078233819698,240.41602440399294,239.37063484937565,226.22736638135643,226.22736638135643
555,Puskas,Puskas,Puskas__CPTu 105a,Quaternary,MASW,4.6,214.0557725227909,1.0,235.6004302875711,258.8762463462074,263.1403625880286,243.69773111361914,243.69773111361914
556,Puskas,Puskas,Puskas__CPTu 105a,Quaternary,MASW,5.85,228.08041455768125,1.0,254.47005026246433,302.1987532231068,272.88335562315194,268.8750424432581,268.8750424432581
557,Puskas,Puskas,Puskas__CPTu 105a,Quaternary,MASW,6.9,286.4074786821876,1.0,263.7180161722984,310.9248356292094,288.7864330347111,278.3340464128385,278.3340464128385
558,Puskas,Puskas,Puskas__CPTu 105a,Tertiary,MASW,8.0,264.2290965879465,1.0,241.7508016963775,272.59149161878577,259.8652171697266,251.5244722450598,251.5244722450598
559,Puskas,Puskas,Puskas__CPTu 105a,Tertiary,MASW,9.35,294.3799419997476,1.0,268.12787711391985,291.6062840496807,292.5670328110924,276.1675284578435,276.1675284578435
560,Puskas,Puskas,Puskas__CPTu 105a,Tertiary,MASW,10.5,316.6613959944379,1.0,286.9851176693113,309.5306176189881,307.36922777647686,294.57962020875675,294.57962020875675
561,Puskas,Puskas,Puskas__CPTu 105a,Tertiary,MASW,11.5,320.1817390435761,1.0,284.9892142457367,293.8871494935215,297.661462725524,288.2562849185005,288.2562849185005
562,Puskas,Puskas,Puskas__CPTu 105a,Tertiary,MASW,12.5,292.3243246637816,1.0,266.8804805588741,288.06802541556914,290.5373140649224,274.2297323027802,274.2297323027802
563,Puskas,Puskas,Puskas__CPTu 105a,Tertiary,MASW,13.225,293.2251197283667,1.0,282.8314477499415,308.6369390932285,311.46796364893504,291.7413867082035,291.7413867082035
564,Puskas,Puskas,Puskas__CPTu 105b,Quaternary,MASW,1.5,190.9938787397064,1.0,218.31431726637805,230.39647657656278,227.8230415571511,222.34433768760567,222.34433768760567
565,Puskas,Puskas,Puskas__CPTu 105b,Quaternary,MASW,2.5,191.8727199208419,1.0,219.34832787880688,229.28151627447286,226.54444369159762,222.64128377803058,222.64128377803058
566,Puskas,Puskas,Puskas__CPTu 105b,Quaternary,MASW,3.7,225.42125665162249,1.0,222.1844362049204,255.2559534658645,252.2399677856172,233.10270922499507,233.10270922499507
567,Puskas,Puskas,Puskas__CPTu 105b,Quaternary,MASW,4.85,215.9984124182276,1.0,240.8444225477468,281.1558017360749,272.4251284280761,253.8488842387488,253.8488842387488
568,Puskas,Puskas,Puskas__CPTu 105b,Quaternary,MASW,5.9,230.9055854621707,1.0,250.9295650438809,278.77776577531483,265.8509061718378,259.72756215308766,259.72756215308766
569,Puskas,Puskas,Puskas__CPTu 105b,Quaternary,MASW,6.9,263.38069592274184,1.0,240.72433661880257,278.62225870379973,256.2311623399898,252.30411801935716,252.30411801935716
570,Puskas,Puskas,Puskas__CPTu 105b,Tertiary,MASW,8.0,251.39253454287743,1.0,222.09438233314202,250.4249483776203,243.2017406633421,231.28689972393482,231.28689972393482
571,Puskas,Puskas,Puskas__CPTu 105b,Tertiary,MASW,9.35,312.61877516206926,1.0,269.38696811972386,286.46967369506507,287.8205233225084,275.3115696645401,275.3115696645401
572,Puskas,Puskas,Puskas__CPTu 105b,Tertiary,MASW,10.5,317.55627388021264,1.0,279.316074217107,288.4079404133669,291.9369762738621,282.63697307625273,282.63697307625273
573,Puskas,Puskas,Puskas__CPTu 105b,Tertiary,MASW,11.5,294.56513068992183,1.0,257.40110386418087,270.7310417584378,275.64600177086004,262.2260085755263,262.2260085755263
574,Puskas,Puskas,Puskas__CPTu 105b,Tertiary,MASW,12.5,306.618003282423,1.0,274.35555753082457,295.55648048956886,296.86739948276045,281.6593784582677,281.6593784582677
575,Puskas,Puskas,Puskas__CPTu 105b,Tertiary,MASW,13.75,309.0054926016797,1.0,284.72031283249027,298.47874795397075,298.0701578324045,289.44226167868254,289.44226167868254
576,Puskas,Puskas,Puskas__CPTu 105b,Tertiary,MASW,15.05,373.22921534716966,1.0,322.9825101205897,321.4573836249558,313.3180674800191,322.034682715651,322.034682715651
577,Puskas,Puskas,Puskas__CPTu 105b,Tertiary,MASW,16.05,373.4975912838863,1.0,311.1338284675405,315.7136427809064,320.17369028537837,312.94858215839946,312.94858215839946
578,Puskas,Puskas,Puskas__CPTu 105b,Tertiary,MASW,17.22,400.1815312092543,1.0,342.8518606196626,359.37047467463475,343.04305343256107,347.7357816151552,354.96277534266426
579,Puskas,Puskas,Puskas__CPTu 105b,Tertiary,MASW,17.97,350.6081552017557,1.0,310.2362507200669,334.7479474202017,320.1372599982112,317.89400736271034,317.89400736271034
580,Puskas,Puskas,Puskas__CPTu 105b,Tertiary,MASW,18.5,374.65111799992616,1.0,337.2787797422866,333.2058108388393,333.91439900376554,335.883282652167,340.1138671779438
581,Puskas,Puskas,Puskas__CPTu 105b,Tertiary,MASW,19.49,378.7647664543246,1.0,341.226411072639,345.2705362259681,345.3096429929348,342.6383784286679,345.9683644270395
582,Puskas,Puskas,Puskas__CPTu 106b,Quaternary,MASW,1.65,166.46592004006249,1.0,205.7648310871678,210.03409871220802,213.8678128834588,207.43663552669244,207.43663552669244
583,Puskas,Puskas,Puskas__CPTu 106b,Quaternary,MASW,2.65,213.10110515722656,1.0,229.1382351098897,259.0756713506386,248.05487434945388,238.68151969453658,238.68151969453658
584,Puskas,Puskas,Puskas__CPTu 106b,Quaternary,MASW,3.5,255.60486092847967,1.0,252.12071662829706,290.1237192965192,279.5002276716031,264.32584277594134,264.32584277594134
585,Puskas,Puskas,Puskas__CPTu 106b,Quaternary,MASW,4.5,214.86118457919997,1.0,243.05524418000232,329.6414932483037,294.23132287360454,268.8779909165049,268.8779909165049
586,Puskas,Puskas,Puskas__CPTu 106b,Quaternary,MASW,5.75,213.649738774907,1.0,243.7450910307915,298.39046576517876,276.7461140080089,260.64408877980867,260.64408877980867
587,Puskas,Puskas,Puskas__CPTu 106b,Quaternary,MASW,7.15,265.60177278354627,1.0,242.80350451785893,283.7101670064323,258.5581949217528,255.2149454815823,255.2149454815823
588,Puskas,Puskas,Puskas__CPTu 106b,Tertiary,MASW,8.4,285.95755638825125,1.0,240.6435970605229,269.1585903007992,256.0588268184985,249.6391889893655,249.6391889893655
589,Puskas,Puskas,Puskas__CPTu 106b,Tertiary,MASW,9.5,270.55175189310285,1.0,236.83645899124048,258.5820407910656,255.78836593589375,244.09849988831866,244.09849988831866
590,Puskas,Puskas,Puskas__CPTu 106b,Tertiary,MASW,10.5,300.2910177067554,1.0,257.8022979096804,289.46241668038317,284.8059983943942,268.25110607092995,268.25110607092995
591,Puskas,Puskas,Puskas__CPTu 106b,Tertiary,MASW,11.5,329.2169595598079,1.0,277.8966581775194,286.4112628187404,290.1397021564931,281.0292642870235,281.0292642870235
592,Puskas,Puskas,Puskas__CPTu 106b,Tertiary,MASW,12.5,304.37851762332224,1.0,264.9056917910475,271.5057374205211,279.74792508756644,267.59708943425056,267.59708943425056
593,Puskas,Puskas,Puskas__CPTu 106b,Tertiary,MASW,13.75,305.9080287175228,1.0,275.1581213165166,279.7459252472411,287.43329462447997,277.1306131079202,277.1306131079202
594,Puskas,Puskas,Puskas__CPTu 106b,Tertiary,MASW,15.05,339.95832130039133,1.0,293.976297730471,290.55652583958596,295.8056317659485,293.03703920916433,293.03703920916433
595,Puskas,Puskas,Puskas__CPTu 106b,Tertiary,MASW,16.05,346.8125163840661,1.0,296.29276235651787,302.17365617118645,305.66140293637966,298.5091775176459,298.5091775176459
596,Puskas,Puskas,Puskas__CPTu 106b,Tertiary,MASW,17.22,396.8175641011732,1.0,348.21114535831947,319.2697004102921,319.04463534766376,337.7828671491582,341.0736761519936
597,Puskas,Puskas,Puskas__CPTu 106b,Tertiary,MASW,17.97,400.8088318143445,1.0,361.38407025812455,338.1508384012841,328.5240120319106,352.5667479230737,352.6566640871808
598,Puskas,Puskas,Puskas__CPTu 106b,Tertiary,MASW,18.5,401.38662122891856,1.0,361.4528895884096,339.38582921248354,335.1932499177309,353.35112656981227,353.157485287569
599,Puskas,Puskas,Puskas__CPTu 106b,Tertiary,MASW,19.5,387.9174824560795,1.0,363.72601023912136,358.12641309785516,349.24182325009565,361.3021545864694,362.5437939405589
600,Puskas,Puskas,Puskas__CPTu 106b,Tertiary,MASW,20.5,585.5471353150621,1.0,387.1586237256599,399.31295413861807,397.3138841463362,391.27177109754285,393.20288584921514
601,Puskas,Puskas,Puskas__CPTu 106b,Tertiary,MASW,21.09,596.7310192112477,1.0,416.71125319020285,423.599854334708,424.64675354697914,419.1611562218873,420.9889942812057
713,Puskas,Puskas,Puskas__CPTu 107,Quaternary,MASW,1.5,171.0314970781803,1.0,209.13428538286715,225.44895026245612,222.41800859851853,214.56029938659398,214.56029938659398
714,Puskas,Puskas,Puskas__CPTu 107,Quaternary,MASW,2.65,174.830611629113,1.0,207.98904990516306,230.5840743058098,233.59266498837775,215.77347648738416,215.77347648738416
715,Puskas,Puskas,Puskas__CPTu 107,Quaternary,MASW,3.65,282.7262832406957,1.0,209.20609578467432,238.15038125072255,238.58163623584417,218.93265940885738,218.93265940885738
716,Puskas,Puskas,Puskas__CPTu 107,Quaternary,MASW,4.5,306.5356378035019,1.0,224.0309333881484,248.44178269933556,249.42699373862314,232.33506272611214,232.33506272611214
717,Puskas,Puskas,Puskas__CPTu 107,Quaternary,MASW,5.5,312.2893837504623,1.0,223.44714271957395,251.69250538670838,248.11343416481728,232.78619561373503,232.78619561373503
718,Puskas,Puskas,Puskas__CPTu 107,Quaternary,MASW,6.5,262.9702795858493,1.0,227.78934181002256,256.00437991391374,242.83331163602716,236.66625666672658,236.66625666672658
719,Puskas,Puskas,Puskas__CPTu 107,Tertiary,MASW,7.5,222.69904339522503,1.0,217.49253145507274,238.11975739790645,228.1073166486085,224.01877420837613,224.01877420837613
720,Puskas,Puskas,Puskas__CPTu 107,Tertiary,MASW,8.5,255.54170957214,1.0,241.90228017628743,265.9962599682907,258.6256400962526,249.7251101418694,249.7251101418694
721,Puskas,Puskas,Puskas__CPTu 107,Tertiary,MASW,9.5,279.65852833582034,1.0,264.53612927825975,296.0075066021096,288.191324102749,274.7831571037907,274.7831571037907
722,Puskas,Puskas,Puskas__CPTu 107,Tertiary,MASW,10.5,273.2041046674423,1.0,268.4152399935246,299.2360519247931,299.71209904729983,278.84576268043924,278.84576268043924
723,Puskas,Puskas,Puskas__CPTu 107,Tertiary,MASW,11.5,381.6608848999902,1.0,258.45614050314975,286.08740362739115,288.63002521869873,267.9280306227799,267.9280306227799
724,Puskas,Puskas,Puskas__CPTu 107,Tertiary,MASW,12.21,449.10579272697487,1.0,313.67079158354414,342.0440606772788,336.60385395333816,323.0641162573395,323.0641162573395
725,Puskas,Puskas,Puskas__CPTu 108,Quaternary,MASW,1.5,168.69504845605218,1.0,211.76729187391234,226.57676922065943,225.4335206763613,216.78229637505362,216.78229637505362
726,Puskas,Puskas,Puskas__CPTu 108,Quaternary,MASW,2.45,207.9253707484521,1.0,234.787926000042,259.7031308841483,253.7678039435803,242.942907837563,242.942907837563
727,Puskas,Puskas,Puskas__CPTu 108,Quaternary,MASW,3.2,257.99427658201216,1.0,237.98785012826238,307.435689840365,282.37309246934615,259.1958603769007,259.1958603769007
728,Puskas,Puskas,Puskas__CPTu 108,Quaternary,MASW,3.75,320.2919012268393,1.0,258.23694562260454,347.7407270296945,303.71095940506444,284.6502929639675,284.6502929639675
729,Puskas,Puskas,Puskas__CPTu 108,Quaternary,MASW,4.75,310.9060148185139,1.0,251.75413970285496,337.4257593406875,300.5609026999815,277.3223667021418,277.3223667021418
730,Puskas,Puskas,Puskas__CPTu 108,Quaternary,MASW,6.15,291.42084093425814,1.0,238.087261907183,298.59971375902666,271.5902598171448,256.5080682112939,256.5080682112939
731,Puskas,Puskas,Puskas__CPTu 108,Quaternary,MASW,7.1,248.00923213838368,1.0,243.0528254728817,286.9336766424501,259.3458603577294,256.2912983187881,256.2912983187881
732,Puskas,Puskas,Puskas__CPTu 108,Tertiary,MASW,7.95,222.89708592256488,1.0,219.55670207125533,244.93839803585794,240.36542496392846,227.9113827114227,227.9113827114227
733,Puskas,Puskas,Puskas__CPTu 108,Tertiary,MASW,9.05,254.90147403751453,1.0,254.96651549446295,287.7884445084554,282.04616952719743,265.7370212430879,265.7370212430879
734,Puskas,Puskas,Puskas__CPTu 108,Tertiary,MASW,10.05,297.3943196732986,1.0,286.66493388097945,331.1434936349401,322.64120383480036,301.11634537386175,301.11634537386175
735,Puskas,Puskas,Puskas__CPTu 108,Tertiary,MASW,11.2,348.0762091527139,1.0,280.8257736941297,316.226415521942,318.7713604968436,292.85823121615357,292.85823121615357
736,Puskas,Puskas,Puskas__CPTu 108,Tertiary,MASW,12.35,412.7767692618326,1.0,316.97973424792264,379.2653670212441,382.35969691271004,337.6579927390364,350.32424541328203
737,Puskas,Puskas,Puskas__CPTu 108,Tertiary,MASW,13.1,401.7184754897793,1.0,315.75655707078505,352.0821494485308,370.64658731390347,328.86696323422336,341.848835193226
738,Puskas,Puskas,Puskas__CPTu 108,Tertiary,MASW,13.7,412.2886177356382,1.0,325.3206946386238,393.26142642412304,400.50131484215404,347.9663130120726,361.4038548820282
739,Puskas,Puskas,Puskas__CPTu 108,Tertiary,MASW,14.5,417.8024253946145,1.0,333.4904448784455,406.12456273131045,400.3360179457845,357.04521491993086,371.0150750985121
740,Puskas,Puskas,Puskas__CPTu 108,Tertiary,MASW,15.5,407.0297928643518,1.0,322.8327233249537,345.644566843359,339.4908011346041,330.34347141698083,341.84469718628515
741,Puskas,Puskas,Puskas__CPTu 108,Tertiary,MASW,16.5,415.2533959964566,1.0,296.30013278521136,305.0673540016263,303.8064646448676,299.277640395173,299.277640395173
742,Puskas,Puskas,Puskas__CPTu 108,Tertiary,MASW,17.5,431.8171552529777,1.0,312.02682123002194,318.81572569228354,318.01596816216653,314.3468547055201,314.3468547055201
743,Puskas,Puskas,Puskas__CPTu 108,Tertiary,MASW,18.95,509.5914898045308,1.0,379.0829099825647,348.57608794173433,351.9420262555614,368.29011947388494,370.2824962266217
744,Puskas,Puskas,Puskas__CPTu 108,Tertiary,MASW,20.2,584.1761783677528,1.0,432.4707273288102,436.4403812639445,429.32059488057064,433.4993293299845,434.42199921299334
745,Puskas,Puskas,Puskas__CPTu 108,Tertiary,MASW,20.75,552.889172343808,1.0,416.31947342354556,454.316826656303,439.4409632237557,428.528830040441,430.68915783462876
746,Puskas,Puskas,Puskas__CPTu 108,Tertiary,MASW,21.5,532.4758537595809,1.0,420.4824356255449,399.2766253720382,395.71292271176,412.7501939517266,414.43066538095877
747,Puskas,Puskas,Puskas__CPTu 108,Tertiary,MASW,22.5,483.0520047601885,1.0,398.44861150383053,367.93010935292403,362.45439976683366,387.1990420718395,383.39498935297644
748,Puskas,Puskas,Puskas__CPTu 108,Tertiary,MASW,23.75,475.8107531307998,1.0,402.1765568701616,369.73608221941197,371.2474726481068,390.59044451075414,387.4953127254236
749,Puskas,Puskas,Puskas__CPTu 108,Tertiary,MASW,25.05,509.99439501805966,1.0,438.74046525618394,361.77398668018714,365.7381160522896,410.3219134870194,403.9665691506643
750,Puskas,Puskas,Puskas__CPTu 108,Tertiary,MASW,25.8,516.6209043516516,1.0,447.8665807252541,368.32579246972267,372.7966366738118,418.4946072136606,411.7063010472646
751,Puskas,Puskas,Puskas__CPTu 108,Tertiary,MASW,26.55,508.4925168924642,1.0,451.7005448582857,368.11325028578136,380.02983290694925,421.1513711560985,414.47070439707005
752,Puskas,Puskas,Puskas__CPTu 108,Tertiary,MASW,27.215,473.2015957908107,1.0,429.37971921090804,373.5172005184331,384.88188861924004,409.5496399895429,405.9306091534232
753,Puskas,Puskas,Puskas__CPTu 109,Quaternary,MASW,1.5,154.20132929995023,1.0,189.44089909964336,190.38456716962042,194.07223619325225,189.9527685930196,189.9527685930196
754,Puskas,Puskas,Puskas__CPTu 109,Quaternary,MASW,2.25,183.7380946685475,1.0,208.88710397953056,220.77601087627392,222.40589747563473,213.0519131008138,213.0519131008138
755,Puskas,Puskas,Puskas__CPTu 109,Quaternary,MASW,2.9,195.28916953321456,1.0,228.83209503134046,241.4612946729536,238.08231633880163,233.0111070834088,233.0111070834088
756,Puskas,Puskas,Puskas__CPTu 109,Quaternary,MASW,3.7,295.06869709530383,1.0,232.95829033095936,276.1208906445066,272.7144306054583,247.08478110518655,247.08478110518655
757,Puskas,Puskas,Puskas__CPTu 109,Quaternary,MASW,5.0,302.040380113818,1.0,243.690897657541,307.62667270918234,286.3077441009903,263.4476938471803,263.4476938471803
758,Puskas,Puskas,Puskas__CPTu 109,Quaternary,MASW,5.95,290.78809470704414,1.0,235.0062678141204,311.7076372714147,287.5774650100179,258.38280882558854,258.38280882558854
759,Puskas,Puskas,Puskas__CPTu 109,Quaternary,MASW,6.5,285.1093118356397,1.0,245.90702197589331,325.4106747448443,281.5521217205103,269.28278086409824,269.28278086409824
760,Puskas,Puskas,Puskas__CPTu 109,Quaternary,MASW,7.5,240.57421175402212,1.0,265.5178671243012,308.2357085606935,284.10318576891626,278.6118782470482,278.6118782470482
761,Puskas,Puskas,Puskas__CPTu 109,Tertiary,MASW,8.5,229.16979180981505,1.0,231.9400139609261,270.625357908898,265.33828919542293,244.56524172639325,244.56524172639325
762,Puskas,Puskas,Puskas__CPTu 109,Tertiary,MASW,9.9,280.50292776260176,1.0,283.05449330583855,324.64012408345377,319.5855558922742,296.73279720338377,296.73279720338377
763,Puskas,Puskas,Puskas__CPTu 109,Tertiary,MASW,11.2,389.1176536775279,1.0,301.1557006161209,348.38274833371463,348.3489106289293,316.90706593795824,316.90706593795824
764,Puskas,Puskas,Puskas__CPTu 109,Tertiary,MASW,11.8,366.3946567236064,1.0,290.8400114726613,319.07121880200594,321.5206091106395,300.5397561483554,300.5397561483554
765,Puskas,Puskas,Puskas__CPTu 109,Tertiary,MASW,12.5,415.2952021326748,1.0,327.97819047645294,402.17452316824665,384.9072285336176,351.4725380905527,365.67374852863054
766,Puskas,Puskas,Puskas__CPTu 109,Tertiary,MASW,13.5,416.89764952808366,1.0,338.39808963467897,454.04057340206043,434.20757998479235,374.23241808956885,389.46232271512395
767,Puskas,Puskas,Puskas__CPTu 109,Tertiary,MASW,14.9,401.2370520208633,1.0,339.523994729062,476.1720541587773,453.94331751653027,381.2809080306725,398.0307860940311
768,Puskas,Puskas,Puskas__CPTu 109,Tertiary,MASW,16.15,473.1945423642119,1.0,349.10696757150504,495.20035731252386,460.91521833933786,393.13197940508246,408.21223285218554
769,Puskas,Puskas,Puskas__CPTu 109,Tertiary,MASW,16.9,475.4318888902732,1.0,357.28374453958656,406.37933087718574,402.4138515185032,373.5697886046036,377.4030581617007
770,Puskas,Puskas,Puskas__CPTu 109,Tertiary,MASW,17.9,497.3965333145044,1.0,386.07831592674256,444.3127840245083,439.7341056168625,405.32665709858844,412.0596604742719
771,Puskas,Puskas,Puskas__CPTu 109,Tertiary,MASW,19.05,488.5508029322555,1.0,398.86289674245205,449.63522068617357,440.31686053148064,415.51023696388893,420.2223054664518
772,Puskas,Puskas,Puskas__CPTu 109,Tertiary,MASW,19.8,468.0945771377496,1.0,393.84768207757685,430.44749947406547,439.2315180207746,406.69995336275133,411.79624949121177
773,Puskas,Puskas,Puskas__CPTu 109,Tertiary,MASW,20.5,474.3049527618691,1.0,402.94499446932645,435.63744224106,437.9995011228431,414.2103895490914,418.69604848194626
774,Puskas,Puskas,Puskas__CPTu 109,Tertiary,MASW,21.5,509.46030729542105,1.0,412.37498390802375,442.98651594074494,447.0881372924145,423.03549828293956,427.1131687189463
775,Puskas,Puskas,Puskas__CPTu 109,Tertiary,MASW,22.75,508.9807292766628,1.0,421.7779298986695,443.80277327723115,451.5571195835528,429.73145253115524,432.47427584969205
776,Puskas,Puskas,Puskas__CPTu 109,Tertiary,MASW,23.75,558.4984862565876,1.0,465.67493078535796,457.8411199673067,450.6236407831252,462.55033021202667,460.9338970008744
777,Puskas,Puskas,Puskas__CPTu 109,Tertiary,MASW,24.5,486.2469479510288,1.0,440.6716567375237,421.86833967050194,439.50662347325994,434.8867523309838,436.00723586176116
778,Puskas,Puskas,Puskas__CPTu 109,Tertiary,MASW,25.5,468.82748348780166,1.0,411.53362149288813,400.9544158171818,411.8376406066841,408.34595830200107,409.0243829884437
779,Puskas,Puskas,Puskas__CPTu 109,Tertiary,MASW,26.5,493.6580005594871,1.0,440.2653269489106,395.7463852135166,394.6075851185223,424.0799822495376,419.6980958602476
780,Puskas,Puskas,Puskas__CPTu 109,Tertiary,MASW,27.66,504.2900797769235,1.0,528.5214755443315,400.0444179455141,411.48214180168964,480.1099750804165,474.1263130968266
781,Puskas,Puskas,Puskas__CPTu 110,Quaternary,MASW,1.5,200.39827423258905,1.0,209.72601943989417,233.98462922264838,235.42528593111348,217.98311689334363,217.98311689334363
782,Puskas,Puskas,Puskas__CPTu 110,Quaternary,MASW,2.45,145.81757350484608,1.0,164.61764956079494,178.34976408365964,184.03514979985496,169.56509534227357,169.56509534227357
783,Puskas,Puskas,Puskas__CPTu 110,Quaternary,MASW,3.05,189.85635815921648,1.0,191.5578774007055,218.26128787610008,226.201531225399,200.86894636512866,200.86894636512866
784,Puskas,Puskas,Puskas__CPTu 110,Quaternary,MASW,3.85,310.9234013659034,1.0,242.8174943640479,270.0415266082868,254.38175116836564,251.26699542913894,251.26699542913894
785,Puskas,Puskas,Puskas__CPTu 110,Quaternary,MASW,5.05,302.5591536137546,1.0,242.9578762992611,282.0768718479244,277.05213436545034,255.76049125015004,255.76049125015004
786,Puskas,Puskas,Puskas__CPTu 110,Quaternary,MASW,5.949999999999999,276.71814675465174,1.0,228.2774598097974,274.4597490975222,262.156031524508,242.92519588661932,242.92519588661932
787,Puskas,Puskas,Puskas__CPTu 110,Quaternary,MASW,6.85,270.6218527389317,1.0,242.68565336502385,313.596767026892,280.61580407797305,263.99502733521973,263.99502733521973
788,Puskas,Puskas,Puskas__CPTu 110,Quaternary,MASW,7.8,240.10991579143212,1.0,249.61521790918687,314.15556824339234,285.8823690997341,269.2644292147367,269.2644292147367
789,Puskas,Puskas,Puskas__CPTu 110,Tertiary,MASW,8.6,259.15796461510746,1.0,256.8873377339253,283.79823386360107,280.3617660732972,265.8407781660908,265.8407781660908
790,Puskas,Puskas,Puskas__CPTu 110,Tertiary,MASW,9.5,276.2420718485685,1.0,267.48758479866353,299.53347284758803,295.0736415260782,278.0849519698948,278.0849519698948
791,Puskas,Puskas,Puskas__CPTu 110,Tertiary,MASW,10.5,242.73062414832853,1.0,260.2382574320828,298.0516276309373,297.30933439627324,272.85952516068477,272.85952516068477
792,Puskas,Puskas,Puskas__CPTu 110,Tertiary,MASW,11.65,417.0864828726228,1.0,308.57081750959827,343.15721656699907,333.4940277428774,319.8033415051184,319.8033415051184
793,Puskas,Puskas,Puskas__CPTu 110,Tertiary,MASW,12.9,357.01092228030126,1.0,285.489828230974,299.13809887351124,301.6605526941216,290.3162600053989,290.3162600053989
794,Puskas,Puskas,Puskas__CPTu 110,Tertiary,MASW,14.05,404.08198793474,1.0,321.7920498772727,339.3288305451056,349.3617013341253,328.30231452380207,337.8685283155613
795,Puskas,Puskas,Puskas__CPTu 110,Tertiary,MASW,14.8,395.3061842804448,1.0,321.7399555590891,386.2861294546477,397.35187449165653,343.4865578669716,359.12109265831197
796,Puskas,Puskas,Puskas__CPTu 110,Tertiary,MASW,15.5,484.57396015852,1.0,367.9451820072669,479.3623423520792,458.53723562032917,402.74200971265503,413.08209489399525
797,Puskas,Puskas,Puskas__CPTu 110,Tertiary,MASW,16.5,477.2386325952831,1.0,366.8252493768741,407.58995414950465,406.8601015831779,380.57283945957084,388.998141668586
798,Puskas,Puskas,Puskas__CPTu 110,Tertiary,MASW,17.5,443.3628887189915,1.0,363.5498991399767,418.1035658329092,409.2640256911308,381.37476984383017,388.84104223839853
799,Puskas,Puskas,Puskas__CPTu 110,Tertiary,MASW,19.0,469.2945504406817,1.0,375.8106080021,431.49995761940636,434.8307092481165,394.5845807152053,402.6547003368352
800,Puskas,Puskas,Puskas__CPTu 110,Tertiary,MASW,20.5,527.5931660235888,1.0,411.92496486102243,446.72201608462296,439.1694639707062,423.42313899423556,423.8538024293188
801,Puskas,Puskas,Puskas__CPTu 110,Tertiary,MASW,21.75,511.7728837949055,1.0,438.2659563364912,444.57639699000725,440.2058138337664,440.2468306702998,439.97791610498217
802,Puskas,Puskas,Puskas__CPTu 110,Tertiary,MASW,22.25,481.0034745008721,1.0,430.96862201399074,449.3289468284734,452.2211617389882,437.4481021088705,438.25486366225635
803,Puskas,Puskas,Puskas__CPTu 110,Tertiary,MASW,22.36,462.4689505029692,1.0,427.07553961585313,433.62268458772866,439.18695717083,429.62952940453226,431.51913942314525
825,Puskas,Puskas,Puskas__CPTu 112,Quaternary,MASW,1.5,247.8565513133917,1.0,208.9395789101097,220.38554405068496,224.92554585568496,213.09356504985078,213.09356504985078
826,Puskas,Puskas,Puskas__CPTu 112,Quaternary,MASW,2.15,206.6398675684603,1.0,181.3002624491301,188.56474225102363,190.26993021435834,183.89318585444073,183.89318585444073
827,Puskas,Puskas,Puskas__CPTu 112,Quaternary,MASW,2.75,192.14192162642937,1.0,160.7664817304986,192.7837698380244,189.22071195032083,171.15778365916836,171.15778365916836
828,Puskas,Puskas,Puskas__CPTu 112,Quaternary,MASW,3.85,188.58858106312715,1.0,166.50939117051337,210.02859581352644,205.99356075530926,180.43109602253858,180.43109602253858
829,Puskas,Puskas,Puskas__CPTu 112,Quaternary,MASW,4.75,211.57719445603627,1.0,209.06323881830974,240.49589604404972,229.8782208438791,219.07240728086896,219.07240728086896
830,Puskas,Puskas,Puskas__CPTu 112,Quaternary,MASW,5.75,260.796572749255,1.0,250.9335167783687,275.3707648654011,260.5264127762856,258.5122185642114,258.5122185642114
831,Puskas,Puskas,Puskas__CPTu 112,Quaternary,MASW,7.45,266.3152922379172,1.0,250.46855554407648,316.12762933932277,286.1589978509252,270.38257138957846,270.38257138957846
832,Puskas,Puskas,Puskas__CPTu 112,Quaternary,MASW,9.0,293.1036579652522,1.0,268.1573516206356,302.76084499718996,290.2640733532065,279.20480428904636,279.20480428904636
833,Puskas,Puskas,Puskas__CPTu 112,Tertiary,MASW,10.1,298.53842624504034,1.0,276.3774711969521,299.7591035259582,310.00802978289494,284.8243249491607,284.8243249491607
834,Puskas,Puskas,Puskas__CPTu 112,Tertiary,MASW,11.05,313.2235594030481,1.0,297.9897991480494,326.907170389422,322.5046727688537,307.599087567699,307.599087567699
835,Puskas,Puskas,Puskas__CPTu 112,Tertiary,MASW,12.05,389.4859402882468,1.0,313.96598016292194,383.1459048282216,371.2657523495966,336.09897348867486,351.60031353795296
836,Puskas,Puskas,Puskas__CPTu 112,Tertiary,MASW,12.85,448.3076900062492,1.0,314.48242875514774,381.22394626383056,390.24365270063385,336.7894621791106,351.20871796276157
837,Puskas,Puskas,Puskas__CPTu 112,Tertiary,MASW,13.5,456.5124040212682,1.0,323.10931546260446,385.0512195461886,404.9073970134523,344.4296243399869,359.18593776126465
838,Puskas,Puskas,Puskas__CPTu 112,Tertiary,MASW,14.4,434.7889089919266,1.0,322.09381208134874,329.7509588884065,344.53972823967575,325.46652980950597,338.7976053923588
839,Puskas,Puskas,Puskas__CPTu 112,Tertiary,MASW,15.4,413.5995258322484,1.0,327.9301642175301,331.03971136648636,316.5311979849987,328.2787285507795,333.063337545292
840,Puskas,Puskas,Puskas__CPTu 112,Tertiary,MASW,16.2,413.57480049432417,1.0,335.7337570875258,319.1298530784116,316.60116319807804,329.6951905096328,333.226896084002
841,Puskas,Puskas,Puskas__CPTu 112,Tertiary,MASW,16.75,395.7007209996854,1.0,320.0056660972367,314.5551469448037,310.5832369128014,317.88528414525314,317.88528414525314
842,Puskas,Puskas,Puskas__CPTu 112,Tertiary,MASW,17.5,398.7051358684919,1.0,343.4645461920822,323.2393971161403,318.91224012871925,336.01919726569525,339.08467591765486
843,Puskas,Puskas,Puskas__CPTu 112,Tertiary,MASW,18.5,433.7863395722361,1.0,383.86981921853635,348.2231841431722,342.78010827498514,370.7043349351186,371.25459912726535
844,Puskas,Puskas,Puskas__CPTu 112,Tertiary,MASW,19.5,446.826169371082,1.0,396.73100829446213,378.87111301915456,378.41523038149245,390.3627541466984,394.25018978498883
845,Puskas,Puskas,Puskas__CPTu 112,Tertiary,MASW,20.5,374.5451847602716,1.0,345.8384817443583,338.90290584835515,339.8657723958063,343.4437477357824,345.2141955335141
846,Puskas,Puskas,Puskas__CPTu 112,Tertiary,MASW,21.5,378.6468007107174,1.0,362.51719704610275,350.8174521163733,350.08987009173796,358.3413561592556,358.9416981680659
847,Puskas,Puskas,Puskas__CPTu 112,Tertiary,MASW,22.5,436.70603389526303,1.0,409.1738004312419,358.59786430031255,357.21647372261737,390.63303258988395,386.7180290372962
848,Puskas,Puskas,Puskas__CPTu 112,Tertiary,MASW,23.5,537.9545240284157,1.0,441.77654422038876,374.2256003170984,368.7782221072711,416.54318773292397,412.44307722241456
849,Puskas,Puskas,Puskas__CPTu 112,Tertiary,MASW,24.5,486.7362618040775,1.0,413.4855377231249,380.09914184330916,383.81936764676226,401.674832857744,398.30283326273104
850,Puskas,Puskas,Puskas__CPTu 112,Tertiary,MASW,25.545,519.6919159437585,1.0,448.4006054800551,384.07075008991814,392.4636776667365,425.20304627309594,422.41246724685277
851,Puskas,Puskas,Puskas__CPTu 113,Quaternary,MASW,1.5,218.4920718549121,1.0,203.32077361813316,207.96698131126493,214.50454023779946,205.25241730540137,205.25241730540137
852,Puskas,Puskas,Puskas__CPTu 113,Quaternary,MASW,2.25,235.1311823772301,1.0,214.08792601120328,212.14153082714856,208.16112977437325,213.2026532415079,213.2026532415079
853,Puskas,Puskas,Puskas__CPTu 113,Quaternary,MASW,2.85,209.8338655995791,1.0,189.17814608932218,194.43046562075196,201.30882695511218,191.33241936560367,191.33241936560367
854,Puskas,Puskas,Puskas__CPTu 113,Quaternary,MASW,3.85,210.7831944833367,1.0,201.33891366983445,230.89980557755982,233.6170848644041,211.35149241673537,211.35149241673537
855,Puskas,Puskas,Puskas__CPTu 113,Quaternary,MASW,5.05,249.12116863907616,1.0,234.685777720362,262.84463194092615,255.644421552444,243.84168519758353,243.84168519758353
856,Puskas,Puskas,Puskas__CPTu 113,Quaternary,MASW,6.0,231.3198506695236,1.0,225.88385385154888,277.14436775530135,262.8312749802097,242.00316278083804,242.00316278083804
857,Puskas,Puskas,Puskas__CPTu 113,Quaternary,MASW,7.1,254.818943702389,1.0,238.97580810446604,313.7101393208119,274.47052079467954,261.1039321743264,261.1039321743264
858,Puskas,Puskas,Puskas__CPTu 113,Quaternary,MASW,8.25,351.6203146859859,1.0,259.18506569071843,306.1514975327773,284.4091023002047,273.7313718511489,273.7313718511489
859,Puskas,Puskas,Puskas__CPTu 113,Tertiary,MASW,9.25,301.42449401020934,1.0,249.33007168798392,277.96777774316666,274.2644042989837,258.8274532262998,258.8274532262998
860,Puskas,Puskas,Puskas__CPTu 113,Tertiary,MASW,10.15,292.7843806065131,1.0,257.18794919849597,286.8447085917004,281.71578548451924,266.9608104043364,266.9608104043364
861,Puskas,Puskas,Puskas__CPTu 113,Tertiary,MASW,11.0,292.4659929065777,1.0,263.8301440757971,286.155497879228,285.63525682799934,271.4139018216214,271.4139018216214
862,Puskas,Puskas,Puskas__CPTu 113,Tertiary,MASW,12.0,298.68228205638707,1.0,252.76545437452424,269.2472810774732,276.2656470907571,258.7487492050064,258.7487492050064
863,Puskas,Puskas,Puskas__CPTu 113,Tertiary,MASW,13.0,378.1991934507872,1.0,281.49753098390346,302.1809029842549,298.53842450154923,288.3955797970268,288.3955797970268
864,Puskas,Puskas,Puskas__CPTu 113,Tertiary,MASW,14.0,387.6000048615877,1.0,301.5835978669802,293.47958328467877,296.98752565617974,298.8995734190903,298.8995734190903
865,Puskas,Puskas,Puskas__CPTu 113,Tertiary,MASW,15.05,455.8586003549698,1.0,366.0978907030817,495.0028193431989,455.4170840670496,405.17343657736575,417.4878264249745
866,Puskas,Puskas,Puskas__CPTu 113,Tertiary,MASW,16.15,484.6370874975657,1.0,366.5261516543481,463.16649046890376,451.2458050166768,397.29218912329907,406.5406110194279
867,Puskas,Puskas,Puskas__CPTu 113,Tertiary,MASW,17.1,462.0016359922432,1.0,359.5780816361092,421.58154364875514,413.3151364448597,379.79052838961337,386.9255029029892
868,Puskas,Puskas,Puskas__CPTu 113,Tertiary,MASW,17.75,385.3383512141156,1.0,364.35764378631455,460.3383578302095,452.2236519968733,395.07899294807123,401.3839004611773
869,Puskas,Puskas,Puskas__CPTu 113,Tertiary,MASW,18.5,421.9505280282337,1.0,405.161216775901,483.5816337923482,472.6125881563442,430.550717280042,435.4874211569461
870,Puskas,Puskas,Puskas__CPTu 113,Tertiary,MASW,19.5,372.45822962193984,1.0,372.8977387252412,431.6043274606134,421.6928216140458,392.0205962695232,396.2316166166352
871,Puskas,Puskas,Puskas__CPTu 113,Tertiary,MASW,20.64,438.658819466712,1.0,416.5309924048751,455.2340122613788,444.17300685055335,429.1595463246084,430.967014012308
872,Puskas,Puskas,Puskas__CPTu 114,Quaternary,MASW,1.5,224.75092393174705,1.0,213.42243425083072,223.38729126833758,224.83437363583585,216.92855279720547,216.92855279720547
873,Puskas,Puskas,Puskas__CPTu 114,Quaternary,MASW,2.25,224.13193179464807,1.0,215.27808210751337,217.5693860993663,210.59180061733448,215.72540300694868,215.72540300694868
874,Puskas,Puskas,Puskas__CPTu 114,Quaternary,MASW,2.85,186.43379476265693,1.0,182.14119121986815,189.40265577225603,190.76810319178705,184.71680987095436,184.71680987095436
875,Puskas,Puskas,Puskas__CPTu 114,Quaternary,MASW,3.6,197.16634393812143,1.0,196.2276858589582,217.43607895411373,220.2527885634607,203.53529760417462,203.53529760417462
876,Puskas,Puskas,Puskas__CPTu 114,Quaternary,MASW,4.5,220.3446748699139,1.0,223.99674248751194,253.33670579773718,246.1028906222952,233.51908383405396,233.51908383405396
877,Puskas,Puskas,Puskas__CPTu 114,Quaternary,MASW,5.6,238.76717286650103,1.0,238.18000587533874,278.5453592263244,261.89846642782146,250.82098670606737,250.82098670606737
878,Puskas,Puskas,Puskas__CPTu 114,Quaternary,MASW,6.75,252.71605577583384,1.0,253.2846655296395,321.82860056910295,289.329662794926,273.9698817938614,273.9698817938614
879,Puskas,Puskas,Puskas__CPTu 114,Quaternary,MASW,7.85,296.36910100833444,1.0,256.7125286344906,331.5796015548896,296.0606092162743,279.18106844043734,279.18106844043734
880,Puskas,Puskas,Puskas__CPTu 114,Tertiary,MASW,8.7,298.751297713141,1.0,262.35733435214826,289.5700423370406,287.6774085137463,271.4888282229986,271.4888282229986
881,Puskas,Puskas,Puskas__CPTu 114,Tertiary,MASW,9.5,273.3427491900246,1.0,258.3439204366121,289.8794114535989,290.23262751539403,268.98705663866673,268.98705663866673
882,Puskas,Puskas,Puskas__CPTu 114,Tertiary,MASW,10.5,274.4851564238781,1.0,265.22373229788684,301.65139152682735,299.444057065351,277.34186605148335,277.34186605148335
883,Puskas,Puskas,Puskas__CPTu 114,Tertiary,MASW,11.6,349.02458754476305,1.0,333.029760223473,408.0529242417989,391.52534032648146,356.8345693050828,369.495188181294
884,Puskas,Puskas,Puskas__CPTu 114,Tertiary,MASW,12.9,455.37679631018045,1.0,327.7107739137429,404.5465608965595,395.83603503468674,352.3995037719843,364.03886928533564
885,Puskas,Puskas,Puskas__CPTu 114,Tertiary,MASW,14.05,444.89322672508666,1.0,337.5238416919228,431.7532859025189,416.1322370390272,367.22324131089556,379.61386587130966
886,Puskas,Puskas,Puskas__CPTu 114,Tertiary,MASW,14.85,419.3373064047892,1.0,343.80155364919153,464.02377082966376,425.94538806329956,380.2155349600429,390.10390509296747
887,Puskas,Puskas,Puskas__CPTu 114,Tertiary,MASW,15.6,413.0622284277911,1.0,342.54688078085695,475.08594045721065,442.87147470438117,382.748546450664,399.2861127185014
888,Puskas,Puskas,Puskas__CPTu 114,Tertiary,MASW,16.5,405.4488297502153,1.0,349.6856241269009,455.247768346352,442.2401264743586,382.955058844845,396.4423840279308
889,Puskas,Puskas,Puskas__CPTu 114,Tertiary,MASW,17.5,405.0860597221328,1.0,371.47522645117573,544.9966957625443,508.8425641820062,423.3521199594721,437.196014436203
890,Puskas,Puskas,Puskas__CPTu 114,Tertiary,MASW,18.5,422.1799813005418,1.0,398.6750325274761,487.8517832874741,476.14153371695176,427.34196957334035,434.36605712125714
891,Puskas,Puskas,Puskas__CPTu 114,Tertiary,MASW,19.5,378.765919590836,1.0,384.1534329374398,425.2440010911075,422.58019726990653,397.9376059716875,399.4883398932978
892,Puskas,Puskas,Puskas__CPTu 114,Tertiary,MASW,20.5,414.0643271634791,1.0,423.40247817381805,488.6891503464742,475.7175738982881,444.59745879749346,448.08760371146093
893,Puskas,Puskas,Puskas__CPTu 114,Tertiary,MASW,21.5,410.2344894035193,1.0,418.4966676636777,461.45626088183974,464.6533057632938,433.20695165920546,435.22986064777086
894,Puskas,Puskas,Puskas__CPTu 114,Tertiary,MASW,22.55,461.6075672095514,1.0,428.8319335587619,442.05537163351414,437.3640408017335,433.18337655782,433.03965199771466
662,Puskas,Puskas,Puskas__CPTu 115B,Quaternary,MASW,1.5,177.5775357627264,1.0,207.99073901282185,228.27263524527294,223.3018082092173,214.63936085604175,214.63936085604175
663,Puskas,Puskas,Puskas__CPTu 115B,Quaternary,MASW,2.85,194.80249713462203,1.0,201.14772790848366,231.77432903334028,233.19551560976214,211.44160406155478,211.44160406155478
664,Puskas,Puskas,Puskas__CPTu 115B,Quaternary,MASW,4.1,273.90570076495567,1.0,209.12581892161498,242.02356492456178,241.54055821269435,220.0755393597921,220.0755393597921
665,Puskas,Puskas,Puskas__CPTu 115B,Quaternary,MASW,4.9,292.45199750297326,1.0,228.69393349161152,259.33902394843017,251.74489519733433,238.62938065119857,238.62938065119857
666,Puskas,Puskas,Puskas__CPTu 115B,Quaternary,MASW,5.85,307.64613531995786,1.0,240.24122426929515,255.8215577981125,247.10629663679794,245.15808957245378,245.15808957245378
667,Puskas,Puskas,Puskas__CPTu 115B,Tertiary,MASW,7.1,263.54741981739886,1.0,205.78032080238583,235.78681920530067,228.00615162838204,215.4595166905974,215.4595166905974
668,Puskas,Puskas,Puskas__CPTu 115B,Tertiary,MASW,8.15,296.4455748931434,1.0,251.99893817666637,285.2771516178912,270.23716971377286,262.46809135510483,262.46809135510483
669,Puskas,Puskas,Puskas__CPTu 115B,Tertiary,MASW,9.15,313.7495228555593,1.0,275.10427517526796,291.4948560026123,296.07032852179805,280.9521005654344,280.9521005654344
670,Puskas,Puskas,Puskas__CPTu 115B,Tertiary,MASW,10.15,279.609921790994,1.0,272.5961215883525,323.11473930192784,311.18721582431937,288.76589911944654,288.76589911944654
671,Puskas,Puskas,Puskas__CPTu 115B,Tertiary,MASW,10.9,271.70906152072064,1.0,280.76901272339876,335.37515265143605,320.83749479341924,298.1264334105852,298.1264334105852
672,Puskas,Puskas,Puskas__CPTu 115B,Tertiary,MASW,11.9,294.8011092106114,1.0,303.0751712940199,368.59174978957003,360.30919905931,324.1941576490703,324.1941576490703
673,Puskas,Puskas,Puskas__CPTu 115B,Tertiary,MASW,13.0,299.7397989861046,1.0,314.96403230883345,348.36542352719846,353.79571692729064,326.5259989103631,337.7301513710217
674,Puskas,Puskas,Puskas__CPTu 115B,Tertiary,MASW,14.05,274.7841072091833,1.0,301.5593708864707,315.758032381157,310.5365094523817,306.19937090368717,306.19937090368717
675,Puskas,Puskas,Puskas__CPTu 115B,Tertiary,MASW,15.0,336.55568493216555,1.0,346.32109604724633,411.84735970223943,396.13779317211316,367.2607488863304,381.23562613463093
676,Puskas,Puskas,Puskas__CPTu 115B,Tertiary,MASW,16.05,462.3761512596194,1.0,362.7221381499398,522.809973572677,484.8673402683235,410.6836815995912,425.4436225883319
677,Puskas,Puskas,Puskas__CPTu 115B,Tertiary,MASW,17.25,435.65513361182826,1.0,356.6218106554081,461.0071793509449,444.88673311856223,389.4573593242232,398.7655831488883
678,Puskas,Puskas,Puskas__CPTu 115B,Tertiary,MASW,18.0,513.5264931671679,1.0,415.50472786246667,525.8498164845621,493.14435975046047,449.7608011884037,455.269794154626
679,Puskas,Puskas,Puskas__CPTu 115B,Tertiary,MASW,18.8,465.7402513651255,1.0,398.8759915613746,462.05340918860634,450.64545846916775,419.4150753200442,425.01913888962144
680,Puskas,Puskas,Puskas__CPTu 115B,Tertiary,MASW,19.85,382.9857694236487,1.0,353.25949355657974,400.1441605217347,381.39374676523664,368.12441393840396,370.79955139670443
681,Puskas,Puskas,Puskas__CPTu 115B,Tertiary,MASW,20.9,484.74342284797984,1.0,465.7752157462525,508.9956779513876,499.3296009752465,480.00773765230167,482.7287326032123
682,Puskas,Puskas,Puskas__CPTu 115B,Tertiary,MASW,21.9,413.1132090436036,1.0,429.9508864982884,450.56004252692884,451.38598793199606,437.0946165784024,436.91491070595566
683,Puskas,Puskas,Puskas__CPTu 116B,Quaternary,MASW,1.5,165.17598579807225,1.0,195.578923968194,205.61525647219761,210.52463744804743,199.2696147638905,199.2696147638905
684,Puskas,Puskas,Puskas__CPTu 116B,Quaternary,MASW,2.25,182.48225149002965,1.0,203.9577466135323,208.51118530235885,210.07635184446963,205.61689602380306,205.61689602380306
685,Puskas,Puskas,Puskas__CPTu 116B,Quaternary,MASW,3.1,211.939798054941,1.0,193.52517194688332,197.26029001684836,200.75803736401497,194.9956385092173,194.9956385092173
686,Puskas,Puskas,Puskas__CPTu 116B,Quaternary,MASW,4.1,271.3842887981581,1.0,204.68996741233113,214.9393594045679,215.87189077669683,208.26550885803894,208.26550885803894
687,Puskas,Puskas,Puskas__CPTu 116B,Quaternary,MASW,5.0,282.5296903549559,1.0,219.29842676254003,256.4127595558724,241.41544220919226,230.93684461134666,230.93684461134666
688,Puskas,Puskas,Puskas__CPTu 116B,Quaternary,MASW,5.95,323.5496490378933,1.0,242.02166591204548,283.18752485765174,261.78823800909936,254.69768740897914,254.69768740897914
689,Puskas,Puskas,Puskas__CPTu 116B,Quaternary,MASW,7.45,286.9464469554483,1.0,242.6786377674312,271.99528238571105,251.80867766839413,251.58946555128668,251.58946555128668
690,Puskas,Puskas,Puskas__CPTu 116B,Tertiary,MASW,8.8,271.498292730628,1.0,236.75709014572988,267.1873032354858,259.2438299119006,246.61932928188605,246.61932928188605
691,Puskas,Puskas,Puskas__CPTu 116B,Tertiary,MASW,9.65,300.0730102578347,1.0,261.44027021754414,298.45198939016296,296.70761549742065,273.7605675269948,273.7605675269948
692,Puskas,Puskas,Puskas__CPTu 116B,Tertiary,MASW,10.55,290.23879428544615,1.0,281.68605324977267,304.85180458685227,310.0583103834481,289.8319601696263,289.8319601696263
693,Puskas,Puskas,Puskas__CPTu 116B,Tertiary,MASW,11.2,294.0468611837509,1.0,308.8271643004422,348.107227090243,344.27559976347504,321.86540131021576,321.86540131021576
694,Puskas,Puskas,Puskas__CPTu 116B,Tertiary,MASW,11.75,260.1769190191595,1.0,283.11773655179593,310.1033314494137,324.32934230054514,292.940785709294,292.940785709294
695,Puskas,Puskas,Puskas__CPTu 116B,Tertiary,MASW,12.75,292.19423384599014,1.0,317.6719496788606,401.05200836256563,393.0589563400519,344.32563572598673,358.35368759359386
696,Puskas,Puskas,Puskas__CPTu 116B,Tertiary,MASW,14.2,294.6537441290555,1.0,334.6470677192949,352.1994948968473,357.4613470083233,340.94132025383686,349.06157849975506
697,Puskas,Puskas,Puskas__CPTu 116B,Tertiary,MASW,15.05,313.17368201624055,1.0,352.88320158000937,409.0675434122224,395.04354709609186,370.9632567547683,382.2775561255091
698,Puskas,Puskas,Puskas__CPTu 116B,Tertiary,MASW,15.6,391.0747429266331,1.0,333.5433886965141,397.8374014907034,363.5571453968318,353.17449756701336,358.87058679361166
699,Puskas,Puskas,Puskas__CPTu 116B,Tertiary,MASW,16.75,460.0133192978093,1.0,380.4484676288765,473.443149722958,463.03973466747294,410.2546947768175,418.2036145166848
700,Puskas,Puskas,Puskas__CPTu 116B,Tertiary,MASW,17.75,499.9847697664736,1.0,413.47994777713996,510.5770500258408,473.3893392241692,443.48068011486606,448.72732533889746
701,Puskas,Puskas,Puskas__CPTu 116B,Tertiary,MASW,18.5,474.3334713691037,1.0,413.23287967293965,467.8964341417107,459.8058770181203,431.2214065642143,435.1241751526544
702,Puskas,Puskas,Puskas__CPTu 116B,Tertiary,MASW,19.5,438.0534386036963,1.0,408.007666571832,463.04393785577196,456.9480363270426,426.2009486075232,429.75478955605297
703,Puskas,Puskas,Puskas__CPTu 116B,Tertiary,MASW,20.5,444.8571547773184,1.0,425.5086934869098,461.20977617264487,456.73985970397194,437.465170218228,439.17929544970696
704,Puskas,Puskas,Puskas__CPTu 116B,Tertiary,MASW,21.5,478.1757734714046,1.0,457.3031797782048,474.29515006105953,472.19438702846145,463.077190672392,462.70362135343225
705,Puskas,Puskas,Puskas__CPTu 116B,Tertiary,MASW,22.5,437.9925398709746,1.0,432.56600367147536,462.03850420842025,457.4167205300791,442.4386946490241,441.02603661637664
706,Puskas,Puskas,Puskas__CPTu 116B,Tertiary,MASW,23.5,435.4314006524327,1.0,451.2103116255296,460.13108430297046,453.380276968683,453.9771181306262,453.66410580746276
707,Puskas,Puskas,Puskas__CPTu 116B,Tertiary,MASW,24.5,426.0934640483595,1.0,453.11713562196775,463.9123347946221,467.2075058317312,457.02828890571845,456.21912560420316
708,Puskas,Puskas,Puskas__CPTu 116B,Tertiary,MASW,25.5,484.2937101128108,1.0,510.8725983277622,478.91127995306164,478.17813343961757,499.41226207036607,494.78740407549446
709,Puskas,Puskas,Puskas__CPTu 116B,Tertiary,MASW,26.5,461.6646301279563,1.0,509.013549150615,473.3752800834241,480.33433270255955,496.6071027561765,491.614333474606
710,Puskas,Puskas,Puskas__CPTu 116B,Tertiary,MASW,27.5,446.080165661899,1.0,513.1116979347324,458.785049629484,460.9367822004014,493.5175380375876,486.26668811462304
711,Puskas,Puskas,Puskas__CPTu 116B,Tertiary,MASW,28.5,449.5151864902999,1.0,526.4997633003721,470.7098117620826,467.20312199517747,506.0694014831322,496.335857181306
712,Puskas,Puskas,Puskas__CPTu 116B,Tertiary,MASW,29.5,441.4789918862944,1.0,541.6652658981153,456.34826264429074,460.25303740887136,510.3450367340181,500.9034362982183
804,Puskas,Puskas,Puskas__CPTu 120a,Quaternary,MASW,1.5,169.27417404343785,1.0,198.8110466163945,210.19170153642133,208.92109698541776,202.66097009100199,202.66097009100199
805,Puskas,Puskas,Puskas__CPTu 120a,Quaternary,MASW,2.15,148.7533414958771,1.0,176.21111538725563,180.70164278965098,184.29405348485403,177.9450213235929,177.9450213235929
806,Puskas,Puskas,Puskas__CPTu 120a,Quaternary,MASW,2.75,188.84556930451924,1.0,210.24428579973852,227.87048829407564,226.2256749097537,216.1743939860133,216.1743939860133
807,Puskas,Puskas,Puskas__CPTu 120a,Quaternary,MASW,3.95,295.0128794371489,1.0,235.50646634777135,273.835813692984,257.05880797008234,247.48594619636884,247.48594619636884
808,Puskas,Puskas,Puskas__CPTu 120a,Quaternary,MASW,5.300000000000001,306.83201423995195,1.0,245.14707160442438,297.40973976032575,278.0647606393358,261.42144756026465,261.42144756026465
809,Puskas,Puskas,Puskas__CPTu 120a,Quaternary,MASW,6.4,304.3360650771512,1.0,243.13085042721343,324.4487785599652,285.37679615425185,267.2457583378059,267.2457583378059
810,Puskas,Puskas,Puskas__CPTu 120a,Quaternary,MASW,7.4,265.04783653843504,1.0,252.90112666183882,304.8627501250638,280.5184292304463,268.8731130296458,268.8731130296458
811,Puskas,Puskas,Puskas__CPTu 120a,Quaternary,MASW,8.4,258.2649911120815,1.0,255.11546627426912,284.47453671144035,268.56906760382503,264.2680935204889,264.2680935204889
812,Puskas,Puskas,Puskas__CPTu 120a,Tertiary,MASW,9.4,231.19395467894705,1.0,240.93140756757825,258.6661874016577,262.0089696048075,247.1544464831123,247.1544464831123
813,Puskas,Puskas,Puskas__CPTu 120a,Tertiary,MASW,10.35,265.01827986137533,1.0,278.3382135098497,291.68453542217486,296.46263957343706,283.1684495218993,283.1684495218993
814,Puskas,Puskas,Puskas__CPTu 120a,Tertiary,MASW,11.15,372.0626210861618,1.0,294.90966541670497,322.167721938444,317.0992024106787,303.93605315259896,303.93605315259896
815,Puskas,Puskas,Puskas__CPTu 120a,Tertiary,MASW,11.75,374.5058530745233,1.0,302.1240698840405,328.7197252608915,321.13384030113144,310.8153761658683,310.8153761658683
816,Puskas,Puskas,Puskas__CPTu 120a,Tertiary,MASW,12.5,400.4545339037271,1.0,318.49952694066405,359.07233420188453,357.7145022585341,332.0871915615581,344.13452402477503
817,Puskas,Puskas,Puskas__CPTu 120a,Tertiary,MASW,13.5,450.7630066078721,1.0,347.2915387815252,395.4896543000373,388.2938384718639,363.119686473241,376.31008837416465
818,Puskas,Puskas,Puskas__CPTu 120a,Tertiary,MASW,14.8,387.7574696092931,1.0,321.2997227934692,369.9838969953923,352.16296359467424,336.73151073331354,344.8737253524321
819,Puskas,Puskas,Puskas__CPTu 120a,Tertiary,MASW,16.0,528.035828356596,1.0,380.39937795906815,491.5860571191031,456.00820075124693,414.5571102816756,424.98370741014634
820,Puskas,Puskas,Puskas__CPTu 120a,Tertiary,MASW,16.799999999999997,541.4113022349106,1.0,398.50825013281235,510.50026903666986,488.38610485906344,433.6318900559737,443.75195556016115
821,Puskas,Puskas,Puskas__CPTu 120a,Tertiary,MASW,17.6,526.5325021850196,1.0,394.8136870787857,481.7871001793533,479.4106757343587,423.20117550084404,433.54811052833605
822,Puskas,Puskas,Puskas__CPTu 120a,Tertiary,MASW,19.0,449.0788780094532,1.0,368.5959483603136,373.16759018898193,353.91011201187507,369.2101961948448,370.52520772654896
823,Puskas,Puskas,Puskas__CPTu 120a,Tertiary,MASW,20.0,438.5401246438102,1.0,359.8171579326147,339.2610836741712,336.577917735143,352.34467246193833,353.0043184016544
824,Puskas,Puskas,Puskas__CPTu 120a,Tertiary,MASW,20.5,441.683963026819,1.0,367.3081400544127,341.84648979231855,339.95967157434325,358.08865918007996,357.91905967031295
895,Puskas,Puskas,Puskas__CPTu 121A,Quaternary,MASW,1.5,243.63319066437415,1.0,201.19011741150342,216.9389550472307,216.07352933067813,206.52644055285322,206.52644055285322
896,Puskas,Puskas,Puskas__CPTu 121A,Quaternary,MASW,2.7,178.24327434404807,1.0,161.06149157564772,184.47822191595364,186.5941830200975,168.99468739766738,168.99468739766738
897,Puskas,Puskas,Puskas__CPTu 121A,Quaternary,MASW,4.05,214.51341235432335,1.0,190.50354247946072,209.18723133510352,212.65802418247995,197.0069859354048,197.0069859354048
898,Puskas,Puskas,Puskas__CPTu 121A,Quaternary,MASW,5.45,265.99977478840395,1.0,248.37507734426612,268.54078047181673,252.52288063568054,254.47101423670276,254.47101423670276
899,Puskas,Puskas,Puskas__CPTu 121A,Quaternary,MASW,6.6,249.06811188904564,1.0,240.52989798658743,294.03231595110805,272.625380309421,257.073154789559,257.073154789559
900,Puskas,Puskas,Puskas__CPTu 121A,Quaternary,MASW,7.5,258.6120744886227,1.0,233.5777905519013,297.59354367481245,272.35071072411455,253.118554726638,253.118554726638
901,Puskas,Puskas,Puskas__CPTu 121A,Quaternary,MASW,8.5,349.60936029235586,1.0,271.97697206394656,305.14634882295303,291.2270503445842,282.49445416562105,282.49445416562105
902,Puskas,Puskas,Puskas__CPTu 121A,Tertiary,MASW,10.25,274.3252209805548,1.0,246.2778634042048,277.3491532992108,282.81362171572016,256.98605919735166,256.98605919735166
903,Puskas,Puskas,Puskas__CPTu 121A,Tertiary,MASW,12.25,429.7297539613017,1.0,334.4298668785802,399.8909115642614,391.15258477914614,355.62972732339273,368.62144108994374
904,Puskas,Puskas,Puskas__CPTu 121A,Tertiary,MASW,13.5,457.5477116999507,1.0,344.486246126285,408.61828386007033,408.7872217845613,365.70586958003764,379.50945685221075
905,Puskas,Puskas,Puskas__CPTu 121A,Tertiary,MASW,14.5,429.23450448963655,1.0,352.61334696805056,406.0967851132792,398.0947401192262,370.1113238983608,378.53524044538227
906,Puskas,Puskas,Puskas__CPTu 121A,Tertiary,MASW,15.5,393.2011106231139,1.0,332.5415257908348,398.62265374758965,381.20952550243567,353.5302703389787,362.89766561469327
907,Puskas,Puskas,Puskas__CPTu 121A,Tertiary,MASW,16.5,407.15217775269457,1.0,352.21117530184955,379.95205083717633,374.24743112168073,361.40870992919304,368.14306454208764
908,Puskas,Puskas,Puskas__CPTu 121A,Tertiary,MASW,17.5,431.4541433745016,1.0,413.80848558133613,530.0243119700103,490.3515174657832,449.5041631000491,454.6043917055091
909,Puskas,Puskas,Puskas__CPTu 121A,Tertiary,MASW,18.5,410.1982569149331,1.0,419.7032497791318,530.4395886675228,515.301128075265,454.88995772535105,462.3658681461895
910,Puskas,Puskas,Puskas__CPTu 121A,Tertiary,MASW,19.5,391.8910877493569,1.0,403.3265362413302,479.75570503196343,477.07264103182786,428.4618787386282,433.0114158536923
911,Puskas,Puskas,Puskas__CPTu 121A,Tertiary,MASW,20.5,410.3707620497225,1.0,439.78235833335646,495.8646972531287,500.89405617758774,458.8817896789689,462.61765913807017
912,Puskas,Puskas,Puskas__CPTu 121A,Tertiary,MASW,21.95,421.3272325672114,1.0,452.1536657590579,482.99977489777854,486.58832657629586,462.8903204525746,464.97071700061497
180,River,River,River__CPT2,Quaternary,MASW,1.65,115.33052569156412,4.0,137.47020610388591,162.67382994642182,167.4203422174414,149.5419838387972,149.5419838387972
181,River,River,River__CPT2,Quaternary,MASW,2.7,164.93791717262042,4.0,168.07501063340683,183.15728075795482,189.7866829022539,175.45415900165816,175.45415900165816
182,River,River,River__CPT2,Quaternary,MASW,3.65,234.05003282834616,4.0,213.22318014708006,209.30412593936634,212.97722759670168,211.25456527776313,211.25456527776313
183,River,River,River__CPT2,Quaternary,MASW,4.85,319.5102089316684,4.0,238.8225198690687,242.27313020381095,240.47458150383028,240.54163766766254,240.54163766766254
184,River,River,River__CPT2,Quaternary,MASW,6.15,322.2077314793199,4.0,250.16988235875837,259.3226403638155,251.56515554462476,254.7051519557041,254.7051519557041
185,River,River,River__CPT2,Quaternary,MASW,7.199999999999999,246.8972404710532,4.0,233.13010779475098,243.944856118856,241.5096763451785,238.4761845614022,238.4761845614022
186,River,River,River__CPT2,Quaternary,MASW,8.05,259.9961823769368,4.0,259.79783018949365,273.1284084792527,266.5411879928146,266.37974376070633,266.37974376070633
187,River,River,River__CPT2,Quaternary,MASW,9.25,239.59756278151008,4.0,258.7086868560911,276.51220540778866,266.681341703944,267.4623516697831,267.4623516697831
188,River,River,River__CPT2,Quaternary,MASW,11.0,251.45450563660305,4.0,271.10787933792653,293.5789077480144,299.5675799881359,282.1197531154262,282.1197531154262
189,River,River,River__CPT2,Quaternary,MASW,12.4,489.6128465352403,4.0,296.73617100758304,331.6873249481859,321.0720749483397,313.7254002736671,313.7254002736671
190,River,River,River__CPT2,Tertiary,MASW,14.15,693.5362539919386,4.0,377.9745366753481,418.4989718786085,424.19009303112625,397.72095116416284,413.18588509115466
191,River,River,River__CPT2,Tertiary,MASW,16.25,751.0262122133416,4.0,409.54353382312223,423.36266887960164,416.58608952326966,416.3957774782792,418.8075811928236
192,River,River,River__CPT5,Quaternary,MASW,2.05,202.0,4.0,190.64499239366157,171.49842311205953,176.4567831465329,180.8184602570312,180.8184602570312
193,River,River,River__CPT5,Quaternary,MASW,3.65,211.3071752491552,4.0,187.13946826799517,194.96707476814302,194.5449174243098,191.01317939314234,191.01317939314234
194,River,River,River__CPT5,Quaternary,MASW,4.65,217.06157804322785,4.0,186.92904391994932,204.8350321121962,208.63921580272213,195.67732805321347,195.67732805321347
195,River,River,River__CPT5,Quaternary,MASW,5.65,292.9070627467941,4.0,233.35048573208962,233.25876543755558,231.9840672327083,233.30462107751123,233.30462107751123
196,River,River,River__CPT5,Quaternary,MASW,6.7,325.46149347739083,4.0,255.0897915257355,257.91832439916226,256.78261293155794,256.5001590674933,256.5001590674933
197,River,River,River__CPT5,Quaternary,MASW,8.1,276.7262155606347,4.0,244.11553715003035,244.7510897373539,243.13913092986434,244.4331068805726,244.4331068805726
198,River,River,River__CPT5,Quaternary,MASW,9.75,259.21651334725726,4.0,254.69194686214502,264.0213569986916,270.59668840860655,259.3146995971925,259.3146995971925
199,River,River,River__CPT5,Quaternary,MASW,11.35,263.8911524267684,4.0,261.69930835026764,293.3771999652143,290.6178860333833,277.0859258725256,277.0859258725256
200,River,River,River__CPT5,Tertiary,MASW,13.1,445.1012939042873,4.0,343.30573858285646,406.4175536426403,412.3962564227794,373.53109432324953,373.53109432324953
201,River,River,River__CPT5,Tertiary,MASW,14.65,499.49813265589256,4.0,381.8284488662569,410.0212432711844,417.7207910218756,395.6738244064807,402.9228575170154
202,River,River,River__CPT5,Tertiary,MASW,16.4,670.414393337913,4.0,416.7994782416882,420.2352607847119,416.40818117017983,418.51384377798985,416.28589703756023
203,River,River,River__CPT5,Tertiary,MASW,18.0,646.2767046306219,4.0,421.2269800776101,424.8843117562616,424.91242321023987,423.05169367755013,422.74256169263225
204,River,River,River__CPT5,Tertiary,MASW,19.45,650.1372413207323,4.0,440.81830379361327,438.0596849841368,440.47183107432204,439.43682969804837,438.2118814692214
205,River,River,River__CPT7,Quaternary,MASW,1.75,230.0,4.0,180.4433311447963,170.1436170542611,160.58733915526784,175.21781026566757,175.21781026566757
206,River,River,River__CPT7,Quaternary,MASW,3.1,176.88507959680965,4.0,212.57093868145753,198.646387717797,205.45263917174063,205.49075186697056,205.49075186697056
207,River,River,River__CPT7,Quaternary,MASW,4.25,215.8194474926102,4.0,244.53042502936847,252.69804327791,249.11432107267973,248.58069097747128,248.58069097747128
208,River,River,River__CPT7,Quaternary,MASW,5.65,215.6930991940163,4.0,244.1604424642307,232.37292360034712,241.17457848339947,238.19377792664437,238.19377792664437
209,River,River,River__CPT7,Quaternary,MASW,7.05,304.0688582275734,4.0,235.46257355542724,231.8247546352601,233.15475911614985,233.636583908158,233.636583908158
210,River,River,River__CPT7,Quaternary,MASW,8.0,318.12506802788243,4.0,250.4186936091682,250.9263537879888,252.82891540967069,250.67239518483106,250.67239518483106
211,River,River,River__CPT7,Quaternary,MASW,8.95,217.8391962302913,4.0,250.27162619574477,254.8207838754152,255.1206107019335,252.53596173411538,252.53596173411538
212,River,River,River__CPT7,Quaternary,MASW,9.9,236.6873001066819,4.0,271.79838816300673,275.0800585375279,280.1818558879473,273.4343002007715,273.4343002007715
213,River,River,River__CPT7,Quaternary,MASW,11.0,236.26600586720053,4.0,277.3950553557022,299.7619468816891,306.35263982910675,288.3617204983685,288.3617204983685
214,River,River,River__CPT7,Quaternary,MASW,11.9,277.38594435616045,4.0,313.3222442992068,315.5290196123545,317.3223737137875,314.4236959366632,314.4236959366632
215,River,River,River__CPT7,Quaternary,MASW,12.75,313.4911476710846,4.0,349.6989023514593,370.80466872436295,366.6681392559149,360.097189158297,360.097189158297
216,River,River,River__CPT7,Quaternary,MASW,13.85,310.73352908732784,4.0,356.87099923916725,382.9841380618879,382.845286257191,369.6970814638616,369.6970814638616
217,River,River,River__CPT7,Quaternary,MASW,14.9,713.9594253985106,4.0,377.3025660790254,430.3464718828265,436.64256027100794,402.9526375946005,418.51780054906834
218,River,River,River__CPT7,Quaternary,MASW,16.3,773.4776656548057,4.0,412.1364456130494,436.6424685698657,436.81313340810783,424.2125351755795,431.08024288019766
510,Tömő u. 23,Tömő u. 23,Tömő u. 23__CPT2,Quaternary,MASW,2.5,145.07791806916796,4.0,184.44069727740322,186.67998577957846,186.8617842336288,185.55696361204332,185.55696361204332
511,Tömő u. 23,Tömő u. 23,Tömő u. 23__CPT2,Quaternary,MASW,3.5,135.77595066181453,4.0,175.52842720906176,199.50284131658492,198.22080476347224,187.13209227719122,187.13209227719122
512,Tömő u. 23,Tömő u. 23,Tömő u. 23__CPT2,Quaternary,MASW,4.5,207.83062350057065,4.0,220.1253314799036,221.78341280325515,220.920671962645,220.95281681857065,220.95281681857065
513,Tömő u. 23,Tömő u. 23,Tömő u. 23__CPT2,Quaternary,MASW,5.5,241.49697661905745,4.0,226.59790944132672,233.1298089222188,235.99140722386454,229.84065639096738,229.84065639096738
514,Tömő u. 23,Tömő u. 23,Tömő u. 23__CPT2,Quaternary,MASW,6.5,220.1001456011517,4.0,223.73035109082366,233.13004508593258,232.83987462597295,228.38184436792528,228.38184436792528
515,Tömő u. 23,Tömő u. 23,Tömő u. 23__CPT2,Quaternary,MASW,7.5,192.10938907392375,4.0,232.10291562724709,236.3099310737739,236.06655859171647,234.19697691024263,234.19697691024263
516,Tömő u. 23,Tömő u. 23,Tömő u. 23__CPT2,Quaternary,MASW,8.5,173.70283986615854,4.0,233.19572713408786,231.30536373927515,230.52483305030282,232.2486221427266,232.2486221427266
517,Tömő u. 23,Tömő u. 23,Tömő u. 23__CPT2,Quaternary,MASW,9.5,220.16264992636596,4.0,281.0289484057695,269.0187239545828,258.1462415123994,274.9582679142753,274.9582679142753
518,Tömő u. 23,Tömő u. 23,Tömő u. 23__CPT2,Quaternary,MASW,10.5,204.12092081968143,4.0,282.2764166937847,260.8528993764086,259.35079189170375,271.3533152923638,271.3533152923638
519,Tömő u. 23,Tömő u. 23,Tömő u. 23__CPT2,Quaternary,MASW,11.5,232.16348896923972,4.0,308.1988143379997,300.00528388589174,290.43148131757647,304.0744527065152,304.0744527065152
520,Tömő u. 23,Tömő u. 23,Tömő u. 23__CPT2,Quaternary,MASW,12.5,208.5698011236357,4.0,298.48485104538105,290.25695987033316,287.78177217351947,294.3421570753696,294.3421570753696
521,Tömő u. 23,Tömő u. 23,Tömő u. 23__CPT2,Quaternary,MASW,13.5,221.35743614256288,4.0,328.7673503830447,308.5102788148845,303.6886507545275,318.47779660739934,318.47779660739934
522,Tömő u. 23,Tömő u. 23,Tömő u. 23__CPT2,Quaternary,MASW,14.5,437.1449424002657,4.0,344.1300886480936,311.11579291368855,312.20669867782107,327.20682357678527,327.20682357678527
523,Tömő u. 23,Tömő u. 23,Tömő u. 23__CPT2,Quaternary,MASW,15.45,462.6168452811813,4.0,363.4375929676151,335.0491297130205,334.8558994792603,348.9547953944673,348.9547953944673
496,Tömő u. 23,Tömő u. 23,Tömő u. 23__Cpt1,Quaternary,MASW,1.5,195.33301458310092,4.0,170.39899594391446,169.2950816053183,169.98172073693527,169.84614191611573,169.84614191611573
497,Tömő u. 23,Tömő u. 23,Tömő u. 23__Cpt1,Quaternary,MASW,2.5,192.41851868248412,4.0,185.02225136762243,185.18141577790163,192.74717560331027,185.10181646507726,185.10181646507726
498,Tömő u. 23,Tömő u. 23,Tömő u. 23__Cpt1,Quaternary,MASW,3.5,208.20137017551997,4.0,190.41004128694985,212.09865035415305,206.98944383008404,200.96196846876433,200.96196846876433
499,Tömő u. 23,Tömő u. 23,Tömő u. 23__Cpt1,Quaternary,MASW,4.5,192.24780332045268,4.0,217.86994823959512,227.72488722223815,227.61752131043994,222.7429222039989,222.7429222039989
500,Tömő u. 23,Tömő u. 23,Tömő u. 23__Cpt1,Quaternary,MASW,5.5,180.71573428578316,4.0,233.20331910764978,238.82868125050808,238.0859193924275,235.99923975665993,235.99923975665993
501,Tömő u. 23,Tömő u. 23,Tömő u. 23__Cpt1,Quaternary,MASW,6.5,171.01706808707598,4.0,230.04916759519213,234.36787978504515,234.77848085972315,232.19848331890478,232.19848331890478
502,Tömő u. 23,Tömő u. 23,Tömő u. 23__Cpt1,Quaternary,MASW,7.5,188.8576036691429,4.0,229.80879153847732,232.6446656418724,233.60411675360135,231.22238098642583,231.22238098642583
503,Tömő u. 23,Tömő u. 23,Tömő u. 23__Cpt1,Quaternary,MASW,8.5,245.96683319461823,4.0,259.77911055736706,260.7569937993784,253.36585638635407,260.2675929131696,260.2675929131696
504,Tömő u. 23,Tömő u. 23,Tömő u. 23__Cpt1,Quaternary,MASW,9.5,283.93973209690654,4.0,257.91727360343396,245.17423444932146,250.1066100777577,251.46504748568557,251.46504748568557
505,Tömő u. 23,Tömő u. 23,Tömő u. 23__Cpt1,Tertiary,MASW,10.5,305.5845956841096,4.0,268.21890848142397,259.83454183618466,259.62149038421836,263.99344157965805,263.99344157965805
506,Tömő u. 23,Tömő u. 23,Tömő u. 23__Cpt1,Tertiary,MASW,11.5,318.64401219028895,4.0,286.79297108111945,281.8340351457634,279.2249743783947,284.3026913190131,284.3026913190131
507,Tömő u. 23,Tömő u. 23,Tömő u. 23__Cpt1,Tertiary,MASW,12.5,322.0731260784149,4.0,298.71699739451316,294.96080028121816,288.8736352018613,296.832957417279,296.832957417279
508,Tömő u. 23,Tömő u. 23,Tömő u. 23__Cpt1,Tertiary,MASW,13.5,319.8451162543098,4.0,307.09955842730824,307.905378732081,300.7370302267959,307.502204619764,307.502204619764
509,Tömő u. 23,Tömő u. 23,Tömő u. 23__Cpt1,Tertiary,MASW,14.1,322.0,4.0,303.4543258343458,300.0305868168718,292.8555123590652,301.73760032882376,301.73760032882376
