model,rmse_mps,mae_mps,r2,bias_mps
xgboost,65.72669352006874,46.79804728824727,0.5322719004567663,-5.252186413284717
lightgbm,68.22472801359768,48.76628301698267,0.4960429586242556,-4.268345340275435
hist_gradient_boosting,69.01984280493429,49.31475898412233,0.4842279267464452,-3.24100007460843
