row_id,group_project,test_method,geo_age,vs_meas_mps,prediction,fold,lower_90,upper_90,covered_90,lower_80,upper_80,covered_80
64,Futo u,SCPT,Quaternary,261.0,226.76624292333966,1,0.0,558.4119043154292,True,0.0,523.8235794275926,True
65,Futo u,SCPT,Quaternary,350.0,232.75658253719268,1,0.0,564.4022439292822,True,0.0,529.8139190414456,True
66,Futo u,SCPT,Quaternary,195.0,229.4021171844869,1,0.0,561.0477785765764,True,0.0,526.4594536887398,True
67,Futo u,SCPT,Quaternary,350.0,247.06033054462387,1,0.0,578.7059919367134,True,0.0,544.1176670488768,True
68,Futo u,SCPT,Quaternary,310.0,244.66375008145747,1,0.0,576.309411473547,True,0.0,541.7210865857104,True
69,Futo u,SCPT,Quaternary,446.0,252.91582739336263,1,0.0,584.5614887854522,True,0.0,549.9731638976156,True
70,Futo u,SCPT,Tertiary,284.0,267.8689816306505,1,0.0,599.5146430227401,True,0.0,564.9263181349035,True
71,Futo u,SCPT,Tertiary,243.0,275.26824483608016,1,0.0,606.9139062281697,True,0.0,572.3255813403331,True
72,Futo u,SCPT,Tertiary,333.0,292.2071318880743,1,0.0,623.8527932801638,True,0.0,589.2644683923272,True
73,Futo u,SCPT,Tertiary,276.0,319.32784628362816,1,0.0,650.9735076757177,True,22.27050977937523,616.3851827878811,True
74,Futo u,SCPT,Tertiary,430.0,337.0926950050267,1,5.447033612937162,668.7383563971163,True,40.03535850077378,634.1500315092796,True
75,Futo u,SCPT,Tertiary,366.0,339.195061982756,1,7.549400590666437,670.8407233748455,True,42.13772547850306,636.2523984870089,True
76,Futo u,SCPT,Tertiary,341.0,359.81807903924783,1,28.172417647158284,691.4637404313373,True,62.760742534994904,656.8754155435008,True
77,Futo u,SCPT,Tertiary,435.0,385.7624523966766,1,54.11679100458707,717.4081137887662,True,88.70511589242369,682.8197889009296,True
78,Futo u,SCPT,Tertiary,369.0,405.4247483468409,1,73.77908695475134,737.0704097389305,True,108.36741184258796,702.4820848510938,True
79,Futo u,SCPT,Tertiary,481.0,456.76789093363317,1,125.12222954154362,788.4135523257228,True,159.71055442938024,753.825227437886,True
80,Futo u,SCPT,Quaternary,170.0,177.10468609495652,1,0.0,508.75034748704604,True,0.0,474.1620225992094,True
81,Futo u,SCPT,Quaternary,310.0,248.21161007999072,1,0.0,579.8572714720802,True,0.0,545.2689465842436,True
82,Futo u,SCPT,Quaternary,230.0,228.7407663345026,1,0.0,560.3864277265922,True,0.0,525.7981028387555,True
83,Futo u,SCPT,Quaternary,378.0,226.97548976607945,1,0.0,558.621151158169,True,0.0,524.0328262703324,True
84,Futo u,SCPT,Quaternary,289.0,254.1499083780507,1,0.0,585.7955697701402,True,0.0,551.2072448823036,True
85,Futo u,SCPT,Tertiary,319.0,273.7098168411598,1,0.0,605.3554782332494,True,0.0,570.7671533454127,True
86,Futo u,SCPT,Tertiary,225.0,294.6575927423254,1,0.0,626.3032541344149,True,0.0,591.7149292465783,True
87,Futo u,SCPT,Tertiary,180.0,314.8871958908739,1,0.0,646.5328572829635,True,17.829859386620967,611.9445323951268,True
88,Futo u,SCPT,Tertiary,200.0,354.76187125090433,1,23.116209858814784,686.4075326429938,True,57.704534746651404,651.8192077551573,True
89,Futo u,SCPT,Tertiary,240.0,360.4832399893921,1,28.837578597302524,692.1289013814817,True,63.425903485139145,657.540576493645,True
90,Futo u,SCPT,Tertiary,280.0,386.0218644950575,1,54.37620310296796,717.6675258871471,True,88.96452799080458,683.0792009993104,True
91,Futo u,SCPT,Tertiary,325.0,375.0805775663651,1,43.43491617427554,706.7262389584546,True,78.02324106211216,672.1379140706181,True
92,Futo u,SCPT,Tertiary,340.0,397.30607371678775,1,65.6604123246982,728.9517351088773,True,100.24873721253482,694.3634102210407,True
93,Futo u,SCPT,Tertiary,330.0,418.946445721686,1,87.30078432959647,750.5921071137756,True,121.88910921743309,716.003782225939,True
94,Futo u,SCPT,Tertiary,325.0,461.767914298918,1,130.12225290682846,793.4135756910075,True,164.71057779466508,758.825250803171,True
326,Lang,MASW,Quaternary,187.0,170.26251356559285,1,0.0,501.9081749576824,True,0.0,467.31985006984576,True
327,Lang,MASW,Quaternary,193.0,232.31829243911008,1,0.0,563.9639538311997,True,0.0,529.375628943363,True
328,Lang,MASW,Quaternary,200.0,221.73208118895218,1,0.0,553.3777425810417,True,0.0,518.7894176932051,True
329,Lang,MASW,Quaternary,210.0,231.37950806491773,1,0.0,563.0251694570072,True,0.0,528.4368445691707,True
330,Lang,MASW,Quaternary,221.0,224.89496982978264,1,0.0,556.5406312218722,True,0.0,521.9523063340356,True
331,Lang,MASW,Quaternary,238.0,242.20323100947354,1,0.0,573.848892401563,True,0.0,539.2605675137265,True
332,Lang,MASW,Quaternary,259.0,260.1470134659492,1,0.0,591.7926748580387,True,0.0,557.2043499702022,True
333,Lang,MASW,Quaternary,268.0,294.4069661409267,1,0.0,626.0526275330162,True,0.0,591.4643026451797,True
334,Lang,MASW,Quaternary,285.0,315.1070774138743,1,0.0,646.7527388059639,True,18.04974090962139,612.1644139181273,True
335,Lang,MASW,Tertiary,294.0,320.14606252630546,1,0.0,651.7917239183951,True,23.088726022052526,617.2033990305583,True
336,Lang,MASW,Tertiary,300.0,350.26576138948064,1,18.620099997391094,681.9114227815702,True,53.208424885227714,647.3230978937336,True
337,Lang,MASW,Tertiary,313.0,358.90512397122365,1,27.259462579134095,690.5507853633133,True,61.847787466970715,655.9624604754765,True
338,Lang,MASW,Tertiary,320.0,378.36088920535735,1,46.7152278132678,710.0065505974469,True,81.30355270110442,675.4182257096103,True
339,Lang,MASW,Tertiary,329.0,392.7611310529347,1,61.11546966084512,724.4067924450242,True,95.70379454868174,689.8184675571877,True
340,Lang,MASW,Tertiary,337.0,402.2363281791316,1,70.59066678704204,733.8819895712211,True,105.17899167487866,699.2936646833846,True
341,Lang,MASW,Tertiary,348.0,432.3050684041045,1,100.65940701201492,763.9507297961941,True,135.24773189985154,729.3624049083573,True
342,Lang,MASW,Tertiary,360.0,448.23132749974025,1,116.5856661076507,779.8769888918298,True,151.17399099548732,745.2886640039932,True
312,Lang,MASW,Quaternary,189.0,169.82689859023642,1,0.0,501.47255998232595,True,0.0,466.8842350944893,True
313,Lang,MASW,Quaternary,196.0,208.51033218643545,1,0.0,540.155993578525,True,0.0,505.5676686906884,True
314,Lang,MASW,Quaternary,204.0,233.17821122765145,1,0.0,564.823872619741,True,0.0,530.2355477319044,True
315,Lang,MASW,Quaternary,212.0,226.20176256368958,1,0.0,557.8474239557792,True,0.0,523.2590990679425,True
316,Lang,MASW,Quaternary,225.0,229.01871082686895,1,0.0,560.6643722189585,True,0.0,526.0760473311219,True
317,Lang,MASW,Quaternary,236.0,230.86193563350315,1,0.0,562.5075970255928,True,0.0,527.919272137756,True
318,Lang,MASW,Quaternary,255.0,256.3667678943439,1,0.0,588.0124292864334,True,0.0,553.4241043985969,True
319,Lang,MASW,Quaternary,265.0,250.0118393195108,1,0.0,581.6575007116004,True,0.0,547.0691758237638,True
320,Lang,MASW,Quaternary,271.0,276.65353136706375,1,0.0,608.2991927591534,True,0.0,573.7108678713166,True
321,Lang,MASW,Quaternary,283.0,302.8188450415989,1,0.0,634.4645064336885,True,5.7615085373459465,599.8761815458518,True
322,Lang,MASW,Tertiary,293.0,325.02764306129063,1,0.0,656.6733044533802,True,27.970306557037702,622.0849795655436,True
323,Lang,MASW,Tertiary,301.0,351.4836006489789,1,19.837939256889342,683.1292620410684,True,54.42626414472596,648.5409371532319,True
324,Lang,MASW,Tertiary,308.0,388.3296268448567,1,56.683965452767154,719.9752882369462,True,91.27229034060377,685.3869633491097,True
325,Lang,MASW,Tertiary,312.0,379.5158460663868,1,47.87018467429726,711.1615074584763,True,82.45850956213388,676.5731825706398,True
292,Lang,MASW,Quaternary,190.0,169.34443376419327,1,0.0,500.9900951562828,True,0.0,466.40177026844617,True
293,Lang,MASW,Quaternary,197.0,191.42570901812425,1,0.0,523.0713704102138,True,0.0,488.4830455223772,True
294,Lang,MASW,Quaternary,200.0,203.04310839315852,1,0.0,534.688769785248,True,0.0,500.1004448974114,True
295,Lang,MASW,Quaternary,208.0,214.93186907751155,1,0.0,546.5775304696011,True,0.0,511.9892055817645,True
296,Lang,MASW,Quaternary,218.0,212.83061318050818,1,0.0,544.4762745725977,True,0.0,509.8879496847611,True
297,Lang,MASW,Quaternary,228.0,202.15576411110632,1,0.0,533.8014255031959,True,0.0,499.2131006153593,True
298,Lang,MASW,Quaternary,239.0,215.4619729017297,1,0.0,547.1076342938193,True,0.0,512.5193094059827,True
299,Lang,MASW,Quaternary,250.0,205.22988995788236,1,0.0,536.8755513499719,True,0.0,502.2872264621353,True
300,Lang,MASW,Quaternary,260.0,264.5752544697617,1,0.0,596.2209158618513,True,0.0,561.6325909740146,True
301,Lang,MASW,Tertiary,270.0,306.87714457107893,1,0.0,638.5228059631685,True,9.819808066825999,603.9344810753319,True
302,Lang,MASW,Tertiary,280.0,329.8788149077198,1,0.0,661.5244762998093,True,32.82147840346687,626.9361514119728,True
303,Lang,MASW,Tertiary,290.0,345.2174376608313,1,13.571776268741758,676.8630990529209,True,48.16010115657838,642.2747741650842,True
304,Lang,MASW,Tertiary,297.0,390.6150281221718,1,58.96936673008224,722.2606895142613,True,93.55769161791886,687.6723646264247,True
305,Lang,MASW,Tertiary,304.0,358.6307676994464,1,26.98510630735683,690.2764290915359,True,61.57343119519345,655.6881042036994,True
306,Lang,MASW,Tertiary,310.0,358.99599493167744,1,27.350333539587893,690.6416563237669,True,61.938658427424514,656.0533314359304,True
307,Lang,MASW,Tertiary,318.0,363.5714289833983,1,31.925767591308727,695.2170903754878,True,66.51409247914535,660.6287654876512,True
308,Lang,MASW,Tertiary,325.0,397.3728143366787,1,65.72715294458914,729.0184757287682,True,100.31547783242576,694.4301508409317,True
309,Lang,MASW,Tertiary,335.0,438.71474193849565,1,107.0690805464061,770.3604033305852,True,141.65740543424272,735.7720784427486,True
310,Lang,MASW,Tertiary,348.0,423.54628436428965,1,91.9006229722001,755.1919457563793,True,126.48894786003672,720.6036208685425,True
311,Lang,MASW,Tertiary,360.0,458.3815107679383,1,126.73584937584877,790.0271721600279,True,161.3241742636854,755.4388472721912,True
432,Lang,MASW,Quaternary,160.0,170.42764490696607,1,0.0,502.0733062990556,True,0.0,467.484981411219,True
433,Lang,MASW,Quaternary,173.0,193.50137961848526,1,0.0,525.1470410105749,True,0.0,490.5587161227382,True
434,Lang,MASW,Quaternary,188.0,206.92316424630422,1,0.0,538.5688256383937,True,0.0,503.98050075055716,True
435,Lang,MASW,Quaternary,197.0,244.18946326923148,1,0.0,575.8351246613211,True,0.0,541.2467997734844,True
436,Lang,MASW,Quaternary,208.0,212.06930360773922,1,0.0,543.7149649998288,True,0.0,509.1266401119922,True
437,Lang,MASW,Quaternary,218.0,205.65513197002016,1,0.0,537.3007933621097,True,0.0,502.7124684742731,True
438,Lang,MASW,Quaternary,230.0,221.43928363681792,1,0.0,553.0849450289074,True,0.0,518.4966201410708,True
439,Lang,MASW,Quaternary,240.0,252.75206083270896,1,0.0,584.3977222247985,True,0.0,549.8093973369619,True
440,Lang,MASW,Tertiary,250.0,242.62888211520004,1,0.0,574.2745435072895,True,0.0,539.686218619453,True
441,Lang,MASW,Tertiary,263.0,286.01414715131983,1,0.0,617.6598085434093,True,0.0,583.0714836555728,True
442,Lang,MASW,Tertiary,272.0,324.2726978201939,1,0.0,655.9183592122835,True,27.21536131594098,621.3300343244468,True
443,Lang,MASW,Tertiary,281.0,340.9206362607059,1,9.274974868616368,672.5662976527955,True,43.86329975645299,637.9779727649588,True
444,Lang,MASW,Tertiary,290.0,348.59932083233275,1,16.9536594402432,680.2449822244223,True,51.54198432807982,645.6566573365857,True
445,Lang,MASW,Tertiary,298.0,405.0094118732063,1,73.36375048111677,736.6550732652959,True,107.95207536895339,702.0667483774592,True
446,Lang,MASW,Tertiary,304.0,406.230448408818,1,74.58478701672846,737.8761098009076,True,109.17311190456508,703.2877849130709,True
360,Lang,MASW,Quaternary,180.0,180.93584454490843,1,0.0,512.5815059369979,True,0.0,477.99318104916136,True
361,Lang,MASW,Quaternary,195.0,200.6464604094456,1,0.0,532.2921218015351,True,0.0,497.7037969136985,True
362,Lang,MASW,Quaternary,210.0,216.59859153233157,1,0.0,548.2442529244211,True,0.0,513.6559280365846,True
363,Lang,MASW,Quaternary,223.0,225.68932753492138,1,0.0,557.334988927011,True,0.0,522.7466640391743,True
364,Lang,MASW,Quaternary,235.0,210.82055224985683,1,0.0,542.4662136419464,True,0.0,507.8778887541098,True
365,Lang,MASW,Quaternary,247.0,251.51422459092603,1,0.0,583.1598859830156,True,0.0,548.5715610951789,True
366,Lang,MASW,Quaternary,255.0,249.41193939214574,1,0.0,581.0576007842353,True,0.0,546.4692758963987,True
367,Lang,MASW,Quaternary,268.0,247.02996949089018,1,0.0,578.6756308829797,True,0.0,544.0873059951431,True
368,Lang,MASW,Quaternary,271.0,223.00403304162973,1,0.0,554.6496944337193,True,0.0,520.0613695458826,True
369,Lang,MASW,Quaternary,274.0,257.1092511651586,1,0.0,588.7549125572482,True,0.0,554.1665876694115,True
370,Lang,MASW,Quaternary,275.0,291.45498239391907,1,0.0,623.1006437860086,True,0.0,588.512318898172,True
371,Lang,MASW,Quaternary,277.0,338.65813775706357,1,7.01247636497402,670.3037991491531,True,41.60080125281064,635.7154742613166,True
372,Lang,MASW,Tertiary,278.0,362.996821266227,1,31.351159874137466,694.6424826583166,True,65.93948476197409,660.05415777048,True
373,Lang,MASW,Tertiary,283.0,395.9415772300043,1,64.29591583791478,727.5872386220939,True,98.8842407257514,692.9989137342573,True
374,Lang,MASW,Tertiary,287.0,407.4749263830127,1,75.82926499092315,739.1205877751022,True,110.41758987875977,704.5322628872657,True
375,Lang,MASW,Tertiary,292.0,423.6930780725421,1,92.04741668045256,755.3387394646317,True,126.63574156828918,720.750414576795,True
343,Lang,MASW,Quaternary,197.0,170.70249864184484,1,0.0,502.3481600339344,True,0.0,467.75983514609777,True
344,Lang,MASW,Quaternary,210.0,223.3204189362878,1,0.0,554.9660803283773,True,0.0,520.3777554405408,True
345,Lang,MASW,Quaternary,224.0,206.23083681970593,1,0.0,537.8764982117955,True,0.0,503.28817332395886,True
346,Lang,MASW,Quaternary,233.0,231.20506906512207,1,0.0,562.8507304572116,True,0.0,528.262405569375,True
347,Lang,MASW,Quaternary,240.0,213.5397449890958,1,0.0,545.1854063811853,True,0.0,510.5970814933487,True
348,Lang,MASW,Quaternary,247.0,252.61620601614428,1,0.0,584.2618674082338,True,0.0,549.6735425203972,True
349,Lang,MASW,Quaternary,252.0,247.12503420531436,1,0.0,578.7706955974039,True,0.0,544.1823707095673,True
350,Lang,MASW,Quaternary,258.0,245.24648689444666,1,0.0,576.8921482865362,True,0.0,542.3038233986996,True
351,Lang,MASW,Quaternary,262.0,255.38051980882994,1,0.0,587.0261812009195,True,0.0,552.4378563130829,True
352,Lang,MASW,Quaternary,267.0,243.58429372181166,1,0.0,575.2299551139013,True,0.0,540.6416302260645,True
353,Lang,MASW,Quaternary,270.0,291.61683690667707,1,0.0,623.2624982987666,True,0.0,588.67417341093,True
354,Lang,MASW,Tertiary,278.0,281.03084743856044,1,0.0,612.6765088306499,True,0.0,578.0881839428134,True
355,Lang,MASW,Tertiary,282.0,371.9695018229225,1,40.323840430832945,703.615163215012,True,74.91216531866957,669.0268383271755,True
356,Lang,MASW,Tertiary,287.0,378.05912434507644,1,46.41346295298689,709.704785737166,True,81.00178784082351,675.1164608493293,True
357,Lang,MASW,Tertiary,292.0,398.4965615084454,1,66.85090011635583,730.142222900535,True,101.43922500419245,695.5538980126983,True
358,Lang,MASW,Tertiary,297.0,406.1840772952541,1,74.53841590316455,737.8297386873437,True,109.12674079100117,703.241413799507,True
359,Lang,MASW,Tertiary,303.0,427.07407800363126,1,95.4284166115417,758.7197393957208,True,130.01674149937833,724.1314145078842,True
395,Lang,MASW,Quaternary,158.0,189.47841435821184,1,0.0,521.1240757503014,True,0.0,486.53575086246474,True
396,Lang,MASW,Quaternary,177.0,200.84841269981226,1,0.0,532.4940740919018,True,0.0,497.90574920406516,True
397,Lang,MASW,Quaternary,200.0,217.69757324401328,1,0.0,549.3432346361028,True,0.0,514.7549097482662,True
398,Lang,MASW,Quaternary,225.0,240.33920443969268,1,0.0,571.9848658317823,True,0.0,537.3965409439456,True
399,Lang,MASW,Quaternary,244.0,214.09470864566595,1,0.0,545.7403700377555,True,0.0,511.1520451499189,True
400,Lang,MASW,Quaternary,260.0,233.23489302345604,1,0.0,564.8805544155456,True,0.0,530.292229527709,True
401,Lang,MASW,Quaternary,274.0,225.36654739184252,1,0.0,557.012208783932,True,0.0,522.4238838960955,True
402,Lang,MASW,Quaternary,280.0,258.0938617572612,1,0.0,589.7395231493508,True,0.0,555.1511982615141,True
403,Lang,MASW,Tertiary,283.5,302.53549021491744,1,0.0,634.181151607007,True,5.478153710664515,599.5928267191704,True
404,Lang,MASW,Tertiary,284.0,300.09055683552845,1,0.0,631.736218227618,True,3.0332203312755155,597.1478933397814,True
405,Lang,MASW,Tertiary,285.0,341.62193151116776,1,9.976270119078208,673.2675929032573,True,44.56459500691483,638.6792680154207,True
406,Lang,MASW,Tertiary,285.0,345.401523313716,1,13.755861921626433,677.0471847058055,True,48.344186809463054,642.4588598179689,True
407,Lang,MASW,Tertiary,285.0,340.4751214718865,1,8.829460079796945,672.120782863976,True,43.417784967633565,637.5324579761394,True
408,Lang,MASW,Tertiary,287.0,347.5107052434927,1,15.86504385140313,679.1563666355822,True,50.45336873923975,644.5680417477456,True
409,Lang,MASW,Tertiary,292.0,392.5302530167663,1,60.88459162467677,724.1759144088559,True,95.4729165125134,689.5875895210193,True
410,Lang,MASW,Tertiary,298.0,423.75400199107315,1,92.1083405989836,755.3996633831628,True,126.69666548682022,720.811338495326,True
411,Lang,MASW,Tertiary,309.0,429.90664047742337,1,98.26097908533382,761.5523018695129,True,132.84930397317044,726.9639769816763,True
412,Lang,MASW,Quaternary,218.0,196.8384770209569,1,0.0,528.4841384130465,True,0.0,493.89581352520986,True
413,Lang,MASW,Quaternary,224.0,226.87225142101715,1,0.0,558.5179128131067,True,0.0,523.9295879252701,True
414,Lang,MASW,Quaternary,228.0,209.13923944383478,1,0.0,540.7849008359243,True,0.0,506.1965759480877,True
415,Lang,MASW,Quaternary,235.0,212.01924844549592,1,0.0,543.6649098375855,True,0.0,509.07658494974885,True
416,Lang,MASW,Quaternary,242.0,246.936264901364,1,0.0,578.5819262934535,True,0.0,543.9936014056169,True
417,Lang,MASW,Quaternary,250.0,244.65828789421948,1,0.0,576.303949286309,True,0.0,541.7156243984724,True
418,Lang,MASW,Quaternary,258.0,240.11426106642216,1,0.0,571.7599224585117,True,0.0,537.1715975706751,True
419,Lang,MASW,Quaternary,266.0,242.83215085949408,1,0.0,574.4778122515836,True,0.0,539.889487363747,True
420,Lang,MASW,Quaternary,275.0,254.22133378320143,1,0.0,585.866995175291,True,0.0,551.2786702874544,True
421,Lang,MASW,Quaternary,281.0,273.4316712302402,1,0.0,605.0773326223298,True,0.0,570.4890077344932,True
422,Lang,MASW,Quaternary,290.0,279.4488449278099,1,0.0,611.0945063198994,True,0.0,576.5061814320628,True
423,Lang,MASW,Quaternary,294.0,302.2796075987091,1,0.0,633.9252689907987,True,5.222271094456175,599.336944102962,True
424,Lang,MASW,Tertiary,300.0,296.2995113868705,1,0.0,627.9451727789601,True,0.0,593.3568478911234,True
425,Lang,MASW,Tertiary,306.0,394.05964650085764,1,62.41398510876809,725.7053078929472,True,97.00230999660471,691.1169830051106,True
426,Lang,MASW,Tertiary,314.0,404.9359324676591,1,73.29027107556954,736.5815938597486,True,107.87859596340616,701.993268971912,True
427,Lang,MASW,Tertiary,325.0,391.88279597022574,1,60.23713457813619,723.5284573623153,True,94.82545946597281,688.9401324744787,True
428,Lang,MASW,Tertiary,334.0,411.8449260164965,1,80.19926462440696,743.4905874085861,True,114.78758951224358,708.9022625207494,True
429,Lang,MASW,Tertiary,340.0,440.1556274699365,1,108.50996607784697,771.801288862026,True,143.0982909656836,737.2129639741895,True
430,Lang,MASW,Tertiary,348.0,457.24720572543794,1,125.60154433334839,788.8928671175274,True,160.189869221185,754.3045422296909,True
431,Lang,MASW,Tertiary,360.0,448.30901825349514,1,116.66335686140559,779.9546796455847,True,151.2516817492422,745.366354757748,True
283,Lang,MASW,Quaternary,198.0,185.64103314342807,1,0.0,517.2866945355177,True,0.0,482.69836964768103,True
284,Lang,MASW,Quaternary,199.0,191.85081468245474,1,0.0,523.4964760745443,True,0.0,488.90815118670764,True
285,Lang,MASW,Quaternary,205.0,216.55867186763007,1,0.0,548.2043332597196,True,0.0,513.616008371883,True
286,Lang,MASW,Quaternary,212.0,258.07820450396844,1,0.0,589.723865896058,True,0.0,555.1355410082214,True
287,Lang,MASW,Quaternary,223.0,226.66226654656904,1,0.0,558.3079279386586,True,0.0,523.719603050822,True
288,Lang,MASW,Quaternary,234.0,215.71981181604974,1,0.0,547.3654732081393,True,0.0,512.7771483203027,True
289,Lang,MASW,Quaternary,244.0,241.68027290501578,1,0.0,573.3259342971053,True,0.0,538.7376094092688,True
290,Lang,MASW,Quaternary,254.0,270.76132877406855,1,0.0,602.406990166158,True,0.0,567.8186652783215,True
291,Lang,MASW,Quaternary,265.0,291.48802914704214,1,0.0,623.1336905391317,True,0.0,588.545365651295,True
376,Lang,MASW,Quaternary,169.0,172.13161636409197,1,0.0,503.77727775618155,True,0.0,469.1889528683449,True
377,Lang,MASW,Quaternary,190.0,199.613375644579,1,0.0,531.2590370366686,True,0.0,496.67071214883197,True
378,Lang,MASW,Quaternary,218.0,227.1692387215003,1,0.0,558.8149001135898,True,0.0,524.2265752257532,True
379,Lang,MASW,Quaternary,238.0,225.88222555832274,1,0.0,557.5278869504123,True,0.0,522.9395620625756,True
380,Lang,MASW,Quaternary,254.0,226.42361253425804,1,0.0,558.0692739263476,True,0.0,523.480949038511,True
381,Lang,MASW,Quaternary,278.0,229.36528525451368,1,0.0,561.0109466466032,True,0.0,526.4226217587666,True
382,Lang,MASW,Quaternary,279.0,260.3330843853914,1,0.0,591.978745777481,True,0.0,557.3904208896442,True
383,Lang,MASW,Quaternary,284.0,253.02039739400422,1,0.0,584.6660587860938,True,0.0,550.0777338982572,True
384,Lang,MASW,Quaternary,286.0,269.6551664955921,1,0.0,601.3008278876816,True,0.0,566.712502999845,True
385,Lang,MASW,Tertiary,286.0,292.3800624495646,1,0.0,624.0257238416541,True,0.0,589.4373989538176,True
386,Lang,MASW,Tertiary,286.0,326.1953368198927,1,0.0,657.8409982119822,True,29.138000315639772,623.2526733241457,True
387,Lang,MASW,Tertiary,282.0,345.3742629748945,1,13.72860158280497,677.019924366984,True,48.31692647064159,642.4315994791475,True
388,Lang,MASW,Tertiary,281.5,351.62627091527895,1,19.9806095231894,683.2719323073685,True,54.56893441102602,648.6836074195319,True
389,Lang,MASW,Tertiary,285.0,377.98661472971685,1,46.3409533376273,709.6322761218064,True,80.92927822546392,675.0439512339698,True
390,Lang,MASW,Tertiary,290.0,421.30775292435175,1,89.6620915322622,752.9534143164412,True,124.25041642009882,718.3650894286047,True
391,Lang,MASW,Tertiary,298.0,378.74083131832316,1,47.09516992623361,710.3864927104128,True,81.68349481407023,675.798167822576,True
392,Lang,MASW,Tertiary,309.0,425.7424178244758,1,94.09675643238626,757.3880792165653,True,128.68508132022288,722.7997543287288,True
393,Lang,MASW,Tertiary,320.0,459.5541166586973,1,127.90845526660775,791.1997780507868,True,162.49678015444437,756.6114531629503,True
394,Lang,MASW,Tertiary,333.0,461.88008135946677,1,130.23441996737722,793.5257427515563,True,164.82274485521384,758.9374178637197,True
602,Puskas,MASW,Quaternary,138.68254140664703,194.17182265128662,1,0.0,525.8174840433762,True,0.0,491.22915915553955,True
603,Puskas,MASW,Quaternary,175.6383057937299,195.58315147517928,1,0.0,527.2288128672689,True,0.0,492.64048797943224,True
604,Puskas,MASW,Quaternary,226.254185497313,206.08990834898668,1,0.0,537.7355697410762,True,0.0,503.1472448532396,True
605,Puskas,MASW,Quaternary,322.56166663971857,211.03413345642588,1,0.0,542.6797948485155,True,0.0,508.0914699606788,True
606,Puskas,MASW,Quaternary,349.5909756775834,250.96189415132474,1,0.0,582.6075555434143,True,0.0,548.0192306555776,True
607,Puskas,MASW,Quaternary,271.02729546635857,255.2740315716053,1,0.0,586.9196929636948,True,0.0,552.3313680758582,True
608,Puskas,MASW,Quaternary,212.7095348061291,233.27639587137108,1,0.0,564.9220572634606,True,0.0,530.333732375624,True
609,Puskas,MASW,Quaternary,274.51122171261454,240.44378538562685,1,0.0,572.0894467777164,True,0.0,537.5011218898798,True
610,Puskas,MASW,Quaternary,353.5717404298168,262.4164574298946,1,0.0,594.0621188219841,True,0.0,559.4737939341476,True
611,Puskas,MASW,Quaternary,351.59011300743686,280.48435474503606,1,0.0,612.1300161371256,True,0.0,577.541691249289,True
612,Puskas,MASW,Quaternary,304.20050622200347,293.7272655444261,1,0.0,625.3729269365156,True,0.0,590.7846020486791,True
613,Puskas,MASW,Tertiary,265.2928323682341,305.12654530694437,1,0.0,636.7722066990339,True,8.069208802691435,602.1838818111974,True
614,Puskas,MASW,Tertiary,310.8084916587805,328.6066304973165,1,0.0,660.252291889406,True,31.549293993063543,625.6639670015694,True
615,Puskas,MASW,Tertiary,312.0,388.01564657274855,1,56.369985180659,719.6613079648381,True,90.95831006849562,685.0729830770015,True
616,Puskas,MASW,Quaternary,173.75219099554448,188.73192607093472,1,0.0,520.3775874630243,True,0.0,485.78926257518765,True
617,Puskas,MASW,Quaternary,169.63762925377875,176.8015130510065,1,0.0,508.44717444309606,True,0.0,473.85884955525944,True
618,Puskas,MASW,Quaternary,289.2965889689008,241.46290412197612,1,0.0,573.1085655140657,True,0.0,538.520240626229,True
619,Puskas,MASW,Quaternary,284.4555282995208,232.3368795472988,1,0.0,563.9825409393884,True,0.0,529.3942160515517,True
620,Puskas,MASW,Quaternary,283.6958939452112,238.46495214157306,1,0.0,570.1106135336627,True,0.0,535.5222886458259,True
621,Puskas,MASW,Quaternary,281.5545998734863,250.12319622524325,1,0.0,581.7688576173327,True,0.0,547.1805327294962,True
622,Puskas,MASW,Quaternary,250.98040992645232,246.26079785934306,1,0.0,577.9064592514326,True,0.0,543.318134363596,True
623,Puskas,MASW,Quaternary,312.01853719663126,301.800325175961,1,0.0,633.4459865680506,True,4.742988671708076,598.8576616802139,True
624,Puskas,MASW,Quaternary,284.46017559275367,306.9453165638639,1,0.0,638.5909779559535,True,9.887980059610982,604.0026530681168,True
625,Puskas,MASW,Quaternary,306.02310728847925,339.41658095874834,1,7.77091956665879,671.0622423508379,True,42.35924445449541,636.4739174630013,True
626,Puskas,MASW,Tertiary,301.69541044289565,349.4500176398999,1,17.804356247810347,681.0956790319894,True,52.39268113564697,646.5073541441528,True
627,Puskas,MASW,Tertiary,315.54632358270493,337.2143163105435,1,5.5686549184539444,668.859977702633,True,40.156979806290565,634.2716528147964,True
628,Puskas,MASW,Tertiary,422.7887352526375,339.05919371136395,1,7.413532319274395,670.7048551034535,True,42.001857207111016,636.1165302156169,True
629,Puskas,MASW,Tertiary,424.2404683388645,356.23141852271135,1,24.5857571306218,687.8770799148009,True,59.17408201845842,653.2887550269643,True
630,Puskas,MASW,Tertiary,467.0582993691288,380.410288952646,1,48.76462756055645,712.0559503447355,True,83.35295244839307,677.467625456899,True
631,Puskas,MASW,Tertiary,477.7239513029948,380.47418277871157,1,48.828521386622015,712.1198441708011,True,83.41684627445863,677.5315192829645,True
632,Puskas,MASW,Tertiary,450.0473236722789,391.0579492634905,1,59.41228787140096,722.7036106555801,True,94.00061275923758,688.1152857677434,True
633,Puskas,MASW,Tertiary,449.6692803496859,410.7099766772156,1,79.06431528512604,742.3556380693051,True,113.65264017296266,707.7673131814686,True
634,Puskas,MASW,Tertiary,519.3171293282068,456.57235502177343,1,124.92669362968388,788.218016413863,True,159.5150185175205,753.6296915260264,True
635,Puskas,MASW,Tertiary,474.5245914648232,449.2289713084558,1,117.58330991636626,780.8746327005454,True,152.17163480420288,746.2863078127087,True
636,Puskas,MASW,Tertiary,420.604743225581,426.79584510693604,1,95.15018371484649,758.4415064990255,True,129.7385086026831,723.853181611189,True
637,Puskas,MASW,Tertiary,418.0843408364796,433.16376786578746,1,101.51810647369791,764.809429257877,True,136.10643136153453,730.2211043700404,True
638,Puskas,MASW,Tertiary,420.0,436.17841579956746,1,104.53275440747791,767.824077191657,True,139.12107929531453,733.2357523038204,True
639,Puskas,MASW,Quaternary,163.74777189115315,186.21494526937497,1,0.0,517.8606066614645,True,0.0,483.2722817736279,True
640,Puskas,MASW,Quaternary,179.81892629917368,195.6640971845568,1,0.0,527.3097585766463,True,0.0,492.7214336888097,True
641,Puskas,MASW,Quaternary,231.63812966562637,204.1461240137278,1,0.0,535.7917854058173,True,0.0,501.2034605179807,True
642,Puskas,MASW,Quaternary,269.85890736778634,208.2209780214438,1,0.0,539.8666394135333,True,0.0,505.2783145256967,True
643,Puskas,MASW,Quaternary,284.97715277718333,226.73719206602496,1,0.0,558.3828534581145,True,0.0,523.7945285702779,True
644,Puskas,MASW,Quaternary,321.91311668643067,251.731186904483,1,0.0,583.3768482965726,True,0.0,548.788523408736,True
645,Puskas,MASW,Quaternary,302.5285363643705,254.14841435540671,1,0.0,585.7940757474962,True,0.0,551.2057508596597,True
646,Puskas,MASW,Tertiary,249.9512931083937,232.35484373339753,1,0.0,564.000505125487,True,0.0,529.4121802376504,True
647,Puskas,MASW,Tertiary,276.09700022109786,250.70870401435565,1,0.0,582.3543654064451,True,0.0,547.7660405186086,True
648,Puskas,MASW,Tertiary,303.7635396941799,270.1627292432588,1,0.0,601.8083906353484,True,0.0,567.2200657475117,True
649,Puskas,MASW,Tertiary,290.5035179205965,280.51113907135067,1,0.0,612.1568004634403,True,0.0,577.5684755756035,True
650,Puskas,MASW,Tertiary,297.05205747794787,312.23678652881756,1,0.0,643.8824479209071,True,15.17945002456463,609.2941230330705,True
651,Puskas,MASW,Tertiary,275.1647179618006,304.1092779158805,1,0.0,635.7549393079701,True,7.051941411627581,601.1666144201334,True
652,Puskas,MASW,Tertiary,301.4852781605907,337.7153266845457,1,6.069665292456136,669.3609880766353,True,40.65799018029276,634.7726631887986,True
653,Puskas,MASW,Tertiary,304.3958867665379,360.66961760778423,1,29.02395621569468,692.3152789998737,True,63.6122811035313,657.7269541120372,True
654,Puskas,MASW,Tertiary,431.2908772341572,365.75889521568183,1,34.11323382359228,697.4045566077714,True,68.7015587114289,662.8162317199348,True
655,Puskas,MASW,Tertiary,447.44510304030746,377.76627196138696,1,46.12061056929741,709.4119333534766,True,80.70893545713403,674.8236084656398,True
656,Puskas,MASW,Tertiary,456.2652742066623,383.7053241439598,1,52.059662751870235,715.3509855360494,True,86.64798763970686,680.7626606482127,True
657,Puskas,MASW,Tertiary,469.3597430439654,398.14585559969646,1,66.50019420760691,729.791516991786,True,101.08851909544353,695.2031921039494,True
658,Puskas,MASW,Tertiary,451.5714428500952,405.5039052713279,1,73.85824387923833,737.1495666634174,True,108.44656876707495,702.5612417755808,True
659,Puskas,MASW,Tertiary,438.4973544759012,411.312150990527,1,79.66648959843747,742.9578123826166,True,114.25481448627409,708.36948749478,True
660,Puskas,MASW,Tertiary,498.1918044529453,447.57009274462985,1,115.9244313525403,779.2157541367194,True,150.51275624037692,744.6274292488828,True
661,Puskas,MASW,Tertiary,430.8360034864727,419.7282008645875,1,88.08253947249796,751.3738622566771,True,122.67086436033458,716.7855373688404,True
524,Puskas,MASW,Quaternary,163.18443070516346,175.24066310254653,1,0.0,506.8863244946361,True,0.0,472.29799960679946,True
525,Puskas,MASW,Quaternary,210.25515579391984,203.12405608375389,1,0.0,534.7697174758434,True,0.0,500.1813925880068,True
526,Puskas,MASW,Quaternary,195.19172023592088,204.99920686549646,1,0.0,536.644868257586,True,0.0,502.0565433697494,True
527,Puskas,MASW,Quaternary,246.706066828521,249.5952196287781,1,0.0,581.2408810208676,True,0.0,546.652556133031,True
528,Puskas,MASW,Quaternary,285.97711503811126,253.1057341321736,1,0.0,584.7513955242632,True,0.0,550.1630706364265,True
529,Puskas,MASW,Tertiary,234.8737739152925,231.6211133785469,1,0.0,563.2667747706364,True,0.0,528.6784498827999,True
530,Puskas,MASW,Tertiary,312.9671055278385,289.03223849154205,1,0.0,620.6778998836317,True,0.0,586.0895749957949,True
531,Puskas,MASW,Tertiary,276.2181107129158,270.3958287745792,1,0.0,602.0414901666687,True,0.0,567.4531652788321,True
532,Puskas,MASW,Tertiary,324.4570490369466,301.2811272991801,1,0.0,632.9267886912696,True,4.223790794927197,598.3384638034331,True
533,Puskas,MASW,Tertiary,311.63967452618743,319.0206743713833,1,0.0,650.6663357634728,True,21.96333786713035,616.0780108756362,True
534,Puskas,MASW,Tertiary,295.5140211867028,305.1560418525378,1,0.0,636.8017032446273,True,8.098705348284852,602.2133783567907,True
535,Puskas,MASW,Tertiary,335.13074954740495,373.44867535835687,1,41.803013966267315,705.0943367504465,True,76.39133885410394,670.5060118626097,True
536,Puskas,MASW,Tertiary,323.96592211186413,352.6749628621329,1,21.029301470043322,684.3206242542224,True,55.61762635787994,649.7322993663859,True
537,Puskas,MASW,Tertiary,437.4866573166197,447.8567673552172,1,116.21110596312764,779.5024287473068,True,150.79943085096426,744.9141038594701,True
538,Puskas,MASW,Tertiary,413.7721971704041,428.3888924748331,1,96.74323108274353,760.0345538669226,True,131.33155597058015,725.4462289790861,True
539,Puskas,MASW,Tertiary,341.0583951550048,406.0450930770827,1,74.39943168499315,737.6907544691722,True,108.98775657282977,703.1024295813356,True
540,Puskas,MASW,Quaternary,207.27264054799303,211.83535009359858,1,0.0,543.4810114856881,True,0.0,508.8926865978515,True
541,Puskas,MASW,Quaternary,158.72141746342407,177.4266529271007,1,0.0,509.07231431919024,True,0.0,474.4839894313536,True
542,Puskas,MASW,Quaternary,215.63788526793937,213.7670653519782,1,0.0,545.4127267440678,True,0.0,510.82440185623113,True
543,Puskas,MASW,Quaternary,206.6519916051882,226.05535999401505,1,0.0,557.7010213861046,True,0.0,523.112696498268,True
544,Puskas,MASW,Quaternary,244.4049327006428,244.91413674651915,1,0.0,576.5597981386087,True,0.0,541.9714732507721,True
545,Puskas,MASW,Quaternary,300.54341875664136,253.50336686315475,1,0.0,585.1490282552443,True,0.0,550.5607033674077,True
546,Puskas,MASW,Tertiary,257.4156054634633,248.36540796241047,1,0.0,580.0110693545,True,0.0,545.4227444666634,True
547,Puskas,MASW,Tertiary,289.92602749610785,271.2291962617294,1,0.0,602.8748576538189,True,0.0,568.2865327659823,True
548,Puskas,MASW,Tertiary,269.63528133696855,267.42316131667303,1,0.0,599.0688227087626,True,0.0,564.480497820926,True
549,Puskas,MASW,Tertiary,296.4125627351424,298.7171242247379,1,0.0,630.3627856168275,True,1.6597877204849851,595.7744607289908,True
550,Puskas,MASW,Tertiary,332.81720212636026,331.0994632128038,1,0.0,662.7451246048934,True,34.04212670855088,628.1567997170567,True
551,Puskas,MASW,Tertiary,319.0,326.90891063121,1,0.0,658.5545720232996,True,29.851574126957075,623.9662471354629,True
552,Puskas,MASW,Quaternary,203.07003454043985,212.57943138953266,1,0.0,544.2250927816222,True,0.0,509.6367678937856,True
553,Puskas,MASW,Quaternary,164.1698805554823,186.4236306598597,1,0.0,518.0692920519492,True,0.0,483.4809671641126,True
554,Puskas,MASW,Quaternary,226.5301257540227,221.006584759169,1,0.0,552.6522461512585,True,0.0,518.0639212634219,True
555,Puskas,MASW,Quaternary,214.0557725227909,232.92304899001542,1,0.0,564.568710382105,True,0.0,529.9803854942684,True
556,Puskas,MASW,Quaternary,228.08041455768125,245.31078608442192,1,0.0,576.9564474765115,True,0.0,542.3681225886749,True
557,Puskas,MASW,Quaternary,286.4074786821876,255.6836178224371,1,0.0,587.3292792145267,True,0.0,552.74095432669,True
558,Puskas,MASW,Tertiary,264.2290965879465,266.3167625156167,1,0.0,597.9624239077062,True,0.0,563.3740990198696,True
559,Puskas,MASW,Tertiary,294.3799419997476,287.6674652404821,1,0.0,619.3131266325717,True,0.0,584.724801744735,True
560,Puskas,MASW,Tertiary,316.6613959944379,303.81025208881306,1,0.0,635.4559134809026,True,6.752915584560128,600.867588593066,True
561,Puskas,MASW,Tertiary,320.1817390435761,312.98923812262933,1,0.0,644.6348995147189,True,15.9319016183764,610.0465746268823,True
562,Puskas,MASW,Tertiary,292.3243246637816,307.0797020929605,1,0.0,638.72536348505,True,10.022365588707544,604.1370385972134,True
563,Puskas,MASW,Tertiary,293.2251197283667,320.3226025579834,1,0.0,651.9682639500729,True,23.265266053730443,617.3799390622363,True
564,Puskas,MASW,Quaternary,190.9938787397064,205.3123168216347,1,0.0,536.9579782137242,True,0.0,502.3696533258876,True
565,Puskas,MASW,Quaternary,191.8727199208419,205.52681377717124,1,0.0,537.1724751692608,True,0.0,502.5841502814242,True
566,Puskas,MASW,Quaternary,225.42125665162249,229.43509026676017,1,0.0,561.0807516588497,True,0.0,526.4924267710131,True
567,Puskas,MASW,Quaternary,215.9984124182276,235.52664826143248,1,0.0,567.172309653522,True,0.0,532.5839847656854,True
568,Puskas,MASW,Quaternary,230.9055854621707,242.40127658450265,1,0.0,574.0469379765922,True,0.0,539.4586130887556,True
569,Puskas,MASW,Quaternary,263.38069592274184,250.31767289732147,1,0.0,581.963334289411,True,0.0,547.3750094015744,True
570,Puskas,MASW,Tertiary,251.39253454287743,253.39275166512795,1,0.0,585.0384130572174,True,0.0,550.4500881693809,True
571,Puskas,MASW,Tertiary,312.61877516206926,296.93161436929756,1,0.0,628.5772757613871,True,0.0,593.9889508735505,True
572,Puskas,MASW,Tertiary,317.55627388021264,306.5658484240979,1,0.0,638.2115098161875,True,9.508511919844977,603.6231849283508,True
573,Puskas,MASW,Tertiary,294.56513068992183,295.38241864532347,1,0.0,627.028080037413,True,0.0,592.4397551495764,True
574,Puskas,MASW,Tertiary,306.618003282423,313.58760859104837,1,0.0,645.2332699831379,True,16.530272086795435,610.6449450953013,True
575,Puskas,MASW,Tertiary,309.0054926016797,327.2257167740972,1,0.0,658.8713781661868,True,30.16838026984425,624.28305327835,True
576,Puskas,MASW,Tertiary,373.22921534716966,363.125669572836,1,31.480008180746438,694.7713309649255,True,66.06833306858306,660.183006077089,True
577,Puskas,MASW,Tertiary,373.4975912838863,360.1371946630219,1,28.491533270932337,691.7828560551114,True,63.07985815876896,657.1945311672748,True
578,Puskas,MASW,Tertiary,400.1815312092543,403.9571799964749,1,72.31151860438536,735.6028413885645,True,106.89984349222198,701.0145165007278,True
579,Puskas,MASW,Tertiary,350.6081552017557,381.5064708558725,1,49.86080946378297,713.1521322479621,True,84.44913435161959,678.5638073601255,True
580,Puskas,MASW,Tertiary,374.65111799992616,402.9924474201825,1,71.34678602809294,734.6381088122721,True,105.93511091592956,700.0497839244354,True
581,Puskas,MASW,Tertiary,378.7647664543246,409.1558708176563,1,77.51020942556676,740.8015322097458,True,112.09853431340338,706.2132073219093,True
582,Puskas,MASW,Quaternary,166.46592004006249,191.43099335449696,1,0.0,523.0766547465865,True,0.0,488.4883298587499,True
583,Puskas,MASW,Quaternary,213.10110515722656,222.9387330992242,1,0.0,554.5843944913138,True,0.0,519.9960696034772,True
584,Puskas,MASW,Quaternary,255.60486092847967,241.26970905735632,1,0.0,572.9153704494458,True,0.0,538.3270455616092,True
585,Puskas,MASW,Quaternary,214.86118457919997,235.49837624944405,1,0.0,567.1440376415336,True,0.0,532.555712753697,True
586,Puskas,MASW,Quaternary,213.649738774907,241.62899680667493,1,0.0,573.2746581987644,True,0.0,538.6863333109279,True
587,Puskas,MASW,Quaternary,265.60177278354627,250.04070236723425,1,0.0,581.6863637593237,True,0.0,547.0980388714872,True
588,Puskas,MASW,Tertiary,285.95755638825125,266.07170273786915,1,0.0,597.7173641299587,True,0.0,563.1290392421221,True
589,Puskas,MASW,Tertiary,270.55175189310285,265.5475317828559,1,0.0,597.1931931749455,True,0.0,562.6048682871088,True
590,Puskas,MASW,Tertiary,300.2910177067554,283.6271090785183,1,0.0,615.2727704706078,True,0.0,580.6844455827712,True
591,Puskas,MASW,Tertiary,329.2169595598079,312.45928596088436,1,0.0,644.1049473529739,True,15.401949456631428,609.5166224651373,True
592,Puskas,MASW,Tertiary,304.37851762332224,318.6751187128325,1,0.0,650.320780104922,True,21.61778220857957,615.7324552170854,True
593,Puskas,MASW,Tertiary,305.9080287175228,336.0535619033864,1,4.407900511296873,667.699223295476,True,38.99622539913349,633.1108984076393,True
594,Puskas,MASW,Tertiary,339.95832130039133,360.10845189827154,1,28.46279050618199,691.7541132903611,True,63.05111539401861,657.1657884025244,True
595,Puskas,MASW,Tertiary,346.8125163840661,371.6136760972659,1,39.96801470517636,703.2593374893554,True,74.55633959301298,668.6710126015189,True
596,Puskas,MASW,Tertiary,396.8175641011732,395.09871704564694,1,63.453055653557385,726.7443784377365,True,98.041380541394,692.1560535498999,True
597,Puskas,MASW,Tertiary,400.8088318143445,392.3771218993709,1,60.73146050728133,724.0227832914604,True,95.31978539511795,689.4344584036238,True
598,Puskas,MASW,Tertiary,401.38662122891856,406.10191145467365,1,74.4562500625841,737.7475728467632,True,109.04457495042072,703.1592479589266,True
599,Puskas,MASW,Tertiary,387.9174824560795,424.1291509993521,1,92.48348960726253,755.7748123914416,True,127.07181449509915,721.186487503605,True
600,Puskas,MASW,Tertiary,585.5471353150621,442.81423312681875,1,111.1685717347292,774.4598945189083,True,145.75689662256582,739.8715696310717,True
601,Puskas,MASW,Tertiary,596.7310192112477,449.18166179207367,1,117.53600039998412,780.8273231841632,True,152.12432528782074,746.2389982963266,True
713,Puskas,MASW,Quaternary,171.0314970781803,200.75003468603444,1,0.0,532.395696078124,True,0.0,497.80737119028737,True
714,Puskas,MASW,Quaternary,174.830611629113,200.69306501215658,1,0.0,532.3387264042461,True,0.0,497.7504015164095,True
715,Puskas,MASW,Quaternary,282.7262832406957,217.16844625368037,1,0.0,548.8141076457699,True,0.0,514.2257827579333,True
716,Puskas,MASW,Quaternary,306.5356378035019,231.3244525936813,1,0.0,562.9701139857708,True,0.0,528.3817890979342,True
717,Puskas,MASW,Quaternary,312.2893837504623,234.51627336438892,1,0.0,566.1619347564784,True,0.0,531.5736098686418,True
718,Puskas,MASW,Quaternary,262.9702795858493,236.3669684010432,1,0.0,568.0126297931328,True,0.0,533.4243049052961,True
719,Puskas,MASW,Tertiary,222.69904339522503,235.77538813464722,1,0.0,567.4210495267367,True,0.0,532.8327246389001,True
720,Puskas,MASW,Tertiary,255.54170957214,263.6721567601943,1,0.0,595.3178181522838,True,0.0,560.7294932644472,True
721,Puskas,MASW,Tertiary,279.65852833582034,281.8481022422916,1,0.0,613.4937636343811,True,0.0,578.9054387465445,True
722,Puskas,MASW,Tertiary,273.2041046674423,292.7652900726175,1,0.0,624.4109514647071,True,0.0,589.8226265768704,True
723,Puskas,MASW,Tertiary,381.6608848999902,296.4168514085762,1,0.0,628.0625128006657,True,0.0,593.4741879128292,True
724,Puskas,MASW,Tertiary,449.10579272697487,353.8689506417072,1,22.223289249617665,685.5146120337968,True,56.811614137454285,650.9262871459601,True
725,Puskas,MASW,Quaternary,168.69504845605218,199.63784902923186,1,0.0,531.2835104213214,True,0.0,496.6951855334848,True
726,Puskas,MASW,Quaternary,207.9253707484521,225.6136718446276,1,0.0,557.2593332367171,True,0.0,522.6710083488805,True
727,Puskas,MASW,Quaternary,257.99427658201216,230.47112256826372,1,0.0,562.1167839603532,True,0.0,527.5284590725166,True
728,Puskas,MASW,Quaternary,320.2919012268393,240.15893549702636,1,0.0,571.8045968891159,True,0.0,537.2162720012793,True
729,Puskas,MASW,Quaternary,310.9060148185139,240.96227201364985,1,0.0,572.6079334057395,True,0.0,538.0196085179027,True
730,Puskas,MASW,Quaternary,291.42084093425814,239.793129393871,1,0.0,571.4387907859606,True,0.0,536.850465898124,True
731,Puskas,MASW,Quaternary,248.00923213838368,255.7373234596376,1,0.0,587.3829848517271,True,0.0,552.7946599638906,True
732,Puskas,MASW,Tertiary,222.89708592256488,248.91867714377122,1,0.0,580.5643385358608,True,0.0,545.9760136480241,True
733,Puskas,MASW,Tertiary,254.90147403751453,279.1243719709403,1,0.0,610.7700333630298,True,0.0,576.1817084751932,True
734,Puskas,MASW,Tertiary,297.3943196732986,304.88236376871964,1,0.0,636.5280251608092,True,7.825027264466712,601.9397002729726,True
735,Puskas,MASW,Tertiary,348.0762091527139,305.86087643724045,1,0.0,637.50653782933,True,8.803539932987519,602.9182129414934,True
736,Puskas,MASW,Tertiary,412.7767692618326,339.4777094749026,1,7.83204808281306,671.1233708669922,True,42.42037297064968,636.5350459791555,True
737,Puskas,MASW,Tertiary,401.7184754897793,329.8667030776758,1,0.0,661.5123644697653,True,32.80936657342289,626.9240395819288,True
738,Puskas,MASW,Tertiary,412.2886177356382,347.0145363130806,1,15.368874920991061,678.6601977051702,True,49.95719980882768,644.0718728173335,True
739,Puskas,MASW,Tertiary,417.8024253946145,370.9864861223818,1,39.34082473029224,702.6321475144714,True,73.92914961812886,668.0438226266347,True
740,Puskas,MASW,Tertiary,407.0297928643518,353.16768315317455,1,21.522021761085,684.813344545264,True,56.11034664892162,650.2250196574275,True
741,Puskas,MASW,Tertiary,415.2533959964566,347.89169342629344,1,16.246032034203893,679.5373548183829,True,50.83435692204051,644.9490299305464,True
742,Puskas,MASW,Tertiary,431.8171552529777,377.85390903754455,1,46.208247645455,709.4995704296341,True,80.79657253329162,674.9112455417975,True
743,Puskas,MASW,Tertiary,509.5914898045308,412.07071073362886,1,80.4250493415393,743.7163721257184,True,115.01337422937593,709.1280472378818,True
744,Puskas,MASW,Tertiary,584.1761783677528,443.4497041997889,1,111.80404280769937,775.0953655918785,True,146.392367695536,740.5070407040419,True
745,Puskas,MASW,Tertiary,552.889172343808,429.0908701865866,1,97.44520879449703,760.7365315786761,True,132.03353368233365,726.1482066908395,True
746,Puskas,MASW,Tertiary,532.4758537595809,424.01761192442575,1,92.3719505323362,755.6632733165153,True,126.96027542017282,721.0749484286787,True
747,Puskas,MASW,Tertiary,483.0520047601885,414.68421298015994,1,83.03855158807039,746.3298743722495,True,117.62687647590701,711.7415494844129,True
748,Puskas,MASW,Tertiary,475.8107531307998,423.8393540908052,1,92.19369269871567,755.4850154828948,True,126.78201758655229,720.8966905950581,True
749,Puskas,MASW,Tertiary,509.99439501805966,440.33524268412265,1,108.6895812920331,771.9809040762123,True,143.27790617986972,737.3925791883755,True
750,Puskas,MASW,Tertiary,516.6209043516516,439.38656390836644,1,107.74090251627689,771.032225300456,True,142.3292274041135,736.4439004126193,True
751,Puskas,MASW,Tertiary,508.4925168924642,445.58707447813487,1,113.94141308604532,777.2327358702244,True,148.52973797388194,742.6444109823879,True
752,Puskas,MASW,Tertiary,473.2015957908107,439.5531560362916,1,107.90749464420207,771.1988174283812,True,142.4958195320387,736.6104925405446,True
753,Puskas,MASW,Quaternary,154.20132929995023,180.25748694145676,1,0.0,511.9031483335463,True,0.0,477.3148234457097,True
754,Puskas,MASW,Quaternary,183.7380946685475,197.4159219308285,1,0.0,529.0615833229181,True,0.0,494.47325843508145,True
755,Puskas,MASW,Quaternary,195.28916953321456,230.54249544149707,1,0.0,562.1881568335866,True,0.0,527.59983194575,True
756,Puskas,MASW,Quaternary,295.06869709530383,230.5948481526331,1,0.0,562.2405095447226,True,0.0,527.652184656886,True
757,Puskas,MASW,Quaternary,302.040380113818,239.59779595443817,1,0.0,571.2434573465277,True,0.0,536.6551324586911,True
758,Puskas,MASW,Quaternary,290.78809470704414,238.77639169206327,1,0.0,570.4220530841528,True,0.0,535.8337281963162,True
759,Puskas,MASW,Quaternary,285.1093118356397,244.04460493150623,1,0.0,575.6902663235958,True,0.0,541.1019414357592,True
760,Puskas,MASW,Quaternary,240.57421175402212,257.9956068000132,1,0.0,589.6412681921028,True,0.0,555.0529433042661,True
761,Puskas,MASW,Tertiary,229.16979180981505,266.73104490122114,1,0.0,598.3767062933107,True,0.0,563.7883814054741,True
762,Puskas,MASW,Tertiary,280.50292776260176,301.62587972855135,1,0.0,633.2715411206409,True,4.568543224298423,598.6832162328043,True
763,Puskas,MASW,Tertiary,389.1176536775279,323.75491142378746,1,0.0,655.400572815877,True,26.69757491953453,620.8122479280404,True
764,Puskas,MASW,Tertiary,366.3946567236064,328.65444307266273,1,0.0,660.3001044647523,True,31.5971065684098,625.7117795769157,True
765,Puskas,MASW,Tertiary,415.2952021326748,365.75997406934385,1,34.114312677254304,697.4056354614333,True,68.70263756509092,662.8173105735968,True
766,Puskas,MASW,Tertiary,416.89764952808366,373.1826887415938,1,41.53702734950423,704.8283501336833,True,76.12535223734085,670.2400252458467,True
767,Puskas,MASW,Tertiary,401.2370520208633,385.403830857121,1,53.75816946503147,717.0494922492105,True,88.34649435286809,682.461167361374,True
768,Puskas,MASW,Tertiary,473.1945423642119,384.84812805584164,1,53.20246666375209,716.4937894479312,True,87.79079155158871,681.9054645600945,True
769,Puskas,MASW,Tertiary,475.4318888902732,379.6014541943652,1,47.95579280227565,711.2471155864548,True,82.54411769011227,676.6587906986181,True
770,Puskas,MASW,Tertiary,497.3965333145044,396.31409490735643,1,64.66843351526688,727.959756299446,True,99.2567584031035,693.3714314116094,True
771,Puskas,MASW,Tertiary,488.5508029322555,393.42189400465287,1,61.77623261256332,725.0675553967424,True,96.36455750039994,690.4792305089059,True
772,Puskas,MASW,Tertiary,468.0945771377496,393.184658187095,1,61.53899679500546,724.8303195791846,True,96.12732168284208,690.2419946913479,True
773,Puskas,MASW,Tertiary,474.3049527618691,395.2997278055673,1,63.65406641347772,726.9453891976568,True,98.24239130131434,692.3570643098202,True
774,Puskas,MASW,Tertiary,509.46030729542105,404.47266619550294,1,72.82700480341339,736.1183275875925,True,107.41532969125001,701.5300026997559,True
775,Puskas,MASW,Tertiary,508.9807292766628,425.5556477053086,1,93.90998631321906,757.2013090973982,True,128.49831120105569,722.6129842095615,True
776,Puskas,MASW,Tertiary,558.4984862565876,442.38808092894203,1,110.74241953685248,774.0337423210316,True,145.3307444246891,739.445417433195,True
777,Puskas,MASW,Tertiary,486.2469479510288,427.772785872899,1,96.12712448080947,759.4184472649886,True,130.7154493686461,724.830122377152,True
778,Puskas,MASW,Tertiary,468.82748348780166,420.2117358621908,1,88.56607447010123,751.8573972542804,True,123.15439935793785,717.2690723664437,True
779,Puskas,MASW,Tertiary,493.6580005594871,448.72277998711763,1,117.07711859502808,780.3684413792072,True,151.6654434828647,745.7801164913706,True
780,Puskas,MASW,Tertiary,504.2900797769235,503.43635964397106,1,171.7906982518815,835.0820210360606,True,206.37902313971813,800.493696148224,True
781,Puskas,MASW,Quaternary,200.39827423258905,212.97287845522018,1,0.0,544.6185398473098,True,0.0,510.03021495947314,True
782,Puskas,MASW,Quaternary,145.81757350484608,171.79651249024215,1,0.0,503.4421738823317,True,0.0,468.8538489944951,True
783,Puskas,MASW,Quaternary,189.85635815921648,195.0735465108696,1,0.0,526.7192079029592,True,0.0,492.13088301512255,True
784,Puskas,MASW,Quaternary,310.9234013659034,245.23804614488375,1,0.0,576.8837075369734,True,0.0,542.2953826491366,True
785,Puskas,MASW,Quaternary,302.5591536137546,239.4083254743566,1,0.0,571.0539868664462,True,0.0,536.4656619786095,True
786,Puskas,MASW,Quaternary,276.71814675465174,233.14715046091482,1,0.0,564.7928118530044,True,0.0,530.2044869651677,True
787,Puskas,MASW,Quaternary,270.6218527389317,244.06718289222366,1,0.0,575.7128442843132,True,0.0,541.1245193964766,True
788,Puskas,MASW,Quaternary,240.10991579143212,248.04114954274317,1,0.0,579.6868109348327,True,0.0,545.0984860469961,True
789,Puskas,MASW,Tertiary,259.15796461510746,270.58811127434086,1,0.0,602.2337726664305,True,0.0,567.6454477785937,True
790,Puskas,MASW,Tertiary,276.2420718485685,281.9644945897258,1,0.0,613.6101559818153,True,0.0,579.0218310939788,True
791,Puskas,MASW,Tertiary,242.73062414832853,280.3138800684825,1,0.0,611.959541460572,True,0.0,577.3712165727354,True
792,Puskas,MASW,Tertiary,417.0864828726228,333.10904466005786,1,1.463383267968311,664.7547060521474,True,36.05170815580493,630.1663811643108,True
793,Puskas,MASW,Tertiary,357.01092228030126,316.58395284795677,1,0.0,648.2296142400463,True,19.526616343703836,613.6412893522097,True
794,Puskas,MASW,Tertiary,404.08198793474,355.720925494952,1,24.075264102862434,687.3665868870415,True,58.663588990699054,652.7782619992049,True
795,Puskas,MASW,Tertiary,395.3061842804448,357.9718639172208,1,26.326202525131237,689.6175253093104,True,60.91452741296786,655.0292004214737,True
796,Puskas,MASW,Tertiary,484.57396015852,413.8745658385058,1,82.22890444641627,745.5202272305953,True,116.81722933425289,710.9319023427588,True
797,Puskas,MASW,Tertiary,477.2386325952831,377.3208516527744,1,45.67519026068487,708.966513044864,True,80.26351514852149,674.3781881570274,True
798,Puskas,MASW,Tertiary,443.3628887189915,383.7451506691748,1,52.09948927708524,715.3908120612643,True,86.68781416492186,680.8024871734277,True
799,Puskas,MASW,Tertiary,469.2945504406817,396.761471167497,1,65.11580977540746,728.4071325595866,True,99.70413466324408,693.8188076717499,True
800,Puskas,MASW,Tertiary,527.5931660235888,440.8008096969444,1,109.15514830485483,772.4464710890339,True,143.74347319269145,737.8581462011973,True
801,Puskas,MASW,Tertiary,511.7728837949055,442.62990151907866,1,110.9842401269891,774.2755629111682,True,145.57256501482573,739.6872380233316,True
802,Puskas,MASW,Tertiary,481.0034745008721,433.156285659321,1,101.51062426723144,764.8019470514105,True,136.09894915506806,730.213622163574,True
803,Puskas,MASW,Tertiary,462.4689505029692,433.87360330276016,1,102.22794191067061,765.5192646948497,True,136.81626679850723,730.9309398070131,True
825,Puskas,MASW,Quaternary,247.8565513133917,214.6577129409011,1,0.0,546.3033743329906,True,0.0,511.715049445154,True
826,Puskas,MASW,Quaternary,206.6398675684603,188.94505765463433,1,0.0,520.5907190467238,True,0.0,486.0023941588872,True
827,Puskas,MASW,Quaternary,192.14192162642937,185.95269281988865,1,0.0,517.5983542119782,True,0.0,483.01002932414156,True
828,Puskas,MASW,Quaternary,188.58858106312715,195.75762829596172,1,0.0,527.4032896880512,True,0.0,492.8149648002146,True
829,Puskas,MASW,Quaternary,211.57719445603627,224.13740789068018,1,0.0,555.7830692827697,True,0.0,521.1947443949331,True
830,Puskas,MASW,Quaternary,260.796572749255,248.39414239235717,1,0.0,580.0398037844467,True,0.0,545.4514788966101,True
831,Puskas,MASW,Quaternary,266.3152922379172,247.7429651853625,1,0.0,579.388626577452,True,0.0,544.8003016896155,True
832,Puskas,MASW,Quaternary,293.1036579652522,281.227563598894,1,0.0,612.8732249909835,True,0.0,578.2849001031469,True
833,Puskas,MASW,Tertiary,298.53842624504034,304.154656102486,1,0.0,635.8003174945756,True,7.097319598233071,601.2119926067389,True
834,Puskas,MASW,Tertiary,313.2235594030481,338.23316842774864,1,6.587507035659087,669.8788298198382,True,41.17583192349571,635.2905049320016,True
835,Puskas,MASW,Tertiary,389.4859402882468,349.86179621751296,1,18.21613482542341,681.5074576096025,True,52.80445971326003,646.9191327217659,True
836,Puskas,MASW,Tertiary,448.3076900062492,334.4319940003117,1,2.7863326082221533,666.0776553924013,True,37.374657496058774,631.4893305045646,True
837,Puskas,MASW,Tertiary,456.5124040212682,348.0421607107119,1,16.396499318622375,679.6878221028014,True,50.984824206458995,645.0994972149649,True
838,Puskas,MASW,Tertiary,434.7889089919266,352.28268899739953,1,20.63702760530998,683.9283503894891,True,55.2253524931466,649.3400255016525,True
839,Puskas,MASW,Tertiary,413.5995258322484,361.6233746669658,1,29.977713274876237,693.2690360590553,True,64.56603816271286,658.6807111712187,True
840,Puskas,MASW,Tertiary,413.57480049432417,370.3021206119222,1,38.65645921983264,701.9477820040117,True,73.24478410766926,667.3594571161751,True
841,Puskas,MASW,Tertiary,395.7007209996854,358.3412051736639,1,26.695543781574372,689.9868665657534,True,61.28386866941099,655.3985416779169,True
842,Puskas,MASW,Tertiary,398.7051358684919,373.6179432546219,1,41.97228186253233,705.2636046467114,True,76.56060675036895,670.6752797588748,True
843,Puskas,MASW,Tertiary,433.7863395722361,397.5936638421648,1,65.94800245007525,729.2393252342544,True,100.53632733791187,694.6510003464177,True
844,Puskas,MASW,Tertiary,446.826169371082,417.83530442095037,1,86.18964302886081,749.4809658130399,True,120.77796791669743,714.8926409252033,True
845,Puskas,MASW,Tertiary,374.5451847602716,383.04803129486356,1,51.40236990277401,714.6936926869531,True,85.99069479061063,680.1053677991165,True
846,Puskas,MASW,Tertiary,378.6468007107174,404.77097206287067,1,73.12531067078112,736.4166334549602,True,107.71363555861774,701.8283085671236,True
847,Puskas,MASW,Tertiary,436.70603389526303,433.4997992301264,1,101.85413783803688,765.145460622216,True,136.4424627258735,730.5571357343794,True
848,Puskas,MASW,Tertiary,537.9545240284157,469.80499472216223,1,138.15933333007268,801.4506561142518,True,172.7476582179093,766.8623312264151,True
849,Puskas,MASW,Tertiary,486.7362618040775,468.0389561449819,1,136.39329475289236,799.6846175370715,True,170.98161964072898,765.0962926492348,True
850,Puskas,MASW,Tertiary,519.6919159437585,473.70076840622374,1,142.0551070141342,805.3464297983132,True,176.6434319019708,770.7581049104767,True
851,Puskas,MASW,Quaternary,218.4920718549121,201.5921511443913,1,0.0,533.2378125364809,True,0.0,498.64948764864425,True
852,Puskas,MASW,Quaternary,235.1311823772301,204.61002487277065,1,0.0,536.2556862648602,True,0.0,501.66736137702355,True
853,Puskas,MASW,Quaternary,209.8338655995791,189.08882135496765,1,0.0,520.7344827470572,True,0.0,486.1461578592206,True
854,Puskas,MASW,Quaternary,210.7831944833367,207.16263491074628,1,0.0,538.8082963028359,True,0.0,504.21997141499924,True
855,Puskas,MASW,Quaternary,249.12116863907616,241.2383379240701,1,0.0,572.8839993161596,True,0.0,538.2956744283231,True
856,Puskas,MASW,Quaternary,231.3198506695236,234.83149847754134,1,0.0,566.4771598696309,True,0.0,531.8888349817943,True
857,Puskas,MASW,Quaternary,254.818943702389,242.61171800429614,1,0.0,574.2573793963857,True,0.0,539.669054508549,True
858,Puskas,MASW,Quaternary,351.6203146859859,253.2397349956554,1,0.0,584.885396387745,True,0.0,550.2970714999083,True
859,Puskas,MASW,Tertiary,301.42449401020934,262.0464593385349,1,0.0,593.6921207306244,True,0.0,559.1037958427878,True
860,Puskas,MASW,Tertiary,292.7843806065131,275.85511029406547,1,0.0,607.5007716861551,True,0.0,572.9124467983183,True
861,Puskas,MASW,Tertiary,292.4659929065777,292.245075549229,1,0.0,623.8907369413186,True,0.0,589.3024120534819,True
862,Puskas,MASW,Tertiary,298.68228205638707,285.8955469884594,1,0.0,617.5412083805489,True,0.0,582.9528834927123,True
863,Puskas,MASW,Tertiary,378.1991934507872,313.96761577534835,1,0.0,645.6132771674379,True,16.91027927109542,611.0249522796013,True
864,Puskas,MASW,Tertiary,387.6000048615877,336.62477697561656,1,4.979115583527005,668.2704383677061,True,39.567440471363625,633.6821134798695,True
865,Puskas,MASW,Tertiary,455.8586003549698,410.8598622681673,1,79.21420087607777,742.5055236602568,True,113.80252576391439,707.9171987724203,True
866,Puskas,MASW,Tertiary,484.6370874975657,392.59432659738576,1,60.94866520529621,724.2399879894754,True,95.53699009313283,689.6516631016386,True
867,Puskas,MASW,Tertiary,462.0016359922432,386.1136420773912,1,54.467980685301654,717.7593034694808,True,89.05630557313827,683.1709785816441,True
868,Puskas,MASW,Tertiary,385.3383512141156,406.9404969737379,1,75.29483558164833,738.5861583658275,True,109.88316046948495,703.9978334779908,True
869,Puskas,MASW,Tertiary,421.9505280282337,445.8598524118104,1,114.21419101972083,777.5055138038999,True,148.80251590755745,742.9171889160633,True
870,Puskas,MASW,Tertiary,372.45822962193984,414.5988193254209,1,82.95315793333134,746.2444807175104,True,117.54148282116796,711.6561558296738,True
871,Puskas,MASW,Tertiary,438.658819466712,438.2642700609579,1,106.61860866886838,769.9099314530474,True,141.206933556705,735.3216065652109,True
872,Puskas,MASW,Quaternary,224.75092393174705,208.5063962907499,1,0.0,540.1520576828394,True,0.0,505.5637327950028,True
873,Puskas,MASW,Quaternary,224.13193179464807,205.40638221328138,1,0.0,537.052043605371,True,0.0,502.46371871753433,True
874,Puskas,MASW,Quaternary,186.43379476265693,186.53748902471128,1,0.0,518.1831504168008,True,0.0,483.5948255289642,True
875,Puskas,MASW,Quaternary,197.16634393812143,201.60602611434294,1,0.0,533.2516875064325,True,0.0,498.6633626185959,True
876,Puskas,MASW,Quaternary,220.3446748699139,234.77449361877638,1,0.0,566.420155010866,True,0.0,531.8318301230292,True
877,Puskas,MASW,Quaternary,238.76717286650103,237.74684304629773,1,0.0,569.3925044383873,True,0.0,534.8041795505507,True
878,Puskas,MASW,Quaternary,252.71605577583384,245.4189623052695,1,0.0,577.064623697359,True,0.0,542.4762988095224,True
879,Puskas,MASW,Quaternary,296.36910100833444,250.22795275264826,1,0.0,581.8736141447378,True,0.0,547.2852892569013,True
880,Puskas,MASW,Tertiary,298.751297713141,267.41202452331794,1,0.0,599.0576859154075,True,0.0,564.4693610275708,True
881,Puskas,MASW,Tertiary,273.3427491900246,280.5450731525197,1,0.0,612.1907345446093,True,0.0,577.6024096567726,True
882,Puskas,MASW,Tertiary,274.4851564238781,292.91302619814354,1,0.0,624.5586875902331,True,0.0,589.9703627023964,True
883,Puskas,MASW,Tertiary,349.02458754476305,362.9154017309552,1,31.26974033886563,694.5610631230447,True,65.85806522670225,659.9727382352081,True
884,Puskas,MASW,Tertiary,455.37679631018045,334.46487832368604,1,2.819216931596486,666.1105397157755,True,37.407541819433106,631.522214827939,True
885,Puskas,MASW,Tertiary,444.89322672508666,357.0100913310083,1,25.36442993891876,688.6557527230979,True,59.95275482675538,654.0674278352612,True
886,Puskas,MASW,Tertiary,419.3373064047892,374.5024644099709,1,42.85680301788136,706.1481258020605,True,77.44512790571798,671.5598009142238,True
887,Puskas,MASW,Tertiary,413.0622284277911,381.39801205337125,1,49.752350661281696,713.0436734454609,True,84.34067554911832,678.4553485576241,True
888,Puskas,MASW,Tertiary,405.4488297502153,381.95755350347804,1,50.31189211138849,713.6032148955676,True,84.90021699922511,679.014890007731,True
889,Puskas,MASW,Tertiary,405.0860597221328,407.09315069950514,1,75.4474893074156,738.7388120915947,True,110.03581419525221,704.1504872037581,True
890,Puskas,MASW,Tertiary,422.1799813005418,430.82666869761186,1,99.18100730552231,762.4723300897015,True,133.76933219335893,727.8840052018647,True
891,Puskas,MASW,Tertiary,378.765919590836,411.9517987894887,1,80.30613739739914,743.5974601815783,True,114.89446228523576,709.0091352937416,True
892,Puskas,MASW,Tertiary,414.0643271634791,459.4066363690768,1,127.76097497698726,791.0522977611663,True,162.34929986482388,756.4639728733298,True
893,Puskas,MASW,Tertiary,410.2344894035193,446.8344521286558,1,115.18879073656626,778.4801135207454,True,149.77711562440288,743.8917886329087,True
894,Puskas,MASW,Tertiary,461.6075672095514,441.17322247050754,1,109.52756107841799,772.8188838625971,True,144.1158859662546,738.2305589747605,True
662,Puskas,MASW,Quaternary,177.5775357627264,202.0841946674403,1,0.0,533.7298560595299,True,0.0,499.14153117169326,True
663,Puskas,MASW,Quaternary,194.80249713462203,197.7571158008375,1,0.0,529.402777192927,True,0.0,494.8144523050904,True
664,Puskas,MASW,Quaternary,273.90570076495567,224.27961087290706,1,0.0,555.9252722649966,True,0.0,521.33694737716,True
665,Puskas,MASW,Quaternary,292.45199750297326,235.7669058286799,1,0.0,567.4125672207695,True,0.0,532.8242423329328,True
666,Puskas,MASW,Quaternary,307.64613531995786,241.7287176888291,1,0.0,573.3743790809186,True,0.0,538.786054193082,True
667,Puskas,MASW,Tertiary,263.54741981739886,230.3562615209145,1,0.0,562.001922913004,True,0.0,527.4135980251674,True
668,Puskas,MASW,Tertiary,296.4455748931434,270.6222884704751,1,0.0,602.2679498625646,True,0.0,567.6796249747281,True
669,Puskas,MASW,Tertiary,313.7495228555593,279.64731524302704,1,0.0,611.2929766351166,True,0.0,576.70465174728,True
670,Puskas,MASW,Tertiary,279.609921790994,269.20014146794557,1,0.0,600.8458028600351,True,0.0,566.2574779721986,True
671,Puskas,MASW,Tertiary,271.70906152072064,284.25400752331177,1,0.0,615.8996689154013,True,0.0,581.3113440275647,True
672,Puskas,MASW,Tertiary,294.8011092106114,328.8731289666722,1,0.0,660.5187903587617,True,31.815792462419267,625.9304654709251,True
673,Puskas,MASW,Tertiary,299.7397989861046,338.7286241198142,1,7.0829627277246345,670.3742855119037,True,41.671287615561255,635.7859606240671,True
674,Puskas,MASW,Tertiary,274.7841072091833,337.5036662557558,1,5.858004863666224,669.1493276478453,True,40.446329751502844,634.5610027600087,True
675,Puskas,MASW,Tertiary,336.55568493216555,392.8645540663321,1,61.21889267424257,724.5102154584217,True,95.80721756207919,689.921890570585,True
676,Puskas,MASW,Tertiary,462.3761512596194,405.1986777060595,1,73.55301631396998,736.844339098149,True,108.1413412018066,702.2560142103125,True
677,Puskas,MASW,Tertiary,435.65513361182826,385.3474552700248,1,53.701793877935245,716.9931166621143,True,88.29011876577187,682.4047917742778,True
678,Puskas,MASW,Tertiary,513.5264931671679,433.53252042834174,1,101.88685903625219,765.1781818204313,True,136.4751839240888,730.5898569325947,True
679,Puskas,MASW,Tertiary,465.7402513651255,418.7868787069062,1,87.14121731481663,750.4325400989958,True,121.72954220265325,715.844215211159,True
680,Puskas,MASW,Tertiary,382.9857694236487,401.1888709880868,1,69.54320959599727,732.8345323801764,True,104.13153448383389,698.2462074923397,True
681,Puskas,MASW,Tertiary,484.74342284797984,487.3394205904604,1,155.69375919837086,818.9850819825499,True,190.28208408620748,784.3967570947134,True
682,Puskas,MASW,Tertiary,413.1132090436036,436.4562701047519,1,104.81060871266237,768.1019314968414,True,139.398933600499,733.5136066090049,True
683,Puskas,MASW,Quaternary,165.17598579807225,194.03842400771845,1,0.0,525.684085399808,True,0.0,491.0957605119714,True
684,Puskas,MASW,Quaternary,182.48225149002965,201.25484799914568,1,0.0,532.9005093912352,True,0.0,498.3121845033986,True
685,Puskas,MASW,Quaternary,211.939798054941,198.35743906380299,1,0.0,530.0031004558925,True,0.0,495.4147755680559,True
686,Puskas,MASW,Quaternary,271.3842887981581,210.89072646857173,1,0.0,542.5363878606613,True,0.0,507.9480629728247,True
687,Puskas,MASW,Quaternary,282.5296903549559,231.65368584179737,1,0.0,563.2993472338869,True,0.0,528.7110223460503,True
688,Puskas,MASW,Quaternary,323.5496490378933,241.81901070596973,1,0.0,573.4646720980593,True,0.0,538.8763472102227,True
689,Puskas,MASW,Quaternary,286.9464469554483,257.5235069902972,1,0.0,589.1691683823867,True,0.0,554.5808434945502,True
690,Puskas,MASW,Tertiary,271.498292730628,260.98055982116784,1,0.0,592.6262212132574,True,0.0,558.0378963254208,True
691,Puskas,MASW,Tertiary,300.0730102578347,280.23428390112565,1,0.0,611.8799452932152,True,0.0,577.2916204053786,True
692,Puskas,MASW,Tertiary,290.23879428544615,299.00818176885457,1,0.0,630.6538431609441,True,1.9508452646016394,596.0655182731075,True
693,Puskas,MASW,Tertiary,294.0468611837509,320.9324373333293,1,0.0,652.5780987254188,True,23.87510082907636,617.9897738375822,True
694,Puskas,MASW,Tertiary,260.1769190191595,307.2712146462087,1,0.0,638.9168760382983,True,10.213878141955774,604.3285511504616,True
695,Puskas,MASW,Tertiary,292.19423384599014,345.1015627688686,1,13.455901376779025,676.7472241609581,True,48.044226264615645,642.1588992731215,True
696,Puskas,MASW,Tertiary,294.6537441290555,363.92181528578925,1,32.2761538936997,695.5674766778789,True,66.86447878153632,660.9791517900421,True
697,Puskas,MASW,Tertiary,313.17368201624055,395.0082267682285,1,63.362565376138946,726.653888160318,True,97.95089026397557,692.0655632724814,True
698,Puskas,MASW,Tertiary,391.0747429266331,367.2354455927166,1,35.58978420062704,698.8811069848061,True,70.17810908846366,664.2927820969695,True
699,Puskas,MASW,Tertiary,460.0133192978093,411.358330849533,1,79.71266945744344,743.0039922416225,True,114.30099434528006,708.4156673537859,True
700,Puskas,MASW,Tertiary,499.9847697664736,428.25873601811486,1,96.61307462602531,759.9043974102044,True,131.20139951386193,725.3160725223678,True
701,Puskas,MASW,Tertiary,474.3334713691037,404.82052699628986,1,73.1748656042003,736.4661883883794,True,107.76319049203693,701.8778635005428,True
702,Puskas,MASW,Tertiary,438.0534386036963,400.8931226706159,1,69.24746127852637,732.5387840627054,True,103.835786166363,697.9504591748689,True
703,Puskas,MASW,Tertiary,444.8571547773184,408.0284903371989,1,76.38282894510934,739.6741517292885,True,110.97115383294596,705.0858268414518,True
704,Puskas,MASW,Tertiary,478.1757734714046,432.21518953987845,1,100.5695281477889,763.860850931968,True,135.15785303562552,729.2725260441314,True
705,Puskas,MASW,Tertiary,437.9925398709746,422.6256071841668,1,90.97994579207727,754.2712685762564,True,125.5682706799139,719.6829436884198,True
706,Puskas,MASW,Tertiary,435.4314006524327,421.6633652457575,1,90.01770385366797,753.3090266378471,True,124.60602874150459,718.7207017500104,True
707,Puskas,MASW,Tertiary,426.0934640483595,425.8673087854764,1,94.22164739338683,757.5129701775659,True,128.80997228122345,722.9246452897294,True
708,Puskas,MASW,Tertiary,484.2937101128108,469.4421579887199,1,137.79649659663033,801.0878193808094,True,172.38482148446695,766.4994944929729,True
709,Puskas,MASW,Tertiary,461.6646301279563,461.6289815343107,1,129.98332014222115,793.2746429264002,True,164.57164503005777,758.6863180385636,True
710,Puskas,MASW,Tertiary,446.080165661899,454.97870978367706,1,123.33304839158751,786.6243711757666,True,157.92137327942413,752.03604628793,True
711,Puskas,MASW,Tertiary,449.5151864902999,475.56204559902045,1,143.9163842069309,807.20770699111,True,178.50470909476752,772.6193821032734,True
712,Puskas,MASW,Tertiary,441.4789918862944,470.44860423523323,1,138.80294284314368,802.0942656273228,True,173.3912677309803,767.5059407394862,True
804,Puskas,MASW,Quaternary,169.27417404343785,198.8069958437641,1,0.0,530.4526572358536,True,0.0,495.864332348017,True
805,Puskas,MASW,Quaternary,148.7533414958771,177.31530351739707,1,0.0,508.9609649094866,True,0.0,474.37264002165,True
806,Puskas,MASW,Quaternary,188.84556930451924,206.943909980462,1,0.0,538.5895713725515,True,0.0,504.0012464847149,True
807,Puskas,MASW,Quaternary,295.0128794371489,240.16321395922662,1,0.0,571.8088753513161,True,0.0,537.2205504634795,True
808,Puskas,MASW,Quaternary,306.83201423995195,239.22209533151852,1,0.0,570.8677567236081,True,0.0,536.2794318357714,True
809,Puskas,MASW,Quaternary,304.3360650771512,245.05707169676245,1,0.0,576.702733088852,True,0.0,542.1144082010154,True
810,Puskas,MASW,Quaternary,265.04783653843504,251.96965462491357,1,0.0,583.6153160170031,True,0.0,549.0269911291665,True
811,Puskas,MASW,Quaternary,258.2649911120815,267.9269877891739,1,0.0,599.5726491812634,True,0.0,564.9843242934269,True
812,Puskas,MASW,Tertiary,231.19395467894705,271.98388747296445,1,0.0,603.629548865054,True,0.0,569.0412239772174,True
813,Puskas,MASW,Tertiary,265.01827986137533,302.7470068618833,1,0.0,634.3926682539728,True,5.689670357630348,599.8043433661362,True
814,Puskas,MASW,Tertiary,372.0626210861618,318.1975945077958,1,0.0,649.8432558998854,True,21.140258003542897,615.2549310120487,True
815,Puskas,MASW,Tertiary,374.5058530745233,328.796952171016,1,0.0,660.4426135631056,True,31.739615666763086,625.8542886752689,True
816,Puskas,MASW,Tertiary,400.4545339037271,344.1253051254979,1,12.479643733408352,675.7709665175875,True,47.06796862124497,641.1826416297508,True
817,Puskas,MASW,Tertiary,450.7630066078721,388.76671649634466,1,57.121055104255106,720.4123778884342,True,91.70937999209173,685.8240530005976,True
818,Puskas,MASW,Tertiary,387.7574696092931,355.59335467584935,1,23.947693283759804,687.2390160679389,True,58.536018171596425,652.6506911801023,True
819,Puskas,MASW,Tertiary,528.035828356596,419.2920059925484,1,87.64634460045886,750.937667384638,True,122.23466948829548,716.3493424968013,True
820,Puskas,MASW,Tertiary,541.4113022349106,418.9632752821184,1,87.31761389002884,750.6089366742079,True,121.90593877786546,716.0206117863713,True
821,Puskas,MASW,Tertiary,526.5325021850196,431.32340045251794,1,99.6777390604284,762.9690618446075,True,134.266063948265,728.3807369567709,True
822,Puskas,MASW,Tertiary,449.0788780094532,411.48743896027275,1,79.8417775681832,743.1331003523624,True,114.43010245601982,708.5447754645256,True
823,Puskas,MASW,Tertiary,438.5401246438102,415.0481463240726,1,83.40248493198305,746.6938077161622,True,117.99080981981967,712.1054828283255,True
824,Puskas,MASW,Tertiary,441.683963026819,418.3759690698301,1,86.73030767774054,750.0216304619196,True,121.31863256557716,715.4333055740831,True
895,Puskas,MASW,Quaternary,243.63319066437415,210.2434572285417,1,0.0,541.8891186206313,True,0.0,507.30079373279466,True
896,Puskas,MASW,Quaternary,178.24327434404807,178.6121748661452,1,0.0,510.25783625823476,True,0.0,475.66951137039814,True
897,Puskas,MASW,Quaternary,214.51341235432335,207.62117484430996,1,0.0,539.2668362363995,True,0.0,504.6785113485629,True
898,Puskas,MASW,Quaternary,265.99977478840395,251.4217105317339,1,0.0,583.0673719238234,True,0.0,548.4790470359868,True
899,Puskas,MASW,Quaternary,249.06811188904564,243.10472817372704,1,0.0,574.7503895658166,True,0.0,540.16206467798,True
900,Puskas,MASW,Quaternary,258.6120744886227,239.21309332796068,1,0.0,570.8587547200502,True,0.0,536.2704298322136,True
901,Puskas,MASW,Quaternary,349.60936029235586,267.72828160013864,1,0.0,599.3739429922282,True,0.0,564.7856181043916,True
902,Puskas,MASW,Tertiary,274.3252209805548,284.18252454434884,1,0.0,615.8281859364383,True,0.0,581.2398610486018,True
903,Puskas,MASW,Tertiary,429.7297539613017,378.33219502142333,1,46.68653362933378,709.9778564135129,True,81.2748585171704,675.3895315256763,True
904,Puskas,MASW,Tertiary,457.5477116999507,386.0058348714916,1,54.36017347940202,717.6514962635811,True,88.94849836723864,683.0631713757446,True
905,Puskas,MASW,Tertiary,429.23450448963655,397.2661593978508,1,65.62049800576125,728.9118207899403,True,100.20882289359787,694.3234959021038,True
906,Puskas,MASW,Tertiary,393.2011106231139,381.7666613072459,1,50.12099991515635,713.4123226993354,True,84.70932480299297,678.8239978114989,True
907,Puskas,MASW,Tertiary,407.15217775269457,392.311009932807,1,60.665348540717446,723.9566713248965,True,95.25367342855407,689.3683464370599,True
908,Puskas,MASW,Tertiary,431.4541433745016,443.1762092059852,1,111.53054781389562,774.8218705980747,True,146.11887270173224,740.2335457102381,True
909,Puskas,MASW,Tertiary,410.1982569149331,444.33104271422036,1,112.68538132213081,775.9767041063099,True,147.27370620996743,741.3883792184733,True
910,Puskas,MASW,Tertiary,391.8910877493569,449.25338696102574,1,117.60772556893619,780.8990483531153,True,152.1960504567728,746.3107234652787,True
911,Puskas,MASW,Tertiary,410.3707620497225,468.44767304752816,1,136.8020116554386,800.0933344396177,True,171.39033654327523,765.5050095517811,True
912,Puskas,MASW,Tertiary,421.3272325672114,479.0912023699882,1,147.44554097789864,810.7368637620777,True,182.03386586573527,776.1485388742411,True
478,Dévai 14,SCPT,Quaternary,217.0,181.25838284049664,2,0.0,602.9609629280744,True,0.0,465.72676224865756,True
479,Dévai 14,SCPT,Quaternary,240.0,193.77491757832448,2,0.0,615.4774976659022,True,0.0,478.24329698648535,True
480,Dévai 14,SCPT,Quaternary,159.0,204.22649306205545,2,0.0,625.9290731496333,True,0.0,488.69487247021635,True
481,Dévai 14,SCPT,Quaternary,205.0,213.75246001491462,2,0.0,635.4550401024924,True,0.0,498.2208394230755,True
482,Dévai 14,SCPT,Quaternary,160.0,221.3731452555645,2,0.0,643.0757253431423,True,0.0,505.8415246637254,True
483,Dévai 14,SCPT,Quaternary,375.0,249.42479078062905,2,0.0,671.1273708682068,True,0.0,533.89317018879,True
484,Dévai 14,SCPT,Quaternary,440.0,277.85801666839023,2,0.0,699.5605967559679,True,0.0,562.3263960765512,True
485,Dévai 14,SCPT,Quaternary,405.0,279.9303989635988,2,0.0,701.6329790511766,True,0.0,564.3987783717597,True
486,Dévai 14,SCPT,Quaternary,333.0,293.83077521861503,2,0.0,715.5333553061928,True,9.362395810454132,578.2991546267759,True
487,Dévai 14,SCPT,Quaternary,358.0,306.7823730631729,2,0.0,728.4849531507507,True,22.313993655011984,591.2507524713337,True
488,Dévai 14,SCPT,Tertiary,391.0,293.85899093979106,2,0.0,715.5615710273688,True,9.390611531630157,578.327370347952,True
489,Dévai 14,SCPT,Tertiary,472.0,310.0405706422142,2,0.0,731.743150729792,True,25.57219123405332,594.5089500503751,True
490,Dévai 14,SCPT,Tertiary,475.0,328.35142121842654,2,0.0,750.0540013060042,True,43.88304181026564,612.8198006265875,True
491,Dévai 14,SCPT,Tertiary,596.0,337.1992164569792,2,0.0,758.9017965445569,True,52.73083704881827,621.6675958651401,True
492,Dévai 14,SCPT,Tertiary,598.0,359.10672178891605,2,0.0,780.8093018764938,True,74.63834238075515,643.575101197077,True
493,Dévai 14,SCPT,Tertiary,600.0,361.8160329849062,2,0.0,783.518613072484,True,77.3476535767453,646.2844123930671,True
494,Dévai 14,SCPT,Tertiary,601.0,358.50316425315566,2,0.0,780.2057443407334,True,74.03478484499476,642.9715436613166,True
495,Dévai 14,SCPT,Tertiary,602.0,360.0307952899471,2,0.0,781.7333753775249,True,75.5624158817862,644.4991746981079,True
1199,H6-H7,MASW,Quaternary,273.4,220.2661240149029,2,0.0,641.9687041024806,True,0.0,504.7345034230638,True
1200,H6-H7,MASW,Quaternary,286.9,220.58904044514662,2,0.0,642.2916205327244,True,0.0,505.0574198533075,True
1201,H6-H7,MASW,Quaternary,301.0,253.94960379333583,2,0.0,675.6521838809135,True,0.0,538.4179832014968,True
1202,H6-H7,MASW,Quaternary,312.0,266.93757380527205,2,0.0,688.6401538928499,True,0.0,551.4059532134329,True
1203,H6-H7,MASW,Quaternary,323.5,261.2637641031317,2,0.0,682.9663441907094,True,0.0,545.7321435112926,True
1204,H6-H7,MASW,Quaternary,333.0,264.9485012865417,2,0.0,686.6510813741195,True,0.0,549.4168806947026,True
1205,H6-H7,MASW,Quaternary,343.5,281.6220805207149,2,0.0,703.3246606082927,True,0.0,566.0904599288758,True
1206,H6-H7,MASW,Quaternary,353.0,295.8805240208809,2,0.0,717.5831041084587,True,11.412144612719999,580.3489034290418,True
1207,H6-H7,MASW,Quaternary,366.2,300.84286035133175,2,0.0,722.5454404389095,True,16.374480943170852,585.3112397594927,True
1208,H6-H7,MASW,Tertiary,379.0,304.7153037148875,2,0.0,726.4178838024652,True,20.246924306726612,589.1836831230485,True
1209,H6-H7,MASW,Tertiary,390.4,317.27981639157736,2,0.0,738.9823964791551,True,32.811436983416456,601.7481957997383,True
1210,H6-H7,MASW,Tertiary,401.0,322.56493923485294,2,0.0,744.2675193224306,True,38.096559826692044,607.0333186430139,True
1211,H6-H7,MASW,Tertiary,412.0,320.7317824092899,2,0.0,742.4343624968676,True,36.26340300112901,605.2001618174509,True
1212,H6-H7,MASW,Tertiary,422.3,326.19182217643004,2,0.0,747.8944022640078,True,41.72344276826914,610.6602015845909,True
1213,H6-H7,MASW,Tertiary,431.4,328.52716039457863,2,0.0,750.2297404821563,True,44.05878098641773,612.9955398027396,True
1214,H6-H7,MASW,Tertiary,441.0,337.1384745107682,2,0.0,758.841054598346,True,52.67009510260732,621.6068539189291,True
1215,H6-H7,MASW,Tertiary,448.0,349.1897688141381,2,0.0,770.8923489017159,True,64.72138940597722,633.658148222299,True
1216,H6-H7,MASW,Tertiary,455.7,355.8687744416612,2,0.0,777.571354529239,True,71.40039503350027,640.337153849822,True
1217,H6-H7,MASW,Tertiary,462.9,364.26644182474865,2,0.0,785.9690219123264,True,79.79806241658775,648.7348212329096,True
1218,H6-H7,MASW,Tertiary,470.0,364.7084530034629,2,0.0,786.4110330910407,True,80.24007359530202,649.1768324116238,True
1219,H6-H7,MASW,Tertiary,476.0,374.56220802291085,2,0.0,796.2647881104886,True,90.09382861474995,659.0305874310718,True
1220,H6-H7,MASW,Tertiary,483.0,375.7905741525979,2,0.0,797.4931542401757,True,91.32219474443701,660.2589535607588,True
1221,H6-H7,MASW,Tertiary,489.4,374.20640444286687,2,0.0,795.9089845304446,True,89.73802503470597,658.6747838510278,True
1222,H6-H7,MASW,Tertiary,495.0,389.42001999684993,2,0.0,811.1226000844276,True,104.95164058868903,673.8883994050109,True
1223,H6-H7,MASW,Tertiary,501.1,399.41500185265,2,0.0,821.1175819402278,True,114.9466224444891,683.8833812608109,True
1224,H6-H7,MASW,Quaternary,250.5,184.44865581041623,2,0.0,606.151235897994,True,0.0,468.9170352185771,True
1225,H6-H7,MASW,Quaternary,262.0,207.5729810654124,2,0.0,629.2755611529901,True,0.0,492.04136047357326,True
1226,H6-H7,MASW,Quaternary,272.0,223.29933386889337,2,0.0,645.0019139564711,True,0.0,507.76771327705427,True
1227,H6-H7,MASW,Quaternary,278.5,245.11301628719434,2,0.0,666.8155963747721,True,0.0,529.5813956953552,True
1228,H6-H7,MASW,Quaternary,282.5,277.7044084599664,2,0.0,699.4069885475442,True,0.0,562.1727878681272,True
1229,H6-H7,MASW,Quaternary,289.0,275.97710113452945,2,0.0,697.6796812221072,True,0.0,560.4454805426903,True
1230,H6-H7,MASW,Quaternary,295.5,278.0915211117226,2,0.0,699.7941011993004,True,0.0,562.5599005198835,True
1231,H6-H7,MASW,Quaternary,200.8,189.2123865324334,2,0.0,610.9149666200112,True,0.0,473.6807659405943,True
1232,H6-H7,MASW,Quaternary,211.5,184.98957735165658,2,0.0,606.6921574392343,True,0.0,469.4579567598175,True
1233,H6-H7,MASW,Quaternary,220.5,218.9300401105757,2,0.0,640.6326201981535,True,0.0,503.3984195187366,True
1234,H6-H7,MASW,Quaternary,237.0,228.68863386967007,2,0.0,650.3912139572478,True,0.0,513.157013277831,True
1235,H6-H7,MASW,Quaternary,255.0,270.98607281427775,2,0.0,692.6886529018554,True,0.0,555.4544522224387,True
1236,H6-H7,MASW,Quaternary,268.0,276.2099252388323,2,0.0,697.91250532641,True,0.0,560.6783046469932,True
1237,H6-H7,MASW,Quaternary,279.0,279.2206208385961,2,0.0,700.9232009261739,True,0.0,563.689000246757,True
1238,H6-H7,MASW,Quaternary,287.0,269.8329584239551,2,0.0,691.5355385115329,True,0.0,554.301337832116,True
1239,H6-H7,MASW,Quaternary,289.0,282.51548192156054,2,0.0,704.2180620091383,True,0.0,566.9838613297214,True
1240,H6-H7,MASW,Quaternary,290.0,283.1009446610868,2,0.0,704.8035247486646,True,0.0,567.5693240692477,True
1241,H6-H7,MASW,Quaternary,294.0,311.2613145308194,2,0.0,732.9638946183971,True,26.79293512265849,595.7296939389803,True
1242,H6-H7,MASW,Tertiary,304.0,296.2373420855334,2,0.0,717.9399221731112,True,11.768962677372485,580.7057214936942,True
1243,H6-H7,MASW,Tertiary,317.0,312.58313340202477,2,0.0,734.2857134896026,True,28.11475399386387,597.0515128101856,True
1244,H6-H7,MASW,Tertiary,331.0,319.36363651823575,2,0.0,741.0662166058135,True,34.89525711007485,603.8320159263967,True
1245,H6-H7,MASW,Tertiary,349.0,328.84815291292495,2,0.0,750.5507330005028,True,44.379773504764046,613.3165323210858,True
1246,H6-H7,MASW,Tertiary,365.0,332.37399756678957,2,0.0,754.0765776543674,True,47.90561815862867,616.8423769749504,True
1247,H6-H7,MASW,Tertiary,382.0,338.60563224992416,2,0.0,760.3082123375019,True,54.13725284176326,623.074011658085,True
1248,H6-H7,MASW,Tertiary,396.0,359.0679355092994,2,0.0,780.7705155968772,True,74.59955610113849,643.5363149174602,True
1249,H6-H7,MASW,Tertiary,414.0,370.6078208359822,2,0.0,792.3104009235599,True,86.13944142782128,655.0762002441431,True
1250,H6-H7,MASW,Tertiary,427.0,389.3662052323559,2,0.0,811.0687853199337,True,104.89782582419502,673.8345846405168,True
1251,H6-H7,MASW,Quaternary,200.0,198.83245870024214,2,0.0,620.5350387878199,True,0.0,483.300838108403,True
1252,H6-H7,MASW,Quaternary,226.0,208.21873488842965,2,0.0,629.9213149760074,True,0.0,492.68711429659055,True
1253,H6-H7,MASW,Quaternary,238.0,214.16114439110612,2,0.0,635.8637244786839,True,0.0,498.629523799267,True
1254,H6-H7,MASW,Quaternary,239.0,266.85082032369144,2,0.0,688.5534004112692,True,0.0,551.3191997318523,True
1255,H6-H7,MASW,Quaternary,236.0,274.73629804662966,2,0.0,696.4388781342075,True,0.0,559.2046774547905,True
1256,H6-H7,MASW,Quaternary,237.0,270.05698553481784,2,0.0,691.7595656223956,True,0.0,554.5253649429787,True
1257,H6-H7,MASW,Quaternary,245.0,265.4835687963845,2,0.0,687.1861488839622,True,0.0,549.9519482045454,True
1258,H6-H7,MASW,Quaternary,250.0,272.9913328996084,2,0.0,694.6939129871862,True,0.0,557.4597123077692,True
1259,H6-H7,MASW,Quaternary,260.0,278.8982506092265,2,0.0,700.6008306968042,True,0.0,563.3666300173875,True
1260,H6-H7,MASW,Quaternary,273.0,287.55227234292704,2,0.0,709.2548524305048,True,3.0838929347661406,572.0206517510879,True
1261,H6-H7,MASW,Quaternary,292.0,315.59912730981773,2,0.0,737.3017073973955,True,31.130747901656832,600.0675067179786,True
1262,H6-H7,MASW,Tertiary,309.0,300.2142335734545,2,0.0,721.9168136610323,True,15.745854165293622,584.6826129816154,True
1263,H6-H7,MASW,Tertiary,323.0,316.5961320661521,2,0.0,738.2987121537299,True,32.12775265799121,601.064511474313,True
1264,H6-H7,MASW,Tertiary,350.0,329.70692070333945,2,0.0,751.4095007909173,True,45.23854129517855,614.1753001115003,True
1265,H6-H7,MASW,Tertiary,373.0,339.45327850298605,2,0.0,761.1558585905639,True,54.98489909482515,623.9216579111469,True
1266,H6-H7,MASW,Tertiary,390.0,363.6370655150895,2,0.0,785.3396456026672,True,79.16868610692859,648.1054449232504,True
1267,H6-H7,MASW,Tertiary,402.0,367.66652569072573,2,0.0,789.3691057783035,True,83.19814628256484,652.1349050988866,True
1268,H6-H7,MASW,Tertiary,421.0,388.89676832554994,2,0.0,810.5993484131277,True,104.42838891738904,673.3651477337108,True
1269,H6-H7,MASW,Tertiary,436.0,387.4017579359311,2,0.0,809.1043380235088,True,102.93337852777017,671.870137344092,True
1270,H6-H7,MASW,Tertiary,445.0,389.1912147403668,2,0.0,810.8937948279445,True,104.72283533220588,673.6595941485277,True
1271,H6-H7,MASW,Quaternary,243.0,177.84140696916597,2,0.0,599.5439870567437,True,0.0,462.3097863773269,True
1272,H6-H7,MASW,Quaternary,254.0,191.74265547594544,2,0.0,613.4452355635232,True,0.0,476.2110348841063,True
1273,H6-H7,MASW,Quaternary,259.0,198.81628622720373,2,0.0,620.5188663147815,True,0.0,483.2846656353646,True
1274,H6-H7,MASW,Quaternary,262.0,234.93127438768371,2,0.0,656.6338544752615,True,0.0,519.3996537958446,True
1275,H6-H7,MASW,Quaternary,275.0,271.20211564983725,2,0.0,692.9046957374151,True,0.0,555.6704950579981,True
1276,H6-H7,MASW,Quaternary,288.0,272.06289847217573,2,0.0,693.7654785597535,True,0.0,556.5312778803366,True
1277,H6-H7,MASW,Quaternary,302.0,265.0367402784598,2,0.0,686.7393203660375,True,0.0,549.5051196866207,True
1278,H6-H7,MASW,Quaternary,313.0,276.2656913945493,2,0.0,697.9682714821271,True,0.0,560.7340708027102,True
1182,H6-H7,MASW,Quaternary,181.4,173.2474463048273,2,0.0,594.9500263924051,True,0.0,457.7158257129882,True
1183,H6-H7,MASW,Quaternary,191.7,204.22016204152712,2,0.0,625.9227421291049,True,0.0,488.68854144968805,True
1184,H6-H7,MASW,Quaternary,217.6,212.21490704070789,2,0.0,633.9174871282856,True,0.0,496.6832864488688,True
1185,H6-H7,MASW,Quaternary,234.2,211.28499632741497,2,0.0,632.9875764149928,True,0.0,495.7533757355759,True
1186,H6-H7,MASW,Quaternary,249.1,222.13304101714803,2,0.0,643.8356211047258,True,0.0,506.6014204253089,True
1187,H6-H7,MASW,Quaternary,256.2,221.46120015212065,2,0.0,643.1637802396984,True,0.0,505.9295795602816,True
1188,H6-H7,MASW,Quaternary,261.1,222.28429912906688,2,0.0,643.9868792166446,True,0.0,506.7526785372278,True
1189,H6-H7,MASW,Quaternary,266.2,237.9623264403255,2,0.0,659.6649065279032,True,0.0,522.4307058484865,True
1190,H6-H7,MASW,Quaternary,276.4,255.40412609157897,2,0.0,677.1067061791567,True,0.0,539.8725054997399,True
1191,H6-H7,MASW,Quaternary,295.0,292.10270711382725,2,0.0,713.805287201405,True,7.634327705666351,576.5710865219881,True
1192,H6-H7,MASW,Tertiary,323.4,306.1094955574002,2,0.0,727.812075644978,True,21.64111614923928,590.577874965561,True
1193,H6-H7,MASW,Tertiary,359.1,323.0699804478711,2,0.0,744.7725605354489,True,38.601601039710204,607.538359856032,True
1194,H6-H7,MASW,Tertiary,383.3,363.502280157634,2,0.0,785.2048602452118,True,79.0339007494731,647.9706595657949,True
1195,H6-H7,MASW,Tertiary,414.7,368.4731849590389,2,0.0,790.1757650466167,True,84.00480555087802,652.9415643671998,True
1196,H6-H7,MASW,Tertiary,431.8,398.8598115000426,2,0.0,820.5623915876204,True,114.39143209188171,683.3281909082035,True
1197,H6-H7,MASW,Tertiary,448.1,398.785757570906,2,0.0,820.4883376584837,True,114.31737816274511,683.254136979067,True
1198,H6-H7,MASW,Tertiary,464.6,404.07569660475843,2,0.0,825.7782766923362,True,119.60731719659753,688.5440760129193,True
0,Hungaria krt,SCPT,Quaternary,162.4,183.56382723172683,2,0.0,605.2664073193046,True,0.0,468.0322066398877,True
21,Hungaria krt,MASW,Quaternary,226.755552052112,192.98752218684697,2,0.0,614.6901022744247,True,0.0,477.45590159500784,True
1,Hungaria krt,SCPT,Quaternary,288.5,199.28442676574394,2,0.0,620.9870068533216,True,0.0,483.75280617390484,True
22,Hungaria krt,MASW,Quaternary,253.7146866871708,207.59356120662716,2,0.0,629.296141294205,True,0.0,492.06194061478806,True
2,Hungaria krt,SCPT,Quaternary,350.1,217.76068680913104,2,0.0,639.4632668967088,True,0.0,502.2290662172919,True
3,Hungaria krt,SCPT,Quaternary,433.7,252.24835538217485,2,0.0,673.9509354697526,True,0.0,536.7167347903357,True
23,Hungaria krt,MASW,Quaternary,309.832496723211,250.79868633965992,2,0.0,672.5012664272376,True,0.0,535.2670657478209,True
4,Hungaria krt,SCPT,Quaternary,462.7,262.7794730655503,2,0.0,684.482053153128,True,0.0,547.2478524737112,True
24,Hungaria krt,MASW,Quaternary,338.34076859735893,264.31165623088316,2,0.0,686.0142363184609,True,0.0,548.7800356390441,True
5,Hungaria krt,SCPT,Quaternary,333.9,265.97029885340976,2,0.0,687.6728789409875,True,0.0,550.4386782615707,True
25,Hungaria krt,MASW,Quaternary,293.18947731215565,256.8219455973521,2,0.0,678.5245256849298,True,0.0,541.2903250055131,True
6,Hungaria krt,SCPT,Quaternary,343.2,259.7818815759286,2,0.0,681.4844616635064,True,0.0,544.2502609840894,True
26,Hungaria krt,MASW,Quaternary,160.45082839849806,259.64668175558205,2,0.0,681.3492618431599,True,0.0,544.1150611637429,True
7,Hungaria krt,SCPT,Quaternary,227.5,257.73825574340873,2,0.0,679.4408358309865,True,0.0,542.2066351515696,True
8,Hungaria krt,SCPT,Quaternary,242.8,259.8261659156549,2,0.0,681.5287460032326,True,0.0,544.2945453238158,True
27,Hungaria krt,MASW,Quaternary,185.96619822180912,264.49069963760957,2,0.0,686.1932797251873,True,0.0,548.9590790457705,True
9,Hungaria krt,SCPT,Tertiary,233.1,256.93411248919466,2,0.0,678.6366925767725,True,0.0,541.4024918973555,True
10,Hungaria krt,SCPT,Tertiary,247.4,264.05894180560546,2,0.0,685.7615218931833,True,0.0,548.5273212137663,True
11,Hungaria krt,SCPT,Tertiary,278.2,269.6039282107805,2,0.0,691.3065082983583,True,0.0,554.0723076189414,True
28,Hungaria krt,MASW,Tertiary,257.62484692640925,269.2618418524559,2,0.0,690.9644219400336,True,0.0,553.7302212606169,True
12,Hungaria krt,SCPT,Tertiary,206.7,280.882343181868,2,0.0,702.5849232694458,True,0.0,565.3507225900289,True
13,Hungaria krt,SCPT,Tertiary,238.6,294.87167099957395,2,0.0,716.5742510871517,True,10.403291591413051,579.3400504077349,True
29,Hungaria krt,MASW,Tertiary,281.53442457121537,293.17316938523527,2,0.0,714.875749472813,True,8.70478997707437,577.6415487933962,True
14,Hungaria krt,SCPT,Tertiary,342.0,296.1394133184689,2,0.0,717.8419934060466,True,11.671033910307983,580.6077927266298,True
30,Hungaria krt,MASW,Tertiary,270.888556241701,290.81728245814406,2,0.0,712.5198625457218,True,6.348903049983164,575.285661866305,True
15,Hungaria krt,SCPT,Tertiary,266.7,288.6937229411205,2,0.0,710.3963030286982,True,4.2253435329595845,573.1621023492814,True
16,Hungaria krt,SCPT,Tertiary,185.1,279.7866886750194,2,0.0,701.4892687625971,True,0.0,564.2550680831803,True
17,Hungaria krt,SCPT,Tertiary,209.6,279.20754030194144,2,0.0,700.9101203895192,True,0.0,563.6759197101023,True
31,Hungaria krt,MASW,Tertiary,244.4248801792452,284.9430817180245,2,0.0,706.6456618056022,True,0.47470230986357365,569.4114611261854,True
18,Hungaria krt,SCPT,Tertiary,268.3,288.8951374248701,2,0.0,710.5977175124478,True,4.4267580167091864,573.363516833031,True
19,Hungaria krt,SCPT,Tertiary,241.8,306.55427340867726,2,0.0,728.256853496255,True,22.08589400051636,591.0226528168382,True
20,Hungaria krt,SCPT,Tertiary,230.6,309.82585056360506,2,0.0,731.5284306511828,True,25.35747115544416,594.294229971766,True
32,Hungaria krt,MASW,Tertiary,379.2784974614476,311.1854027055978,2,0.0,732.8879827931755,True,26.717023297436924,595.6537821137588,True
33,Hungaria krt,SCPT,Quaternary,130.3,182.315297796564,2,0.0,604.0178778841417,True,0.0,466.7836772047249,True
51,Hungaria krt,MASW,Quaternary,262.2764591222678,182.43532246062787,2,0.0,604.1379025482056,True,0.0,466.90370186878874,True
34,Hungaria krt,SCPT,Quaternary,151.8,198.55977686716585,2,0.0,620.2623569547436,True,0.0,483.02815627532675,True
52,Hungaria krt,MASW,Quaternary,290.34645849246823,201.35563883642234,2,0.0,623.0582189240001,True,0.0,485.82401824458327,True
35,Hungaria krt,SCPT,Quaternary,291.8,244.50378537511753,2,0.0,666.2063654626953,True,0.0,528.9721647832785,True
53,Hungaria krt,MASW,Quaternary,355.89919580552174,251.30352839719762,2,0.0,673.0061084847754,True,0.0,535.7719078053585,True
36,Hungaria krt,SCPT,Quaternary,433.5,261.8595784982084,2,0.0,683.5621585857862,True,0.0,546.3279579063693,True
54,Hungaria krt,MASW,Quaternary,374.2177132653614,264.68352959979376,2,0.0,686.3861096873716,True,0.0,549.1519090079546,True
37,Hungaria krt,SCPT,Quaternary,594.0,260.47003047634024,2,0.0,682.1726105639179,True,0.0,544.9384098845012,False
55,Hungaria krt,MASW,Quaternary,338.7293209269103,257.0376657161655,2,0.0,678.7402458037433,True,0.0,541.5060451243264,True
38,Hungaria krt,SCPT,Quaternary,361.6,255.26098270720328,2,0.0,676.9635627947811,True,0.0,539.7293621153642,True
56,Hungaria krt,MASW,Quaternary,307.6345446313491,250.9578342813592,2,0.0,672.6604143689369,True,0.0,535.4262136895201,True
39,Hungaria krt,SCPT,Quaternary,202.8,269.3722253111416,2,0.0,691.0748053987194,True,0.0,553.8406047193025,True
57,Hungaria krt,MASW,Quaternary,469.3785994440153,276.3670984121135,2,0.0,698.0696784996912,True,0.0,560.8354778202744,True
40,Hungaria krt,SCPT,Tertiary,239.5,251.60720843566227,2,0.0,673.3097885232401,True,0.0,536.0755878438232,True
58,Hungaria krt,MASW,Tertiary,236.95193333557484,255.58251408827334,2,0.0,677.2850941758511,True,0.0,540.0508934964342,True
41,Hungaria krt,SCPT,Tertiary,230.7,259.48851132222194,2,0.0,681.1910914097997,True,0.0,543.9568907303828,True
42,Hungaria krt,SCPT,Tertiary,291.4,270.8702071086134,2,0.0,692.5727871961911,True,0.0,555.3385865167743,True
59,Hungaria krt,MASW,Tertiary,232.340247034248,277.7637160855714,2,0.0,699.4662961731492,True,0.0,562.2320954937322,True
43,Hungaria krt,SCPT,Tertiary,361.5,282.6265732523526,2,0.0,704.3291533399304,True,0.0,567.0949526605135,True
44,Hungaria krt,SCPT,Tertiary,394.1,293.1013847801613,2,0.0,714.8039648677391,True,8.633005372000412,577.5697641883222,True
60,Hungaria krt,MASW,Tertiary,242.56775610640275,297.0189903763318,2,0.0,718.7215704639095,True,12.550610968170872,581.4873697844927,True
45,Hungaria krt,SCPT,Tertiary,339.5,301.01591161627823,2,0.0,722.718491703856,True,16.54753220811733,585.4842910244391,True
46,Hungaria krt,SCPT,Tertiary,280.7,296.6738732883181,2,0.0,718.3764533758958,True,12.205493880157178,581.142252696479,True
61,Hungaria krt,MASW,Tertiary,301.8585277306017,296.90859290130675,2,0.0,718.6111729888845,True,12.440213493145848,581.3769723094676,True
47,Hungaria krt,SCPT,Tertiary,342.0,299.66104237723823,2,0.0,721.363622464816,True,15.192662969077332,584.1294217853991,True
48,Hungaria krt,SCPT,Tertiary,282.4,309.8446142241671,2,0.0,731.5471943117449,True,25.376234816006217,594.312993632328,True
62,Hungaria krt,MASW,Tertiary,349.3932717135017,319.0447900505308,2,0.0,740.7473701381086,True,34.57641064236992,603.5131694586917,True
49,Hungaria krt,SCPT,Tertiary,253.3,327.3364504301293,2,0.0,749.039030517707,True,42.868071021968376,611.8048298382902,True
50,Hungaria krt,SCPT,Tertiary,321.4,339.60378895787267,2,0.0,761.3063690454504,True,55.13540954971177,624.0721683660336,True
63,Hungaria krt,MASW,Tertiary,368.9090098180544,342.817994921488,2,0.0,764.5205750090657,True,58.34961551332708,627.2863743296489,True
996,Budapart,MASW,Quaternary,314.9245011606354,163.10621538535943,3,0.0,581.2961812325054,True,0.0,440.7547039735741,True
997,Budapart,MASW,Quaternary,242.44163571454845,208.216698933324,3,0.0,626.40666478047,True,0.0,485.8651875215387,True
998,Budapart,MASW,Quaternary,157.9886140542735,260.6094239181086,3,0.0,678.7993897652545,True,0.0,538.2579125063232,True
999,Budapart,MASW,Quaternary,176.10766844413888,313.0671576164238,3,0.0,731.2571234635698,True,35.41866902820914,590.7156462046385,True
1000,Budapart,MASW,Quaternary,197.17858473558465,316.9867892406724,3,0.0,735.1767550878184,True,39.33830065245775,594.6352778288871,True
1001,Budapart,MASW,Quaternary,239.2957443400448,295.6007041344961,3,0.0,713.790669981642,True,17.952215546281423,573.2491927227107,True
1002,Budapart,MASW,Quaternary,248.33418668783227,249.14114193540757,3,0.0,667.3311077825535,True,0.0,526.7896305236222,True
1003,Budapart,MASW,Quaternary,252.3328671626296,253.3409436866494,3,0.0,671.5309095337954,True,0.0,530.989432274864,True
1004,Budapart,MASW,Quaternary,274.25358161893274,269.3109968364251,3,0.0,687.5009626835711,True,0.0,546.9594854246398,True
1005,Budapart,MASW,Quaternary,275.4542892028961,265.75455631310587,3,0.0,683.9445221602518,True,0.0,543.4030449013205,True
1006,Budapart,MASW,Quaternary,294.5715165515109,284.57350065703525,3,0.0,702.7634665041812,True,6.9250120688205925,562.2219892452499,True
1007,Budapart,MASW,Quaternary,264.56409767953005,251.6510872898827,3,0.0,669.8410531370287,True,0.0,529.2995758780974,True
1008,Budapart,MASW,Quaternary,467.4323088011077,291.12031513659065,3,0.0,709.3102809837367,True,13.471826548375986,568.7688037248054,True
1009,Budapart,MASW,Quaternary,487.9315323651389,271.3595475817315,3,0.0,689.5495134288774,True,0.0,549.0080361699461,True
1010,Budapart,MASW,Quaternary,534.8024694985974,311.1875294671643,3,0.0,729.3774953143103,True,33.53904087894966,588.836018055379,True
1011,Budapart,MASW,Quaternary,198.6866581464849,225.96580396631038,3,0.0,644.1557698134563,True,0.0,503.61429255452504,True
1012,Budapart,MASW,Quaternary,174.2077326855875,204.8081436241465,3,0.0,622.9981094712925,True,0.0,482.45663221236117,True
1013,Budapart,MASW,Quaternary,218.74548124871887,251.45337871216182,3,0.0,669.6433445593078,True,0.0,529.1018673003765,True
1014,Budapart,MASW,Quaternary,224.91616831893225,271.1646036881583,3,0.0,689.3545695353043,True,0.0,548.813092276373,True
1015,Budapart,MASW,Quaternary,262.04744823605785,282.2482469257089,3,0.0,700.4382127728549,True,4.599758337494222,559.8967355139235,True
1016,Budapart,MASW,Quaternary,278.80618079788064,289.66658273816864,3,0.0,707.8565485853146,True,12.018094149953981,567.3150713263833,True
1017,Budapart,MASW,Quaternary,226.6397771054856,229.66826791291464,3,0.0,647.8582337600606,True,0.0,507.3167565011293,True
1018,Budapart,MASW,Quaternary,250.3457724284192,256.09034110446214,3,0.0,674.280306951608,True,0.0,533.7388296926767,True
1019,Budapart,MASW,Quaternary,247.64418117211255,259.3961870845711,3,0.0,677.5861529317172,True,0.0,537.0446756727858,True
1020,Budapart,MASW,Quaternary,282.2871895712367,268.0614618025304,3,0.0,686.2514276496763,True,0.0,545.709950390745,True
1021,Budapart,MASW,Quaternary,262.47852224854205,263.87311112216963,3,0.0,682.0630769693156,True,0.0,541.5215997103843,True
1022,Budapart,MASW,Quaternary,383.3651304293964,257.5841188626615,3,0.0,675.7740847098075,True,0.0,535.2326074508762,True
1023,Budapart,MASW,Quaternary,524.1579625234431,319.7847906462319,3,0.0,737.9747564933779,True,42.136302058017236,597.4332792344466,True
1024,Budapart,MASW,Quaternary,550.1775271810608,339.03275485636084,3,0.0,757.2227207035069,True,61.38426626814618,616.6812434445756,True
1025,Budapart,MASW,Quaternary,156.09949847531516,225.0513964379053,3,0.0,643.2413622850513,True,0.0,502.69988502612,True
1026,Budapart,MASW,Quaternary,199.45797632533723,280.7606965640994,3,0.0,698.9506624112454,True,3.1122079758847576,558.4091851523141,True
1027,Budapart,MASW,Quaternary,245.37338826516856,309.79160228668025,3,0.0,727.9815681338262,True,32.143113698465584,587.4400908748948,True
1028,Budapart,MASW,Quaternary,236.69771399156156,264.62041196111494,3,0.0,682.8103778082609,True,0.0,542.2689005493296,True
1029,Budapart,MASW,Quaternary,232.24896776381445,241.993617692803,3,0.0,660.183583539949,True,0.0,519.6421062810177,True
1030,Budapart,MASW,Quaternary,250.35437496561337,261.1189356009445,3,0.0,679.3089014480904,True,0.0,538.7674241891591,True
1031,Budapart,MASW,Quaternary,304.3331535968106,311.2054040132533,3,0.0,729.3953698603993,True,33.55691542503865,588.853892601468,True
1032,Budapart,MASW,Quaternary,285.5003637808965,285.8659671102229,3,0.0,704.0559329573689,True,8.217478522008264,563.5144556984376,True
1033,Budapart,MASW,Quaternary,272.75596422944125,262.3474666030171,3,0.0,680.5374324501631,True,0.0,539.9959551912318,True
1034,Budapart,MASW,Quaternary,412.2267261117577,300.49453325587444,3,0.0,718.6844991030205,True,22.846044667659783,578.1430218440892,True
1035,Budapart,MASW,Quaternary,190.75126081678476,224.649587743736,3,0.0,642.8395535908819,True,0.0,502.29807633195065,True
1036,Budapart,MASW,Quaternary,166.76722098028122,207.04181910984587,3,0.0,625.2317849569919,True,0.0,484.69030769806056,True
1037,Budapart,MASW,Quaternary,215.41747286501064,264.289443320777,3,0.0,682.479409167923,True,0.0,541.9379319089917,True
1038,Budapart,MASW,Quaternary,260.93714504043294,298.49540981933205,3,0.0,716.685375666478,True,20.846921231117392,576.1438984075467,True
1039,Budapart,MASW,Quaternary,269.6562030046544,285.4010676813032,3,0.0,703.5910335284491,True,7.752579093088514,563.0495562695178,True
1040,Budapart,MASW,Quaternary,239.9973595537022,248.50304414349003,3,0.0,666.693009990636,True,0.0,526.1515327317047,True
1041,Budapart,MASW,Quaternary,264.3478893337697,265.1809472166337,3,0.0,683.3709130637797,True,0.0,542.8294358048483,True
1042,Budapart,MASW,Quaternary,260.10595577818225,251.58296642329822,3,0.0,669.7729322704442,True,0.0,529.2314550115129,True
1043,Budapart,MASW,Quaternary,302.93970271584345,251.7857955491385,3,0.0,669.9757613962845,True,0.0,529.4342841373532,True
1044,Budapart,MASW,Quaternary,456.07858192523423,262.3788898765945,3,0.0,680.5688557237404,True,0.0,540.0273784648091,True
1045,Budapart,MASW,Quaternary,482.60330611425417,280.13597306731674,3,0.0,698.3259389144628,True,2.487484479102079,557.7844616555315,True
1046,Budapart,MASW,Quaternary,182.62077604901256,200.69597731708583,3,0.0,618.8859431642318,True,0.0,478.34446590530047,True
1047,Budapart,MASW,Quaternary,186.1021412498908,255.9130111356543,3,0.0,674.1029769828003,True,0.0,533.561499723869,True
1048,Budapart,MASW,Quaternary,176.45878234349587,245.96726213379338,3,0.0,664.1572279809393,True,0.0,523.615750722008,True
1049,Budapart,MASW,Quaternary,195.90551345445684,254.59659920247864,3,0.0,672.7865650496246,True,0.0,532.2450877906933,True
1050,Budapart,MASW,Quaternary,210.2692476943019,272.2345681711694,3,0.0,690.4245340183154,True,0.0,549.8830567593841,True
1051,Budapart,MASW,Quaternary,220.7469330930209,270.3770556044193,3,0.0,688.5670214515653,True,0.0,548.025544192634,True
1052,Budapart,MASW,Quaternary,208.8482131112298,257.20194313718474,3,0.0,675.3919089843307,True,0.0,534.8504317253994,True
1053,Budapart,MASW,Quaternary,205.3530384795569,251.66918830690182,3,0.0,669.8591541540478,True,0.0,529.3176768951165,True
1054,Budapart,MASW,Quaternary,211.8672348045849,252.52842986398807,3,0.0,670.718395711134,True,0.0,530.1769184522027,True
1055,Budapart,MASW,Quaternary,229.9427091755753,267.29386191924095,3,0.0,685.4838277663869,True,0.0,544.9423505074556,True
1056,Budapart,MASW,Quaternary,178.06189884304365,201.55617604798545,3,0.0,619.7461418951314,True,0.0,479.2046646362001,True
1057,Budapart,MASW,Quaternary,199.6152481747873,260.4793679087403,3,0.0,678.6693337558863,True,0.0,538.127856496955,True
1058,Budapart,MASW,Quaternary,238.65773298569488,302.920104537856,3,0.0,721.110070385002,True,25.27161594964133,580.5685931260707,True
1059,Budapart,MASW,Quaternary,197.86134262656049,246.62134258183013,3,0.0,664.8113084289761,True,0.0,524.2698311700448,True
1060,Budapart,MASW,Quaternary,214.1691716756123,274.2313168910915,3,0.0,692.4212827382376,True,0.0,551.8798054793062,True
1061,Budapart,MASW,Quaternary,204.9323330643595,267.2048834574911,3,0.0,685.3948493046371,True,0.0,544.8533720457058,True
1062,Budapart,MASW,Quaternary,218.93893794126737,287.2678164480544,3,0.0,705.4577822952003,True,9.619327859839757,564.916305036269,True
1063,Budapart,MASW,Quaternary,220.9834279376888,275.9488865120619,3,0.0,694.1388523592079,True,0.0,553.5973751002766,True
1064,Budapart,MASW,Quaternary,268.46,276.6480826320837,3,0.0,694.8380484792297,True,0.0,554.2965712202983,True
1065,Budapart,MASW,Quaternary,153.52949138327185,199.62483812460425,3,0.0,617.8148039717503,True,0.0,477.2733267128189,True
1066,Budapart,MASW,Quaternary,193.96732697418173,263.26501627499186,3,0.0,681.4549821221378,True,0.0,540.9135048632065,True
1067,Budapart,MASW,Quaternary,215.077696284564,293.31997528334716,3,0.0,711.5099411304932,True,15.6714866951325,570.9684638715619,True
1068,Budapart,MASW,Quaternary,238.80464668674344,262.98285242256253,3,0.0,681.1728182697085,True,0.0,540.6313410107772,True
1069,Budapart,MASW,Quaternary,245.3354627875698,250.9288317350214,3,0.0,669.1187975821674,True,0.0,528.5773203232361,True
1070,Budapart,MASW,Quaternary,247.53147221052092,248.4857505489157,3,0.0,666.6757163960617,True,0.0,526.1342391371304,True
1071,Budapart,MASW,Quaternary,272.4027350426088,267.8165983301582,3,0.0,686.0065641773042,True,0.0,545.4650869183729,True
1072,Budapart,MASW,Quaternary,254.89844722125025,244.86590872224747,3,0.0,663.0558745693934,True,0.0,522.5143973104621,True
1073,Budapart,MASW,Quaternary,272.64323208484603,260.43397281666296,3,0.0,678.623938663809,True,0.0,538.0824614048777,True
1074,Budapart,MASW,Quaternary,280.9149843751927,259.4164187074865,3,0.0,677.6063845546325,True,0.0,537.0649072957012,True
1075,Budapart,MASW,Quaternary,473.2222413447456,268.2978211172754,3,0.0,686.4877869644214,True,0.0,545.9463097054901,True
1076,Budapart,MASW,Quaternary,183.13755001535216,230.45023911143514,3,0.0,648.6402049585811,True,0.0,508.09872769964977,True
1077,Budapart,MASW,Quaternary,178.1407235440785,228.117261683402,3,0.0,646.307227530548,True,0.0,505.76575027161664,True
1078,Budapart,MASW,Quaternary,203.95888690857916,270.5625570876027,3,0.0,688.7525229347486,True,0.0,548.2110456758173,True
1079,Budapart,MASW,Quaternary,212.1688645121086,288.6049406317241,3,0.0,706.7949064788701,True,10.956452043509444,566.2534292199388,True
1080,Budapart,MASW,Quaternary,278.6857150019483,316.057267811972,3,0.0,734.2472336591179,True,38.408779223757335,593.7057564001866,True
1081,Budapart,MASW,Quaternary,231.1739523533905,265.34987120467014,3,0.0,683.5398370518161,True,0.0,542.9983597928848,True
1082,Budapart,MASW,Quaternary,259.84204481191153,272.1426635700517,3,0.0,690.3326294171977,True,0.0,549.7911521582664,True
1083,Budapart,MASW,Quaternary,260.8606967781626,265.8787910274878,3,0.0,684.0687568746338,True,0.0,543.5272796157025,True
1084,Budapart,MASW,Quaternary,266.0650563384212,266.7782450568363,3,0.0,684.9682109039823,True,0.0,544.426733645051,True
1085,Budapart,MASW,Quaternary,269.6280434193707,265.0013396412837,3,0.0,683.1913054884296,True,0.0,542.6498282294983,True
1086,Budapart,MASW,Quaternary,371.5950423468242,256.8232505875306,3,0.0,675.0132164346766,True,0.0,534.4717391757453,True
1087,Budapart,MASW,Quaternary,491.7559209041706,304.63383651550663,3,0.0,722.8238023626526,True,26.98534792729197,582.2823251037213,True
1088,Budapart,MASW,Quaternary,181.80561628891536,219.7430793523483,3,0.0,637.9330451994942,True,0.0,497.39156794056294,True
1089,Budapart,MASW,Quaternary,190.555474102631,257.6770480276325,3,0.0,675.8670138747784,True,0.0,535.3255366158471,True
1090,Budapart,MASW,Quaternary,222.7778845225797,294.8259519028154,3,0.0,713.0159177499613,True,17.177463314600743,572.47444049103,True
1091,Budapart,MASW,Quaternary,217.6915332265952,268.5132037106336,3,0.0,686.7031695577796,True,0.0,546.1616922988483,True
1092,Budapart,MASW,Quaternary,225.5612163020003,257.80399950472406,3,0.0,675.99396535187,True,0.0,535.4524880929387,True
1093,Budapart,MASW,Quaternary,218.69912924404144,255.88901075719122,3,0.0,674.0789766043372,True,0.0,533.5374993454059,True
1094,Budapart,MASW,Quaternary,210.47264817800425,250.7037912474553,3,0.0,668.8937570946013,True,0.0,528.35227983567,True
1095,Budapart,MASW,Quaternary,218.6399431603297,258.7554812829504,3,0.0,676.9454471300965,True,0.0,536.4039698711651,True
1096,Budapart,MASW,Quaternary,222.56821807043863,252.7324592710788,3,0.0,670.9224251182247,True,0.0,530.3809478592934,True
1097,Budapart,MASW,Quaternary,269.0433266736204,311.7412664540966,3,0.0,729.9312323012425,True,34.09277786588194,589.3897550423112,True
1098,Budapart,MASW,Quaternary,187.3100343454764,197.13674378763494,3,0.0,615.3267096347809,True,0.0,474.7852323758496,True
1099,Budapart,MASW,Quaternary,222.34084520729309,239.187802922494,3,0.0,657.3777687696399,True,0.0,516.8362915107086,True
1100,Budapart,MASW,Quaternary,252.56608898094157,291.58930497568224,3,0.0,709.7792708228283,True,13.940816387467578,569.237793563897,True
1101,Budapart,MASW,Quaternary,244.96483679727447,308.3858198021115,3,0.0,726.5757856492575,True,30.737331213896823,586.0343083903261,True
1102,Budapart,MASW,Quaternary,234.55662684429797,280.9894924593013,3,0.0,699.1794583064473,True,3.3410038710866274,558.637981047516,True
1103,Budapart,MASW,Quaternary,237.4367692279285,263.85898854334977,3,0.0,682.0489543904957,True,0.0,541.5074771315644,True
1104,Budapart,MASW,Quaternary,218.54536943109616,241.36444419901426,3,0.0,659.5544100461602,True,0.0,519.0129327872289,True
1105,Budapart,MASW,Quaternary,217.19009684022475,233.36772955167436,3,0.0,651.5576953988203,True,0.0,511.016218139889,True
1106,Budapart,MASW,Quaternary,241.63536774335344,253.77026132108588,3,0.0,671.9602271682319,True,0.0,531.4187499093006,True
1107,Budapart,MASW,Quaternary,247.9246741046859,259.1322595675663,3,0.0,677.3222254147122,True,0.0,536.7807481557809,True
1108,Budapart,MASW,Quaternary,266.2868371267044,272.61392724111073,3,0.0,690.8038930882567,True,0.0,550.2624158293254,True
1109,Budapart,MASW,Quaternary,580.7534828026721,327.2132687912453,3,0.0,745.4032346383913,True,49.56478020303064,604.86175737946,True
1110,Budapart,MASW,Quaternary,193.20265298831268,181.51200100118362,3,0.0,599.7019668483296,True,0.0,459.16048958939825,True
1111,Budapart,MASW,Quaternary,168.6264078169069,165.85248530866463,3,0.0,584.0424511558106,True,0.0,443.50097389687926,True
1112,Budapart,MASW,Quaternary,289.08835521167094,262.20979305378546,3,0.0,680.3997589009314,True,0.0,539.8582816420001,True
1113,Budapart,MASW,Quaternary,232.40168051966785,276.3029829729303,3,0.0,694.4929488200762,True,0.0,553.9514715611449,True
1114,Budapart,MASW,Quaternary,207.0452699782191,237.73732229913594,3,0.0,655.9272881462819,True,0.0,515.3858108873505,True
1115,Budapart,MASW,Quaternary,239.6089866214836,262.45765216510404,3,0.0,680.64761801225,True,0.0,540.1061407533186,True
1116,Budapart,MASW,Quaternary,241.2747385799583,255.3905046587725,3,0.0,673.5804705059185,True,0.0,533.0389932469872,True
1117,Budapart,MASW,Quaternary,240.69454175504325,251.69493815627965,3,0.0,669.8849040034256,True,0.0,529.3434267444943,True
1118,Budapart,MASW,Quaternary,252.18399933673072,259.31422034089627,3,0.0,677.5041861880422,True,0.0,536.9627089291109,True
1119,Budapart,MASW,Quaternary,274.8869914812007,284.6601467160588,3,0.0,702.8501125632048,True,7.011658127844157,562.3086353042735,True
1120,Budapart,MASW,Quaternary,243.2255319206435,211.27262057583857,3,0.0,629.4625864229845,True,0.0,488.92110916405323,True
1121,Budapart,MASW,Quaternary,213.2005697862587,178.80317167252514,3,0.0,596.9931375196711,True,0.0,456.4516602607398,True
1122,Budapart,MASW,Quaternary,289.73113128281886,240.00553167646686,3,0.0,658.1954975236129,True,0.0,517.6540202646815,True
1123,Budapart,MASW,Quaternary,338.56928750348965,287.5326820844568,3,0.0,705.7226479316028,True,9.88419349624212,565.1811706726714,True
1124,Budapart,MASW,Quaternary,285.5014863130366,310.9420226167648,3,0.0,729.1319884639108,True,33.29353402855014,588.5905112049795,True
1125,Budapart,MASW,Quaternary,239.2302244442629,282.34541793013994,3,0.0,700.5353837772859,True,4.6969293419252836,559.9939065183546,True
1126,Budapart,MASW,Quaternary,211.1738880050509,242.37319113104707,3,0.0,660.5631569781931,True,0.0,520.0216797192618,True
1127,Budapart,MASW,Quaternary,224.1113002582659,248.3299778537701,3,0.0,666.5199437009161,True,0.0,525.9784664419848,True
1128,Budapart,MASW,Quaternary,231.07340702137225,256.5957213056843,3,0.0,674.7856871528303,True,0.0,534.244209893899,True
1129,Budapart,MASW,Quaternary,231.81821956276607,249.05663474631854,3,0.0,667.2466005934646,True,0.0,526.7051233345333,True
1130,Budapart,MASW,Quaternary,249.69829106615344,268.581090672965,3,0.0,686.771056520111,True,0.0,546.2295792611797,True
1131,Budapart,MASW,Quaternary,254.4720832517515,273.52133310892617,3,0.0,691.7112989560721,True,0.0,551.1698216971408,True
1132,Budapart,MASW,Quaternary,254.0133183260768,265.98548488685174,3,0.0,684.1754507339976,True,0.0,543.6339734750663,True
1133,Budapart,MASW,Quaternary,267.7981267304003,302.75015180245657,3,0.0,720.9401176496026,True,25.10166321424191,580.3986403906713,True
1134,Budapart,MASW,Quaternary,247.0019124481507,220.80943648217115,3,0.0,638.9994023293171,True,0.0,498.45792507038584,True
1135,Budapart,MASW,Quaternary,214.60226635596624,195.69721961260421,3,0.0,613.8871854597502,True,0.0,473.3457082008189,True
1136,Budapart,MASW,Quaternary,276.37887766946614,244.90171557648952,3,0.0,663.0916814236355,True,0.0,522.5502041647042,True
1137,Budapart,MASW,Quaternary,319.1356120031349,302.40759503557183,3,0.0,720.5975608827177,True,24.75910644735717,580.0560836237864,True
1138,Budapart,MASW,Quaternary,279.98277319772546,305.70153108660736,3,0.0,723.8914969337534,True,28.0530424983927,583.3500196748221,True
1139,Budapart,MASW,Quaternary,239.579304108149,285.89401452210166,3,0.0,704.0839803692477,True,8.245525933886995,563.5425031103164,True
1140,Budapart,MASW,Quaternary,221.3203923675362,251.41115048758692,3,0.0,669.6011163347329,True,0.0,529.0596390758016,True
1141,Budapart,MASW,Quaternary,226.4721804201633,250.22852792751024,3,0.0,668.4184937746562,True,0.0,527.8770165157249,True
1142,Budapart,MASW,Quaternary,224.46344614457132,245.983359287919,3,0.0,664.1733251350649,True,0.0,523.6318478761336,True
1143,Budapart,MASW,Quaternary,223.2821304497248,244.3866470863291,3,0.0,662.5766129334751,True,0.0,522.0351356745438,True
1144,Budapart,MASW,Quaternary,241.2961957759113,261.6531616965984,3,0.0,679.8431275437443,True,0.0,539.301650284813,True
1145,Budapart,MASW,Quaternary,270.7768319074563,291.2597956205045,3,0.0,709.4497614676504,True,13.611307032289858,568.9082842087191,True
1146,Budapart,MASW,Quaternary,257.5041066260121,273.34831492727506,3,0.0,691.5382807744211,True,0.0,550.9968035154898,True
1147,Budapart,MASW,Quaternary,245.48858678688,261.24158230431345,3,0.0,679.4315481514594,True,0.0,538.8900708925281,True
1148,Budapart,MASW,Quaternary,257.4244137412403,273.7763854991768,3,0.0,691.9663513463228,True,0.0,551.4248740873915,True
1149,Budapart,MASW,Quaternary,258.2191124468668,280.01047085962483,3,0.0,698.2004367067708,True,2.36198227141017,557.6589594478395,True
1150,Budapart,MASW,Quaternary,576.0,281.9676131440877,3,0.0,700.1575789912337,True,4.319124555873032,559.6161017323024,False
1151,Budapart,MASW,Quaternary,281.3032448201237,215.52696543776756,3,0.0,633.7169312849135,True,0.0,493.1754540259822,True
1152,Budapart,MASW,Quaternary,218.07727993031943,168.87165089263,3,0.0,587.0616167397759,True,0.0,446.52013948084465,True
1153,Budapart,MASW,Quaternary,245.3407359744841,187.80762356281514,3,0.0,605.9975894099612,True,0.0,465.4561121510298,True
1154,Budapart,MASW,Quaternary,345.2535848560474,250.5149536102763,3,0.0,668.7049194574223,True,0.0,528.163442198491,True
1155,Budapart,MASW,Quaternary,219.6144105090756,265.10494142201867,3,0.0,683.2949072691647,True,0.0,542.7534300102334,True
1156,Budapart,MASW,Quaternary,257.8681816149979,303.5209146075557,3,0.0,721.7108804547017,True,25.87242601934105,581.1694031957704,True
1157,Budapart,MASW,Quaternary,246.5712190506611,271.34988767844806,3,0.0,689.539853525594,True,0.0,548.9983762666627,True
1158,Budapart,MASW,Quaternary,206.6190105374448,219.47513092183902,3,0.0,637.665096768985,True,0.0,497.1236195100537,True
1159,Budapart,MASW,Quaternary,239.68851703269823,253.78715554242737,3,0.0,671.9771213895733,True,0.0,531.435644130642,True
1160,Budapart,MASW,Quaternary,214.49067248994888,221.73978790536898,3,0.0,639.9297537525149,True,0.0,499.38827649358365,True
1161,Budapart,MASW,Quaternary,236.554475306871,246.281584242053,3,0.0,664.4715500891989,True,0.0,523.9300728302676,True
1162,Budapart,MASW,Quaternary,264.1683893374926,275.1677382462796,3,0.0,693.3577040934256,True,0.0,552.8162268344943,True
1163,Budapart,MASW,Quaternary,258.6225122143188,266.0874062827621,3,0.0,684.2773721299081,True,0.0,543.7358948709768,True
1164,Budapart,MASW,Quaternary,255.62796351386152,272.52492666939287,3,0.0,690.7148925165388,True,0.0,550.1734152576075,True
1165,Budapart,MASW,Quaternary,273.3555943775335,289.5726653355982,3,0.0,707.7626311827441,True,11.924176747383513,567.2211539238128,True
1166,Budapart,MASW,Quaternary,575.9999999999999,345.87308729996477,3,0.0,764.0630531471107,True,68.2245987117501,623.5215758881794,True
1167,Budapart,MASW,Quaternary,229.8839304448362,214.4630530351674,3,0.0,632.6530188823134,True,0.0,492.1115416233821,True
1168,Budapart,MASW,Quaternary,304.66516443700505,268.94025583621516,3,0.0,687.1302216833611,True,0.0,546.5887444244298,True
1169,Budapart,MASW,Quaternary,270.0293455242649,239.87462776752878,3,0.0,658.0645936146748,True,0.0,517.5231163557435,True
1170,Budapart,MASW,Quaternary,302.9616692137099,269.80206841114136,3,0.0,687.9920342582873,True,0.0,547.450556999356,True
1171,Budapart,MASW,Quaternary,239.1401527047529,308.8222388471278,3,0.0,727.0122046942738,True,31.173750258913117,586.4707274353425,True
1172,Budapart,MASW,Quaternary,256.6034776043064,310.80665164171944,3,0.0,728.9966174888655,True,33.15816305350478,588.4551402299342,True
1173,Budapart,MASW,Quaternary,231.92321239130428,261.0212743676818,3,0.0,679.2112402148277,True,0.0,538.6697629558964,True
1174,Budapart,MASW,Quaternary,210.32168985582655,227.50392975434454,3,0.0,645.6938956014906,True,0.0,505.1524183425592,True
1175,Budapart,MASW,Quaternary,188.3373746118845,202.9981572134528,3,0.0,621.1881230605987,True,0.0,480.64664580166743,True
1176,Budapart,MASW,Quaternary,224.39902409090905,247.20930437659905,3,0.0,665.399270223745,True,0.0,524.8577929648137,True
1177,Budapart,MASW,Quaternary,240.54305439735293,258.5097954422583,3,0.0,676.6997612894043,True,0.0,536.1582840304729,True
1178,Budapart,MASW,Quaternary,268.668214410446,287.606457457592,3,0.0,705.796423304738,True,9.95796886937734,565.2549460458067,True
1179,Budapart,MASW,Quaternary,279.4546737783115,296.72748258396183,3,0.0,714.9174484311078,True,19.07899399574717,574.3759711721765,True
1180,Budapart,MASW,Quaternary,263.5582549871305,286.44411581188245,3,0.0,704.6340816590284,True,8.795627223667793,564.0926044000971,True
1181,Budapart,MASW,Quaternary,270.7963110706171,302.27763793411566,3,0.0,720.4676037812617,True,24.629149345901,579.9261265223304,True
150,Marina,MASW,Quaternary,154.37361376580503,190.95623490037963,3,0.0,609.1462007475257,True,0.0,468.6047234885943,True
151,Marina,MASW,Quaternary,188.9515464665028,209.34598794213687,3,0.0,627.5359537892829,True,0.0,486.99447653035156,True
152,Marina,MASW,Quaternary,210.7618990419121,215.25025988558238,3,0.0,633.4402257327283,True,0.0,492.898748473797,True
153,Marina,MASW,Quaternary,216.8659416178409,223.25836994227902,3,0.0,641.448335789425,True,0.0,500.90685853049365,True
154,Marina,MASW,Quaternary,192.58263899576804,205.42021293128983,3,0.0,623.6101787784357,True,0.0,483.0687015195045,True
155,Marina,MASW,Quaternary,254.04192770326176,225.88886179410642,3,0.0,644.0788276412524,True,0.0,503.53735038232105,True
156,Marina,MASW,Quaternary,254.85619390992656,215.52169440288478,3,0.0,633.7116602500307,True,0.0,493.1701829910994,True
157,Marina,MASW,Quaternary,229.95709832009632,197.92944212417999,3,0.0,616.1194079713259,True,0.0,475.5779307123946,True
158,Marina,MASW,Quaternary,204.7285980178102,192.8678117785264,3,0.0,611.0577776256723,True,0.0,470.51630036674106,True
159,Marina,MASW,Quaternary,253.02665478008373,238.74478994373325,3,0.0,656.9347557908792,True,0.0,516.3932785319479,True
160,Marina,MASW,Quaternary,254.45081735336137,244.28675381533094,3,0.0,662.4767196624769,True,0.0,521.9352424035455,True
161,Marina,MASW,Quaternary,248.69925764605333,265.52437523850034,3,0.0,683.7143410856463,True,0.0,543.172863826715,True
162,Marina,MASW,Quaternary,300.69654630824925,312.3078587111469,3,0.0,730.4978245582929,True,34.659370122932216,589.9563472993616,True
163,Marina,MASW,Quaternary,318.2497071346119,339.715155775412,3,0.0,757.905121622558,True,62.06666718719731,617.3636443636267,True
164,Marina,MASW,Tertiary,335.13417893108965,319.7129740984766,3,0.0,737.9029399456226,True,42.06448551026193,597.3614626866913,True
165,Marina,MASW,Quaternary,162.8655867742902,192.97355396444013,3,0.0,611.1635198115861,True,0.0,470.62204255265476,True
166,Marina,MASW,Quaternary,152.4065336873562,175.39867289927722,3,0.0,593.5886387464232,True,0.0,453.04716148749185,True
167,Marina,MASW,Quaternary,172.2616758424782,206.50799977594878,3,0.0,624.6979656230948,True,0.0,484.15648836416347,True
168,Marina,MASW,Quaternary,225.0811766638941,261.69654378791614,3,0.0,679.8865096350621,True,0.0,539.3450323761308,True
169,Marina,MASW,Quaternary,224.0938681444996,225.03044390204477,3,0.0,643.2204097491907,True,0.0,502.6789324902594,True
170,Marina,MASW,Quaternary,228.58095676543687,229.15727899194266,3,0.0,647.3472448390886,True,0.0,506.8057675801573,True
171,Marina,MASW,Quaternary,250.2333078399093,244.59574598994556,3,0.0,662.7857118370915,True,0.0,522.2442345781602,True
172,Marina,MASW,Quaternary,236.1418597383989,237.08332130438163,3,0.0,655.2732871515276,True,0.0,514.7318098925963,True
173,Marina,MASW,Quaternary,282.537697681028,289.8580602719314,3,0.0,708.0480261190773,True,12.209571683716717,567.506548860146,True
174,Marina,MASW,Quaternary,275.1829064009047,263.7775632758403,3,0.0,681.9675291229862,True,0.0,541.4260518640549,True
175,Marina,MASW,Quaternary,319.4455185892932,313.10102562518165,3,0.0,731.2909914723276,True,35.45253703696699,590.7495142133963,True
176,Marina,MASW,Quaternary,305.3404635400741,296.2311203907409,3,0.0,714.4210862378868,True,18.582631802526237,573.8796089789555,True
177,Marina,MASW,Tertiary,318.45230541235145,311.93648151271344,3,0.0,730.1264473598594,True,34.28799292449878,589.5849701009281,True
178,Marina,MASW,Tertiary,354.9977594624199,330.5307648824094,3,0.0,748.7207307295554,True,52.88227629419475,608.1792534706241,True
179,Marina,MASW,Tertiary,355.3165664289617,336.94117238389225,3,0.0,755.1311382310382,True,59.29268379567759,614.5896609721069,True
262,Paskal,MASW,Quaternary,161.2812034755749,187.88570507419942,3,0.0,606.0756709213454,True,0.0,465.53419366241405,True
263,Paskal,MASW,Quaternary,222.76172789332315,271.1476328242503,3,0.0,689.3375986713963,True,0.0,548.796121412465,True
264,Paskal,MASW,Quaternary,223.9108492496985,296.9119825151583,3,0.0,715.1019483623043,True,19.263493926943625,574.560471103373,True
265,Paskal,MASW,Quaternary,229.6152703338023,288.82627326878037,3,0.0,707.0162391159263,True,11.177784680565708,566.474761856995,True
266,Paskal,MASW,Quaternary,284.8468157056311,252.76096230612293,3,0.0,670.9509281532689,True,0.0,530.4094508943376,True
267,Paskal,MASW,Quaternary,267.058512604076,274.8315471812817,3,0.0,693.0215130284276,True,0.0,552.4800357694963,True
268,Paskal,MASW,Quaternary,225.18262954113905,295.7849928015048,3,0.0,713.9749586486507,True,18.136504213290152,573.4334813897194,True
269,Paskal,MASW,Quaternary,211.45499754260985,285.80739717418595,3,0.0,703.9973630213319,True,8.15890858597129,563.4558857624006,True
270,Paskal,MASW,Quaternary,187.58499662470868,249.7889137014128,3,0.0,667.9788795485588,True,0.0,527.4374022896275,True
271,Paskal,MASW,Quaternary,157.3610543809992,187.01562605615595,3,0.0,605.2055919033019,True,0.0,464.6641146443706,True
272,Paskal,MASW,Quaternary,212.313686919956,259.59609888069883,3,0.0,677.7860647278449,True,0.0,537.2445874689136,True
273,Paskal,MASW,Quaternary,203.21529879091256,274.76262861986294,3,0.0,692.9525944670089,True,0.0,552.4111172080776,True
274,Paskal,MASW,Tertiary,194.23547021582692,238.00151083868445,3,0.0,656.1914766858304,True,0.0,515.6499994268991,True
275,Paskal,MASW,Tertiary,267.27963511620146,223.05388326119416,3,0.0,641.2438491083401,True,0.0,500.7023718494088,True
276,Paskal,MASW,Tertiary,248.23038318074427,222.92128220255913,3,0.0,641.1112480497051,True,0.0,500.56977079077376,True
277,Paskal,MASW,Tertiary,188.43348036726303,226.7019973546855,3,0.0,644.8919632018315,True,0.0,504.35048594290015,True
278,Paskal,MASW,Tertiary,189.31716125851733,232.07249025408444,3,0.0,650.2624561012304,True,0.0,509.72097884229913,True
279,Paskal,MASW,Tertiary,197.5519360067566,237.50711444858797,3,0.0,655.6970802957339,True,0.0,515.1556030368026,True
280,Paskal,MASW,Tertiary,202.310932199361,237.39934336951225,3,0.0,655.5893092166582,True,0.0,515.0478319577269,True
281,Paskal,MASW,Tertiary,205.9751159322853,241.44523443410023,3,0.0,659.6352002812462,True,0.0,519.0937230223149,True
282,Paskal,MASW,Tertiary,243.3681410722542,308.51847470561455,3,0.0,726.7084405527605,True,30.86998611739989,586.1669632938292,True
95,Balazs Bela u,MASW,Quaternary,160.22927084196056,181.27447303938237,4,0.0,456.20450864994444,True,0.0,452.70160846819743,True
96,Balazs Bela u,MASW,Quaternary,225.09300694348687,192.90270312154644,4,0.0,467.8327387321085,True,0.0,464.3298385503615,True
97,Balazs Bela u,MASW,Quaternary,240.09620888267037,206.64649845988788,4,0.0,481.57653407044995,True,0.0,478.07363388870294,True
98,Balazs Bela u,MASW,Quaternary,207.03853585650089,256.6640146448185,4,0.0,531.5940502553806,True,0.0,528.0911500736336,True
99,Balazs Bela u,MASW,Quaternary,191.0690633873746,251.60630409067545,4,0.0,526.5363397012375,True,0.0,523.0334395194905,True
100,Balazs Bela u,MASW,Quaternary,179.8770125717389,241.51505844514423,4,0.0,516.4450940557062,True,0.0,512.9421938739592,True
101,Balazs Bela u,MASW,Quaternary,179.09335493620526,247.50746740572276,4,0.0,522.4375030162848,True,0.0,518.9346028345378,True
102,Balazs Bela u,MASW,Quaternary,202.76392077368945,256.2742196164374,4,0.0,531.2042552269995,True,0.0,527.7013550452525,True
103,Balazs Bela u,MASW,Quaternary,274.80579295238493,263.980931175812,4,0.0,538.910966786374,True,0.0,535.408066604627,True
104,Balazs Bela u,MASW,Tertiary,284.31066554681274,258.7237812841273,4,0.0,533.6538168946894,True,0.0,530.1509167129424,True
105,Balazs Bela u,MASW,Tertiary,287.2940421350688,257.2649265006744,4,0.0,532.1949621112365,True,0.0,528.6920619294895,True
106,Balazs Bela u,MASW,Tertiary,305.5982001643207,278.8993492316646,4,3.969313621102515,553.8293848422267,True,7.472213802849524,550.3264846604797,True
107,Balazs Bela u,MASW,Tertiary,323.77912492398366,305.9979763170251,4,31.067940706463048,580.9280119275872,True,34.57084088821006,577.4251117458402,True
108,Balazs Bela u,MASW,Tertiary,286.7956655723814,300.93689907293356,4,26.006863462371484,575.8669346834956,True,29.509763644118493,572.3640345017486,True
109,Balazs Bela u,MASW,Tertiary,281.62953012015385,301.8531330025481,4,26.923097391986005,576.7831686131101,True,30.425997573733014,573.2802684313631,True
110,Balazs Bela u,MASW,Quaternary,181.2593016532936,182.62069253858868,4,0.0,457.55072814915076,True,0.0,454.04782796740375,True
111,Balazs Bela u,MASW,Quaternary,213.7389977658518,192.3329842604805,4,0.0,467.26301987104256,True,0.0,463.76011968929555,True
112,Balazs Bela u,MASW,Quaternary,242.16945631577872,206.5164121035311,4,0.0,481.4464477140932,True,0.0,477.9435475323462,True
113,Balazs Bela u,MASW,Quaternary,183.9976083561228,238.07343520820464,4,0.0,513.0034708187667,True,0.0,509.5005706370197,True
114,Balazs Bela u,MASW,Quaternary,196.25096508768468,256.45597133513957,4,0.0,531.3860069457016,True,0.0,527.8831067639546,True
115,Balazs Bela u,MASW,Quaternary,181.47621716786065,238.3785696011755,4,0.0,513.3086052117376,True,0.0,509.8057050299906,True
116,Balazs Bela u,MASW,Quaternary,195.9799207328963,253.28574413599392,4,0.0,528.215779746556,True,0.0,524.712879564809,True
117,Balazs Bela u,MASW,Quaternary,204.43626559443783,253.70984023445982,4,0.0,528.6398758450218,True,0.0,525.1369756632748,True
118,Balazs Bela u,MASW,Quaternary,257.70007980133306,259.39701281363926,4,0.0,534.3270484242014,True,0.0,530.8241482424544,True
119,Balazs Bela u,MASW,Tertiary,293.3543261321456,256.5459138340238,4,0.0,531.4759494445859,True,0.0,527.9730492628389,True
120,Balazs Bela u,MASW,Tertiary,297.0572278925097,264.89561025781165,4,0.0,539.8256458683737,True,0.0,536.3227456866267,True
121,Balazs Bela u,MASW,Tertiary,320.18378589781827,287.5744261095183,4,12.644390498956227,562.5044617200804,True,16.147290680703236,559.0015615383334,True
122,Balazs Bela u,MASW,Tertiary,299.2427491507408,294.4698660196642,4,19.539830409102137,569.3999016302263,True,23.042730590849146,565.8970014484793,True
123,Balazs Bela u,MASW,Tertiary,295.38867195232734,297.1779762678397,4,22.24794065727764,572.1080118784018,True,25.750840839024647,568.6051116966548,True
124,Balazs Bela u,MASW,Tertiary,284.7713855793395,299.3838540326274,4,24.453818422065353,574.3138896431894,True,27.956718603812362,570.8109894614424,True
125,Balazs Bela u,MASW,Quaternary,225.344560762992,194.14823694740858,4,0.0,469.07827255797065,True,0.0,465.57537237622364,True
126,Balazs Bela u,MASW,Quaternary,218.7736372966365,199.47170312769538,4,0.0,474.40173873825745,True,0.0,470.89883855651044,True
127,Balazs Bela u,MASW,Quaternary,238.47002457839076,207.98768886045238,4,0.0,482.9177244710145,True,0.0,479.4148242892675,True
128,Balazs Bela u,MASW,Quaternary,172.9944254712481,202.19340718260776,4,0.0,477.12344279316983,True,0.0,473.6205426114228,True
129,Balazs Bela u,MASW,Quaternary,208.06999100282263,212.15421680393115,4,0.0,487.0842524144932,True,0.0,483.5813522327462,True
130,Balazs Bela u,MASW,Quaternary,192.08137490019047,245.95608360334705,4,0.0,520.8861192139091,True,0.0,517.3832190321621,True
131,Balazs Bela u,MASW,Quaternary,192.82835352083657,254.9426642579876,4,0.0,529.8726998685497,True,0.0,526.3697996868027,True
132,Balazs Bela u,MASW,Quaternary,192.23263736765307,255.0579687802958,4,0.0,529.9880043908579,True,0.0,526.4851042091109,True
133,Balazs Bela u,MASW,Quaternary,194.1878028074128,254.48539758479552,4,0.0,529.4154331953575,True,0.0,525.9125330136105,True
134,Balazs Bela u,MASW,Tertiary,256.0695961005619,262.8136432738229,4,0.0,537.743678884385,True,0.0,534.240778702638,True
135,Balazs Bela u,MASW,Tertiary,282.3878377195648,259.55304709408614,4,0.0,534.4830827046483,True,0.0,530.9801825229013,True
136,Balazs Bela u,MASW,Tertiary,301.7575919193504,280.7948366992624,4,5.8648010887003466,555.7248723098245,True,9.367701270447355,552.2219721280775,True
137,Balazs Bela u,MASW,Quaternary,218.61843680273475,197.88905785472812,4,0.0,472.81909346529017,True,0.0,469.31619328354316,True
138,Balazs Bela u,MASW,Quaternary,243.5136525721244,236.17878066586485,4,0.0,511.1088162764269,True,0.0,507.6059160946799,True
139,Balazs Bela u,MASW,Quaternary,173.9745978721373,206.0241341114047,4,0.0,480.95416972196676,True,0.0,477.45126954021976,True
140,Balazs Bela u,MASW,Quaternary,217.03384928200185,237.44180374813686,4,0.0,512.3718393586989,True,0.0,508.8689391769519,True
141,Balazs Bela u,MASW,Quaternary,203.1240160584304,256.4017013460002,4,0.0,531.3317369565623,True,0.0,527.8288367748153,True
142,Balazs Bela u,MASW,Quaternary,184.60127439809037,248.7916529947581,4,0.0,523.7216886053202,True,0.0,520.2187884235732,True
143,Balazs Bela u,MASW,Quaternary,165.4915602191897,238.41889617259037,4,0.0,513.3489317831525,True,0.0,509.84603160140546,True
144,Balazs Bela u,MASW,Quaternary,192.86192210827696,258.5049931576323,4,0.0,533.4350287681943,True,0.0,529.9321285864473,True
145,Balazs Bela u,MASW,Quaternary,247.33548914468648,258.88025608537913,4,0.0,533.8102916959413,True,0.0,530.3073915141943,True
146,Balazs Bela u,MASW,Tertiary,273.0212382878847,264.2692275717886,4,0.0,539.1992631823507,True,0.0,535.6963630006037,True
147,Balazs Bela u,MASW,Tertiary,316.70687811949347,280.4860761961496,4,5.556040585587539,555.4161118067117,True,9.058940767334548,551.9132116249647,True
148,Balazs Bela u,MASW,Tertiary,335.72412127806666,294.7787307952873,4,19.848695184725216,569.7087664058494,True,23.351595366472225,566.2058662241024,True
149,Balazs Bela u,MASW,Tertiary,276.8066629898324,300.84707709666475,4,25.917041486102676,575.7771127072268,True,29.419941667849685,572.2742125254798,True
1279,Galeria,SCPT,Quaternary,279.0,196.30528018759412,4,0.0,471.2353157981562,True,0.0,467.7324156164092,True
1280,Galeria,SCPT,Quaternary,480.9,214.59324419943766,4,0.0,489.52327980999974,True,0.0,486.0203796282527,True
1281,Galeria,SCPT,Quaternary,325.8,296.02111465151046,4,21.091079040948387,570.9511502620726,True,24.593979222695395,567.4482500803256,True
1282,Galeria,SCPT,Quaternary,290.0,285.3888238031867,4,10.458788192624638,560.3188594137488,True,13.961688374371647,556.8159592320018,True
1283,Galeria,SCPT,Quaternary,318.7,320.33736940900485,4,45.40733379844278,595.2674050195669,True,48.91023398018979,591.7645048378199,True
1284,Galeria,SCPT,Quaternary,227.5,271.95101460249504,4,0.0,546.881050213057,True,0.5238791736799726,543.37815003131,True
1285,Galeria,SCPT,Quaternary,329.6,289.95626725518787,4,15.026231644625796,564.8863028657499,True,18.529131826372804,561.3834026840029,True
1286,Galeria,SCPT,Quaternary,274.5,296.75708278471274,4,21.827047174150664,571.6871183952749,True,25.329947355897673,568.1842182135279,True
1287,Galeria,SCPT,Quaternary,335.8,288.25087823523194,4,13.320842624669865,563.1809138457941,True,16.823742806416874,559.6780136640471,True
1288,Galeria,SCPT,Quaternary,297.1,304.03772058416297,4,29.107684973600897,578.9677561947251,True,32.610585155347906,575.4648560129781,True
1289,Galeria,SCPT,Quaternary,460.0,303.44748458496184,4,28.51744897439977,578.3775201955239,True,32.02034915614678,574.8746200137768,True
1290,Galeria,SCPT,Quaternary,365.0,315.5822561099504,4,40.65222049938831,590.5122917205124,True,44.155120681135315,587.0093915387654,True
1291,Galeria,SCPT,Quaternary,461.2,303.49919744003705,4,28.56916182947498,578.4292330505991,True,32.07206201122199,574.9263328688521,True
1292,Galeria,SCPT,Quaternary,241.4,299.65228358694577,4,24.7222479763837,574.5823191975078,True,28.225148158130708,571.0794190157608,True
1293,Galeria,SCPT,Quaternary,279.8,273.158871733103,4,0.0,548.0889073436651,True,1.7317363042879492,544.5860071619181,True
1294,Galeria,SCPT,Quaternary,303.4,265.8468148721784,4,0.0,540.7768504827404,True,0.0,537.2739503009934,True
1295,Galeria,SCPT,Quaternary,280.0,267.59333136988147,4,0.0,542.5233669804436,True,0.0,539.0204667986966,True
1296,Galeria,SCPT,Tertiary,235.0,259.2359470347706,4,0.0,534.1659826453326,True,0.0,530.6630824635856,True
1297,Galeria,SCPT,Tertiary,197.1,263.63279467265335,4,0.0,538.5628302832154,True,0.0,535.0599301014684,True
1298,Galeria,SCPT,Tertiary,198.1,261.5382307143221,4,0.0,536.4682663248841,True,0.0,532.9653661431371,True
1299,Galeria,SCPT,Tertiary,207.5,269.8673973031073,4,0.0,544.7974329136694,True,0.0,541.2945327319223,True
1300,Galeria,SCPT,Tertiary,199.5,284.19339781179974,4,9.263362201237669,559.1234334223618,True,12.766262382984678,555.6205332406148,True
1301,Galeria,SCPT,Tertiary,240.1,291.0930528507597,4,16.163017240197632,566.0230884613218,True,19.66591742194464,562.5201882795748,True
1302,Galeria,SCPT,Tertiary,283.1,302.3787755233139,4,27.44873991275182,577.3088111338759,True,30.951640094498828,573.8059109521289,True
1303,Galeria,SCPT,Tertiary,344.4,309.2600815790788,4,34.33004596851674,584.1901171896409,True,37.83294615026375,580.6872170078939,True
932,Galeria,MASW,Quaternary,200.87338911264135,196.48383483550546,4,0.0,471.41387044606756,True,0.0,467.91097026432055,True
933,Galeria,MASW,Quaternary,196.74440696539887,194.11740917497127,4,0.0,469.04744478553334,True,0.0,465.54454460378633,True
934,Galeria,MASW,Quaternary,291.6550194442972,236.42432206291087,4,0.0,511.3543576734729,True,0.0,507.8514574917259,True
935,Galeria,MASW,Quaternary,303.440748147891,301.080054078251,4,26.150018467688938,576.0100896888131,True,29.652918649435946,572.5071895070661,True
936,Galeria,MASW,Quaternary,285.02503663109627,294.28585120056033,4,19.355815589998258,569.2158868111223,True,22.858715771745267,565.7129866293753,True
937,Galeria,MASW,Quaternary,265.69406677837884,275.47699854656884,4,0.5469629360067643,550.407034157131,True,4.049863117753773,546.904133975384,True
938,Galeria,MASW,Tertiary,293.826453794217,275.6353746907927,4,0.7053390802306012,550.5654103013547,True,4.20823926197761,547.0625101196077,True
939,Galeria,MASW,Tertiary,351.778884161439,278.76459167328,4,3.8345560627179225,553.694627283842,True,7.337456244464931,550.191727102095,True
940,Galeria,MASW,Tertiary,359.2097639054068,280.67517340222923,4,5.745137791667162,555.6052090127913,True,9.24803797341417,552.1023088310443,True
941,Galeria,MASW,Tertiary,345.67985624468184,290.3790414871054,4,15.44900587654331,565.3090770976675,True,18.95190605829032,561.8061769159204,True
942,Galeria,MASW,Tertiary,301.04994974683586,293.4514233401811,4,18.52138772961905,568.3814589507432,True,22.02428791136606,564.8785587689962,True
943,Galeria,MASW,Tertiary,269.53387290059925,353.7020561273176,4,78.7720205167555,628.6320917378796,True,82.27492069850251,625.1291915561326,True
944,Galeria,MASW,Tertiary,251.1968980124008,368.13992340439927,4,93.2098877938372,643.0699590149613,True,96.7127879755842,639.5670588332143,True
945,Galeria,MASW,Quaternary,142.94718163263792,195.05572482749233,4,0.0,469.9857604380544,True,0.0,466.4828602563074,True
946,Galeria,MASW,Quaternary,243.4278209050671,223.17058805483143,4,0.0,498.1006236653935,True,0.0,494.5977234836465,True
947,Galeria,MASW,Quaternary,322.1958686052481,300.25016731514893,4,25.320131704586856,575.180202925711,True,28.823031886333865,571.677302743964,True
948,Galeria,MASW,Quaternary,322.5679840545331,316.0581875661175,4,41.12815195555544,590.9882231766796,True,44.63105213730245,587.4853229949326,True
949,Galeria,MASW,Quaternary,287.5370044235484,294.4980004603626,4,19.567964849800546,569.4280360709247,True,23.070865031547555,565.9251358891777,True
950,Galeria,MASW,Quaternary,314.99276153740004,281.28519315027734,4,6.355157539715265,556.2152287608394,True,9.858057721462274,552.7123285790924,True
951,Galeria,MASW,Quaternary,335.55843365581563,289.75330142247986,4,14.823265811917793,564.6833370330419,True,18.3261659936648,561.1804368512949,True
952,Galeria,MASW,Quaternary,355.7838439538125,297.9157535271036,4,22.985717916541546,572.8457891376656,True,26.488618098288555,569.3428889559186,True
953,Galeria,MASW,Quaternary,288.1304316847947,272.7066033801396,4,0.0,547.6366389907016,True,1.2794679513245342,544.1337388089546,True
954,Galeria,MASW,Quaternary,233.7608424569632,277.95788371278036,4,3.027848102218286,552.8879193233424,True,6.530748283965295,549.3850191415954,True
955,Galeria,MASW,Tertiary,250.88861987706844,354.9587645669205,4,80.0287289563584,629.8888001774826,True,83.53162913810542,626.3858999957356,True
956,Galeria,MASW,Tertiary,281.25794562499107,382.55534497225807,4,107.625309361696,657.4853805828202,True,111.128209543443,653.9824804010732,True
957,Galeria,MASW,Tertiary,284.46925929850886,466.5399616049307,4,191.6099259943686,741.4699972154928,True,195.11282617611562,737.9670970337457,True
958,Galeria,MASW,Quaternary,186.7510049262177,196.49216862210795,4,0.0,471.42220423267,True,0.0,467.919304050923,True
959,Galeria,MASW,Quaternary,217.38377613883452,221.9667495841794,4,0.0,496.8967851947415,True,0.0,493.3938850129945,True
960,Galeria,MASW,Quaternary,301.8937871548395,300.59878140080934,4,25.66874579024727,575.5288170113714,True,29.17164597199428,572.0259168296244,True
961,Galeria,MASW,Quaternary,316.2616940605289,326.3251864295528,4,51.395150818990714,601.2552220401149,True,54.89805100073772,597.7523218583678,True
962,Galeria,MASW,Quaternary,290.74075735471337,288.79702499908905,4,13.866989388526974,563.7270606096511,True,17.369889570273983,560.224160427904,True
963,Galeria,MASW,Quaternary,304.91768049151176,299.8786803149345,4,24.94864470437244,574.8087159254966,True,28.45154488611945,571.3058157437496,True
964,Galeria,MASW,Quaternary,325.31218079012706,299.10910047654454,4,24.17906486598247,574.0391360871066,True,27.681965047729477,570.5362359053596,True
965,Galeria,MASW,Quaternary,311.13731166990686,275.70645781180747,4,0.7764222012453956,550.6364934223695,True,4.2793223829924045,547.1335932406225,True
966,Galeria,MASW,Quaternary,321.54674826016344,295.76070406533466,4,20.830668454772592,570.6907396758968,True,24.3335686365196,567.1878394941498,True
967,Galeria,MASW,Quaternary,301.88367846916486,283.7630956293833,4,8.833060018821243,558.6931312399454,True,12.335960200568252,555.1902310581984,True
968,Galeria,MASW,Quaternary,255.5093548420168,300.2573792894451,4,25.32734367888304,575.1874149000072,True,28.83024386063005,571.6845147182602,True
969,Galeria,MASW,Quaternary,286.2096295408894,317.37745912518307,4,42.44742351462099,592.3074947357452,True,45.950323696368,588.8045945539982,True
970,Galeria,MASW,Quaternary,261.5631031455214,306.42692296189284,4,31.49688735133077,581.3569585724549,True,34.99978753307778,577.8540583907079,True
971,Galeria,MASW,Quaternary,272.8075060459482,317.914874176245,4,42.984838565682935,592.8449097868071,True,46.487738747429944,589.3420096050601,True
972,Galeria,MASW,Quaternary,149.8669174754767,204.91343750353928,4,0.0,479.84347311410136,True,0.0,476.34057293235435,True
973,Galeria,MASW,Quaternary,235.29946075176795,290.500836804651,4,15.570801194088915,565.4308724152131,True,19.073701375835924,561.9279722334661,True
974,Galeria,MASW,Quaternary,267.6174015538523,309.5792989891999,4,34.64926337863784,584.509334599762,True,38.15216356038485,581.006434418015,True
975,Galeria,MASW,Quaternary,290.3013310348953,324.7546525738803,4,49.82461696331825,599.6846881844424,True,53.32751714506526,596.1817880026954,True
976,Galeria,MASW,Quaternary,275.6926399468307,299.1671825792526,4,24.237146968690524,574.0972181898146,True,27.740047150437533,570.5943180080676,True
977,Galeria,MASW,Quaternary,275.8133400192892,296.8680772182274,4,21.938041607665355,571.7981128287895,True,25.440941789412364,568.2952126470425,True
978,Galeria,MASW,Quaternary,262.9615711175503,278.8504834538782,4,3.92044784331614,553.7805190644403,True,7.423348025063149,550.2776188826933,True
979,Galeria,MASW,Quaternary,238.8663094842344,268.56403842222943,4,0.0,543.4940740327916,True,0.0,539.9911738510446,True
980,Galeria,MASW,Quaternary,230.19272958855112,270.66168321038106,4,0.0,545.5917188209431,True,0.0,542.0888186391961,True
981,Galeria,MASW,Tertiary,311.61708594721443,284.76510711760983,4,9.835071507047758,559.695142728172,True,13.337971688794767,556.192242546425,True
982,Galeria,MASW,Tertiary,299.1742628896579,286.23311618910463,4,11.303080578542563,561.1631517996667,True,14.805980760289572,557.6602516179197,True
983,Galeria,MASW,Tertiary,335.8456019731248,296.1474665408231,4,21.217430930261003,571.0775021513851,True,24.72033111200801,567.5746019696381,True
984,Galeria,MASW,Tertiary,289.7824435829544,287.3869661744613,4,12.45693056389922,562.3170017850234,True,15.95983074564623,558.8141016032764,True
985,Galeria,MASW,Tertiary,262.7729653347981,281.69512106319246,4,6.765085452630387,556.6251566737545,True,10.267985634377396,553.1222564920075,True
986,Galeria,MASW,Tertiary,244.86422079700904,281.23005805284225,4,6.300022442280181,556.1600936634043,True,9.80292262402719,552.6571934816573,True
987,Galeria,MASW,Tertiary,236.04469094651992,284.63255767557774,4,9.702522065015671,559.5625932861399,True,13.20542224676268,556.0596931043929,True
988,Galeria,MASW,Tertiary,240.26869319748596,293.69571789789495,4,18.76568228733288,568.625753508457,True,22.268582469079888,565.12285332671,True
989,Galeria,MASW,Tertiary,246.022177679243,297.90606845239313,4,22.976032841831056,572.8361040629552,True,26.478933023578065,569.3332038812082,True
990,Galeria,MASW,Tertiary,313.5556875483491,298.2270833774856,4,23.297047766923527,573.1571189880476,True,26.799947948670535,569.6542188063006,True
991,Galeria,MASW,Tertiary,332.559492726047,306.08380283913044,4,31.15376722856837,581.0138384496925,True,34.65666741031538,577.5109382679454,True
992,Galeria,MASW,Tertiary,338.29668951106567,316.47674731796525,4,41.546711707403176,591.4067829285273,True,45.049611889150185,587.9038827467803,True
993,Galeria,MASW,Tertiary,342.2379812791047,320.6652030183287,4,45.73516740776665,595.5952386288908,True,49.23806758951366,592.0923384471438,True
994,Galeria,MASW,Tertiary,365.2214831032677,329.4408396293673,4,54.51080401880523,604.3708752399293,True,58.01370420055224,600.8679750581823,True
995,Galeria,MASW,Tertiary,367.79735650907736,334.38492595387817,4,59.454890343316094,609.3149615644402,True,62.9577905250631,605.8120613826932,True
913,Galeria,MASW,Quaternary,133.45529133277475,206.44055419316336,4,0.0,481.37058980372547,True,0.0,477.86768962197846,True
914,Galeria,MASW,Quaternary,213.4602204627913,287.3658973541389,4,12.435861743576822,562.295932964701,True,15.938761925323831,558.793032782954,True
915,Galeria,MASW,Quaternary,272.7691531662016,306.761540315707,4,31.831504705144937,581.691575926269,True,35.334404886891946,578.188675744522,True
916,Galeria,MASW,Quaternary,297.1655807658395,310.18127137374125,4,35.25123576317918,585.1113069843034,True,38.75413594492619,581.6084068025564,True
917,Galeria,MASW,Quaternary,272.69762195324785,291.134255566933,4,16.204219956370935,566.0642911774951,True,19.707120138117943,562.5613909957481,True
918,Galeria,MASW,Quaternary,288.18852978380573,295.0343696327948,4,20.104334022232706,569.9644052433569,True,23.607234203979715,566.4615050616098,True
919,Galeria,MASW,Quaternary,235.8756883032632,264.1830609132812,4,0.0,539.1130965238433,True,0.0,535.6101963420963,True
920,Galeria,MASW,Quaternary,262.07048087671285,262.13396481852175,4,0.0,537.0640004290838,True,0.0,533.5611002473368,True
921,Galeria,MASW,Quaternary,269.83202308273025,265.9723263348386,4,0.0,540.9023619454007,True,0.0,537.3994617636537,True
922,Galeria,MASW,Tertiary,276.3501036136512,273.3330206181281,4,0.0,548.2630562286902,True,1.9058851893130395,544.7601560469432,True
923,Galeria,MASW,Tertiary,295.9671888314111,262.2920181947032,4,0.0,537.2220538052652,True,0.0,533.7191536235182,True
924,Galeria,MASW,Tertiary,275.8956626756854,263.9391050640819,4,0.0,538.869140674644,True,0.0,535.366240492897,True
925,Galeria,MASW,Tertiary,244.9464642516105,262.91111655111513,4,0.0,537.8411521616772,True,0.0,534.3382519799302,True
926,Galeria,MASW,Tertiary,238.1196736349838,270.41247462516634,4,0.0,545.3425102357285,True,0.0,541.8396100539815,True
927,Galeria,MASW,Tertiary,238.96600919122216,283.1224110194709,4,8.192375408908845,558.052446630033,True,11.695275590655854,554.549546448286,True
928,Galeria,MASW,Tertiary,247.0961544396001,289.65041283509686,4,14.720377224534786,564.5804484456589,True,18.223277406281795,561.0775482639119,True
929,Galeria,MASW,Tertiary,255.5758747639164,302.3730807819755,4,27.443045171413416,577.3031163925375,True,30.945945353160425,573.8002162107905,True
930,Galeria,MASW,Tertiary,266.4994194691626,313.8680472579323,4,38.93801164737022,588.7980828684944,True,42.440911829117226,585.2951826867474,True
931,Galeria,MASW,Tertiary,327.5416937913881,317.4890766558692,4,42.55904104530714,592.4191122664313,True,46.06194122705415,588.9162120846843,True
510,Tömő u. 23,MASW,Quaternary,145.07791806916796,184.77468970965748,4,0.0,459.70472532021955,True,0.0,456.20182513847254,True
511,Tömő u. 23,MASW,Quaternary,135.77595066181453,196.10085977833953,4,0.0,471.0308953889016,True,0.0,467.5279952071546,True
512,Tömő u. 23,MASW,Quaternary,207.83062350057065,210.12283516840336,4,0.0,485.0528707789654,True,0.0,481.5499705972184,True
513,Tömő u. 23,MASW,Quaternary,241.49697661905745,232.8632094192039,4,0.0,507.793245029766,True,0.0,504.290344848019,True
514,Tömő u. 23,MASW,Quaternary,220.1001456011517,236.25449911801843,4,0.0,511.1845347285805,True,0.0,507.6816345468335,True
515,Tömő u. 23,MASW,Quaternary,192.10938907392375,244.57917772931918,4,0.0,519.5092133398813,True,0.0,516.0063131581343,True
516,Tömő u. 23,MASW,Quaternary,173.70283986615854,251.10918820095168,4,0.0,526.0392238115137,True,0.0,522.5363236297667,True
517,Tömő u. 23,MASW,Quaternary,220.16264992636596,265.159942753171,4,0.0,540.089978363733,True,0.0,536.587078181986,True
518,Tömő u. 23,MASW,Quaternary,204.12092081968143,267.0142781622537,4,0.0,541.9443137728158,True,0.0,538.4414135910688,True
519,Tömő u. 23,MASW,Quaternary,232.16348896923972,282.2856884739653,4,7.355652863403236,557.2157240845274,True,10.858553045150245,553.7128239027804,True
520,Tömő u. 23,MASW,Quaternary,208.5698011236357,288.8313622961421,4,13.901326685580045,563.7613979067041,True,17.404226867327054,560.2584977249571,True
521,Tömő u. 23,MASW,Quaternary,221.35743614256288,293.183197740447,4,18.253162129884913,568.1132333510091,True,21.756062311631922,564.610333169262,True
522,Tömő u. 23,MASW,Quaternary,437.1449424002657,300.2196000250197,4,25.28956441445763,575.1496356355817,True,28.79246459620464,571.6467354538347,True
523,Tömő u. 23,MASW,Quaternary,462.6168452811813,307.5382361792314,4,32.608200568669304,582.4682717897934,True,36.11110075041631,578.9653716080464,True
496,Tömő u. 23,MASW,Quaternary,195.33301458310092,180.40449804676368,4,0.0,455.3345336573258,True,0.0,451.83163347557877,True
497,Tömő u. 23,MASW,Quaternary,192.41851868248412,183.51068129524512,4,0.0,458.4407169058072,True,0.0,454.9378167240602,True
498,Tömő u. 23,MASW,Quaternary,208.20137017551997,197.04968325149025,4,0.0,471.9797188620523,True,0.0,468.4768186803053,True
499,Tömő u. 23,MASW,Quaternary,192.24780332045268,215.70357200827695,4,0.0,490.63360761883905,True,0.0,487.13070743709204,True
500,Tömő u. 23,MASW,Quaternary,180.71573428578316,240.53259120084456,4,0.0,515.4626268114066,True,0.0,511.9597266296596,True
501,Tömő u. 23,MASW,Quaternary,171.01706808707598,239.24110131691313,4,0.0,514.1711369274752,True,0.0,510.6682367457282,True
502,Tömő u. 23,MASW,Quaternary,188.8576036691429,247.28445965297934,4,0.0,522.2144952635414,True,0.0,518.7115950817944,True
503,Tömő u. 23,MASW,Quaternary,245.96683319461823,254.55481193662652,4,0.0,529.4848475471886,True,0.0,525.9819473654416,True
504,Tömő u. 23,MASW,Quaternary,283.93973209690654,265.6327347363153,4,0.0,540.5627703468774,True,0.0,537.0598701651304,True
505,Tömő u. 23,MASW,Tertiary,305.5845956841096,271.3117806210838,4,0.0,546.2418162316459,True,0.0,542.7389160498989,True
506,Tömő u. 23,MASW,Tertiary,318.64401219028895,266.3550906596486,4,0.0,541.2851262702106,True,0.0,537.7822260884636,True
507,Tömő u. 23,MASW,Tertiary,322.0731260784149,277.3314727721566,4,2.401437161594515,552.2615083827186,True,5.904337343341524,548.7586082009716,True
508,Tömő u. 23,MASW,Tertiary,319.8451162543098,278.1876789323538,4,3.2576433217917042,553.1177145429158,True,6.760543503538713,549.6148143611688,True
509,Tömő u. 23,MASW,Tertiary,322.0,280.6105601492241,4,5.680524538662041,555.5405957597861,True,9.18342472040905,552.0376955780391,True
447,Bacso,SCPT,Quaternary,87.8,198.85349510467387,5,0.0,514.0616235130256,True,0.0,478.2261222229407,True
448,Bacso,SCPT,Quaternary,349.0,216.61043518816658,5,0.0,531.8185635965182,True,0.0,495.98306230643345,True
449,Bacso,SCPT,Quaternary,231.4,244.2718708275677,5,0.0,559.4799992359193,True,0.0,523.6444979458346,True
450,Bacso,SCPT,Quaternary,271.3,248.4438806081794,5,0.0,563.652009016531,True,0.0,527.8165077264463,True
451,Bacso,SCPT,Quaternary,278.0,263.91648901486684,5,0.0,579.1246174232185,True,0.0,543.2891161331337,True
452,Bacso,SCPT,Quaternary,358.7,275.89154845903,5,0.0,591.0996768673816,True,0.0,555.2641755772968,True
453,Bacso,SCPT,Tertiary,351.5,287.6241929157265,5,0.0,602.8323213240781,True,8.251565797459648,566.9968200339933,True
454,Bacso,SCPT,Tertiary,365.6,292.40208404414443,5,0.0,607.6102124524961,True,13.029456925877582,571.7747111624112,True
455,Bacso,SCPT,Tertiary,455.0,297.5536090441134,5,0.0,612.761737452465,True,18.180981925846538,576.9262361623803,True
456,Bacso,SCPT,Tertiary,365.6,302.4012283472216,5,0.0,617.6093567555732,True,23.028601228954756,581.7738554654884,True
457,Bacso,SCPT,Tertiary,282.0,307.18554159782303,5,0.0,622.3936700061747,True,27.812914479556184,586.5581687160899,True
458,Bacso,SCPT,Tertiary,270.0,312.2511331592732,5,0.0,627.4592615676248,True,32.87850604100635,591.62376027754,True
459,Bacso,SCPT,Tertiary,320.0,316.09991245667396,5,0.8917840483223358,631.3080408650255,True,36.727285338407114,595.4725395749408,True
460,Bacso,SCPT,Tertiary,482.9,322.41163167731355,5,7.203503268961924,637.6197600856651,True,43.0390045590467,601.7842587955804,True
461,Bacso,SCPT,Tertiary,470.0,337.62737229173393,5,22.419243883382308,652.8355007000855,True,58.254745173467086,616.9999994100008,True
462,Bacso,SCPT,Tertiary,440.2,340.2454469440685,5,25.03731853571685,655.4535753524201,True,60.87281982580163,619.6180740623354,True
463,Bacso,SCPT,Quaternary,62.3,175.6781945550995,5,0.0,490.8863229634511,True,0.0,455.0508216733664,True
464,Bacso,SCPT,Quaternary,260.0,198.62468707020608,5,0.0,513.8328154785577,True,0.0,477.99731418847296,True
465,Bacso,SCPT,Quaternary,318.6,217.30784790007823,5,0.0,532.5159763084298,True,0.0,496.6804750183451,True
466,Bacso,SCPT,Quaternary,282.0,215.82013072263464,5,0.0,531.0282591309863,True,0.0,495.1927578409015,True
467,Bacso,SCPT,Quaternary,230.0,245.7363694934487,5,0.0,560.9444979018003,True,0.0,525.1089966117156,True
468,Bacso,SCPT,Quaternary,260.0,249.1826919064221,5,0.0,564.3908203147737,True,0.0,528.555319024689,True
469,Bacso,SCPT,Quaternary,280.0,253.99229690702276,5,0.0,569.2004253153743,True,0.0,533.3649240252896,True
470,Bacso,SCPT,Quaternary,303.3,258.03341776490635,5,0.0,573.241546173258,True,0.0,537.4060448831732,True
471,Bacso,SCPT,Quaternary,390.0,265.31900116267246,5,0.0,580.527129571024,True,0.0,544.6916282809393,True
472,Bacso,SCPT,Quaternary,423.9,269.93908228739906,5,0.0,585.1472106957507,True,0.0,549.3117094056659,True
473,Bacso,SCPT,Quaternary,391.7,283.2755100419208,5,0.0,598.4836384502725,True,3.9028829236539764,562.6481371601876,True
474,Bacso,SCPT,Tertiary,350.0,290.7427739418762,5,0.0,605.9509023502278,True,11.370146823609332,570.1154010601431,True
475,Bacso,SCPT,Tertiary,355.0,298.5258860150835,5,0.0,613.7340144234352,True,19.153258896816624,577.8985131333503,True
476,Bacso,SCPT,Tertiary,422.0,303.4562894350074,5,0.0,618.664417843359,True,24.083662316740572,582.8289165532742,True
477,Bacso,SCPT,Tertiary,380.0,306.8511986056693,5,0.0,622.0593270140209,True,27.478571487402462,586.2238257239362,True
219,Dunaterasz,MASW,Quaternary,233.01496865580825,209.72812228526905,5,0.0,524.9362506936207,True,0.0,489.10074940353593,True
220,Dunaterasz,MASW,Quaternary,161.46583675030033,211.9802520189034,5,0.0,527.188380427255,True,0.0,491.35287913717025,True
221,Dunaterasz,MASW,Quaternary,163.01239029095743,206.87042703603316,5,0.0,522.0785554443848,True,0.0,486.2430541543,True
222,Dunaterasz,MASW,Quaternary,193.26324287162743,204.69864127261846,5,0.0,519.9067696809701,True,0.0,484.0712683908853,True
223,Dunaterasz,MASW,Quaternary,210.21097857471867,237.478661030558,5,0.0,552.6867894389096,True,0.0,516.8512881488248,True
224,Dunaterasz,MASW,Quaternary,189.28960459252335,244.4210312689773,5,0.0,559.629159677329,True,0.0,523.7936583872441,True
225,Dunaterasz,MASW,Quaternary,246.14239114562568,254.70508823644923,5,0.0,569.9132166448009,True,0.0,534.077715354716,True
226,Dunaterasz,MASW,Quaternary,242.36010701922967,259.74452561036287,5,0.0,574.9526540187145,True,0.0,539.1171527286297,True
227,Dunaterasz,MASW,Quaternary,260.6009835718683,272.8719514988263,5,0.0,588.080079907178,True,0.0,552.2445786170931,True
228,Dunaterasz,MASW,Quaternary,322.7997524378964,340.705192966152,5,25.4970645578004,655.9133213745037,True,61.33256584788518,620.0778200844188,True
229,Dunaterasz,MASW,Quaternary,401.7820453738461,420.3088662665329,5,105.10073785818128,735.5169946748845,True,140.93623914826605,699.6814933847998,True
230,Dunaterasz,MASW,Quaternary,412.5906561194893,494.1913425681484,5,178.98321415979677,809.3994709765,True,214.81871544988155,773.5639696864152,True
231,Dunaterasz,MASW,Quaternary,350.4190840317688,492.3103819381981,5,177.10225352984645,807.5185103465496,True,212.93775481993123,771.6830090564649,True
232,Dunaterasz,MASW,Quaternary,377.4406562832872,482.80472637601963,5,167.596597967668,798.0128547843713,True,203.43209925775278,762.1773534942865,True
233,Dunaterasz,MASW,Quaternary,391.6336238720198,515.4597069854601,5,200.2515785771085,830.6678353938117,True,236.08707986719327,794.8323341037269,True
251,Dunaterasz,MASW,Quaternary,243.6522670525204,201.11865384590402,5,0.0,516.3267822542557,True,0.0,480.49128096417087,True
252,Dunaterasz,MASW,Quaternary,164.52161984464115,195.57247855636436,5,0.0,510.78060696471596,True,0.0,474.94510567463124,True
253,Dunaterasz,MASW,Quaternary,140.1436187015576,201.03579336828628,5,0.0,516.2439217766379,True,0.0,480.40842048655315,True
254,Dunaterasz,MASW,Quaternary,189.96998362234584,218.79787553147557,5,0.0,534.0060039398272,True,0.0,498.1705026497424,True
255,Dunaterasz,MASW,Quaternary,280.89288071320817,247.00255665770234,5,0.0,562.210685066054,True,0.0,526.3751837759692,True
256,Dunaterasz,MASW,Quaternary,290.1925091008787,260.3165642353429,5,0.0,575.5246926436946,True,0.0,539.6891913536098,True
257,Dunaterasz,MASW,Quaternary,308.0070638324241,282.46679294865936,5,0.0,597.674921357011,True,3.0941658303925124,561.8394200669262,True
258,Dunaterasz,MASW,Tertiary,302.338687860811,303.0854039201573,5,0.0,618.293532328509,True,23.71277680189047,582.4580310384242,True
259,Dunaterasz,MASW,Tertiary,421.9515002325058,346.8022706514889,5,31.5941422431373,662.0103990598406,True,67.42964353322208,626.1748977697557,True
260,Dunaterasz,MASW,Tertiary,434.4731468104367,319.1214587342899,5,3.9133303259382615,634.3295871426415,True,39.74883161602304,598.4940858525567,True
261,Dunaterasz,MASW,Tertiary,449.12414076315633,340.82283490415995,5,25.61470649580832,656.0309633125116,True,61.4502077858931,620.1954620224268,True
234,Dunaterasz,MASW,Quaternary,341.41245087622747,201.83625369632136,5,0.0,517.044382104673,True,0.0,481.2088808145882,True
235,Dunaterasz,MASW,Quaternary,167.41803185818335,182.80752798075392,5,0.0,498.0156563891055,True,0.0,462.1801550990208,True
236,Dunaterasz,MASW,Quaternary,169.2805907738425,200.09047154828397,5,0.0,515.2985999566356,True,0.0,479.4630986665508,True
237,Dunaterasz,MASW,Quaternary,209.3771254247548,207.92389962573347,5,0.0,523.1320280340851,True,0.0,487.2965267440003,True
238,Dunaterasz,MASW,Quaternary,254.79265277134243,235.79819389614144,5,0.0,551.0063223044931,True,0.0,515.1708210144083,True
239,Dunaterasz,MASW,Quaternary,246.1751443855289,240.91607164430812,5,0.0,556.1242000526597,True,0.0,520.288698762575,True
240,Dunaterasz,MASW,Quaternary,234.7209428058546,244.19326055678619,5,0.0,559.4013889651378,True,0.0,523.5658876750531,True
241,Dunaterasz,MASW,Quaternary,243.5669812326419,254.10754966155028,5,0.0,569.3156780699019,True,0.0,533.4801767798172,True
242,Dunaterasz,MASW,Quaternary,252.1126054825733,258.0351886659633,5,0.0,573.243317074315,True,0.0,537.4078157842301,True
243,Dunaterasz,MASW,Quaternary,256.3556830690226,266.6665819241047,5,0.0,581.8747103324563,True,0.0,546.0392090423716,True
244,Dunaterasz,MASW,Quaternary,288.57899310866173,287.2675630612714,5,0.0,602.475691469623,True,7.894935943004555,566.6401901795382,True
245,Dunaterasz,MASW,Quaternary,295.9273911577772,286.82583500223967,5,0.0,602.0339634105912,True,7.453207883972823,566.1984621205065,True
246,Dunaterasz,MASW,Tertiary,259.40578487448937,280.74647126176217,5,0.0,595.9545996701138,True,1.3738441434953188,560.1190983800291,True
247,Dunaterasz,MASW,Tertiary,254.7858427540241,282.91457852812886,5,0.0,598.1227069364804,True,3.5419514098620084,562.2872056463957,True
248,Dunaterasz,MASW,Tertiary,321.06754082146693,292.75023627649887,5,0.0,607.9583646848505,True,13.37760915823202,572.1228633947658,True
249,Dunaterasz,MASW,Tertiary,447.3862948626886,334.1693564235711,5,18.96122801521949,649.3774848319227,True,54.79672930530427,613.5419835418379,True
250,Dunaterasz,MASW,Tertiary,485.3425983295048,414.2165885988253,5,99.00846019047367,729.4247170071769,True,134.84396148055845,693.5892157170922,True
180,River,MASW,Quaternary,115.33052569156412,175.91677353621233,5,0.0,491.12490194456393,True,0.0,455.2894006544792,True
181,River,MASW,Quaternary,164.93791717262042,186.3806298606588,5,0.0,501.58875826901044,True,0.0,465.7532569789256,True
182,River,MASW,Quaternary,234.05003282834616,202.58895014052965,5,0.0,517.7970785488812,True,0.0,481.9615772587965,True
183,River,MASW,Quaternary,319.5102089316684,217.44431979946947,5,0.0,532.6524482078211,True,0.0,496.81694691773635,True
184,River,MASW,Quaternary,322.2077314793199,246.04202163798357,5,0.0,561.2501500463352,True,0.0,525.4146487562505,True
185,River,MASW,Quaternary,246.8972404710532,242.15478863881333,5,0.0,557.362917047165,True,0.0,521.5274157570802,True
186,River,MASW,Quaternary,259.9961823769368,258.0321095182029,5,0.0,573.2402379265545,True,0.0,537.4047366364698,True
187,River,MASW,Quaternary,239.59756278151008,260.458969237521,5,0.0,575.6670976458727,True,0.0,539.8315963557878,True
188,River,MASW,Quaternary,251.45450563660305,281.635999944716,5,0.0,596.8441283530676,True,2.2633728264491424,561.0086270629829,True
189,River,MASW,Quaternary,489.6128465352403,312.4715762722991,5,0.0,627.6797046806507,True,33.098949154032255,591.844203390566,True
190,River,MASW,Tertiary,693.5362539919386,426.88231840793645,5,111.67418999958483,742.090446816288,True,147.5096912896696,706.2549455262033,True
191,River,MASW,Tertiary,751.0262122133416,485.5197828408264,5,170.31165443247477,800.7279112491781,True,206.14715572255955,764.8924099590932,True
192,River,MASW,Quaternary,202.0,177.4554054324764,5,0.0,492.663533840828,True,0.0,456.8280325507433,True
193,River,MASW,Quaternary,211.3071752491552,194.33808923818378,5,0.0,509.5462176465354,True,0.0,473.71071635645063,True
194,River,MASW,Quaternary,217.06157804322785,199.70843372778717,5,0.0,514.9165621361387,True,0.0,479.081060846054,True
195,River,MASW,Quaternary,292.9070627467941,235.71277426779832,5,0.0,550.9209026761499,True,0.0,515.0854013860652,True
196,River,MASW,Quaternary,325.46149347739083,248.99334277392634,5,0.0,564.2014711822779,True,0.0,528.3659698921932,True
197,River,MASW,Quaternary,276.7262155606347,252.50536677459348,5,0.0,567.713495182945,True,0.0,531.8779938928603,True
198,River,MASW,Quaternary,259.21651334725726,260.35241460483894,5,0.0,575.5605430131906,True,0.0,539.7250417231057,True
199,River,MASW,Quaternary,263.8911524267684,275.65700273277406,5,0.0,590.8651311411256,True,0.0,555.0296298510409,True
200,River,MASW,Tertiary,445.1012939042873,372.00693271987967,5,56.798804311528045,687.2150611282314,True,92.63430560161282,651.3795598381465,True
201,River,MASW,Tertiary,499.49813265589256,486.94847904552495,5,171.74035063717332,802.1566074538766,True,207.5758519272581,766.3211061637918,True
202,River,MASW,Tertiary,670.414393337913,501.3452757576951,5,186.13714734934348,816.5534041660467,True,221.97264863942826,780.717902875962,True
203,River,MASW,Tertiary,646.2767046306219,525.8906467536966,5,210.682518345345,841.0987751620482,True,246.51801963542977,805.2632738719635,True
204,River,MASW,Tertiary,650.1372413207323,506.74300656880564,5,191.534878160454,821.9511349771573,True,227.3703794505388,786.1156336870724,True
205,River,MASW,Quaternary,230.0,177.25376141926031,5,0.0,492.4618898276119,True,0.0,456.6263885375272,True
206,River,MASW,Quaternary,176.88507959680965,203.21203514869214,5,0.0,518.4201635570438,True,0.0,482.58466226695896,True
207,River,MASW,Quaternary,215.8194474926102,220.07667953624787,5,0.0,535.2848079445995,True,0.0,499.4493066545147,True
208,River,MASW,Quaternary,215.6930991940163,241.5448419995236,5,0.0,556.7529704078752,True,0.0,520.9174691177905,True
209,River,MASW,Quaternary,304.0688582275734,243.54266881722333,5,0.0,558.750797225575,True,0.0,522.9152959354901,True
210,River,MASW,Quaternary,318.12506802788243,254.17370651832005,5,0.0,569.3818349266717,True,0.0,533.546333636587,True
211,River,MASW,Quaternary,217.8391962302913,256.4009929378114,5,0.0,571.609121346163,True,0.0,535.7736200560782,True
212,River,MASW,Quaternary,236.6873001066819,265.0513828360913,5,0.0,580.2595112444429,True,0.0,544.4240099543581,True
213,River,MASW,Quaternary,236.26600586720053,277.31156231050016,5,0.0,592.5196907188517,True,0.0,556.684189428767,True
214,River,MASW,Quaternary,277.38594435616045,293.9022642737889,5,0.0,609.1103926821405,True,14.529637155522039,573.2748913920557,True
215,River,MASW,Quaternary,313.4911476710846,361.3630419555626,5,46.15491354721098,676.5711703639142,True,81.99041483729576,640.7356690738295,True
216,River,MASW,Quaternary,310.73352908732784,447.69588465447947,5,132.48775624612784,762.9040130628312,True,168.32325753621262,727.0685117727463,True
217,River,MASW,Quaternary,713.9594253985106,505.62272634834346,5,190.41459793999184,820.8308547566951,True,226.25009923007661,784.9953534666104,True
218,River,MASW,Quaternary,773.4776656548057,485.2527531126042,5,170.04462470425256,800.4608815209558,True,205.88012599433733,764.6253802308711,False
