row_id,project,group_project,group_cpt,geo_age,test_method,z_mid_m,vs_meas_mps,fold,empirical,rf,et,base_stack,specialist_stack
447,Bacso,Bacso,Bacso__SCPTu1,Quaternary,SCPT,2.25,87.8,2.0,200.95995174722165,206.1175586832242,227.04270512660835,224.28888353668154,240.22192558013973
448,Bacso,Bacso,Bacso__SCPTu1,Quaternary,SCPT,4.5,349.0,2.0,267.70097983375206,291.99641934871977,313.78852126087907,308.8434131590686,339.57347032107685
449,Bacso,Bacso,Bacso__SCPTu1,Quaternary,SCPT,5.9,231.4,2.0,251.10294172732435,271.0925696253819,306.02637864019647,300.03240059111914,331.78577769184375
450,Bacso,Bacso,Bacso__SCPTu1,Quaternary,SCPT,7.4,271.3,2.0,248.8377740938516,266.45641466465844,276.26592794951074,273.3922659440585,281.2770286352762
451,Bacso,Bacso,Bacso__SCPTu1,Quaternary,SCPT,9.5,278.0,2.0,272.96515720572984,262.3542574227691,263.65353791121885,264.57022371453536,285.7708655055884
452,Bacso,Bacso,Bacso__SCPTu1,Quaternary,SCPT,11.15,358.7,2.0,282.15252319277533,269.6043871436159,268.04567447048817,269.424023076096,275.3168839041789
453,Bacso,Bacso,Bacso__SCPTu1,Tertiary,SCPT,12.3,351.5,2.0,293.75423545432426,287.4169668478637,285.8657440178296,286.6449652439638,280.1149568474209
454,Bacso,Bacso,Bacso__SCPTu1,Tertiary,SCPT,13.4,365.6,2.0,296.6634303194297,286.9627841908049,285.7223715307038,286.79806903092407,291.3059059384776
455,Bacso,Bacso,Bacso__SCPTu1,Tertiary,SCPT,14.5,455.0,2.0,317.32706285713203,304.0431286510638,301.65103455793525,303.18314131285473,318.78832675056475
456,Bacso,Bacso,Bacso__SCPTu1,Tertiary,SCPT,15.5,365.6,2.0,320.36750987338723,320.15370912549866,318.1951219267365,318.4116961813957,310.80452057968307
457,Bacso,Bacso,Bacso__SCPTu1,Tertiary,SCPT,16.5,282.0,2.0,329.2742669039969,330.4321606228319,319.1576000737161,320.15511943060307,320.85128750666803
458,Bacso,Bacso,Bacso__SCPTu1,Tertiary,SCPT,17.5,270.0,2.0,334.2419575231,333.6471270723027,323.8717192166545,324.8940969167715,323.96386376939665
459,Bacso,Bacso,Bacso__SCPTu1,Tertiary,SCPT,18.5,320.0,2.0,332.5238051315941,328.11991254105277,320.1765864258897,321.39039042570096,316.52556610648827
460,Bacso,Bacso,Bacso__SCPTu1,Tertiary,SCPT,19.5,482.9,2.0,342.7564271751862,338.1217917720578,330.21556671901726,331.4487221397626,333.31708911473726
461,Bacso,Bacso,Bacso__SCPTu1,Tertiary,SCPT,20.5,470.0,2.0,372.06939651206335,342.1697082671905,333.0681667609008,336.77683330579595,328.0540485233893
462,Bacso,Bacso,Bacso__SCPTu1,Tertiary,SCPT,21.54,440.2,2.0,363.7122011088769,352.72521499498487,336.30228479663305,338.9476468024845,332.9825439416722
463,Bacso,Bacso,Bacso__SCPTu2,Quaternary,SCPT,1.5,62.3,2.0,169.7762370958257,164.95073162408858,176.91125248320378,176.18446087628607,182.58082013528409
464,Bacso,Bacso,Bacso__SCPTu2,Quaternary,SCPT,2.75,260.0,2.0,226.71759067162787,222.97251475502605,250.7845511245514,248.26712974202857,291.3411557372871
465,Bacso,Bacso,Bacso__SCPTu2,Quaternary,SCPT,3.9,318.6,2.0,258.9953809495423,293.7950850432143,311.12042026816835,305.46739900207183,341.46312019727276
466,Bacso,Bacso,Bacso__SCPTu2,Quaternary,SCPT,4.65,282.0,2.0,262.8659789232765,302.85031625810115,329.5483581154688,322.1815564010889,354.98059495993897
467,Bacso,Bacso,Bacso__SCPTu2,Quaternary,SCPT,5.85,230.0,2.0,256.2849888632543,277.5598602353155,305.40161419302103,300.09344717940706,319.4625907412466
468,Bacso,Bacso,Bacso__SCPTu2,Quaternary,SCPT,7.25,260.0,2.0,255.45986032761945,267.2865457368643,277.8615206025192,275.53567320168355,281.2205121394384
469,Bacso,Bacso,Bacso__SCPTu2,Quaternary,SCPT,8.15,280.0,2.0,253.831355502866,261.79676069016483,272.31835858201225,270.41062721544546,271.13981579425837
470,Bacso,Bacso,Bacso__SCPTu2,Quaternary,SCPT,9.1,303.3,2.0,257.7208778351643,263.278476884528,267.74101161813377,266.7217120490276,285.3847375465236
471,Bacso,Bacso,Bacso__SCPTu2,Quaternary,SCPT,9.95,390.0,2.0,266.24758461776935,261.64244817407837,266.3133157022027,266.3067418635808,275.84925696178993
472,Bacso,Bacso,Bacso__SCPTu2,Quaternary,SCPT,10.85,423.9,2.0,276.88053784254987,265.9212705691774,271.74197559653584,272.2515108877344,288.8121983410962
473,Bacso,Bacso,Bacso__SCPTu2,Quaternary,SCPT,11.75,391.7,2.0,296.3209973237594,295.18020596006306,293.4768108516755,293.7599966787796,300.2338612650547
474,Bacso,Bacso,Bacso__SCPTu2,Tertiary,SCPT,12.5,350.0,2.0,290.3702728466962,287.9588275199799,286.33046176698576,286.7319006818028,278.3533817410137
475,Bacso,Bacso,Bacso__SCPTu2,Tertiary,SCPT,13.5,355.0,2.0,309.70259573245477,290.0073042138821,293.3480058362178,294.9438267888055,279.1708434300104
476,Bacso,Bacso,Bacso__SCPTu2,Tertiary,SCPT,14.5,422.0,2.0,319.3632816276774,297.52314167452784,298.43498606921656,300.464563882038,309.59267289110863
477,Bacso,Bacso,Bacso__SCPTu2,Tertiary,SCPT,15.66,380.0,2.0,323.0344883290539,320.31160140134904,319.8546755520518,320.1712431874767,316.8308599696233
95,Balazs Bela u,Balazs Bela u,Balazs Bela u__CPT1,Quaternary,MASW,1.5,160.22927084196056,4.0,154.28171481084078,178.00976750099812,172.9536679936393,165.7216104891968,165.7216104891968
96,Balazs Bela u,Balazs Bela u,Balazs Bela u__CPT1,Quaternary,MASW,2.5,225.09300694348687,4.0,193.10830880370523,197.45891794850758,194.28363694047482,195.27149741640704,195.27149741640704
97,Balazs Bela u,Balazs Bela u,Balazs Bela u__CPT1,Quaternary,MASW,3.5,240.09620888267037,4.0,200.4376030277078,212.41375611570544,213.80855804226596,206.3388090639861,206.3388090639861
98,Balazs Bela u,Balazs Bela u,Balazs Bela u__CPT1,Quaternary,MASW,4.5,207.03853585650089,4.0,241.70554690529428,257.0164793880208,257.60812820882404,249.24347276138428,249.24347276138428
99,Balazs Bela u,Balazs Bela u,Balazs Bela u__CPT1,Quaternary,MASW,5.5,191.0690633873746,4.0,233.04206489077953,244.20244422131887,245.733216977671,238.55699916940523,238.55699916940523
100,Balazs Bela u,Balazs Bela u,Balazs Bela u__CPT1,Quaternary,MASW,6.5,179.8770125717389,4.0,233.40624098281214,240.7268828571402,244.8651000208424,237.03830245594256,237.03830245594256
101,Balazs Bela u,Balazs Bela u,Balazs Bela u__CPT1,Quaternary,MASW,7.5,179.09335493620526,4.0,239.88013754048566,235.054494916916,240.08317291472687,237.4550580008335,237.4550580008335
102,Balazs Bela u,Balazs Bela u,Balazs Bela u__CPT1,Quaternary,MASW,8.4,202.76392077368945,4.0,243.13338347574552,245.2362571019062,246.8709909812516,244.18255658444212,244.18255658444212
103,Balazs Bela u,Balazs Bela u,Balazs Bela u__CPT1,Quaternary,MASW,9.5,274.80579295238493,4.0,277.86498859817635,278.97294868086396,274.9233772527686,278.4184175021614,278.4184175021614
104,Balazs Bela u,Balazs Bela u,Balazs Bela u__CPT1,Tertiary,MASW,10.6,284.31066554681274,4.0,290.93220243245213,269.64339504166094,278.5394634495092,280.085606182885,280.085606182885
105,Balazs Bela u,Balazs Bela u,Balazs Bela u__CPT1,Tertiary,MASW,11.5,287.2940421350688,4.0,295.880351508288,278.56631243107245,292.49654120697664,287.09283940996033,287.09283940996033
106,Balazs Bela u,Balazs Bela u,Balazs Bela u__CPT1,Tertiary,MASW,12.5,305.5982001643207,4.0,313.4818681308707,310.50467065851274,310.2129181325037,311.98971813409383,311.98971813409383
107,Balazs Bela u,Balazs Bela u,Balazs Bela u__CPT1,Tertiary,MASW,13.4,323.77912492398366,4.0,348.3322417381413,324.2693426233177,327.63304172960284,336.08550555317566,336.08550555317566
108,Balazs Bela u,Balazs Bela u,Balazs Bela u__CPT1,Tertiary,MASW,14.15,286.7956655723814,4.0,343.4169301511629,328.37066903032775,326.27132517793467,335.80953993309765,335.80953993309765
109,Balazs Bela u,Balazs Bela u,Balazs Bela u__CPT1,Tertiary,MASW,14.745,281.62953012015385,4.0,346.27850841547416,335.4767935362467,337.108338499979,340.83486276162745,340.83486276162745
110,Balazs Bela u,Balazs Bela u,Balazs Bela u__CPT3,Quaternary,MASW,1.5,181.2593016532936,4.0,164.5099379274302,174.17663492767576,170.85845641161717,169.2742963369236,169.2742963369236
111,Balazs Bela u,Balazs Bela u,Balazs Bela u__CPT3,Quaternary,MASW,2.5,213.7389977658518,4.0,183.94316921656414,185.17982926825823,183.6657607877012,184.56046345462414,184.56046345462414
112,Balazs Bela u,Balazs Bela u,Balazs Bela u__CPT3,Quaternary,MASW,3.5,242.16945631577872,4.0,204.47980388762565,210.08343451447269,210.0743695021851,207.26268233707248,207.26268233707248
113,Balazs Bela u,Balazs Bela u,Balazs Bela u__CPT3,Quaternary,MASW,4.5,183.9976083561228,4.0,230.5068033307597,252.993284106614,246.97109997647678,241.48845352017617,241.48845352017617
114,Balazs Bela u,Balazs Bela u,Balazs Bela u__CPT3,Quaternary,MASW,5.5,196.25096508768468,4.0,237.74837954069758,249.97948998897982,248.92041090134248,243.7872405670362,243.7872405670362
115,Balazs Bela u,Balazs Bela u,Balazs Bela u__CPT3,Quaternary,MASW,6.5,181.47621716786065,4.0,228.88200309830296,236.71565865396147,237.0589559299822,232.7658783358352,232.7658783358352
116,Balazs Bela u,Balazs Bela u,Balazs Bela u__CPT3,Quaternary,MASW,7.5,195.9799207328963,4.0,252.02495297836484,250.05566747826649,248.31250067190635,251.03837921358496,251.03837921358496
117,Balazs Bela u,Balazs Bela u,Balazs Bela u__CPT3,Quaternary,MASW,8.4,204.43626559443783,4.0,247.02027890049393,243.29085954039158,249.25787700998362,245.1484774123805,245.1484774123805
118,Balazs Bela u,Balazs Bela u,Balazs Bela u__CPT3,Quaternary,MASW,9.5,257.70007980133306,4.0,264.6888165881151,264.8168157053898,265.58057356167484,264.7528084113417,264.7528084113417
119,Balazs Bela u,Balazs Bela u,Balazs Bela u__CPT3,Tertiary,MASW,10.6,293.3543261321456,4.0,285.517054020796,281.63738073348003,282.2177016093367,283.5705824819571,283.5705824819571
120,Balazs Bela u,Balazs Bela u,Balazs Bela u__CPT3,Tertiary,MASW,11.5,297.0572278925097,4.0,294.36111588680984,289.5786000231857,297.14677355916945,291.96006548801347,291.96006548801347
121,Balazs Bela u,Balazs Bela u,Balazs Bela u__CPT3,Tertiary,MASW,12.5,320.18378589781827,4.0,317.70250195960665,315.5308546109849,315.60161908107494,316.61481638635104,316.61481638635104
122,Balazs Bela u,Balazs Bela u,Balazs Bela u__CPT3,Tertiary,MASW,13.4,299.2427491507408,4.0,329.20560959107786,318.5238529299915,314.4281021030833,323.82068984720013,323.82068984720013
123,Balazs Bela u,Balazs Bela u,Balazs Bela u__CPT3,Tertiary,MASW,14.15,295.38867195232734,4.0,355.8106733020577,333.8501594910245,332.43303175360836,344.65555273417675,344.65555273417675
124,Balazs Bela u,Balazs Bela u,Balazs Bela u__CPT3,Tertiary,MASW,14.745,284.7713855793395,4.0,353.4558374391666,333.95382110493034,341.33026186498137,343.5664819283928,343.5664819283928
125,Balazs Bela u,Balazs Bela u,Balazs Bela u__CPT5,Quaternary,MASW,1.5,225.344560762992,4.0,196.5403744625079,183.5537093508606,181.43664442504513,189.93608074770975,189.93608074770975
126,Balazs Bela u,Balazs Bela u,Balazs Bela u__CPT5,Quaternary,MASW,2.3,218.7736372966365,4.0,197.7072025171394,192.1842052003438,188.61461654477034,194.92614390619815,194.92614390619815
127,Balazs Bela u,Balazs Bela u,Balazs Bela u__CPT5,Quaternary,MASW,3.05,238.47002457839076,4.0,209.8227426250569,219.583634140864,214.61481222358734,214.6477121960846,214.6477121960846
128,Balazs Bela u,Balazs Bela u,Balazs Bela u__CPT5,Quaternary,MASW,3.55,172.9944254712481,4.0,165.60248766710453,201.10394636892045,203.6540212445152,182.491955434658,182.491955434658
129,Balazs Bela u,Balazs Bela u,Balazs Bela u__CPT5,Quaternary,MASW,4.0,208.06999100282263,4.0,213.43931428618623,229.9621276193298,227.4334624860222,221.546741864696,221.546741864696
130,Balazs Bela u,Balazs Bela u,Balazs Bela u__CPT5,Quaternary,MASW,4.7,192.08137490019047,4.0,234.06270053578925,249.52070577902018,249.80298688190427,241.6681407100109,241.6681407100109
131,Balazs Bela u,Balazs Bela u,Balazs Bela u__CPT5,Quaternary,MASW,5.7,192.82835352083657,4.0,239.17170791055696,245.79483147554254,249.3543722233056,242.46065585903423,242.46065585903423
132,Balazs Bela u,Balazs Bela u,Balazs Bela u__CPT5,Quaternary,MASW,6.6,192.23263736765307,4.0,243.2153730472267,241.67419969185127,245.343275438538,242.44356174983,242.44356174983
133,Balazs Bela u,Balazs Bela u,Balazs Bela u__CPT5,Quaternary,MASW,8.0,194.1878028074128,4.0,248.04070242856508,249.70013884981165,247.4812256455143,248.8690375213789,248.8690375213789
134,Balazs Bela u,Balazs Bela u,Balazs Bela u__CPT5,Tertiary,MASW,9.6,256.0695961005619,4.0,253.16228306215322,255.71250062760237,264.06844981668644,254.4341967315246,254.4341967315246
135,Balazs Bela u,Balazs Bela u,Balazs Bela u__CPT5,Tertiary,MASW,10.8,282.3878377195648,4.0,279.6123041051437,268.86542789080573,279.9958332336821,274.1862173537605,274.1862173537605
136,Balazs Bela u,Balazs Bela u,Balazs Bela u__CPT5,Tertiary,MASW,12.95,301.7575919193504,4.0,330.04852512783776,320.9480066118112,317.91548581777005,325.46645944697235,325.46645944697235
137,Balazs Bela u,Balazs Bela u,Balazs Bela u__CPT7,Quaternary,MASW,1.55,218.61843680273475,4.0,207.7770867427783,205.0061581690689,191.89440523546153,206.3869722358908,206.3869722358908
138,Balazs Bela u,Balazs Bela u,Balazs Bela u__CPT7,Quaternary,MASW,2.5,243.5136525721244,4.0,222.70912973306645,222.10719484736074,217.1995943704017,222.40795865235643,222.40795865235643
139,Balazs Bela u,Balazs Bela u,Balazs Bela u__CPT7,Quaternary,MASW,3.25,173.9745978721373,4.0,176.51632615429224,199.11464683699197,203.15864297868603,187.47529422079919,187.47529422079919
140,Balazs Bela u,Balazs Bela u,Balazs Bela u__CPT7,Quaternary,MASW,3.9,217.03384928200185,4.0,224.52495670013732,248.79287113135717,243.7045813686018,236.3476435636091,236.3476435636091
141,Balazs Bela u,Balazs Bela u,Balazs Bela u__CPT7,Quaternary,MASW,4.85,203.1240160584304,4.0,248.42830138587382,255.5807431584934,256.13720548273966,251.97914574385686,251.97914574385686
142,Balazs Bela u,Balazs Bela u,Balazs Bela u__CPT7,Quaternary,MASW,6.25,184.60127439809037,4.0,237.16980611251216,241.14106594500487,244.9779815359177,239.14719286653005,239.14719286653005
143,Balazs Bela u,Balazs Bela u,Balazs Bela u__CPT7,Quaternary,MASW,7.35,165.4915602191897,4.0,225.04749383777826,232.9781935515354,232.78441463799302,228.9785111699913,228.9785111699913
144,Balazs Bela u,Balazs Bela u,Balazs Bela u__CPT7,Quaternary,MASW,7.85,192.86192210827696,4.0,253.2870784825714,247.74738024461143,248.9338304596135,250.50191644749617,250.50191644749617
145,Balazs Bela u,Balazs Bela u,Balazs Bela u__CPT7,Quaternary,MASW,9.0,247.33548914468648,4.0,254.1947676054201,253.78029453278015,253.3364448540502,253.98744652363268,253.98744652363268
146,Balazs Bela u,Balazs Bela u,Balazs Bela u__CPT7,Tertiary,MASW,10.75,273.0212382878847,4.0,275.628953157007,266.55722385776534,275.9330312385559,271.05513935056416,271.05513935056416
147,Balazs Bela u,Balazs Bela u,Balazs Bela u__CPT7,Tertiary,MASW,12.25,316.70687811949347,4.0,312.364432264518,313.1585472316831,311.5729294950226,312.76123771146246,312.76123771146246
148,Balazs Bela u,Balazs Bela u,Balazs Bela u__CPT7,Tertiary,MASW,13.5,335.72412127806666,4.0,357.93758382802594,337.3867983726066,335.77851743408723,347.51030981103867,347.51030981103867
149,Balazs Bela u,Balazs Bela u,Balazs Bela u__CPT7,Tertiary,MASW,14.5,276.8066629898324,4.0,349.2145591683706,331.38423041136065,331.68152967045705,340.18259499635366,340.18259499635366
996,Budapart,Budapart,Budapart__BOC.CPT2,Quaternary,MASW,1.35,314.9245011606354,2.0,179.53821378551794,174.24386718110594,181.49640606460255,181.29962956349587,181.29962956349587
997,Budapart,Budapart,Budapart__BOC.CPT2,Quaternary,MASW,2.35,242.44163571454845,2.0,199.05595889341592,211.97815586620638,211.36301840876345,210.09882346865498,210.09882346865498
998,Budapart,Budapart,Budapart__BOC.CPT2,Quaternary,MASW,3.5,157.9886140542735,2.0,243.1734413581565,241.69843505591436,237.34623550622374,237.92261645053063,237.92261645053063
999,Budapart,Budapart,Budapart__BOC.CPT2,Quaternary,MASW,4.5,176.10766844413888,2.0,275.1845956744846,294.7210271412404,278.3560546210895,278.03727085979756,278.03727085979756
1000,Budapart,Budapart,Budapart__BOC.CPT2,Quaternary,MASW,5.8,197.17858473558465,2.0,294.24944464906525,277.5564560516983,276.2069476265801,277.9602565364506,277.9602565364506
1001,Budapart,Budapart,Budapart__BOC.CPT2,Quaternary,MASW,7.1,239.2957443400448,2.0,278.7443100838618,276.24708435141565,279.2367020725408,279.1874237583128,279.1874237583128
1002,Budapart,Budapart,Budapart__BOC.CPT2,Quaternary,MASW,8.1,248.33418668783227,2.0,248.319440720344,253.95869037804488,255.80666353474416,255.047892998676,255.047892998676
1003,Budapart,Budapart,Budapart__BOC.CPT2,Quaternary,MASW,9.3,252.3328671626296,2.0,250.74474100620344,259.86425356998313,258.72126591120656,257.9123259504879,257.9123259504879
1004,Budapart,Budapart,Budapart__BOC.CPT2,Quaternary,MASW,10.5,274.25358161893274,2.0,272.43132823891966,264.7467327089146,266.20929009386396,266.82504499672797,266.82504499672797
1005,Budapart,Budapart,Budapart__BOC.CPT2,Quaternary,MASW,11.5,275.4542892028961,2.0,275.2847528617688,266.3812732392013,267.2017582513695,267.9992608326865,267.9992608326865
1006,Budapart,Budapart,Budapart__BOC.CPT2,Quaternary,MASW,12.65,294.5715165515109,2.0,299.05016904818416,286.64948539538335,287.474564378672,288.6116696831752,288.6116696831752
1007,Budapart,Budapart,Budapart__BOC.CPT2,Quaternary,MASW,14.0,264.56409767953005,2.0,271.4547631215615,270.4753315066532,274.5480635297101,274.23715387236217,274.23715387236217
1008,Budapart,Budapart,Budapart__BOC.CPT2,Quaternary,MASW,15.2,467.4323088011077,2.0,309.01659159023075,294.98857932428643,300.41867399955896,301.26758922116863,301.26758922116863
1009,Budapart,Budapart,Budapart__BOC.CPT2,Quaternary,MASW,16.2,487.9315323651389,2.0,291.4850954029279,291.7949407826476,294.6456142915394,294.3280263975062,294.3280263975062
1010,Budapart,Budapart,Budapart__BOC.CPT2,Quaternary,MASW,17.085,534.8024694985974,2.0,334.19982842291654,326.4589731703846,318.57006095553186,320.09956577923526,320.09956577923526
1011,Budapart,Budapart,Budapart__BOG.CPT1,Quaternary,MASW,1.45,198.6866581464849,2.0,219.20500229480626,219.32342847093204,223.3825382664805,222.96122682247295,222.96122682247295
1012,Budapart,Budapart,Budapart__BOG.CPT1,Quaternary,MASW,2.45,174.2077326855875,2.0,196.97841563061934,191.92088632963043,192.4537958624107,192.90154106705918,192.90154106705918
1013,Budapart,Budapart,Budapart__BOG.CPT1,Quaternary,MASW,3.5,218.74548124871887,2.0,232.55475558950894,220.62402447522038,221.02637494683515,222.15301579162158,222.15301579162158
1014,Budapart,Budapart,Budapart__BOG.CPT1,Quaternary,MASW,4.5,224.91616831893225,2.0,243.5660726293219,231.18480259003698,241.61503092455422,241.8094297397778,241.8094297397778
1015,Budapart,Budapart,Budapart__BOG.CPT1,Quaternary,MASW,5.5,262.04744823605785,2.0,248.187992824312,253.8997639378927,237.60118496035858,238.63921880523569,238.63921880523569
1016,Budapart,Budapart,Budapart__BOG.CPT1,Quaternary,MASW,6.5,278.80618079788064,2.0,264.5665000427749,270.8631761704864,266.1647641772705,266.00450423820774,266.00450423820774
1017,Budapart,Budapart,Budapart__BOG.CPT1,Quaternary,MASW,7.35,226.6397771054856,2.0,221.8948640696785,237.49930420662622,240.1494066945714,238.25832881745671,238.25832881745671
1018,Budapart,Budapart,Budapart__BOG.CPT1,Quaternary,MASW,8.35,250.3457724284192,2.0,246.24092079083673,247.49259034982126,250.32114882846656,249.91010191646703,249.91010191646703
1019,Budapart,Budapart,Budapart__BOG.CPT1,Quaternary,MASW,9.5,247.64418117211255,2.0,253.7246822713156,258.9351189652134,257.8108582226636,257.39929665757006,257.39929665757006
1020,Budapart,Budapart,Budapart__BOG.CPT1,Quaternary,MASW,10.5,282.2871895712367,2.0,270.1006774251076,264.76579951881433,266.3407246335486,266.71435247274803,266.71435247274803
1021,Budapart,Budapart,Budapart__BOG.CPT1,Quaternary,MASW,11.5,262.47852224854205,2.0,273.5675695061474,263.4233762439651,265.64432672137167,266.4262131217673,266.4262131217673
1022,Budapart,Budapart,Budapart__BOG.CPT1,Quaternary,MASW,12.5,383.3651304293964,2.0,276.55462800519405,266.5630164836821,272.59406667641963,272.9875569264776,272.9875569264776
1023,Budapart,Budapart,Budapart__BOG.CPT1,Quaternary,MASW,13.5,524.1579625234431,2.0,360.93814599731127,364.8850977202498,357.50734004180987,357.84894801764926,431.881591131531
1024,Budapart,Budapart,Budapart__BOG.CPT1,Quaternary,MASW,14.89,550.1775271810608,2.0,373.05625485248567,394.5560426589231,397.90378682760996,395.3463173394523,431.21391789319114
1025,Budapart,Budapart,Budapart__BOG.CPT2,Quaternary,MASW,1.75,156.09949847531516,2.0,212.02265890263814,213.91905993279474,211.44440727906962,211.50216140212794,211.50216140212794
1026,Budapart,Budapart,Budapart__BOG.CPT2,Quaternary,MASW,3.35,199.45797632533723,2.0,246.988701637479,251.36614986485444,247.79652254038177,247.7156216968825,247.7156216968825
1027,Budapart,Budapart,Budapart__BOG.CPT2,Quaternary,MASW,4.7,245.37338826516856,2.0,276.0310494737946,297.64839384955405,279.50706630643174,279.15750387603265,279.15750387603265
1028,Budapart,Budapart,Budapart__BOG.CPT2,Quaternary,MASW,5.6,236.69771399156156,2.0,237.59994180276252,246.3783586661496,239.14036394449607,238.98587338198382,238.98587338198382
1029,Budapart,Budapart,Budapart__BOG.CPT2,Quaternary,MASW,6.5,232.24896776381445,2.0,229.40972098613534,236.2610802900707,240.92595593083624,239.74878416381424,239.74878416381424
1030,Budapart,Budapart,Budapart__BOG.CPT2,Quaternary,MASW,7.5,250.35437496561337,2.0,246.31251829395404,250.7577626619217,253.40289509354974,252.68476822438248,252.68476822438248
1031,Budapart,Budapart,Budapart__BOG.CPT2,Quaternary,MASW,8.5,304.3331535968106,2.0,294.1037759764822,286.74386912076164,286.30110583693715,287.0719656164949,287.0719656164949
1032,Budapart,Budapart,Budapart__BOG.CPT2,Quaternary,MASW,9.5,285.5003637808965,2.0,277.0643047680563,271.14614793131653,279.58733393157803,279.33400055586367,279.33400055586367
1033,Budapart,Budapart,Budapart__BOG.CPT2,Quaternary,MASW,10.5,272.75596422944125,2.0,263.8079371735183,269.23530092633945,268.3521681432421,267.8942446401456,267.8942446401456
1034,Budapart,Budapart,Budapart__BOG.CPT2,Quaternary,MASW,11.95,412.2267261117577,2.0,308.1059418616753,290.0662123548255,297.0342040575678,298.1232336332712,298.1232336332712
1035,Budapart,Budapart,Budapart__BOG.CPT3,Quaternary,MASW,1.6,190.75126081678476,2.0,217.2195994220453,225.10395055704217,224.41131375293463,223.68155551699238,223.68155551699238
1036,Budapart,Budapart,Budapart__BOG.CPT3,Quaternary,MASW,2.6,166.76722098028122,2.0,197.4200362685525,186.8853491981329,187.10697119299033,188.11355658361256,188.11355658361256
1037,Budapart,Budapart,Budapart__BOG.CPT3,Quaternary,MASW,4.0,215.41747286501064,2.0,234.229174210799,228.8378425265758,230.2840227472871,230.67552907103894,230.67552907103894
1038,Budapart,Budapart,Budapart__BOG.CPT3,Quaternary,MASW,5.4,260.93714504043294,2.0,264.400214915582,275.65666917472606,275.2222052946977,274.1203664843597,274.1203664843597
1039,Budapart,Budapart,Budapart__BOG.CPT3,Quaternary,MASW,6.5,269.6562030046544,2.0,268.63622841415713,269.59914064701013,275.27742827086456,274.6059861606068,274.6059861606068
1040,Budapart,Budapart,Budapart__BOG.CPT3,Quaternary,MASW,7.75,239.9973595537022,2.0,238.586401771355,250.96114345836102,249.93208908428605,248.77365455300364,248.77365455300364
1041,Budapart,Budapart,Budapart__BOG.CPT3,Quaternary,MASW,9.25,264.3478893337697,2.0,258.6375319789058,259.0304860210943,261.05297850198997,260.81042219249963,260.81042219249963
1042,Budapart,Budapart,Budapart__BOG.CPT3,Quaternary,MASW,10.5,260.10595577818225,2.0,256.7272153785593,261.0614983336951,260.6172069326003,260.2255700039921,260.2255700039921
1043,Budapart,Budapart,Budapart__BOG.CPT3,Quaternary,MASW,11.6,302.93970271584345,2.0,262.87016113068336,263.4771026524369,265.2339238260884,264.99659420861025,264.99659420861025
1044,Budapart,Budapart,Budapart__BOG.CPT3,Quaternary,MASW,12.6,456.07858192523423,2.0,276.0720570273971,269.4539019703833,273.46094104117134,273.7209374381507,273.7209374381507
1045,Budapart,Budapart,Budapart__BOG.CPT3,Quaternary,MASW,13.675,482.60330611425417,2.0,302.7782519782195,275.79569321906257,282.1566113529623,284.15393562445445,284.15393562445445
1046,Budapart,Budapart,Budapart__BOIJ.CPT1,Quaternary,MASW,1.5,182.62077604901256,2.0,195.3543778104316,178.14839996517162,183.9682676114023,185.07635669667636,185.07635669667636
1047,Budapart,Budapart,Budapart__BOIJ.CPT1,Quaternary,MASW,2.5,186.1021412498908,2.0,238.02280283182264,221.88071888251739,223.07595018410754,224.52739253022918,224.52739253022918
1048,Budapart,Budapart,Budapart__BOIJ.CPT1,Quaternary,MASW,3.5,176.45878234349587,2.0,221.06560138253963,229.54148484501908,224.31020265617033,223.9836110135588,223.9836110135588
1049,Budapart,Budapart,Budapart__BOIJ.CPT1,Quaternary,MASW,4.5,195.90551345445684,2.0,233.4360070280897,237.57386108859313,232.87215243447042,232.92847655099325,232.92847655099325
1050,Budapart,Budapart,Budapart__BOIJ.CPT1,Quaternary,MASW,5.5,210.2692476943019,2.0,242.1838773567962,250.54824501333823,239.7647971626582,240.00561383252293,240.00561383252293
1051,Budapart,Budapart,Budapart__BOIJ.CPT1,Quaternary,MASW,6.5,220.7469330930209,2.0,250.10748239584484,251.34522222542498,250.45623730351494,250.42133993994003,250.42133993994003
1052,Budapart,Budapart,Budapart__BOIJ.CPT1,Quaternary,MASW,7.5,208.8482131112298,2.0,244.9456807473766,251.2993165475906,248.5233113367722,248.1632093361744,248.1632093361744
1053,Budapart,Budapart,Budapart__BOIJ.CPT1,Quaternary,MASW,8.5,205.3530384795569,2.0,248.20418257522425,258.97391143076726,254.58581359736743,253.9403356017065,253.9403356017065
1054,Budapart,Budapart,Budapart__BOIJ.CPT1,Quaternary,MASW,9.5,211.8672348045849,2.0,255.20807709978968,261.6061614754363,262.069401728909,261.3750488919085,261.3750488919085
1055,Budapart,Budapart,Budapart__BOIJ.CPT1,Quaternary,MASW,10.865,229.9427091755753,2.0,278.149745931238,265.704191778885,269.3269732114391,270.1965080976772,270.1965080976772
1056,Budapart,Budapart,Budapart__BOIJ.CPT3,Quaternary,MASW,2.0,178.06189884304365,2.0,193.24545505945267,198.39560304635955,199.06787167751023,198.47782164312727,198.47782164312727
1057,Budapart,Budapart,Budapart__BOIJ.CPT3,Quaternary,MASW,3.15,199.6152481747873,2.0,234.52465766319247,223.84433108801662,220.91281972979934,222.23767155281234,222.23767155281234
1058,Budapart,Budapart,Budapart__BOIJ.CPT3,Quaternary,MASW,4.4,238.65773298569488,2.0,272.9336719651042,285.5627829914416,261.95152835311796,263.0295577925231,263.0295577925231
1059,Budapart,Budapart,Budapart__BOIJ.CPT3,Quaternary,MASW,5.9,197.86134262656049,2.0,228.73824138364157,255.64301825934882,250.85664268424438,248.55180585106976,248.55180585106976
1060,Budapart,Budapart,Budapart__BOIJ.CPT3,Quaternary,MASW,7.4,214.1691716756123,2.0,253.2926601615146,243.73567379240438,249.66546587601874,250.02583554649902,250.02583554649902
1061,Budapart,Budapart,Budapart__BOIJ.CPT3,Quaternary,MASW,8.5,204.9323330643595,2.0,255.51447802546716,257.76502789701937,251.6280430699548,252.01401149894184,252.01401149894184
1062,Budapart,Budapart,Budapart__BOIJ.CPT3,Quaternary,MASW,9.5,218.93893794126737,2.0,274.4042856954049,273.35863570462953,274.33630482538643,274.3431021544489,274.3431021544489
1063,Budapart,Budapart,Budapart__BOIJ.CPT3,Quaternary,MASW,10.5,220.9834279376888,2.0,279.7761168979451,269.23309613513777,271.05337919582524,271.9132728128232,271.9132728128232
1064,Budapart,Budapart,Budapart__BOIJ.CPT3,Quaternary,MASW,11.62,268.46,2.0,286.41157607395166,274.02385368933386,277.80331265226624,278.652365942397,278.652365942397
1065,Budapart,Budapart,Budapart__BRE.CPT4,Quaternary,MASW,1.7000000000000002,153.52949138327185,2.0,192.1190381474252,195.93984542741347,201.77643054248134,200.78923814876947,200.78923814876947
1066,Budapart,Budapart,Budapart__BRE.CPT4,Quaternary,MASW,2.7,193.96732697418173,2.0,231.9182490560455,221.06259071275935,222.37060901111903,223.30741246817456,223.30741246817456
1067,Budapart,Budapart,Budapart__BRE.CPT4,Quaternary,MASW,4.1,215.077696284564,2.0,266.70030253194545,270.8743636322342,265.6474497879563,265.7525477554627,265.7525477554627
1068,Budapart,Budapart,Budapart__BRE.CPT4,Quaternary,MASW,5.5,238.80464668674344,2.0,241.31050892113103,260.80452633536396,256.7869937530985,255.19569523679516,255.19569523679516
1069,Budapart,Budapart,Budapart__BRE.CPT4,Quaternary,MASW,6.5,245.3354627875698,2.0,244.06517446140356,253.49216976728826,258.4099940384038,256.93836540578343,256.93836540578343
1070,Budapart,Budapart,Budapart__BRE.CPT4,Quaternary,MASW,7.5,247.53147221052092,2.0,240.9362862986993,253.58531921066248,254.10663120035997,252.75783103719345,252.75783103719345
1071,Budapart,Budapart,Budapart__BRE.CPT4,Quaternary,MASW,8.5,272.4027350426088,2.0,263.7606580952606,262.36403470692073,262.65178667401335,262.76246371166224,262.76246371166224
1072,Budapart,Budapart,Budapart__BRE.CPT4,Quaternary,MASW,9.5,254.89844722125025,2.0,245.9613753913409,259.2830945288763,255.4433085334266,254.47889413722112,254.47889413722112
1073,Budapart,Budapart,Budapart__BRE.CPT4,Quaternary,MASW,10.5,272.64323208484603,2.0,264.1904454660298,260.04432316604914,261.65046462741225,261.9033599225417,261.9033599225417
1074,Budapart,Budapart,Budapart__BRE.CPT4,Quaternary,MASW,11.5,280.9149843751927,2.0,267.2821888016553,265.1601890887013,264.1363445185823,264.4492555507936,264.4492555507936
1075,Budapart,Budapart,Budapart__BRE.CPT4,Quaternary,MASW,12.89,473.2222413447456,2.0,286.58849150154026,273.77842739875024,274.12914374531016,275.35030586477376,275.35030586477376
1076,Budapart,Budapart,Budapart__BRF.CPT2,Quaternary,MASW,1.6,183.13755001535216,2.0,222.0983060947854,226.66258114597602,231.084390024694,230.16965838308118,230.16965838308118
1077,Budapart,Budapart,Budapart__BRF.CPT2,Quaternary,MASW,2.5,178.1407235440785,2.0,214.52860096802453,198.9439836139786,197.10467434417504,198.781402938483,198.781402938483
1078,Budapart,Budapart,Budapart__BRF.CPT2,Quaternary,MASW,3.5,203.95888690857916,2.0,236.16278499411084,232.98049567924647,229.8148454311846,230.44188429794804,230.44188429794804
1079,Budapart,Budapart,Budapart__BRF.CPT2,Quaternary,MASW,4.5,212.1688645121086,2.0,252.51686391145992,261.4154661241375,257.7342814879848,257.2077250649306,257.2077250649306
1080,Budapart,Budapart,Budapart__BRF.CPT2,Quaternary,MASW,5.5,278.6857150019483,2.0,284.371408852154,303.1562891640374,281.14770064637696,281.4684200746065,281.4684200746065
1081,Budapart,Budapart,Budapart__BRF.CPT2,Quaternary,MASW,6.75,231.1739523533905,2.0,243.89565513085992,254.60116438247468,257.0445757975221,255.6983971954106,255.6983971954106
1082,Budapart,Budapart,Budapart__BRF.CPT2,Quaternary,MASW,8.0,259.84204481191153,2.0,257.45709849863414,256.5914532423728,256.87178944695,256.9302604226497,256.9302604226497
1083,Budapart,Budapart,Budapart__BRF.CPT2,Quaternary,MASW,9.0,260.8606967781626,2.0,258.76915939911385,256.1574270075576,253.91718534504648,254.39826042703012,254.39826042703012
1084,Budapart,Budapart,Budapart__BRF.CPT2,Quaternary,MASW,10.0,266.0650563384212,2.0,265.3534284918695,263.88778256422285,261.74724859764683,262.1056501428213,262.1056501428213
1085,Budapart,Budapart,Budapart__BRF.CPT2,Quaternary,MASW,11.0,269.6280434193707,2.0,272.60169932891785,264.371013218799,265.9145584655652,266.5758234420027,266.5758234420027
1086,Budapart,Budapart,Budapart__BRF.CPT2,Quaternary,MASW,12.0,371.5950423468242,2.0,269.28234111408204,268.6444187279026,269.09900312555254,269.1173313059363,269.1173313059363
1087,Budapart,Budapart,Budapart__BRF.CPT2,Quaternary,MASW,12.925,491.7559209041706,2.0,323.26055881833213,296.82100507647164,301.7888690090985,303.8702391698528,303.8702391698528
1088,Budapart,Budapart,Budapart__BRG.CPT1,Quaternary,MASW,2.1,181.80561628891536,2.0,209.57336888915125,207.64493746711338,203.1272271426878,203.76281674888557,203.76281674888557
1089,Budapart,Budapart,Budapart__BRG.CPT1,Quaternary,MASW,3.15,190.555474102631,2.0,227.40933549498757,220.75259946969322,218.11137908818563,219.02380540215927,219.02380540215927
1090,Budapart,Budapart,Budapart__BRG.CPT1,Quaternary,MASW,4.4,222.7778845225797,2.0,257.73439083599135,266.250599913889,240.95631980653084,242.5837618619857,242.5837618619857
1091,Budapart,Budapart,Budapart__BRG.CPT1,Quaternary,MASW,5.5,217.6915332265952,2.0,238.73843109694454,258.1856255037259,247.1476435825885,246.2935622676124,246.2935622676124
1092,Budapart,Budapart,Budapart__BRG.CPT1,Quaternary,MASW,6.5,225.5612163020003,2.0,240.406011413562,240.67597350201362,240.65638227082192,240.63133345588068,240.63133345588068
1093,Budapart,Budapart,Budapart__BRG.CPT1,Quaternary,MASW,7.5,218.69912924404144,2.0,244.41715654534383,249.06295491458238,249.11809496419855,248.6439608824579,248.6439608824579
1094,Budapart,Budapart,Budapart__BRG.CPT1,Quaternary,MASW,8.5,210.47264817800425,2.0,244.62630406061524,255.31929861885212,252.18815604781187,251.42156938608,251.42156938608
1095,Budapart,Budapart,Budapart__BRG.CPT1,Quaternary,MASW,9.5,218.6399431603297,2.0,255.6000954600319,258.8259643135556,259.7453748835241,259.3278395441545,259.3278395441545
1096,Budapart,Budapart,Budapart__BRG.CPT1,Quaternary,MASW,10.5,222.56821807043863,2.0,259.5698589648364,262.15596303365044,261.07257290883973,260.92191086175217,260.92191086175217
1097,Budapart,Budapart,Budapart__BRG.CPT1,Quaternary,MASW,11.64,269.0433266736204,2.0,331.6693369341676,298.46049105271555,307.56035519090295,309.89020597760805,309.89020597760805
1098,Budapart,Budapart,Budapart__BRK.CPT1,Quaternary,MASW,1.4,187.3100343454764,2.0,195.2209618477157,193.88570124920685,200.60934579213136,200.0638814393053,200.0638814393053
1099,Budapart,Budapart,Budapart__BRK.CPT1,Quaternary,MASW,2.4,222.34084520729309,2.0,220.7648188537325,215.2305254668303,206.70959881641406,208.07388027928502,208.07388027928502
1100,Budapart,Budapart,Budapart__BRK.CPT1,Quaternary,MASW,3.5,252.56608898094157,2.0,252.29812964972743,261.4382869723375,255.06911570396872,254.79065306596323,254.79065306596323
1101,Budapart,Budapart,Budapart__BRK.CPT1,Quaternary,MASW,4.5,244.96483679727447,2.0,277.4380115505683,289.6124725478109,281.0906174082264,280.7232032224212,280.7232032224212
1102,Budapart,Budapart,Budapart__BRK.CPT1,Quaternary,MASW,5.8,234.55662684429797,2.0,255.4144126480533,276.9912795922764,272.42648534411705,270.6754919273622,270.6754919273622
1103,Budapart,Budapart,Budapart__BRK.CPT1,Quaternary,MASW,7.1,237.4367692279285,2.0,254.90958117424861,262.5604740390685,259.86835096927416,259.3681637949393,259.3681637949393
1104,Budapart,Budapart,Budapart__BRK.CPT1,Quaternary,MASW,8.1,218.54536943109616,2.0,235.96852962140517,255.8987368156789,255.70145024743627,253.65608241106779,253.65608241106779
1105,Budapart,Budapart,Budapart__BRK.CPT1,Quaternary,MASW,9.3,217.19009684022475,2.0,234.49302691402664,259.1365528424705,254.78330069837733,252.67766614140257,252.67766614140257
1106,Budapart,Budapart,Budapart__BRK.CPT1,Quaternary,MASW,10.5,241.63536774335344,2.0,259.50370928138955,261.6652262893543,264.41094447644053,263.91607379788485,263.91607379788485
1107,Budapart,Budapart,Budapart__BRK.CPT1,Quaternary,MASW,11.5,247.9246741046859,2.0,266.66300741965915,264.1161107483326,261.3257046303384,261.8545920406225,261.8545920406225
1108,Budapart,Budapart,Budapart__BRK.CPT1,Quaternary,MASW,12.8,266.2868371267044,2.0,288.6184287542276,276.6502253594407,279.1557327454209,280.0878705083,280.0878705083
1109,Budapart,Budapart,Budapart__BRK.CPT1,Quaternary,MASW,13.85,580.7534828026721,2.0,370.2237351556884,366.4480358342152,368.8547373457496,368.99140901725883,432.0332495457506
1110,Budapart,Budapart,Budapart__BRK.CPT2,Quaternary,MASW,1.4500000000000002,193.20265298831268,2.0,177.25755665272342,185.47785479494104,187.8685596603973,186.7794839001723,186.7794839001723
1111,Budapart,Budapart,Budapart__BRK.CPT2,Quaternary,MASW,2.3,168.6264078169069,2.0,150.4478463228167,173.1696709570258,170.06267286513074,167.9912640800457,167.9912640800457
1112,Budapart,Budapart,Budapart__BRK.CPT2,Quaternary,MASW,3.4,289.08835521167094,2.0,248.92907783003713,248.9556429856007,240.3674074552507,241.21015313732354,241.21015313732354
1113,Budapart,Budapart,Budapart__BRK.CPT2,Quaternary,MASW,4.45,232.40168051966785,2.0,256.7395929307063,261.7208992070511,256.9869647731026,256.962216867085,256.962216867085
1114,Budapart,Budapart,Budapart__BRK.CPT2,Quaternary,MASW,5.75,207.0452699782191,2.0,219.53943071848417,244.27882387710335,243.21718434762153,240.73879601300453,240.73879601300453
1115,Budapart,Budapart,Budapart__BRK.CPT2,Quaternary,MASW,7.1,239.6089866214836,2.0,247.1334315552142,251.60971647199906,253.6666979976806,253.0056735019121,253.0056735019121
1116,Budapart,Budapart,Budapart__BRK.CPT2,Quaternary,MASW,8.1,241.2747385799583,2.0,249.7018525772603,255.26012217227523,254.29030646070132,253.8276921645496,253.8276921645496
1117,Budapart,Budapart,Budapart__BRK.CPT2,Quaternary,MASW,9.3,240.69454175504325,2.0,247.06204735072558,255.7022071479023,255.0108065651998,254.20455601417135,254.20455601417135
1118,Budapart,Budapart,Budapart__BRK.CPT2,Quaternary,MASW,10.5,252.18399933673072,2.0,260.0350753125101,258.70586862832704,256.0220390963224,256.420539884299,256.420539884299
1119,Budapart,Budapart,Budapart__BRK.CPT2,Quaternary,MASW,11.69,274.8869914812007,2.0,290.7367468491683,282.2894112127682,280.2592641729981,281.28979228009206,281.28979228009206
1120,Budapart,Budapart,Budapart__BRL.CPT1,Quaternary,MASW,1.3,243.2255319206435,2.0,207.5566667199652,195.40510040969153,208.41724755495508,208.33102914697383,208.33102914697383
1121,Budapart,Budapart,Budapart__BRL.CPT1,Quaternary,MASW,2.2,213.2005697862587,2.0,177.59579371689014,178.94401180070096,178.6728635563453,178.56486327797504,178.56486327797504
1122,Budapart,Budapart,Budapart__BRL.CPT1,Quaternary,MASW,3.3,289.73113128281886,2.0,226.49171572073888,217.83819905118423,219.8336779389864,220.49057779057807,220.49057779057807
1123,Budapart,Budapart,Budapart__BRL.CPT1,Quaternary,MASW,4.3,338.56928750348965,2.0,255.39187701599795,269.32882678969315,250.1043123979908,250.6281047969054,250.6281047969054
1124,Budapart,Budapart,Budapart__BRL.CPT1,Quaternary,MASW,5.4,285.5014863130366,2.0,277.16815833094626,293.0949919821175,281.0893462175465,280.6947439386679,280.6947439386679
1125,Budapart,Budapart,Budapart__BRL.CPT1,Quaternary,MASW,6.5,239.2302244442629,2.0,266.3383486102842,268.9336517294929,275.29393864144413,274.3849929481257,274.3849929481257
1126,Budapart,Budapart,Budapart__BRL.CPT1,Quaternary,MASW,7.5,211.1738880050509,2.0,236.06215512781915,253.03055389511815,250.0266252549345,248.5937867599207,248.5937867599207
1127,Budapart,Budapart,Budapart__BRL.CPT1,Quaternary,MASW,8.5,224.1113002582659,2.0,248.74144752115836,255.67153446106587,255.35004225698472,254.6813576863076,254.6813576863076
1128,Budapart,Budapart,Budapart__BRL.CPT1,Quaternary,MASW,9.5,231.07340702137225,2.0,255.96993781266792,261.8249791172588,261.7533081805911,261.16913917589994,261.16913917589994
1129,Budapart,Budapart,Budapart__BRL.CPT1,Quaternary,MASW,10.5,231.81821956276607,2.0,256.00557864464866,261.4384400994482,260.87049257855733,260.37986969450264,260.37986969450264
1130,Budapart,Budapart,Budapart__BRL.CPT1,Quaternary,MASW,11.5,249.69829106615344,2.0,278.97907162974883,268.4113110921945,269.02691326891994,270.0059398563835,270.0059398563835
1131,Budapart,Budapart,Budapart__BRL.CPT1,Quaternary,MASW,12.5,254.4720832517515,2.0,287.8927447947249,269.7002868697063,275.5901981236967,276.7964158975984,276.7964158975984
1132,Budapart,Budapart,Budapart__BRL.CPT1,Quaternary,MASW,13.5,254.0133183260768,2.0,288.9709500313366,270.98028889414314,275.9053281294626,277.1848549441006,277.1848549441006
1133,Budapart,Budapart,Budapart__BRL.CPT1,Quaternary,MASW,14.92,267.7981267304003,2.0,320.9707092583087,306.8155821923662,308.18027425717133,309.43603943805505,309.43603943805505
1134,Budapart,Budapart,Budapart__BRL.CPT2,Quaternary,MASW,1.3,247.0019124481507,2.0,216.33992096450237,216.6932666200112,221.91611216048292,221.3520856331376,221.3520856331376
1135,Budapart,Budapart,Budapart__BRL.CPT2,Quaternary,MASW,2.0,214.60226635596624,2.0,189.2416880807512,189.25902697414693,190.0618010940419,189.97963011142542,189.97963011142542
1136,Budapart,Budapart,Budapart__BRL.CPT2,Quaternary,MASW,2.95,276.37887766946614,2.0,230.70680540340194,220.30975324230639,217.26352197330397,218.57182296314073,218.57182296314073
1137,Budapart,Budapart,Budapart__BRL.CPT2,Quaternary,MASW,4.0,319.1356120031349,2.0,266.1991187812246,281.6242095331601,255.74805417802864,256.77442517449845,256.77442517449845
1138,Budapart,Budapart,Budapart__BRL.CPT2,Quaternary,MASW,5.0,279.98277319772546,2.0,268.4058442314942,286.41434739596014,281.9446316085228,280.56057541504504,280.56057541504504
1139,Budapart,Budapart,Budapart__BRL.CPT2,Quaternary,MASW,6.0,239.579304108149,2.0,263.9964036244424,270.4048782829138,277.1957905294936,275.8466847696076,275.8466847696076
1140,Budapart,Budapart,Budapart__BRL.CPT2,Quaternary,MASW,7.0,221.3203923675362,2.0,246.42557009187405,252.81407626183267,255.55686826081836,254.62871517630774,254.62871517630774
1141,Budapart,Budapart,Budapart__BRL.CPT2,Quaternary,MASW,8.15,226.4721804201633,2.0,249.57155686652834,257.5968381130054,257.6808809682042,256.85823013944065,256.85823013944065
1142,Budapart,Budapart,Budapart__BRL.CPT2,Quaternary,MASW,9.15,224.46344614457132,2.0,246.15638420985601,257.56102824496435,253.74829349675997,252.97868315926814,252.97868315926814
1143,Budapart,Budapart,Budapart__BRL.CPT2,Quaternary,MASW,10.0,223.2821304497248,2.0,246.1479007745871,260.7079874272396,258.92567444402926,257.61860142509346,257.61860142509346
1144,Budapart,Budapart,Budapart__BRL.CPT2,Quaternary,MASW,11.0,241.2961957759113,2.0,267.8765965649608,264.1472942227715,264.4115963121847,264.75606980649894,264.75606980649894
1145,Budapart,Budapart,Budapart__BRL.CPT2,Quaternary,MASW,12.0,270.7768319074563,2.0,301.46443583954664,289.667760669657,292.5319482759918,293.41315532251826,293.41315532251826
1146,Budapart,Budapart,Budapart__BRL.CPT2,Quaternary,MASW,13.0,257.5041066260121,2.0,290.34891539730097,268.3428340976597,277.1195659277199,278.41491157957734,278.41491157957734
1147,Budapart,Budapart,Budapart__BRL.CPT2,Quaternary,MASW,14.0,245.48858678688,2.0,279.9327762791741,269.25237896829015,273.5144967899424,274.1496462834091,274.1496462834091
1148,Budapart,Budapart,Budapart__BRL.CPT2,Quaternary,MASW,15.0,257.4244137412403,2.0,296.7745448162013,280.1204038136736,292.165534580686,292.6231960331588,292.6231960331588
1149,Budapart,Budapart,Budapart__BRL.CPT2,Quaternary,MASW,16.2,258.2191124468668,2.0,303.5702935737056,295.3860100632555,300.27047080493327,300.59883249649863,300.59883249649863
1150,Budapart,Budapart,Budapart__BRL.CPT2,Quaternary,MASW,17.18,576.0,2.0,316.0121822360868,301.55638354752244,303.8178998127682,305.01584734298,305.01584734298
1151,Budapart,Budapart,Budapart__BRL.CPT3,Quaternary,MASW,1.45,281.3032448201237,2.0,212.9584253287056,215.4057741611714,219.63224800663824,218.9555604643186,218.9555604643186
1152,Budapart,Budapart,Budapart__BRL.CPT3,Quaternary,MASW,2.45,218.07727993031943,2.0,162.65305392248928,172.84275093682476,172.05454488366695,171.09044521157145,171.09044521157145
1153,Budapart,Budapart,Budapart__BRL.CPT3,Quaternary,MASW,3.4,245.3407359744841,2.0,184.964761609451,194.70502957725492,191.75562558067634,191.06546787120567,191.06546787120567
1154,Budapart,Budapart,Budapart__BRL.CPT3,Quaternary,MASW,4.4,345.2535848560474,2.0,237.54538178749158,225.0556640965944,229.76213122185476,230.5288400547586,230.5288400547586
1155,Budapart,Budapart,Budapart__BRL.CPT3,Quaternary,MASW,5.5,219.6144105090756,2.0,239.7328027786911,249.28275096382077,245.26197571609444,244.70336778025882,244.70336778025882
1156,Budapart,Budapart,Budapart__BRL.CPT3,Quaternary,MASW,6.75,257.8681816149979,2.0,282.47198861238695,285.92981076503503,279.1301426694305,279.46254035825655,279.46254035825655
1157,Budapart,Budapart,Budapart__BRL.CPT3,Quaternary,MASW,8.25,246.5712190506611,2.0,272.9755013834604,261.6915902443225,260.8557063001711,262.0430674368001,262.0430674368001
1158,Budapart,Budapart,Budapart__BRL.CPT3,Quaternary,MASW,9.5,206.6190105374448,2.0,225.8662741612304,258.46835296405726,256.61183717502627,253.35772818830688,253.35772818830688
1159,Budapart,Budapart,Budapart__BRL.CPT3,Quaternary,MASW,10.75,239.68851703269823,2.0,263.6176235028627,259.5483822117258,266.98146772945637,266.6431607168959,266.6431607168959
1160,Budapart,Budapart,Budapart__BRL.CPT3,Quaternary,MASW,12.0,214.49067248994888,2.0,235.17097811139783,261.52985124471616,263.1506865177916,260.2090691954869,260.2090691954869
1161,Budapart,Budapart,Budapart__BRL.CPT3,Quaternary,MASW,12.9,236.554475306871,2.0,262.3183921715381,264.25309537447225,269.49230757915296,268.7661746292713,268.7661746292713
1162,Budapart,Budapart,Budapart__BRL.CPT3,Quaternary,MASW,13.7,264.1683893374926,2.0,296.336265603054,276.167430834446,280.442670122164,281.9928939131192,281.9928939131192
1163,Budapart,Budapart,Budapart__BRL.CPT3,Quaternary,MASW,14.55,258.6225122143188,2.0,292.63275223406515,275.18503020469205,282.52260953435916,283.51770274714517,283.51770274714517
1164,Budapart,Budapart,Budapart__BRL.CPT3,Quaternary,MASW,15.5,255.62796351386152,2.0,293.3797679742281,284.5095224920119,295.9886126062561,295.72668758328,295.72668758328
1165,Budapart,Budapart,Budapart__BRL.CPT3,Quaternary,MASW,16.45,273.3555943775335,2.0,319.37900410572854,310.9929602877586,312.31745728563,313.01652837449046,313.01652837449046
1166,Budapart,Budapart,Budapart__BRL.CPT3,Quaternary,MASW,17.485,575.9999999999999,2.0,367.6939934403179,388.4126356565102,369.17354346781366,369.02532095175036,421.51883310098003
1167,Budapart,Budapart,Budapart__BRL.CPT4,Quaternary,MASW,1.5,229.8839304448362,2.0,207.51878367484406,197.6010784441138,199.85372102975367,200.60731081774114,200.60731081774114
1168,Budapart,Budapart,Budapart__BRL.CPT4,Quaternary,MASW,2.45,304.66516443700505,2.0,257.0912854130712,248.75861175715718,236.07377141717757,238.09578103466984,238.09578103466984
1169,Budapart,Budapart,Budapart__BRL.CPT4,Quaternary,MASW,3.45,270.0293455242649,2.0,225.021973786144,227.48774379561343,223.74372308399313,223.87122071852633,223.87122071852633
1170,Budapart,Budapart,Budapart__BRL.CPT4,Quaternary,MASW,4.5,302.9616692137099,2.0,242.66915876584267,252.21874120316153,248.45067236829377,247.86637606778234,247.86637606778234
1171,Budapart,Budapart,Budapart__BRL.CPT4,Quaternary,MASW,5.5,239.1401527047529,2.0,272.6403982122546,287.68672106544943,277.21877158304386,276.7574956128937,276.7574956128937
1172,Budapart,Budapart,Budapart__BRL.CPT4,Quaternary,MASW,6.6,256.6034776043064,2.0,284.7568418140225,282.8575628323259,283.34497508995,283.48584617715267,283.48584617715267
1173,Budapart,Budapart,Budapart__BRL.CPT4,Quaternary,MASW,7.85,231.92321239130428,2.0,258.2477024171074,261.32547728149353,263.40371593211665,262.88351576186585,262.88351576186585
1174,Budapart,Budapart,Budapart__BRL.CPT4,Quaternary,MASW,8.9,210.32168985582655,2.0,231.47525419558323,252.3583094947749,254.2099284553711,251.83942235547215,251.83942235547215
1175,Budapart,Budapart,Budapart__BRL.CPT4,Quaternary,MASW,9.9,188.3373746118845,2.0,208.71252319570092,247.23690078366116,248.84852911409436,244.5098848421385,244.5098848421385
1176,Budapart,Budapart,Budapart__BRL.CPT4,Quaternary,MASW,11.0,224.39902409090905,2.0,254.9864276030645,257.87536805931654,263.2365404605532,262.3996573090952,262.3996573090952
1177,Budapart,Budapart,Budapart__BRL.CPT4,Quaternary,MASW,12.0,240.54305439735293,2.0,271.34248421784173,265.7952453089822,268.9958118293916,269.2295628880182,269.2295628880182
1178,Budapart,Budapart,Budapart__BRL.CPT4,Quaternary,MASW,13.0,268.668214410446,2.0,304.46649493162454,290.50266499530784,292.5381637282353,293.70965871809665,293.70965871809665
1179,Budapart,Budapart,Budapart__BRL.CPT4,Quaternary,MASW,14.0,279.4546737783115,2.0,320.58198419067963,304.5470411383411,304.2070516207972,305.80618191497047,305.80618191497047
1180,Budapart,Budapart,Budapart__BRL.CPT4,Quaternary,MASW,15.0,263.5582549871305,2.0,306.50565258817255,292.3089116773306,305.6625415906194,305.74674822268884,305.74674822268884
1181,Budapart,Budapart,Budapart__BRL.CPT4,Quaternary,MASW,16.08,270.7963110706171,2.0,319.97736962019286,313.72904571902575,315.2356130790753,315.7066093446967,315.7066093446967
219,Dunaterasz,Dunaterasz,Dunaterasz__CPT1,Quaternary,MASW,1.5,233.01496865580825,5.0,233.1321448924998,196.2424605244896,207.9868003187616,210.2406313384355,210.2406313384355
220,Dunaterasz,Dunaterasz,Dunaterasz__CPT1,Quaternary,MASW,2.65,161.46583675030033,5.0,229.73773316124633,203.66774464773795,205.1613439098828,213.7205509715847,213.7205509715847
221,Dunaterasz,Dunaterasz,Dunaterasz__CPT1,Quaternary,MASW,3.9,163.01239029095743,5.0,222.44928637615695,212.992485197194,211.7903614350569,216.72597993081465,216.72597993081465
222,Dunaterasz,Dunaterasz,Dunaterasz__CPT1,Quaternary,MASW,4.75,193.26324287162743,5.0,221.90291761312653,211.49020801143502,217.61453353537183,215.595337052208,215.595337052208
223,Dunaterasz,Dunaterasz,Dunaterasz__CPT1,Quaternary,MASW,5.6,210.21097857471867,5.0,245.44219561427303,255.8999659831791,251.67853189909232,251.66442459495997,251.66442459495997
224,Dunaterasz,Dunaterasz,Dunaterasz__CPT1,Quaternary,MASW,6.85,189.28960459252335,5.0,245.60112175377068,251.72970503310083,252.76922057320934,249.26013079711478,249.26013079711478
225,Dunaterasz,Dunaterasz,Dunaterasz__CPT1,Quaternary,MASW,8.0,246.14239114562568,5.0,256.4988185673797,260.2617706465224,263.7227982539381,258.75001027006493,258.75001027006493
226,Dunaterasz,Dunaterasz,Dunaterasz__CPT1,Quaternary,MASW,9.0,242.36010701922967,5.0,251.28689294125869,250.49237348208104,249.52121296249388,250.80987936650143,250.80987936650143
227,Dunaterasz,Dunaterasz,Dunaterasz__CPT1,Quaternary,MASW,10.0,260.6009835718683,5.0,272.6879949017443,280.7846399827121,271.35430749272206,277.5175260580664,277.5175260580664
228,Dunaterasz,Dunaterasz,Dunaterasz__CPT1,Quaternary,MASW,11.15,322.7997524378964,5.0,307.52745880472895,354.24229946913647,331.39632318530664,334.76019395128344,334.76019395128344
229,Dunaterasz,Dunaterasz,Dunaterasz__CPT1,Quaternary,MASW,12.35,401.7820453738461,5.0,365.333839737433,509.05933818773025,478.0021071263569,445.79686054368995,445.79686054368995
230,Dunaterasz,Dunaterasz,Dunaterasz__CPT1,Quaternary,MASW,13.25,412.5906561194893,5.0,379.5269387459625,521.7805358574906,507.8816132059553,459.3987060824632,459.3987060824632
231,Dunaterasz,Dunaterasz,Dunaterasz__CPT1,Quaternary,MASW,13.95,350.4190840317688,5.0,332.56904148501434,505.9251448913688,437.6528365847696,427.7642503340997,427.7642503340997
232,Dunaterasz,Dunaterasz,Dunaterasz__CPT1,Quaternary,MASW,14.65,377.4406562832872,5.0,357.9184183592858,534.6685408129675,530.9968879826217,455.36998142210814,455.36998142210814
233,Dunaterasz,Dunaterasz,Dunaterasz__CPT1,Quaternary,MASW,15.5,391.6336238720198,5.0,357.0867603989328,505.57236361480085,496.5717053686702,439.92586315772945,439.92586315772945
251,Dunaterasz,Dunaterasz,Dunaterasz__CPT3,Quaternary,MASW,1.5,243.6522670525204,5.0,223.8143155340785,201.69137158863754,202.46643687485732,210.26526561695783,210.26526561695783
252,Dunaterasz,Dunaterasz,Dunaterasz__CPT3,Quaternary,MASW,2.5,164.52161984464115,5.0,219.80749875527908,207.59914936567503,201.88224956181435,212.3989392734303,212.3989392734303
253,Dunaterasz,Dunaterasz,Dunaterasz__CPT3,Quaternary,MASW,3.5,140.1436187015576,5.0,199.81646807266753,201.9589412626047,201.80937573529042,201.09920904746164,201.09920904746164
254,Dunaterasz,Dunaterasz,Dunaterasz__CPT3,Quaternary,MASW,5.25,189.96998362234584,5.0,212.36833281533004,219.78602277343202,223.58991342876382,216.7883526086058,216.7883526086058
255,Dunaterasz,Dunaterasz,Dunaterasz__CPT3,Quaternary,MASW,7.5,280.89288071320817,5.0,250.46543075248707,256.08080491466086,250.82713164390933,253.8197037787546,253.8197037787546
256,Dunaterasz,Dunaterasz,Dunaterasz__CPT3,Quaternary,MASW,9.5,290.1925091008787,5.0,254.30277415605684,249.05444387395107,247.90838301491002,251.14065135220503,251.14065135220503
257,Dunaterasz,Dunaterasz,Dunaterasz__CPT3,Quaternary,MASW,11.25,308.0070638324241,5.0,299.06745487047647,311.04055719353244,304.32919947012687,306.19484491527817,306.19484491527817
258,Dunaterasz,Dunaterasz,Dunaterasz__CPT3,Tertiary,MASW,13.0,302.338687860811,5.0,282.4893941064499,319.07377094770015,303.8157139379039,303.90337409844557,303.73786002189905
259,Dunaterasz,Dunaterasz,Dunaterasz__CPT3,Tertiary,MASW,15.0,421.9515002325058,5.0,368.8505546041738,434.0850806358783,432.8774886215372,406.710225945786,410.4539039521045
260,Dunaterasz,Dunaterasz,Dunaterasz__CPT3,Tertiary,MASW,16.5,434.4731468104367,5.0,328.69556238622,363.7305367825277,348.83369881679823,349.28939058432064,348.23865742832635
261,Dunaterasz,Dunaterasz,Dunaterasz__CPT3,Tertiary,MASW,17.5,449.12414076315633,5.0,347.760415038028,353.5570273697117,342.0304451772099,351.2268772979052,346.97825006082803
234,Dunaterasz,Dunaterasz,Dunaterasz__CPT7,Quaternary,MASW,1.5,341.41245087622747,5.0,234.99710765941927,222.63654107897725,220.93999940781984,227.50077186317395,227.50077186317395
235,Dunaterasz,Dunaterasz,Dunaterasz__CPT7,Quaternary,MASW,2.5,167.41803185818335,5.0,194.86123018807436,183.33786816542826,181.9909079117473,187.8630990243193,187.8630990243193
236,Dunaterasz,Dunaterasz,Dunaterasz__CPT7,Quaternary,MASW,3.5,169.2805907738425,5.0,202.4235368336738,203.1096343279566,204.87879067431047,202.83491671439265,202.83491671439265
237,Dunaterasz,Dunaterasz,Dunaterasz__CPT7,Quaternary,MASW,4.5,209.3771254247548,5.0,209.38231553813304,210.52157030816338,213.72895638112502,210.06512643686594,210.06512643686594
238,Dunaterasz,Dunaterasz,Dunaterasz__CPT7,Quaternary,MASW,5.5,254.79265277134243,5.0,241.3762756012907,236.6915886162272,234.42585753054698,238.5544528455165,238.5544528455165
239,Dunaterasz,Dunaterasz,Dunaterasz__CPT7,Quaternary,MASW,6.5,246.1751443855289,5.0,236.4801997698198,229.2603180875152,230.96941033759634,232.12143556693894,232.12143556693894
240,Dunaterasz,Dunaterasz,Dunaterasz__CPT7,Quaternary,MASW,7.5,234.7209428058546,5.0,224.58397297753825,220.48247852552456,226.1020277077229,222.11401036133896,222.11401036133896
241,Dunaterasz,Dunaterasz,Dunaterasz__CPT7,Quaternary,MASW,8.25,243.5669812326419,5.0,241.66514475205278,244.12940991933607,240.68805781198276,243.14070273387156,243.14070273387156
242,Dunaterasz,Dunaterasz,Dunaterasz__CPT7,Quaternary,MASW,8.9,252.1126054825733,5.0,247.09725532775346,241.92883830190397,240.20834942138646,243.98310423191833,243.98310423191833
243,Dunaterasz,Dunaterasz,Dunaterasz__CPT7,Quaternary,MASW,9.95,256.3556830690226,5.0,257.2829137199032,246.57194908602364,245.8878147067428,250.80175957034356,250.80175957034356
244,Dunaterasz,Dunaterasz,Dunaterasz__CPT7,Quaternary,MASW,11.05,288.57899310866173,5.0,308.40444410246903,300.05288080433616,292.1868863206745,303.366018335478,303.366018335478
245,Dunaterasz,Dunaterasz,Dunaterasz__CPT7,Quaternary,MASW,12.0,295.9273911577772,5.0,291.6540073702564,288.02254141616766,285.1561070621662,289.46967006383727,289.46967006383727
246,Dunaterasz,Dunaterasz,Dunaterasz__CPT7,Tertiary,MASW,13.0,259.40578487448937,5.0,268.3790654818613,268.50803634782886,271.3047407766345,268.45644056579994,267.545913640822
247,Dunaterasz,Dunaterasz,Dunaterasz__CPT7,Tertiary,MASW,14.0,254.7858427540241,5.0,268.0364950148626,249.73364068944016,255.24429228288366,256.8998207184147,256.3826206470152
248,Dunaterasz,Dunaterasz,Dunaterasz__CPT7,Tertiary,MASW,15.0,321.06754082146693,5.0,289.4185350537695,280.4627215477772,281.7730025529128,284.0113019953633,278.4082086974889
249,Dunaterasz,Dunaterasz,Dunaterasz__CPT7,Tertiary,MASW,16.0,447.3862948626886,5.0,389.2501435290848,408.8663312505527,400.3167808501787,400.90393791200205,393.39296688594777
250,Dunaterasz,Dunaterasz,Dunaterasz__CPT7,Tertiary,MASW,17.355,485.3425983295048,5.0,401.21838883361795,437.0159002515538,434.009982387694,422.3287771681586,428.09688534565504
478,Dévai 14,Dévai 14,Dévai 14__SCPTu1,Quaternary,SCPT,1.25,217.0,2.0,196.77759279247425,175.8079756597293,181.9595992408672,183.38974170389812,189.88615364101452
479,Dévai 14,Dévai 14,Dévai 14__SCPTu1,Quaternary,SCPT,2.0,240.0,2.0,209.7789905945729,201.38621530102225,206.78225716496257,207.07999394003414,206.50996036493189
480,Dévai 14,Dévai 14,Dévai 14__SCPTu1,Quaternary,SCPT,3.0,159.0,2.0,216.76874807066963,207.6557360447559,225.91289684466625,224.98138654867788,224.72079262109554
481,Dévai 14,Dévai 14,Dévai 14__SCPTu1,Quaternary,SCPT,4.15,205.0,2.0,226.64445249604967,213.1929888867392,235.38645895113441,234.49729502382138,236.42319847852863
482,Dévai 14,Dévai 14,Dévai 14__SCPTu1,Quaternary,SCPT,5.15,160.0,2.0,223.7444293530541,236.61813096698188,254.59420890972686,251.3268522073965,255.96283161178243
483,Dévai 14,Dévai 14,Dévai 14__SCPTu1,Quaternary,SCPT,6.25,375.0,2.0,259.74283989083006,273.38015483552493,289.5872148642301,286.4546022396567,317.384566821892
484,Dévai 14,Dévai 14,Dévai 14__SCPTu1,Quaternary,SCPT,7.5,440.0,2.0,291.9120816367094,306.53933715489484,325.5278268011698,321.99899335855105,350.63420324218373
485,Dévai 14,Dévai 14,Dévai 14__SCPTu1,Quaternary,SCPT,8.5,405.0,2.0,294.7607141490856,303.54484045337483,318.78288346324035,316.2950935992875,352.2450410574407
486,Dévai 14,Dévai 14,Dévai 14__SCPTu1,Quaternary,SCPT,9.5,333.0,2.0,309.0865561803318,314.4912040395825,324.2103017001253,322.6652091733811,370.71437371623847
487,Dévai 14,Dévai 14,Dévai 14__SCPTu1,Quaternary,SCPT,10.25,358.0,2.0,324.6586114649493,324.0120838947099,325.7255388118273,325.6186884857257,368.8590283796735
488,Dévai 14,Dévai 14,Dévai 14__SCPTu1,Tertiary,SCPT,11.0,391.0,2.0,314.3055974461044,308.7401159031955,298.6623595855607,300.19099081643895,298.40301314044024
489,Dévai 14,Dévai 14,Dévai 14__SCPTu1,Tertiary,SCPT,12.0,472.0,2.0,331.5793679387349,330.89523639706454,312.2206343197297,314.1045239734973,330.4054699942018
490,Dévai 14,Dévai 14,Dévai 14__SCPTu1,Tertiary,SCPT,13.0,475.0,2.0,348.93109232327924,330.7429338587433,325.5861517236075,327.84857409736765,346.4917779222865
491,Dévai 14,Dévai 14,Dévai 14__SCPTu1,Tertiary,SCPT,14.0,596.0,2.0,353.37927820862564,351.413410981967,344.47937743677716,345.35918658879393,358.2077879947653
492,Dévai 14,Dévai 14,Dévai 14__SCPTu1,Tertiary,SCPT,15.0,598.0,2.0,379.2798010492556,399.19156744877904,393.9525361963032,392.46007463974706,428.18290974909905
493,Dévai 14,Dévai 14,Dévai 14__SCPTu1,Tertiary,SCPT,16.0,600.0,2.0,383.9485775035201,415.2264325325896,407.0867090151132,404.71149263898866,428.74818597520414
494,Dévai 14,Dévai 14,Dévai 14__SCPTu1,Tertiary,SCPT,17.0,601.0,2.0,385.3898622420622,425.2239254530695,411.29341397120913,408.62657575253417,432.665730588422
495,Dévai 14,Dévai 14,Dévai 14__SCPTu1,Tertiary,SCPT,18.105,602.0,2.0,390.6802222924857,406.81932414457214,393.1448591826098,392.8976974307108,426.0411283718702
64,Futo u,Futo u,Futo u__CPT1,Quaternary,SCPT,2.5,261.0,3.0,264.9886474400604,259.30073949909536,256.92172112610467,260.83885239235923,264.69454569442655
65,Futo u,Futo u,Futo u__CPT1,Quaternary,SCPT,3.45,350.0,3.0,254.30864322154818,274.3172369778179,269.23809580150595,264.6435604270296,308.3561544912968
66,Futo u,Futo u,Futo u__CPT1,Quaternary,SCPT,4.35,195.0,3.0,233.05765536919398,254.46718904096264,259.8654143154997,247.22901112544292,278.98634272013334
67,Futo u,Futo u,Futo u__CPT1,Quaternary,SCPT,5.25,350.0,3.0,268.4152135851059,305.63804181051825,324.1904302315946,295.34194516177246,326.5626617801876
68,Futo u,Futo u,Futo u__CPT1,Quaternary,SCPT,6.65,310.0,3.0,293.8177027834324,308.26415679202756,338.29863384448674,310.95544493045344,332.37643959832343
69,Futo u,Futo u,Futo u__CPT1,Quaternary,SCPT,7.55,446.0,3.0,297.7775919765646,315.6992707017413,331.4119483655671,312.93153296410406,329.5557846947299
70,Futo u,Futo u,Futo u__CPT1,Tertiary,SCPT,8.5,284.0,3.0,281.63325732462886,262.1256816925937,267.7567970984926,271.48672493128885,280.07184983492203
71,Futo u,Futo u,Futo u__CPT1,Tertiary,SCPT,9.5,243.0,3.0,282.65552652520097,264.0620349837729,267.1726968287436,272.3029865060695,273.0334937086989
72,Futo u,Futo u,Futo u__CPT1,Tertiary,SCPT,10.5,333.0,3.0,299.3288291147641,295.5325099348677,309.523361133171,301.1958802099113,338.5119834793127
73,Futo u,Futo u,Futo u__CPT1,Tertiary,SCPT,11.5,276.0,3.0,328.9162731129877,317.72989460994586,342.25311406056454,329.42442032296265,357.1359264021025
74,Futo u,Futo u,Futo u__CPT1,Tertiary,SCPT,12.5,430.0,3.0,359.01247843432947,369.7388787050857,388.46848383349425,370.8677680882163,406.09102185650386
75,Futo u,Futo u,Futo u__CPT1,Tertiary,SCPT,13.5,366.0,3.0,320.63888610662264,319.0394608299322,340.7591101818188,326.05738405999483,357.3108356387148
76,Futo u,Futo u,Futo u__CPT1,Tertiary,SCPT,14.5,341.0,3.0,325.66246781546084,339.07202462027954,348.5621235567141,336.41761647595564,370.4304706470982
77,Futo u,Futo u,Futo u__CPT1,Tertiary,SCPT,15.5,435.0,3.0,336.0243409036016,365.8288407566898,364.9303202369688,353.3415110020035,389.30114110555354
78,Futo u,Futo u,Futo u__CPT1,Tertiary,SCPT,16.5,369.0,3.0,356.85181839531737,404.8788922721238,398.6917091744225,383.16326724481223,425.67939979265196
79,Futo u,Futo u,Futo u__CPT1,Tertiary,SCPT,17.5,481.0,3.0,415.9501119027813,519.8459731123982,513.4798087100992,473.7354828428247,515.5104553913367
80,Futo u,Futo u,Futo u__CPT2,Quaternary,SCPT,1.8,170.0,3.0,163.7247321958601,157.11271868767372,173.64514104216295,164.5916917796462,149.8299572665213
81,Futo u,Futo u,Futo u__CPT2,Quaternary,SCPT,3.3,310.0,3.0,249.1928677065349,237.92588892793228,246.02235639949043,244.8156210243118,242.5786114842067
82,Futo u,Futo u,Futo u__CPT2,Quaternary,SCPT,4.5,230.0,3.0,223.50908607273615,211.28570549708562,212.65410806177158,216.51163564478117,217.6071310826482
83,Futo u,Futo u,Futo u__CPT2,Quaternary,SCPT,5.55,378.0,3.0,233.31148688103352,240.3791688344873,251.34330993330437,240.72638624888248,280.0851157765491
84,Futo u,Futo u,Futo u__CPT2,Quaternary,SCPT,7.15,289.0,3.0,297.89315142717084,305.8008197422433,314.58347813543,305.19440954118556,320.7452620115126
85,Futo u,Futo u,Futo u__CPT2,Tertiary,SCPT,8.85,319.0,3.0,268.7689427629006,253.61428413506005,256.32335998684385,260.39953387522297,241.3208528963928
86,Futo u,Futo u,Futo u__CPT2,Tertiary,SCPT,10.0,225.0,3.0,286.47829450165904,256.8171947516293,260.3777450782254,269.40464338332583,257.98607492169026
87,Futo u,Futo u,Futo u__CPT2,Tertiary,SCPT,11.0,180.0,3.0,287.5715054839929,261.05063944682706,261.0461061663832,271.3506927650939,259.44226436120147
88,Futo u,Futo u,Futo u__CPT2,Tertiary,SCPT,12.25,200.0,3.0,334.08499333955064,321.0152512204745,335.39759957773873,330.4977232590979,354.4640319449213
89,Futo u,Futo u,Futo u__CPT2,Tertiary,SCPT,13.5,240.0,3.0,321.84512121259024,320.3758901174941,342.7619376615499,327.53257274919713,353.2102562967517
90,Futo u,Futo u,Futo u__CPT2,Tertiary,SCPT,14.5,280.0,3.0,350.7240005258556,378.2726248866745,388.23095759493714,369.87477788996847,396.9466853165755
91,Futo u,Futo u,Futo u__CPT2,Tertiary,SCPT,15.75,325.0,3.0,351.09689596366985,370.3114546837757,359.6389455826954,359.33618650878617,375.55044677151994
92,Futo u,Futo u,Futo u__CPT2,Tertiary,SCPT,17.0,340.0,3.0,363.1612170461645,349.60859501194506,335.0853596117522,350.4782336834456,324.1529442521267
93,Futo u,Futo u,Futo u__CPT2,Tertiary,SCPT,18.0,330.0,3.0,369.5743067746907,346.7198428178854,337.7320073780366,352.8953890724377,319.73511008779855
94,Futo u,Futo u,Futo u__CPT2,Tertiary,SCPT,19.0,325.0,3.0,402.9338188801838,400.5475679056956,386.4543795233674,397.2090983044118,423.93450464403236
1279,Galeria,Galeria,Galeria__CPT3,Quaternary,SCPT,1.5,279.0,4.0,180.9128296288474,167.17096448450374,141.4053795855157,173.9062167280835,146.74663105610165
1280,Galeria,Galeria,Galeria__CPT3,Quaternary,SCPT,2.5,480.9,4.0,206.78933644675743,195.76417280304636,200.23051378193855,201.20125097521208,238.80360973735154
1281,Galeria,Galeria,Galeria__CPT3,Quaternary,SCPT,4.5,325.8,4.0,285.96578454721885,317.84219130514197,323.86284610250016,301.4829872460173,343.0022011318456
1282,Galeria,Galeria,Galeria__CPT3,Quaternary,SCPT,6.25,290.0,4.0,253.58034352142587,281.3218323631932,295.1867425388931,267.09115839116697,294.5452802290275
1283,Galeria,Galeria,Galeria__CPT3,Quaternary,SCPT,7.5,318.7,4.0,281.27485308348906,341.08405963606117,358.4727702925895,309.7391947481833,367.089760157319
1284,Galeria,Galeria,Galeria__CPT3,Quaternary,SCPT,8.5,227.5,4.0,264.1092535651488,291.8561238065337,304.7717487055701,277.63627826161564,313.1040480593911
1285,Galeria,Galeria,Galeria__CPT3,Quaternary,SCPT,9.5,329.6,4.0,272.4305472832304,306.4901926850853,311.0069816318934,288.95897793655854,335.00463964724037
1286,Galeria,Galeria,Galeria__CPT3,Quaternary,SCPT,10.4,274.5,4.0,277.91948086092316,306.35675158552476,309.95052059152886,291.7918939225142,338.3143303216267
1287,Galeria,Galeria,Galeria__CPT3,Quaternary,SCPT,11.5,335.8,4.0,298.7720982762298,318.9842106542198,329.8793857774116,308.71278226556814,346.4896852881509
1288,Galeria,Galeria,Galeria__CPT3,Quaternary,SCPT,13.45,297.1,4.0,312.0247540075806,371.83757427857256,351.4636197893812,340.62079743469434,366.56046291913395
1289,Galeria,Galeria,Galeria__CPT6,Quaternary,SCPT,2.65,460.0,4.0,256.64511671331456,279.1718253932327,313.9759070551647,267.67160049417873,346.64304255401237
1290,Galeria,Galeria,Galeria__CPT6,Quaternary,SCPT,3.8,365.0,4.0,284.51774319692544,363.88142032462474,356.3464764065563,321.76190032701817,375.3054286521599
1291,Galeria,Galeria,Galeria__CPT6,Quaternary,SCPT,5.3,461.2,4.0,252.54848289525776,309.05195124493497,315.8153934808896,279.37537726637163,312.25387962515777
1292,Galeria,Galeria,Galeria__CPT6,Quaternary,SCPT,6.5,241.4,4.0,254.13032391108172,296.5297996183117,300.5665692434987,274.512684636411,313.0702852159246
1293,Galeria,Galeria,Galeria__CPT6,Quaternary,SCPT,7.5,279.8,4.0,261.763476527617,299.0852094578731,310.05742360118336,279.80275946759957,325.0861838387836
1294,Galeria,Galeria,Galeria__CPT6,Quaternary,SCPT,8.5,303.4,4.0,254.443354676515,283.15862596864514,293.4428438737544,268.4172697444309,306.9404474321076
1295,Galeria,Galeria,Galeria__CPT6,Quaternary,SCPT,9.75,280.0,4.0,267.0087075889286,293.2975021950044,298.2412591439568,279.8445765065834,324.29672361066287
1296,Galeria,Galeria,Galeria__CPT6,Tertiary,SCPT,11.25,235.0,4.0,264.9456809989157,262.2411003779185,253.55396116699117,263.5899218967458,253.35414732664856
1297,Galeria,Galeria,Galeria__CPT6,Tertiary,SCPT,12.5,197.1,4.0,269.15482719960175,256.8323372888756,255.65576249322532,262.9214014915049,239.26038427534073
1298,Galeria,Galeria,Galeria__CPT6,Tertiary,SCPT,13.5,198.1,4.0,269.64883583086834,251.39776168766,254.83113727559174,260.36342632859095,238.6293354081325
1299,Galeria,Galeria,Galeria__CPT6,Tertiary,SCPT,14.5,207.5,4.0,279.84494175149376,252.6031857291356,258.4332171498467,265.8753914837017,244.5787688734441
1300,Galeria,Galeria,Galeria__CPT6,Tertiary,SCPT,15.5,199.5,4.0,288.25710618010527,256.4200841260619,260.08550094352404,271.8729692643933,249.83930718026429
1301,Galeria,Galeria,Galeria__CPT6,Tertiary,SCPT,16.5,240.1,4.0,294.89833621453323,255.73662644423965,260.00784627126956,274.6202935828375,251.15333474716633
1302,Galeria,Galeria,Galeria__CPT6,Tertiary,SCPT,17.5,283.1,4.0,304.0159697497149,257.33063552766447,256.8218069850562,279.7009522798473,250.7412008100036
1303,Galeria,Galeria,Galeria__CPT6,Tertiary,SCPT,18.5,344.4,4.0,314.25725802278714,276.77091603811317,271.57513924025017,294.9190892000592,259.6186650976482
932,Galeria,Galeria,Galeria__CPTu1,Quaternary,MASW,1.5,200.87338911264135,4.0,189.03845131889673,182.24089249103662,186.4409996756833,185.60855606215756,185.60855606215756
933,Galeria,Galeria,Galeria__CPTu1,Quaternary,MASW,2.5,196.74440696539887,4.0,177.13808994878949,172.3686299792164,172.20228131467857,174.73708788236135,174.73708788236135
934,Galeria,Galeria,Galeria__CPTu1,Quaternary,MASW,3.65,291.6550194442972,4.0,235.86407908114862,248.59162006260922,239.46512105641781,242.1442411732275,242.1442411732275
935,Galeria,Galeria,Galeria__CPTu1,Quaternary,MASW,4.9,303.440748147891,4.0,280.67793564662975,269.2525359927867,263.06785318370976,274.9058856592111,274.9058856592111
936,Galeria,Galeria,Galeria__CPTu1,Quaternary,MASW,5.95,285.02503663109627,4.0,270.2547783248101,261.0537305190033,260.8389029967916,265.61441616049007,265.61441616049007
937,Galeria,Galeria,Galeria__CPTu1,Quaternary,MASW,7.1,265.69406677837884,4.0,257.22077869820646,254.5423637600417,254.19494549043714,255.87806669982504,255.87806669982504
938,Galeria,Galeria,Galeria__CPTu1,Tertiary,MASW,8.15,293.826453794217,4.0,239.43840308040924,252.53991323961404,250.5439054870201,245.90191853696115,245.90191853696115
939,Galeria,Galeria,Galeria__CPTu1,Tertiary,MASW,9.0,351.778884161439,4.0,285.5990487004478,277.724227164423,271.79290106790535,281.6341156167455,281.6341156167455
940,Galeria,Galeria,Galeria__CPTu1,Tertiary,MASW,9.9,359.2097639054068,4.0,291.1673739748441,282.2917197909339,278.1646223121457,286.6952018195785,286.6952018195785
941,Galeria,Galeria,Galeria__CPTu1,Tertiary,MASW,10.65,345.67985624468184,4.0,283.1533621089258,268.31820140190916,270.86197853229623,275.6359933716396,275.6359933716396
942,Galeria,Galeria,Galeria__CPTu1,Tertiary,MASW,11.5,301.04994974683586,4.0,313.6660903166063,300.80341143325745,295.36366730203946,307.1674299436178,307.1674299436178
943,Galeria,Galeria,Galeria__CPTu1,Tertiary,MASW,12.5,269.53387290059925,4.0,335.7093128933058,364.7693787657702,354.1125088262676,349.93781949079846,349.93781949079846
944,Galeria,Galeria,Galeria__CPTu1,Tertiary,MASW,13.165,251.1968980124008,4.0,326.31216696719196,350.9378718622403,356.7701391473428,338.4010895937282,338.4010895937282
945,Galeria,Galeria,Galeria__CPTu2,Quaternary,MASW,1.5,142.94718163263792,4.0,170.398902596577,158.7059085371923,158.02164504845942,164.44851063579236,164.44851063579236
946,Galeria,Galeria,Galeria__CPTu2,Quaternary,MASW,2.5,243.4278209050671,4.0,222.14446647455347,206.9681538710895,211.55172523344388,214.42208402801347,214.42208402801347
947,Galeria,Galeria,Galeria__CPTu2,Quaternary,MASW,3.5,322.1958686052481,4.0,279.5918832291263,297.9062902100729,278.3993404455676,288.6038473507185,288.6038473507185
948,Galeria,Galeria,Galeria__CPTu2,Quaternary,MASW,4.5,322.5679840545331,4.0,285.7115891334474,298.8404208498745,283.8272816011334,292.2022784619,292.2022784619
949,Galeria,Galeria,Galeria__CPTu2,Quaternary,MASW,5.5,287.5370044235484,4.0,255.24108176549518,272.8123958979935,271.9403627701471,263.8805241923707,263.8805241923707
950,Galeria,Galeria,Galeria__CPTu2,Quaternary,MASW,6.75,314.99276153740004,4.0,261.6231868395204,261.0472370447308,259.53809194900674,261.33505327700345,261.33505327700345
951,Galeria,Galeria,Galeria__CPTu2,Quaternary,MASW,8.0,335.55843365581563,4.0,262.1263510586048,269.94111242269656,272.21980186956097,266.00503529080436,266.00503529080436
952,Galeria,Galeria,Galeria__CPTu2,Quaternary,MASW,9.05,355.7838439538125,4.0,285.181239248104,281.87175393454453,282.42346193936663,283.5216677717771,283.5216677717771
953,Galeria,Galeria,Galeria__CPTu2,Quaternary,MASW,10.05,288.1304316847947,4.0,271.22113283005086,255.77418457884673,261.07797537828014,263.3844416250842,263.3844416250842
954,Galeria,Galeria,Galeria__CPTu2,Quaternary,MASW,10.95,233.7608424569632,4.0,269.0873066732193,261.5992086431845,269.8364952462524,265.3168416848807,265.3168416848807
955,Galeria,Galeria,Galeria__CPTu2,Tertiary,MASW,11.95,250.88861987706844,4.0,313.84284209685546,310.0633814655005,318.07385944377825,311.947387982804,311.947387982804
956,Galeria,Galeria,Galeria__CPTu2,Tertiary,MASW,12.85,281.25794562499107,4.0,345.69799512936146,361.95796534076095,354.74840737895505,353.734565655385,380.80137197491064
957,Galeria,Galeria,Galeria__CPTu2,Tertiary,MASW,13.6,284.46925929850886,4.0,359.9817593746152,427.2128082293534,413.3892155561962,392.1591747412941,421.7522393443407
958,Galeria,Galeria,Galeria__CPTu3,Quaternary,MASW,1.5,186.7510049262177,4.0,180.9128296288474,172.2519147192825,170.2106197473281,176.52926471509562,176.52926471509562
959,Galeria,Galeria,Galeria__CPTu3,Quaternary,MASW,2.6,217.38377613883452,4.0,213.6475391501051,206.4320953623039,211.3759875359066,210.00883118515776,210.00883118515776
960,Galeria,Galeria,Galeria__CPTu3,Quaternary,MASW,3.85,301.8937871548395,4.0,277.8828115600357,296.78579232436795,277.8288213862065,287.17881259272633,287.17881259272633
961,Galeria,Galeria,Galeria__CPTu3,Quaternary,MASW,5.0,316.2616940605289,4.0,286.7320718959813,299.7547197262414,289.11338588437735,293.17109654211214,293.17109654211214
962,Galeria,Galeria,Galeria__CPTu3,Quaternary,MASW,5.75,290.74075735471337,4.0,248.54869636566698,266.58512562665936,267.92612351774915,257.40898477905495,257.40898477905495
963,Galeria,Galeria,Galeria__CPTu3,Quaternary,MASW,6.5,304.91768049151176,4.0,256.02561627484334,258.40874190008634,259.10939690816474,257.2144191054937,257.2144191054937
964,Galeria,Galeria,Galeria__CPTu3,Quaternary,MASW,7.65,325.31218079012706,4.0,277.6155900996444,273.22154061632057,267.79997989422526,275.40980234213475,275.40980234213475
965,Galeria,Galeria,Galeria__CPTu3,Quaternary,MASW,8.9,311.13731166990686,4.0,269.11395963597874,262.80604828223596,269.8083826380325,265.94130230093384,265.94130230093384
966,Galeria,Galeria,Galeria__CPTu3,Quaternary,MASW,10.0,321.54674826016344,4.0,275.154932580088,271.21635795197716,268.9798538114275,273.17854726697215,273.17854726697215
967,Galeria,Galeria,Galeria__CPTu3,Quaternary,MASW,11.0,301.88367846916486,4.0,290.1686209610313,281.49840922381884,280.9564531478938,285.80063892020894,285.80063892020894
968,Galeria,Galeria,Galeria__CPTu3,Quaternary,MASW,11.9,255.5093548420168,4.0,300.48634762607514,312.3743742738498,305.41517675026876,306.37270573197253,306.37270573197253
969,Galeria,Galeria,Galeria__CPTu3,Quaternary,MASW,12.65,286.2096295408894,4.0,311.3000827443121,329.477262005923,310.3383727885102,320.259736658877,320.259736658877
970,Galeria,Galeria,Galeria__CPTu3,Quaternary,MASW,13.5,261.5631031455214,4.0,304.056701765849,327.3633543955654,305.71764965138067,315.49488397836245,315.49488397836245
971,Galeria,Galeria,Galeria__CPTu3,Quaternary,MASW,14.17,272.8075060459482,4.0,322.6440951011744,349.22441645064293,330.46237002644773,335.67126155355254,335.67126155355254
972,Galeria,Galeria,Galeria__CPTu4,Quaternary,MASW,1.5,149.8669174754767,4.0,180.84834364645758,155.4573341719498,159.06432748578084,167.6728999948738,167.6728999948738
973,Galeria,Galeria,Galeria__CPTu4,Quaternary,MASW,2.5,235.29946075176795,4.0,249.79541929362188,237.59776564408452,242.74195478615988,243.6202649458617,243.6202649458617
974,Galeria,Galeria,Galeria__CPTu4,Quaternary,MASW,3.6,267.6174015538523,4.0,286.6668090029598,305.4677042190728,290.20842485591805,295.9179819171887,295.9179819171887
975,Galeria,Galeria,Galeria__CPTu4,Quaternary,MASW,4.85,290.3013310348953,4.0,271.22829628384426,294.4549398006024,288.34571674296217,282.6030991593674,282.6030991593674
976,Galeria,Galeria,Galeria__CPTu4,Quaternary,MASW,5.95,275.6926399468307,4.0,252.45542865623725,275.4061970569794,268.12189732380125,263.6812271144913,263.6812271144913
977,Galeria,Galeria,Galeria__CPTu4,Quaternary,MASW,6.800000000000001,275.8133400192892,4.0,257.01865854441894,261.3724578094333,257.99418368292976,259.18641647786694,259.18641647786694
978,Galeria,Galeria,Galeria__CPTu4,Quaternary,MASW,7.75,262.9615711175503,4.0,261.8255135441668,256.63284912241437,251.74729650096847,259.2161791126834,259.2161791126834
979,Galeria,Galeria,Galeria__CPTu4,Quaternary,MASW,8.9,238.8663094842344,4.0,262.98428239447736,262.46545709312437,260.3227373138754,262.72474167267484,262.72474167267484
980,Galeria,Galeria,Galeria__CPTu4,Quaternary,MASW,10.0,230.19272958855112,4.0,263.23779672010323,257.86366833368254,254.04568184223584,260.53687628879345,260.53687628879345
981,Galeria,Galeria,Galeria__CPTu4,Tertiary,MASW,11.0,311.61708594721443,4.0,312.9276542282348,300.19249374808425,302.62429952469506,306.49393613171526,306.49393613171526
982,Galeria,Galeria,Galeria__CPTu4,Tertiary,MASW,12.0,299.1742628896579,4.0,310.117455579352,300.8933573944323,292.09658116902904,305.4705917038333,305.4705917038333
983,Galeria,Galeria,Galeria__CPTu4,Tertiary,MASW,12.85,335.8456019731248,4.0,343.3885124109123,337.9703327259561,321.08655233109226,340.66865102880723,340.66865102880723
984,Galeria,Galeria,Galeria__CPTu4,Tertiary,MASW,13.6,289.7824435829544,4.0,326.240398481056,310.08984780683363,303.1545191188938,318.0626282879386,318.0626282879386
985,Galeria,Galeria,Galeria__CPTu4,Tertiary,MASW,14.5,262.7729653347981,4.0,313.18777001393585,309.0627339444644,305.3288462512137,311.1184154602187,311.1184154602187
986,Galeria,Galeria,Galeria__CPTu4,Tertiary,MASW,15.5,244.86422079700904,4.0,305.6144247022271,270.02252756003946,284.01744705173274,287.2677834650151,287.2677834650151
987,Galeria,Galeria,Galeria__CPTu4,Tertiary,MASW,16.5,236.04469094651992,4.0,304.23553149022956,263.95642007621075,274.5947849226068,283.3812304161028,283.3812304161028
988,Galeria,Galeria,Galeria__CPTu4,Tertiary,MASW,17.5,240.26869319748596,4.0,315.7466425253691,260.890573165297,273.12997938893034,287.0110146727155,287.0110146727155
989,Galeria,Galeria,Galeria__CPTu4,Tertiary,MASW,18.5,246.022177679243,4.0,322.9984722764926,264.97123390163085,274.64822389993594,292.5496603099105,292.5496603099105
990,Galeria,Galeria,Galeria__CPTu4,Tertiary,MASW,19.5,313.5556875483491,4.0,328.69032028484577,269.120504075933,281.4404705892644,297.4177275818265,297.4177275818265
991,Galeria,Galeria,Galeria__CPTu4,Tertiary,MASW,20.5,332.559492726047,4.0,341.0232908839352,275.8924366881775,290.96337489220144,306.73399989142064,306.73399989142064
992,Galeria,Galeria,Galeria__CPTu4,Tertiary,MASW,21.5,338.29668951106567,4.0,347.113587354777,290.32033625664224,307.23630285060955,317.4494186482128,317.4494186482128
993,Galeria,Galeria,Galeria__CPTu4,Tertiary,MASW,22.5,342.2379812791047,4.0,355.767826067072,353.9013362583051,341.3616964576767,354.8333539041236,372.2447777589307
994,Galeria,Galeria,Galeria__CPTu4,Tertiary,MASW,23.5,365.2214831032677,4.0,368.8735318275555,362.03904405987964,373.0622774337366,365.44031091525693,383.05174330878754
995,Galeria,Galeria,Galeria__CPTu4,Tertiary,MASW,24.3,367.79735650907736,4.0,369.9494009349263,377.7937669823056,390.5876348185769,373.8510101257626,394.0103877086062
913,Galeria,Galeria,Galeria__CPTu6,Quaternary,MASW,1.5,133.45529133277475,4.0,177.87783177448742,153.54760623241899,156.26741188265106,165.26559009904477,165.26559009904477
914,Galeria,Galeria,Galeria__CPTu6,Quaternary,MASW,2.5,213.4602204627913,4.0,248.61588023954337,237.66091913171644,239.9240139938628,243.07669285324462,243.07669285324462
915,Galeria,Galeria,Galeria__CPTu6,Quaternary,MASW,3.6,272.7691531662016,4.0,285.4789710750153,314.0527548048713,298.05231016934283,299.42521153865573,299.42521153865573
916,Galeria,Galeria,Galeria__CPTu6,Quaternary,MASW,4.85,297.1655807658395,4.0,263.949050473289,286.0874614584517,288.7853292108592,274.7954035355613,274.7954035355613
917,Galeria,Galeria,Galeria__CPTu6,Quaternary,MASW,5.95,272.69762195324785,4.0,252.02060793608314,258.3523929110437,258.4428336447097,255.16686133427092,255.16686133427092
918,Galeria,Galeria,Galeria__CPTu6,Quaternary,MASW,7.0,288.18852978380573,4.0,263.2933468023009,263.6576496518614,257.857992303067,263.47543526269595,263.47543526269595
919,Galeria,Galeria,Galeria__CPTu6,Quaternary,MASW,7.899999999999999,235.8756883032632,4.0,241.24770683031406,239.371335685281,238.618389765592,240.3076898790037,240.3076898790037
920,Galeria,Galeria,Galeria__CPTu6,Quaternary,MASW,8.6,262.07048087671285,4.0,256.58001382725627,259.8871274579511,253.2586730000166,258.22827644680393,258.22827644680393
921,Galeria,Galeria,Galeria__CPTu6,Quaternary,MASW,9.5,269.83202308273025,4.0,267.85228881443953,256.5548564516151,252.3703237523811,262.14271972920596,262.14271972920596
922,Galeria,Galeria,Galeria__CPTu6,Tertiary,MASW,10.75,276.3501036136512,4.0,260.8617229582472,252.28605919048496,255.239714349677,256.5380597080603,256.5380597080603
923,Galeria,Galeria,Galeria__CPTu6,Tertiary,MASW,11.95,295.9671888314111,4.0,276.40828439471255,258.19250923627703,268.16453919563475,267.1451824786763,267.1451824786763
924,Galeria,Galeria,Galeria__CPTu6,Tertiary,MASW,12.85,275.8956626756854,4.0,266.83150259117974,254.53538163529734,259.6253101540345,260.6109328949301,260.6109328949301
925,Galeria,Galeria,Galeria__CPTu6,Tertiary,MASW,13.65,244.9464642516105,4.0,269.45265823243227,250.51034137967997,258.9759894536618,259.8089247879464,259.8089247879464
926,Galeria,Galeria,Galeria__CPTu6,Tertiary,MASW,14.5,238.1196736349838,4.0,279.84494175149376,253.37935252561576,265.4221619203177,266.28355215552114,266.28355215552114
927,Galeria,Galeria,Galeria__CPTu6,Tertiary,MASW,15.5,238.96600919122216,4.0,288.25710618010527,256.945796629955,268.00946533873235,272.15152357040495,272.15152357040495
928,Galeria,Galeria,Galeria__CPTu6,Tertiary,MASW,16.5,247.0961544396001,4.0,294.89833621453323,256.51109893296194,268.63653894573594,275.0358091156351,275.0358091156351
929,Galeria,Galeria,Galeria__CPTu6,Tertiary,MASW,17.5,255.5758747639164,4.0,304.0159697497149,266.7284784390955,276.07969699519845,284.76256255436306,284.76256255436306
930,Galeria,Galeria,Galeria__CPTu6,Tertiary,MASW,18.5,266.4994194691626,4.0,314.25725802278714,326.7991725797015,312.54045529296366,320.46686552436694,320.46686552436694
931,Galeria,Galeria,Galeria__CPTu6,Tertiary,MASW,19.225,327.5416937913881,4.0,329.91926590680976,353.74682741832277,350.1073411094534,341.62537027966187,341.62537027966187
1199,H6-H7,H6-H7,H6-H7__CPT27,Quaternary,MASW,2.5,273.4,5.0,242.90987964175633,233.97348241990053,223.92989484058924,237.5078973968236,237.5078973968236
1200,H6-H7,H6-H7,H6-H7__CPT27,Quaternary,MASW,4.25,286.9,5.0,225.15060370706095,227.83385596142656,226.6401460197417,226.75673890231153,226.75673890231153
1201,H6-H7,H6-H7,H6-H7__CPT27,Quaternary,MASW,5.75,301.0,5.0,269.5974267020539,266.39786920632,262.3634747570253,267.6731101405782,267.6731101405782
1202,H6-H7,H6-H7,H6-H7__CPT27,Quaternary,MASW,7.0,312.0,5.0,284.5789483838874,270.5850516625179,266.34041054454264,276.0980811755763,276.0980811755763
1203,H6-H7,H6-H7,H6-H7__CPT27,Quaternary,MASW,8.0,323.5,5.0,264.11866262999536,287.1915774062876,289.42826684969555,277.72991115419967,277.72991115419967
1204,H6-H7,H6-H7,H6-H7__CPT27,Quaternary,MASW,9.0,333.0,5.0,263.59220769569833,270.05519067479145,268.1233689593242,267.451196111691,267.451196111691
1205,H6-H7,H6-H7,H6-H7__CPT27,Quaternary,MASW,10.0,343.5,5.0,295.0208803427013,284.7370617027703,279.3841370776959,288.80685769127797,288.80685769127797
1206,H6-H7,H6-H7,H6-H7__CPT27,Quaternary,MASW,11.0,353.0,5.0,314.3620148116702,293.4447273107032,291.3746878769818,301.6392218010504,301.6392218010504
1207,H6-H7,H6-H7,H6-H7__CPT27,Quaternary,MASW,12.25,366.2,5.0,304.77826719734804,299.0260889976666,299.9219613182,301.3138166957652,301.3138166957652
1208,H6-H7,H6-H7,H6-H7__CPT27,Tertiary,MASW,13.5,379.0,5.0,323.1913405659181,303.4292717725078,297.6876081332379,311.1847969856486,307.58884941723835
1209,H6-H7,H6-H7,H6-H7__CPT27,Tertiary,MASW,14.5,390.4,5.0,346.60034305666386,316.7495968438721,310.18737109170246,328.3683099739113,322.69921451277827
1210,H6-H7,H6-H7,H6-H7__CPT27,Tertiary,MASW,15.5,401.0,5.0,351.89338332116864,325.49676644259165,317.6304166671829,335.80908969579036,334.36860925246134
1211,H6-H7,H6-H7,H6-H7__CPT27,Tertiary,MASW,16.5,412.0,5.0,345.94811538081257,330.3167100335245,323.9303182935704,336.4826798406197,335.73522396423976
1212,H6-H7,H6-H7,H6-H7__CPT27,Tertiary,MASW,17.5,422.3,5.0,351.47841212965324,346.2579986856709,337.0093424017561,348.3367945046787,351.88968058719814
1213,H6-H7,H6-H7,H6-H7__CPT27,Tertiary,MASW,18.5,431.4,5.0,357.38723754620685,355.67078296447824,347.8901975985811,356.35637332177225,362.2590667730006
1214,H6-H7,H6-H7,H6-H7__CPT27,Tertiary,MASW,19.5,441.0,5.0,363.6941476664416,365.4710803762036,354.4101882106123,364.7592678546099,367.2082267061041
1215,H6-H7,H6-H7,H6-H7__CPT27,Tertiary,MASW,20.5,448.0,5.0,379.7517091734122,381.5090363966013,364.2846835652328,380.80513175054006,387.498500815117
1216,H6-H7,H6-H7,H6-H7__CPT27,Tertiary,MASW,21.5,455.7,5.0,385.5129109417678,405.26628355333077,379.6931442309739,397.24629483209753,404.56459019971555
1217,H6-H7,H6-H7,H6-H7__CPT27,Tertiary,MASW,22.5,462.9,5.0,389.1842156999172,404.91019681243444,387.1028744959381,398.5449545371565,399.56215643263556
1218,H6-H7,H6-H7,H6-H7__CPT27,Tertiary,MASW,23.5,470.0,5.0,399.86604580251924,461.282475144891,419.84505063951497,435.6582919580303,443.2642347189726
1219,H6-H7,H6-H7,H6-H7__CPT27,Tertiary,MASW,24.5,476.0,5.0,408.277957282035,474.93847661457266,429.0220605777333,447.0589422401538,452.4422889669712
1220,H6-H7,H6-H7,H6-H7__CPT27,Tertiary,MASW,25.5,483.0,5.0,419.5642476249535,496.37973584895263,465.4546605417208,464.09598960593155,470.92523792011184
1221,H6-H7,H6-H7,H6-H7__CPT27,Tertiary,MASW,26.5,489.4,5.0,419.4200739363019,493.18806698328154,455.79104771112105,462.2396769603053,470.1893931459295
1222,H6-H7,H6-H7,H6-H7__CPT27,Tertiary,MASW,27.5,495.0,5.0,438.04557129039216,485.19244449952,446.90173570551525,465.753508569412,468.55084377332383
1223,H6-H7,H6-H7,H6-H7__CPT27,Tertiary,MASW,28.5,501.1,5.0,445.80846149717365,478.62626671062145,440.50528770900667,465.21878220989936,466.10912854151985
1224,H6-H7,H6-H7,H6-H7__CPT29,Quaternary,MASW,2.0,250.5,5.0,190.63756601708718,179.5567665791665,173.84728404431183,183.90962526005862,183.90962526005862
1225,H6-H7,H6-H7,H6-H7__CPT29,Quaternary,MASW,3.15,262.0,5.0,217.5619472616362,210.2716060921417,202.84771624653374,213.1579594277077,213.1579594277077
1226,H6-H7,H6-H7,H6-H7__CPT29,Quaternary,MASW,4.4,272.0,5.0,232.56429907988755,235.26271599712354,230.05167969390246,234.17961230269003,234.17961230269003
1227,H6-H7,H6-H7,H6-H7__CPT29,Quaternary,MASW,5.6,278.5,5.0,249.18721401583616,256.59930388637986,253.48822709955496,253.60837198950472,253.60837198950472
1228,H6-H7,H6-H7,H6-H7__CPT29,Quaternary,MASW,6.6,282.5,5.0,302.4377607499856,294.2216641916172,281.9421488969047,297.4809735656676,297.4809735656676
1229,H6-H7,H6-H7,H6-H7__CPT29,Quaternary,MASW,7.9,289.0,5.0,294.7899684843353,307.26752516026045,291.87246596230324,302.2143470204808,302.2143470204808
1230,H6-H7,H6-H7,H6-H7__CPT29,Quaternary,MASW,9.35,295.5,5.0,290.06388109921215,300.1050425920171,294.82193622216715,296.04752668391234,296.04752668391234
1231,H6-H7,H6-H7,H6-H7__CPT30,Quaternary,MASW,1.5,200.8,5.0,198.54260257655454,197.37168589130366,194.87164751555497,197.83922161064277,197.83922161064277
1232,H6-H7,H6-H7,H6-H7__CPT30,Quaternary,MASW,2.5,211.5,5.0,190.65792244362152,180.13262641117103,183.94658595707693,184.27116064234633,184.27116064234633
1233,H6-H7,H6-H7,H6-H7__CPT30,Quaternary,MASW,3.5,220.5,5.0,227.99376983899293,236.7472064519124,238.3830828128017,233.20620933706,233.20620933706
1234,H6-H7,H6-H7,H6-H7__CPT30,Quaternary,MASW,4.6,237.0,5.0,236.58202982640267,230.60410016353768,236.5411636851869,232.97692903273645,232.97692903273645
1235,H6-H7,H6-H7,H6-H7__CPT30,Quaternary,MASW,5.6,255.0,5.0,292.8913732338719,280.50832252458713,272.8113221245729,285.3974462654752,285.3974462654752
1236,H6-H7,H6-H7,H6-H7__CPT30,Quaternary,MASW,6.5,268.0,5.0,302.33683633932856,303.0144387057062,288.209343936334,302.743215711054,302.743215711054
1237,H6-H7,H6-H7,H6-H7__CPT30,Quaternary,MASW,7.4,279.0,5.0,297.9822089384951,306.31490249389554,292.5110106427151,302.9542223734278,302.9542223734278
1238,H6-H7,H6-H7,H6-H7__CPT30,Quaternary,MASW,8.4,287.0,5.0,283.15748220422387,290.31318775930384,286.4636470136039,287.42945771391913,287.42945771391913
1239,H6-H7,H6-H7,H6-H7__CPT30,Quaternary,MASW,9.65,289.0,5.0,296.33057136681094,299.44478293541346,295.74784627481694,298.1951900856747,298.1951900856747
1240,H6-H7,H6-H7,H6-H7__CPT30,Quaternary,MASW,11.0,290.0,5.0,285.82996206582885,273.8639632029135,276.32527426410746,278.5890445571493,278.5890445571493
1241,H6-H7,H6-H7,H6-H7__CPT30,Quaternary,MASW,12.35,294.0,5.0,312.9861181721431,313.71660808791927,311.39024070198803,313.42420775402815,313.42420775402815
1242,H6-H7,H6-H7,H6-H7__CPT30,Tertiary,MASW,13.5,304.0,5.0,307.5424058343494,298.80578788775426,297.2830176963615,302.2702507539456,301.5696731741064
1243,H6-H7,H6-H7,H6-H7__CPT30,Tertiary,MASW,14.5,317.0,5.0,326.7371329508899,304.09749020618665,305.34075399959585,312.9587504067624,309.34114538121554
1244,H6-H7,H6-H7,H6-H7__CPT30,Tertiary,MASW,15.5,331.0,5.0,328.9677578305187,321.17275977067663,318.0780383960777,324.26834575896754,326.68495403208664
1245,H6-H7,H6-H7,H6-H7__CPT30,Tertiary,MASW,16.5,349.0,5.0,336.9580377826859,318.1147319319594,313.07583824983493,325.5221889762783,323.57393609478544
1246,H6-H7,H6-H7,H6-H7__CPT30,Tertiary,MASW,17.5,365.0,5.0,349.9518086922819,309.4019521050169,310.28803172056473,325.0252691985075,318.62672769097236
1247,H6-H7,H6-H7,H6-H7__CPT30,Tertiary,MASW,18.5,382.0,5.0,352.90715410616616,329.3980603176811,322.41314928152013,338.60768256258945,332.75301497268663
1248,H6-H7,H6-H7,H6-H7__CPT30,Tertiary,MASW,19.5,396.0,5.0,371.8948913760717,359.26529645302537,345.72114308159513,364.2648334296132,359.6504679478952
1249,H6-H7,H6-H7,H6-H7__CPT30,Tertiary,MASW,20.5,414.0,5.0,387.2357681423259,370.8117289980746,367.25519469416406,377.296054564544,372.51582728757234
1250,H6-H7,H6-H7,H6-H7__CPT30,Tertiary,MASW,21.75,427.0,5.0,417.1106160389124,440.1436276641351,404.43819979134395,430.78160349770616,420.39726392940895
1251,H6-H7,H6-H7,H6-H7__CPT31,Quaternary,MASW,2.25,200.0,5.0,208.06824285761883,196.3501488000946,191.44120360369962,200.9560384450612,200.9560384450612
1252,H6-H7,H6-H7,H6-H7__CPT31,Quaternary,MASW,3.5,226.0,5.0,215.2349881896723,215.57538177194155,219.70301619245387,215.4391597868759,215.4391597868759
1253,H6-H7,H6-H7,H6-H7__CPT31,Quaternary,MASW,4.65,238.0,5.0,218.9341517979436,214.74811330575417,223.9785880447061,216.41283752164938,216.41283752164938
1254,H6-H7,H6-H7,H6-H7__CPT31,Quaternary,MASW,5.65,239.0,5.0,284.7659151807506,273.5853784083721,265.75259583832235,278.003927895517,278.003927895517
1255,H6-H7,H6-H7,H6-H7__CPT31,Quaternary,MASW,6.65,236.0,5.0,295.60658562131937,286.07965476458924,277.3386814741842,289.8530174697361,289.8530174697361
1256,H6-H7,H6-H7,H6-H7__CPT31,Quaternary,MASW,7.65,237.0,5.0,284.8256813792788,287.45681618133426,285.5929212574153,286.40145808809245,286.40145808809245
1257,H6-H7,H6-H7,H6-H7__CPT31,Quaternary,MASW,8.5,245.0,5.0,272.4020411378269,280.7545106262767,282.3736679028733,277.3832219640412,277.3832219640412
1258,H6-H7,H6-H7,H6-H7__CPT31,Quaternary,MASW,9.5,250.0,5.0,277.21702440022875,279.70526139671057,281.19884621172946,278.7072977020256,278.7072977020256
1259,H6-H7,H6-H7,H6-H7__CPT31,Quaternary,MASW,10.5,260.0,5.0,281.8900099956313,271.164336171693,273.86947602876637,275.40474342936346,275.40474342936346
1260,H6-H7,H6-H7,H6-H7__CPT31,Quaternary,MASW,11.35,273.0,5.0,292.91288471192235,278.99306120886627,282.16147906079584,284.47979848940116,284.47979848940116
1261,H6-H7,H6-H7,H6-H7__CPT31,Quaternary,MASW,12.4,292.0,5.0,320.743595897851,309.6984146489222,314.269161580057,314.0700956957403,314.0700956957403
1262,H6-H7,H6-H7,H6-H7__CPT31,Tertiary,MASW,13.55,309.0,5.0,310.0323010437062,301.9265811875907,296.8066661959808,305.14312324677286,303.9219251627925
1263,H6-H7,H6-H7,H6-H7__CPT31,Tertiary,MASW,14.5,323.0,5.0,337.7331058719576,309.8957630311685,305.9894127700845,320.7442183663859,314.34731012976755
1264,H6-H7,H6-H7,H6-H7__CPT31,Tertiary,MASW,15.75,350.0,5.0,353.64504007735997,317.9409543483645,318.51708305509203,331.7683192750755,326.66144712606484
1265,H6-H7,H6-H7,H6-H7__CPT31,Tertiary,MASW,17.25,373.0,5.0,362.261679018848,328.04723742179226,323.8184692866715,341.3271143495352,335.14964002823325
1266,H6-H7,H6-H7,H6-H7__CPT31,Tertiary,MASW,18.5,390.0,5.0,398.4108569524254,358.7309589341655,349.32036359051443,374.10523109569846,375.745974371404
1267,H6-H7,H6-H7,H6-H7__CPT31,Tertiary,MASW,19.5,402.0,5.0,390.4185902174341,357.5743515833784,354.95660594788296,370.36676776727643,369.3275344795737
1268,H6-H7,H6-H7,H6-H7__CPT31,Tertiary,MASW,20.5,421.0,5.0,430.283475687841,413.3376352990936,394.0754991791322,420.0343785514821,417.45871833753483
1269,H6-H7,H6-H7,H6-H7__CPT31,Tertiary,MASW,21.5,436.0,5.0,425.46312633692474,424.2033655011477,394.62582648425587,424.70682161026025,427.8603070142014
1270,H6-H7,H6-H7,H6-H7__CPT31,Tertiary,MASW,22.5,445.0,5.0,417.86612315914044,399.5014988297647,384.3750136141107,406.74845628872964,403.7251864227363
1271,H6-H7,H6-H7,H6-H7__CPT33,Quaternary,MASW,1.5,243.0,5.0,184.1152697595234,178.84510494177232,179.5680521327827,180.9348222663055,180.9348222663055
1272,H6-H7,H6-H7,H6-H7__CPT33,Quaternary,MASW,2.5,254.0,5.0,198.26378830038146,201.36216848571962,198.39176671693113,200.11704797657737,200.11704797657737
1273,H6-H7,H6-H7,H6-H7__CPT33,Quaternary,MASW,3.65,259.0,5.0,195.87099523978813,203.00959529364135,203.07913210721532,200.12345462129,200.12345462129
1274,H6-H7,H6-H7,H6-H7__CPT33,Quaternary,MASW,4.65,262.0,5.0,241.77809600157462,254.56152789745107,255.11997096233782,249.3689879140938,249.3689879140938
1275,H6-H7,H6-H7,H6-H7__CPT33,Quaternary,MASW,5.65,275.0,5.0,288.9131686929054,278.1626020245932,270.8082747803486,282.4139721057986,282.4139721057986
1276,H6-H7,H6-H7,H6-H7__CPT33,Quaternary,MASW,6.9,288.0,5.0,288.17484806864314,284.9301734430021,284.9495467967297,286.22363613234415,286.22363613234415
1277,H6-H7,H6-H7,H6-H7__CPT33,Quaternary,MASW,8.0,302.0,5.0,268.30082991191256,288.64211091560134,287.3761812986676,280.3268013774621,280.3268013774621
1278,H6-H7,H6-H7,H6-H7__CPT33,Quaternary,MASW,9.3,313.0,5.0,281.20500751943314,290.29426850864974,291.41998925986616,286.62383123241796,286.62383123241796
1182,H6-H7,H6-H7,H6-H7__CPT6,Quaternary,MASW,1.75,181.4,5.0,168.59043987603096,156.14159831878544,156.91719404981757,161.00684870824284,161.00684870824284
1183,H6-H7,H6-H7,H6-H7__CPT6,Quaternary,MASW,2.75,191.7,5.0,217.68361605810492,215.2268357931417,214.00088936462726,216.20620298477576,216.20620298477576
1184,H6-H7,H6-H7,H6-H7__CPT6,Quaternary,MASW,3.85,217.6,5.0,224.77729200398704,215.79419783106846,215.09446019558774,219.3435317429597,219.3435317429597
1185,H6-H7,H6-H7,H6-H7__CPT6,Quaternary,MASW,5.0,234.2,5.0,213.655232467418,213.2496703494619,220.64584948682187,213.41180273375582,213.41180273375582
1186,H6-H7,H6-H7,H6-H7__CPT6,Quaternary,MASW,6.0,249.1,5.0,231.28689137045646,236.69205139480542,240.70596816194202,234.51499222826305,234.51499222826305
1187,H6-H7,H6-H7,H6-H7__CPT6,Quaternary,MASW,7.35,256.2,5.0,215.85747777715756,227.24797857614666,232.88066043087343,222.62137280655017,222.62137280655017
1188,H6-H7,H6-H7,H6-H7__CPT6,Quaternary,MASW,8.6,261.1,5.0,200.53503062721697,228.73954175806702,229.54293598187462,217.01054992928482,217.01054992928482
1189,H6-H7,H6-H7,H6-H7__CPT6,Quaternary,MASW,9.5,266.2,5.0,221.62431398517447,235.31876299283567,239.94433430156982,229.74226360548158,229.74226360548158
1190,H6-H7,H6-H7,H6-H7__CPT6,Quaternary,MASW,10.9,276.4,5.0,241.66556608611072,248.06829995071251,257.3597154546255,245.48709792713464,245.48709792713464
1191,H6-H7,H6-H7,H6-H7__CPT6,Quaternary,MASW,12.5,295.0,5.0,294.89877274614537,336.23588313220404,323.77331158808977,319.0477026709529,319.0477026709529
1192,H6-H7,H6-H7,H6-H7__CPT6,Tertiary,MASW,13.9,323.4,5.0,346.6481248541415,350.8056776334682,340.709553671506,349.13670609921604,352.07659286358233
1193,H6-H7,H6-H7,H6-H7__CPT6,Tertiary,MASW,15.3,359.1,5.0,365.0679227581809,408.92200094330553,385.27284181246125,390.7812846094981,405.7588827474959
1194,H6-H7,H6-H7,H6-H7__CPT6,Tertiary,MASW,16.75,383.3,5.0,413.33577058289217,602.619248016573,579.1160637104272,518.2591710114692,529.7332050830291
1195,H6-H7,H6-H7,H6-H7__CPT6,Tertiary,MASW,18.25,414.7,5.0,417.7291220683889,598.0562765271128,555.5862364511486,518.0875223792286,533.8082208752387
1196,H6-H7,H6-H7,H6-H7__CPT6,Tertiary,MASW,19.5,431.8,5.0,481.43408398850636,650.4435603262663,623.3652638169731,576.6874555473721,589.0693155869124
1197,H6-H7,H6-H7,H6-H7__CPT6,Tertiary,MASW,20.5,448.1,5.0,477.0822538698972,616.0411391387858,604.4414816175503,556.1643331346997,575.4967012343534
1198,H6-H7,H6-H7,H6-H7__CPT6,Tertiary,MASW,21.75,464.6,5.0,484.42839236626406,630.6685628340152,602.9214283879016,567.5087285271574,583.1019885142352
0,Hungaria krt,Hungaria krt,Hungaria krt__CPT4,Quaternary,SCPT,1.5,162.4,5.0,195.64912654670385,164.49390596642414,168.3211066817392,176.3116676629574,181.50596444326527
21,Hungaria krt,Hungaria krt,Hungaria krt__CPT4,Quaternary,MASW,1.8,226.755552052112,5.0,208.43621915800915,186.80992188165507,193.9132365288224,195.1772695221181,195.1772695221181
1,Hungaria krt,Hungaria krt,Hungaria krt__CPT4,Quaternary,SCPT,2.5,288.5,5.0,215.35241153581808,212.03097435533724,227.36983455018614,213.35335728003466,219.42072386969193
22,Hungaria krt,Hungaria krt,Hungaria krt__CPT4,Quaternary,MASW,3.05,253.7146866871708,5.0,222.3573679019409,203.3142717960898,203.89183146052704,210.72755539022026,210.72755539022026
2,Hungaria krt,Hungaria krt,Hungaria krt__CPT4,Quaternary,SCPT,3.5,350.1,5.0,227.82541902411296,242.21405645632703,238.37752167437316,236.3526504929979,243.07280981462327
3,Hungaria krt,Hungaria krt,Hungaria krt__CPT4,Quaternary,SCPT,4.5,433.7,5.0,267.29396989180435,312.25141345161165,309.99826735933544,293.4258100994809,298.37658907102525
23,Hungaria krt,Hungaria krt,Hungaria krt__CPT4,Quaternary,MASW,4.5,309.832496723211,5.0,267.29396989180435,279.2167358643998,275.4888499597768,274.3851049715987,274.3851049715987
4,Hungaria krt,Hungaria krt,Hungaria krt__CPT4,Quaternary,SCPT,5.5,462.7,5.0,287.28194169686407,331.20664169577174,322.87116225625664,312.88356638751605,317.78692117587025
24,Hungaria krt,Hungaria krt,Hungaria krt__CPT4,Quaternary,MASW,5.85,338.34076859735893,5.0,290.954542322541,295.76046886324076,284.8439351714279,293.8286449613041,293.8286449613041
5,Hungaria krt,Hungaria krt,Hungaria krt__CPT4,Quaternary,SCPT,6.5,333.9,5.0,290.7671867360142,324.80607633637834,317.22038733164544,310.7367684812668,315.4955355680573
25,Hungaria krt,Hungaria krt,Hungaria krt__CPT4,Quaternary,MASW,7.25,293.18947731215565,5.0,266.67252954494325,278.10812012245987,278.1573340014813,273.4761856384768,273.4761856384768
6,Hungaria krt,Hungaria krt,Hungaria krt__CPT4,Quaternary,SCPT,7.5,343.2,5.0,269.49828994648686,298.63642463228894,303.6639387025534,286.6210429575922,289.24724299813613
26,Hungaria krt,Hungaria krt,Hungaria krt__CPT4,Quaternary,MASW,8.4,160.45082839849806,5.0,277.12255812003644,267.29199676208594,268.9569913818392,271.18166627974296,271.18166627974296
7,Hungaria krt,Hungaria krt,Hungaria krt__CPT4,Quaternary,SCPT,8.5,227.5,5.0,274.6571769075922,294.3344226694225,296.69312655553654,286.29978009042384,288.3536529764119
8,Hungaria krt,Hungaria krt,Hungaria krt__CPT4,Quaternary,SCPT,9.5,242.8,5.0,260.25790554405353,284.44858925341885,292.17410034796825,274.5135857614949,278.39419492664547
27,Hungaria krt,Hungaria krt,Hungaria krt__CPT4,Quaternary,MASW,10.25,185.96619822180912,5.0,260.27940876296816,276.24472715415993,266.8020237443467,269.7443289299012,269.7443289299012
9,Hungaria krt,Hungaria krt,Hungaria krt__CPT4,Tertiary,SCPT,10.5,233.1,5.0,274.1306181097405,267.5456874627959,260.59525748946237,270.1604625190571,264.56825712327617
10,Hungaria krt,Hungaria krt,Hungaria krt__CPT4,Tertiary,SCPT,11.5,247.4,5.0,280.2977627418577,278.78169451195294,269.1245368079171,279.3871353030049,274.92347650355396
11,Hungaria krt,Hungaria krt,Hungaria krt__CPT4,Tertiary,SCPT,12.5,278.2,5.0,284.42202586310634,307.2163793874526,287.1373317549447,297.88724653819,293.2091688509671
28,Hungaria krt,Hungaria krt,Hungaria krt__CPT4,Tertiary,MASW,12.5,257.62484692640925,5.0,284.75443262031126,302.52765608346544,293.29930726276285,295.2889848754653,293.2488414021025
12,Hungaria krt,Hungaria krt,Hungaria krt__CPT4,Tertiary,SCPT,13.5,206.7,5.0,301.3721576233815,322.27032506582657,301.678677367476,313.74256386869246,299.5207198813917
13,Hungaria krt,Hungaria krt,Hungaria krt__CPT4,Tertiary,SCPT,14.5,238.6,5.0,317.5670647739584,347.44136173994326,357.08607316666513,335.16842075366037,341.89489569094565
29,Hungaria krt,Hungaria krt,Hungaria krt__CPT4,Tertiary,MASW,14.5,281.53442457121537,5.0,317.1647659322888,336.85183891171386,329.4222168824035,328.8344636020651,339.08631786732417
14,Hungaria krt,Hungaria krt,Hungaria krt__CPT4,Tertiary,SCPT,15.5,342.0,5.0,319.1150281241127,347.6395373083674,348.07913930477025,335.9358870409979,342.00291132255364
30,Hungaria krt,Hungaria krt,Hungaria krt__CPT4,Tertiary,MASW,16.25,270.888556241701,5.0,306.131768725344,314.4375146186886,298.17059951737343,311.08851170833157,308.8087168419313
15,Hungaria krt,Hungaria krt,Hungaria krt__CPT4,Tertiary,SCPT,16.5,266.7,5.0,301.96941941524335,300.163732413473,287.8158607279731,300.8847078891586,288.84564456878553
16,Hungaria krt,Hungaria krt,Hungaria krt__CPT4,Tertiary,SCPT,17.5,185.1,5.0,282.49452278501957,283.06927112870113,278.11233572928217,282.8392316020034,272.78557364911416
17,Hungaria krt,Hungaria krt,Hungaria krt__CPT4,Tertiary,SCPT,18.5,209.6,5.0,279.9437430776636,293.07195303610956,295.77089383678924,287.7483627018892,285.9037586743213
31,Hungaria krt,Hungaria krt,Hungaria krt__CPT4,Tertiary,MASW,18.75,244.4248801792452,5.0,284.7847456539963,282.3578572380617,285.869539597319,283.32612089905945,282.72800147495656
18,Hungaria krt,Hungaria krt,Hungaria krt__CPT4,Tertiary,SCPT,19.5,268.3,5.0,285.56995032495297,280.88357375778554,289.6772142640259,282.7488242496987,277.38665842144013
19,Hungaria krt,Hungaria krt,Hungaria krt__CPT4,Tertiary,SCPT,20.5,241.8,5.0,304.4431860027435,300.49096612376127,316.30651618199795,302.06565965278554,298.9881033632392
20,Hungaria krt,Hungaria krt,Hungaria krt__CPT4,Tertiary,SCPT,21.5,230.6,5.0,316.3614093147144,360.5628456356316,360.47932795344377,342.1858007335792,357.70381752441637
32,Hungaria krt,Hungaria krt,Hungaria krt__CPT4,Tertiary,MASW,21.5,379.2784974614476,5.0,314.3612632907958,352.10973954719594,352.1143288480235,336.494858658757,348.044399214028
33,Hungaria krt,Hungaria krt,Hungaria krt__CPT5,Quaternary,SCPT,1.5,130.3,5.0,195.3296764908086,156.8743993574065,179.9229650100284,171.2531379084622,169.9119191491038
51,Hungaria krt,Hungaria krt,Hungaria krt__CPT5,Quaternary,MASW,1.5,262.2764591222678,5.0,195.3296764908086,155.08526915048122,173.2330370031636,170.07857997570144,170.07857997570144
34,Hungaria krt,Hungaria krt,Hungaria krt__CPT5,Quaternary,SCPT,2.5,151.8,5.0,213.1425523549654,210.932462197235,220.09136732518468,211.81373488034072,217.72933475346088
52,Hungaria krt,Hungaria krt,Hungaria krt__CPT5,Quaternary,MASW,2.6,290.34645849246823,5.0,216.26074425782227,204.26820177112174,203.04568879010398,208.98327786732708,208.98327786732708
35,Hungaria krt,Hungaria krt,Hungaria krt__CPT5,Quaternary,SCPT,3.5,291.8,5.0,257.09737558303067,303.266414243353,301.75796248299014,283.87924868306396,289.3831657005923
53,Hungaria krt,Hungaria krt,Hungaria krt__CPT5,Quaternary,MASW,3.8,355.89919580552174,5.0,268.04508310519657,281.4795214991481,274.630436708487,276.0267808437698,276.0267808437698
36,Hungaria krt,Hungaria krt,Hungaria krt__CPT5,Quaternary,SCPT,4.5,433.5,5.0,290.6183981372021,331.9647463271819,341.78757595866364,314.7635400758856,319.5037847018861
54,Hungaria krt,Hungaria krt,Hungaria krt__CPT5,Quaternary,MASW,4.95,374.2177132653614,5.0,293.1225226374142,302.63500843821436,298.6496183972308,298.79352025144095,298.79352025144095
37,Hungaria krt,Hungaria krt,Hungaria krt__CPT5,Quaternary,SCPT,5.5,594.0,5.0,283.9619022065283,331.88100744575837,330.84846656617395,311.81246357970235,316.5856455641154
55,Hungaria krt,Hungaria krt,Hungaria krt__CPT5,Quaternary,MASW,6.2,338.7293209269103,5.0,277.55278455317034,285.30806335164476,276.66823786067454,282.18028190237584,282.18028190237584
38,Hungaria krt,Hungaria krt,Hungaria krt__CPT5,Quaternary,SCPT,6.5,361.6,5.0,274.8597880075739,318.5115281508645,313.8825597921184,300.2752770327424,303.6542883245176
56,Hungaria krt,Hungaria krt,Hungaria krt__CPT5,Quaternary,MASW,7.15,307.6345446313491,5.0,270.49468020666615,273.80299237582705,273.17027151244463,272.4748395028413,272.4748395028413
39,Hungaria krt,Hungaria krt,Hungaria krt__CPT5,Quaternary,SCPT,7.5,202.8,5.0,289.7805228926497,317.65246281227553,308.292797250677,306.19564735407477,308.42075185758307
57,Hungaria krt,Hungaria krt,Hungaria krt__CPT5,Quaternary,MASW,7.7,469.3785994440153,5.0,300.84393100727453,308.0570368076049,297.87213044844214,305.1512702287229,305.1512702287229
40,Hungaria krt,Hungaria krt,Hungaria krt__CPT5,Tertiary,SCPT,8.5,239.5,5.0,273.4912295575398,277.5999884010032,276.3717420527422,275.94912904545333,288.0527885425435
58,Hungaria krt,Hungaria krt,Hungaria krt__CPT5,Tertiary,MASW,9.0,236.95193333557484,5.0,279.31181722467085,291.6724306474588,287.84822273660717,286.66386541127554,297.6340592805946
41,Hungaria krt,Hungaria krt,Hungaria krt__CPT5,Tertiary,SCPT,9.5,230.7,5.0,285.3605251502477,288.20639445733354,279.74361387307755,287.06465670566837,300.478962219432
42,Hungaria krt,Hungaria krt,Hungaria krt__CPT5,Tertiary,SCPT,10.5,291.4,5.0,299.90424636380925,305.37661476421897,297.864437031288,303.1757857845992,315.51936532273044
59,Hungaria krt,Hungaria krt,Hungaria krt__CPT5,Tertiary,MASW,11.0,232.340247034248,5.0,307.4568771020323,312.4043639125213,307.55852007972015,310.4158866612006,319.778459741569
43,Hungaria krt,Hungaria krt,Hungaria krt__CPT5,Tertiary,SCPT,11.5,361.5,5.0,315.00051855939006,324.141830318232,315.90028626767986,320.45389567352686,325.6615555148943
44,Hungaria krt,Hungaria krt,Hungaria krt__CPT5,Tertiary,SCPT,12.5,394.1,5.0,329.1937163301476,342.6906848801999,334.941031777777,337.2267323919507,341.49815616647464
60,Hungaria krt,Hungaria krt,Hungaria krt__CPT5,Tertiary,MASW,13.0,242.56775610640275,5.0,332.2504766678497,333.38850683327775,325.11068106784154,332.93282775314964,335.593603139868
45,Hungaria krt,Hungaria krt,Hungaria krt__CPT5,Tertiary,SCPT,13.5,339.5,5.0,335.91833416109614,351.0233037151358,351.87515944610413,344.901475884236,352.9255275529061
46,Hungaria krt,Hungaria krt,Hungaria krt__CPT5,Tertiary,SCPT,14.5,280.7,5.0,320.70087135643445,355.5896837531969,363.6993708612864,341.2004126200489,347.9459954485467
61,Hungaria krt,Hungaria krt,Hungaria krt__CPT5,Tertiary,MASW,15.0,301.8585277306017,5.0,320.4419604871002,339.9502667561497,330.42489488412684,332.00833279242204,340.2495702744194
47,Hungaria krt,Hungaria krt,Hungaria krt__CPT5,Tertiary,SCPT,15.5,342.0,5.0,320.5285226762127,341.1590941688608,340.4836726040192,332.7521301349347,334.91864606644094
48,Hungaria krt,Hungaria krt,Hungaria krt__CPT5,Tertiary,SCPT,16.5,282.4,5.0,321.7510291231714,335.8961311414182,327.58627295733726,330.1649589577932,328.7884212511162
62,Hungaria krt,Hungaria krt,Hungaria krt__CPT5,Tertiary,MASW,17.0,349.3932717135017,5.0,333.9602542439967,329.027192532462,317.50641054194284,330.9916122114386,331.09742911750266
49,Hungaria krt,Hungaria krt,Hungaria krt__CPT5,Tertiary,SCPT,17.5,253.3,5.0,346.3061782946269,338.3545371219157,335.5321626149047,341.51304593254804,339.02894221306593
50,Hungaria krt,Hungaria krt,Hungaria krt__CPT5,Tertiary,SCPT,18.5,321.4,5.0,367.25507151832545,356.00888365539384,361.18202564198486,360.46543108226695,360.52640151330536
63,Hungaria krt,Hungaria krt,Hungaria krt__CPT5,Tertiary,MASW,18.81,368.9090098180544,5.0,365.10963210781995,350.5973194204681,360.94737963070827,356.33170912394644,356.4736458175871
326,Lang,Lang,Lang__CPT10,Quaternary,MASW,2.0,187.0,3.0,149.22227064580574,178.94217216722043,177.2313976727079,165.9240989395729,165.9240989395729
327,Lang,Lang,Lang__CPT10,Quaternary,MASW,3.0,193.0,3.0,219.87696303696805,229.84612802619995,224.75983212581943,224.29451808676498,224.29451808676498
328,Lang,Lang,Lang__CPT10,Quaternary,MASW,4.0,200.0,3.0,211.9500406717647,205.18951385040396,207.2637924984831,208.49564242958087,208.49564242958087
329,Lang,Lang,Lang__CPT10,Quaternary,MASW,5.0,210.0,3.0,236.68692965527984,226.43025828117524,236.98419939673758,233.65004352070022,233.65004352070022
330,Lang,Lang,Lang__CPT10,Quaternary,MASW,6.25,221.0,3.0,231.22387920037346,230.97307770236253,234.50077027279335,232.12652165223943,232.12652165223943
331,Lang,Lang,Lang__CPT10,Quaternary,MASW,7.5,238.0,3.0,255.47817118177554,263.8805640382766,264.1110768975671,260.555188243508,260.555188243508
332,Lang,Lang,Lang__CPT10,Quaternary,MASW,8.6,259.0,3.0,298.9713837314563,294.3070491674994,295.1114354893624,296.4065930111871,296.4065930111871
333,Lang,Lang,Lang__CPT10,Quaternary,MASW,10.35,268.0,3.0,306.0654974540723,295.2210643894933,295.6957077780743,299.65633156462707,299.65633156462707
334,Lang,Lang,Lang__CPT10,Quaternary,MASW,12.25,285.0,3.0,312.85140344607595,301.59893127048514,293.1031116640373,303.43824035290146,303.43824035290146
335,Lang,Lang,Lang__CPT10,Tertiary,MASW,13.5,294.0,3.0,316.30997301382916,291.70508679358517,286.79290715116525,299.77739177398416,299.77739177398416
336,Lang,Lang,Lang__CPT10,Tertiary,MASW,14.5,300.0,3.0,341.64543771704354,338.2052026912031,324.0985258274997,335.2644091057097,335.2644091057097
337,Lang,Lang,Lang__CPT10,Tertiary,MASW,15.75,313.0,3.0,350.3018728377016,373.674902367173,365.2952727980106,361.6749068201736,361.6749068201736
338,Lang,Lang,Lang__CPT10,Tertiary,MASW,17.0,320.0,3.0,392.0452994932147,432.7122595473698,410.1087511770269,409.32094808454804,416.88923375625353
339,Lang,Lang,Lang__CPT10,Tertiary,MASW,18.0,329.0,3.0,395.28458404414044,423.6518098768423,415.8776204690877,409.78526296029133,415.0151478426408
340,Lang,Lang,Lang__CPT10,Tertiary,MASW,19.0,337.0,3.0,386.9470130646264,412.91569516910516,407.89480727232313,400.8514599508407,410.25159923013103
341,Lang,Lang,Lang__CPT10,Tertiary,MASW,20.0,348.0,3.0,414.3794358804134,442.7285010734696,428.2002181640958,426.8689713083446,428.7926276167506
342,Lang,Lang,Lang__CPT10,Tertiary,MASW,21.14,360.0,3.0,421.3175990981844,443.939227944759,440.84043233638596,433.8357359457619,437.3264460364592
312,Lang,Lang,Lang__CPT11,Quaternary,MASW,2.0,189.0,3.0,151.84342464119618,175.46705224741967,174.9477386519404,165.45868564811826,165.45868564811826
313,Lang,Lang,Lang__CPT11,Quaternary,MASW,3.0,196.0,3.0,185.8582326802737,215.08637635171445,210.30283737640534,201.5162773580062,201.5162773580062
314,Lang,Lang,Lang__CPT11,Quaternary,MASW,4.0,204.0,3.0,216.47614918209987,220.42927854562095,221.38608889713842,219.12397805942354,219.12397805942354
315,Lang,Lang,Lang__CPT11,Quaternary,MASW,5.0,212.0,3.0,230.4211636671488,216.5809847335936,226.33347540042132,224.9674476379142,224.9674476379142
316,Lang,Lang,Lang__CPT11,Quaternary,MASW,6.0,225.0,3.0,243.2984650466309,237.5191518355685,237.10295350961775,239.68807467303924,239.68807467303924
317,Lang,Lang,Lang__CPT11,Quaternary,MASW,7.25,236.0,3.0,242.8370066168653,250.4277964240716,244.12649965782197,245.4794746544199,245.4794746544199
318,Lang,Lang,Lang__CPT11,Quaternary,MASW,8.6,255.0,3.0,280.44404496724775,281.1292716582977,281.3859489956131,280.9318838003824,280.9318838003824
319,Lang,Lang,Lang__CPT11,Quaternary,MASW,9.5,265.0,3.0,287.74789621469256,272.2573883568633,273.64140211135054,278.77466796008537,278.77466796008537
320,Lang,Lang,Lang__CPT11,Quaternary,MASW,10.15,271.0,3.0,300.0704885427328,288.9621738306279,294.39527186252224,294.99921621363217,294.99921621363217
321,Lang,Lang,Lang__CPT11,Quaternary,MASW,11.0,283.0,3.0,279.8907317236903,289.3631648682421,267.57068269174704,278.9073368084098,278.9073368084098
322,Lang,Lang,Lang__CPT11,Tertiary,MASW,12.0,293.0,3.0,309.82191314347705,280.72834280229233,282.7511774430251,292.6523782433421,292.6523782433421
323,Lang,Lang,Lang__CPT11,Tertiary,MASW,13.0,301.0,3.0,326.4251479578311,314.6672350542405,311.7436238447385,318.42574599316396,318.42574599316396
324,Lang,Lang,Lang__CPT11,Tertiary,MASW,14.0,308.0,3.0,362.5930526429799,353.8963793104103,346.4840374974647,355.0876737109914,355.0876737109914
325,Lang,Lang,Lang__CPT11,Tertiary,MASW,15.24,312.0,3.0,350.98728875527667,374.3123034683445,364.70928440167023,361.9685448633875,361.9685448633875
292,Lang,Lang,Lang__CPT12,Quaternary,MASW,2.0,190.0,3.0,148.38899665614707,178.6949175125526,180.56835874963627,166.41284087856798,166.41284087856798
293,Lang,Lang,Lang__CPT12,Quaternary,MASW,3.0,197.0,3.0,164.70729281868134,190.55235160903567,186.60340897040214,178.63448303343412,178.63448303343412
294,Lang,Lang,Lang__CPT12,Quaternary,MASW,4.0,200.0,3.0,162.49906512145054,212.03798204643044,199.76040168484943,187.2480338615038,187.2480338615038
295,Lang,Lang,Lang__CPT12,Quaternary,MASW,5.0,208.0,3.0,180.80308403383674,218.66574886853965,216.18952265333448,201.96074077534826,201.96074077534826
296,Lang,Lang,Lang__CPT12,Quaternary,MASW,6.0,218.0,3.0,172.3977053249579,214.8242808923481,214.6560094954315,196.68014410241634,196.68014410241634
297,Lang,Lang,Lang__CPT12,Quaternary,MASW,7.0,228.0,3.0,147.65997582601383,214.1513302341669,214.53802579614623,184.65991617761478,184.65991617761478
298,Lang,Lang,Lang__CPT12,Quaternary,MASW,8.0,239.0,3.0,167.10262407839727,223.10160834985535,224.07930447910175,199.0052998767485,199.0052998767485
299,Lang,Lang,Lang__CPT12,Quaternary,MASW,9.0,250.0,3.0,162.01247858916494,218.24982421428737,221.72976058958693,194.64925851822258,194.64925851822258
300,Lang,Lang,Lang__CPT12,Quaternary,MASW,10.0,260.0,3.0,243.311885656615,255.63064965036193,241.53388390286827,246.4010909788223,246.4010909788223
301,Lang,Lang,Lang__CPT12,Tertiary,MASW,11.0,270.0,3.0,291.5719889627254,270.3919328151712,280.8424938834585,281.8611925584622,281.8611925584622
302,Lang,Lang,Lang__CPT12,Tertiary,MASW,12.0,280.0,3.0,311.71576168744286,289.8280435646148,282.9094182792992,296.2373733690035,296.2373733690035
303,Lang,Lang,Lang__CPT12,Tertiary,MASW,13.0,290.0,3.0,326.69328592344596,319.7224161322674,309.53217343162794,319.37414048090073,319.37414048090073
304,Lang,Lang,Lang__CPT12,Tertiary,MASW,14.0,297.0,3.0,382.2759205167829,386.1021629919243,363.5001559635497,377.6702953915954,403.79353213287607
305,Lang,Lang,Lang__CPT12,Tertiary,MASW,15.0,304.0,3.0,347.36080473251735,372.948355247871,354.4905545281669,357.0165378284981,357.0165378284981
306,Lang,Lang,Lang__CPT12,Tertiary,MASW,16.0,310.0,3.0,359.8985063290188,393.7130816922571,374.3577105011924,374.12093062771123,374.12093062771123
307,Lang,Lang,Lang__CPT12,Tertiary,MASW,17.0,318.0,3.0,359.44353697547956,387.81901969732445,371.3023706185664,371.3293860518837,371.3293860518837
308,Lang,Lang,Lang__CPT12,Tertiary,MASW,18.0,325.0,3.0,385.3935404923834,406.71113422931444,396.56156971990856,395.03973256021084,401.7030822371042
309,Lang,Lang,Lang__CPT12,Tertiary,MASW,19.0,335.0,3.0,430.09836110388466,436.27316762962124,430.2913724339386,431.9997122243868,432.45402990113337
310,Lang,Lang,Lang__CPT12,Tertiary,MASW,20.0,348.0,3.0,379.9085946072583,416.13317415196,410.15091296250193,399.5070558623708,408.5148736941644
311,Lang,Lang,Lang__CPT12,Tertiary,MASW,21.14,360.0,3.0,433.0998643409602,454.58772421764826,449.83283992729463,444.4632704345791,443.5616953505184
432,Lang,Lang,Lang__CPT15,Quaternary,MASW,2.0,160.0,3.0,137.65596152614927,171.99123296416397,168.72817841097552,156.43221259340842,156.43221259340842
433,Lang,Lang,Lang__CPT15,Quaternary,MASW,3.0,173.0,3.0,155.29758875252062,183.0169621688881,181.77036391178106,171.02917892916463,171.02917892916463
434,Lang,Lang,Lang__CPT15,Quaternary,MASW,4.0,188.0,3.0,154.10540729571264,204.18855154069246,195.73483899763133,180.15113699804297,180.15113699804297
435,Lang,Lang,Lang__CPT15,Quaternary,MASW,5.0,197.0,3.0,185.0148851957615,229.76615977557756,223.11623893418366,208.84680806075988,208.84680806075988
436,Lang,Lang,Lang__CPT15,Quaternary,MASW,6.0,208.0,3.0,178.19772318117697,216.54126249416362,219.03624230797416,200.99157516191738,200.99157516191738
437,Lang,Lang,Lang__CPT15,Quaternary,MASW,7.0,218.0,3.0,178.5672050782108,202.1105052768626,208.37806053502177,194.11225028152418,194.11225028152418
438,Lang,Lang,Lang__CPT15,Quaternary,MASW,8.15,230.0,3.0,216.28371903516307,225.8725748055832,222.619587140237,221.02306349462245,221.02306349462245
439,Lang,Lang,Lang__CPT15,Quaternary,MASW,9.25,240.0,3.0,267.1846662005729,260.8697039970702,260.39892929674033,263.234897531233,263.234897531233
440,Lang,Lang,Lang__CPT15,Tertiary,MASW,10.1,250.0,3.0,235.40365549824097,230.0368086844291,243.09546627720403,236.04648572864687,236.04648572864687
441,Lang,Lang,Lang__CPT15,Tertiary,MASW,11.0,263.0,3.0,273.7648453270448,278.132660516021,281.3508832914632,277.33274702604336,277.33274702604336
442,Lang,Lang,Lang__CPT15,Tertiary,MASW,12.0,272.0,3.0,301.03083807925776,306.2229039873529,304.9304927577664,303.7497666423309,303.7497666423309
443,Lang,Lang,Lang__CPT15,Tertiary,MASW,13.0,281.0,3.0,329.33183405300923,315.64790389943335,322.2206741804335,323.04303259901025,323.04303259901025
444,Lang,Lang,Lang__CPT15,Tertiary,MASW,13.9,290.0,3.0,336.04201623086277,321.21369823685944,324.8914042494184,328.1837826303985,328.1837826303985
445,Lang,Lang,Lang__CPT15,Tertiary,MASW,14.9,298.0,3.0,380.14544024459093,420.20201680106834,398.4460931630153,397.3088379536449,420.61276138427047
446,Lang,Lang,Lang__CPT15,Tertiary,MASW,15.93,304.0,3.0,371.45497264247126,429.77427857044705,415.73882278122966,401.4031453221786,422.4235009146566
360,Lang,Lang,Lang__CPT19,Quaternary,MASW,2.0,180.0,3.0,176.94139741048951,179.61303812575997,187.89783296589815,180.97128503760882,180.97128503760882
361,Lang,Lang,Lang__CPT19,Quaternary,MASW,3.0,195.0,3.0,190.14496740139975,196.4242508943256,196.21630127492745,193.82642755074843,193.82642755074843
362,Lang,Lang,Lang__CPT19,Quaternary,MASW,4.0,210.0,3.0,205.07122075378302,212.72902234684219,203.55475208825052,206.87798791717543,206.87798791717543
363,Lang,Lang,Lang__CPT19,Quaternary,MASW,5.0,223.0,3.0,210.3606425750506,215.60345199273328,216.85498898878953,213.86185717105295,213.86185717105295
364,Lang,Lang,Lang__CPT19,Quaternary,MASW,5.85,235.0,3.0,202.4369474585224,209.30440417405688,207.26064849349797,205.92282038759987,205.92282038759987
365,Lang,Lang,Lang__CPT19,Quaternary,MASW,6.85,247.0,3.0,272.54921904032057,274.9174909110692,272.6282785439345,273.28132749222897,273.28132749222897
366,Lang,Lang,Lang__CPT19,Quaternary,MASW,8.25,255.0,3.0,289.6891503728318,289.7024442510565,293.333726483074,290.78174582745845,290.78174582745845
367,Lang,Lang,Lang__CPT19,Quaternary,MASW,9.4,268.0,3.0,264.07094483863153,260.5981160741866,261.85745984340684,262.3609014731973,262.3609014731973
368,Lang,Lang,Lang__CPT19,Quaternary,MASW,10.15,271.0,3.0,217.1784208059254,235.17061915000684,227.7486407260073,225.62037941000614,225.62037941000614
369,Lang,Lang,Lang__CPT19,Quaternary,MASW,10.95,274.0,3.0,262.0910562647173,269.39418243020395,261.85295095813484,264.1889118423501,264.1889118423501
370,Lang,Lang,Lang__CPT19,Quaternary,MASW,12.0,275.0,3.0,295.6804054843436,298.50774710598995,293.48588849526305,295.863824800739,295.863824800739
371,Lang,Lang,Lang__CPT19,Quaternary,MASW,13.05,277.0,3.0,309.87214308009766,297.77753146226803,313.5517218431223,307.27933119819403,307.27933119819403
372,Lang,Lang,Lang__CPT19,Tertiary,MASW,14.0,278.0,3.0,325.8646798126247,325.2668779343559,336.41102649636605,328.8122092195984,328.8122092195984
373,Lang,Lang,Lang__CPT19,Tertiary,MASW,15.0,283.0,3.0,350.75553508953647,375.7561548366991,368.89899850653273,363.53471314025643,363.53471314025643
374,Lang,Lang,Lang__CPT19,Tertiary,MASW,16.0,287.0,3.0,383.93202549696963,419.37165140928767,412.6667457213539,402.86663301567495,414.4436177058204
375,Lang,Lang,Lang__CPT19,Tertiary,MASW,17.05,292.0,3.0,373.00593547169893,416.58606006367233,400.63162632096265,393.93202273877404,410.1242765064162
343,Lang,Lang,Lang__CPT2,Quaternary,MASW,2.25,197.0,3.0,159.9792744699802,173.1347975992433,176.35018445200168,168.6761088018343,168.6761088018343
344,Lang,Lang,Lang__CPT2,Quaternary,MASW,3.25,210.0,3.0,220.18374522491837,220.62051585727653,218.21994617371215,219.72334595545792,219.72334595545792
345,Lang,Lang,Lang__CPT2,Quaternary,MASW,4.15,224.0,3.0,199.59109249691477,204.17008806750138,199.56208932582078,200.94514124398847,200.94514124398847
346,Lang,Lang,Lang__CPT2,Quaternary,MASW,5.3,233.0,3.0,230.21354855294,229.23216863571685,233.22172209594777,230.81589871586692,230.81589871586692
347,Lang,Lang,Lang__CPT2,Quaternary,MASW,6.15,240.0,3.0,206.7254469620862,221.1051853202381,214.1190237492966,213.1738017664992,213.1738017664992
348,Lang,Lang,Lang__CPT2,Quaternary,MASW,7.0,247.0,3.0,284.6781230323066,285.50339032233387,281.9438971827471,284.10169708078195,284.10169708078195
349,Lang,Lang,Lang__CPT2,Quaternary,MASW,8.2,252.0,3.0,280.45079118746503,272.70422823293904,276.4456662222512,276.9065094241112,276.9065094241112
350,Lang,Lang,Lang__CPT2,Quaternary,MASW,9.35,258.0,3.0,254.78250785512085,275.5752058561157,273.15718738200724,266.3567303413095,266.3567303413095
351,Lang,Lang,Lang__CPT2,Quaternary,MASW,10.15,262.0,3.0,273.32245668388276,269.62722486478884,266.2785566559615,270.08477739879027,270.08477739879027
352,Lang,Lang,Lang__CPT2,Quaternary,MASW,11.0,267.0,3.0,242.58493426609826,245.75341834238571,248.14478510349647,245.19236703388978,245.19236703388978
353,Lang,Lang,Lang__CPT2,Quaternary,MASW,12.25,270.0,3.0,289.77222475596267,293.4252868257411,294.935618587744,292.4085927398226,292.4085927398226
354,Lang,Lang,Lang__CPT2,Tertiary,MASW,13.85,278.0,3.0,258.2898805042722,263.7691762297401,272.17631159950116,264.03729008627374,264.03729008627374
355,Lang,Lang,Lang__CPT2,Tertiary,MASW,15.1,282.0,3.0,343.93119219740964,366.512199023956,355.30266678547616,353.99301817943984,353.99301817943984
356,Lang,Lang,Lang__CPT2,Tertiary,MASW,16.0,287.0,3.0,359.0793718410602,391.2463956513729,378.90252089326117,374.42904999623704,374.42904999623704
357,Lang,Lang,Lang__CPT2,Tertiary,MASW,17.0,292.0,3.0,368.1827312901665,406.38636112485983,399.21438227144506,388.569722281736,405.26869423377644
358,Lang,Lang,Lang__CPT2,Tertiary,MASW,18.0,297.0,3.0,369.6818714735407,405.277902256345,400.15127434097127,389.1565999159992,403.49183876977355
359,Lang,Lang,Lang__CPT2,Tertiary,MASW,19.24,303.0,3.0,391.1479641547051,419.1027967262924,415.4866435924009,406.6302818849518,414.479630898263
395,Lang,Lang,Lang__CPT20,Quaternary,MASW,2.0,158.0,3.0,187.49437653980175,197.45591635635657,198.22791023096505,193.63585821636931,193.63585821636931
396,Lang,Lang,Lang__CPT20,Quaternary,MASW,3.0,177.0,3.0,187.87934938201872,199.7200614532126,197.04976141493634,194.1113367345601,194.1113367345601
397,Lang,Lang,Lang__CPT20,Quaternary,MASW,4.0,200.0,3.0,185.3437358824853,214.5917032615455,214.83255452237026,202.44407511150428,202.44407511150428
398,Lang,Lang,Lang__CPT20,Quaternary,MASW,5.0,225.0,3.0,206.10429761674354,221.5481574052509,224.9458838618168,216.22140098247465,216.22140098247465
399,Lang,Lang,Lang__CPT20,Quaternary,MASW,5.9,244.0,3.0,180.95995988988514,211.21378539868306,214.97874187696567,199.60358152007035,199.60358152007035
400,Lang,Lang,Lang__CPT20,Quaternary,MASW,6.9,260.0,3.0,226.6911873711237,229.01399909543056,228.00988949324054,227.78156332166935,227.78156332166935
401,Lang,Lang,Lang__CPT20,Quaternary,MASW,8.2,274.0,3.0,225.48139664715941,224.68142380267236,224.36146721031096,224.90490030999814,224.90490030999814
402,Lang,Lang,Lang__CPT20,Quaternary,MASW,9.45,280.0,3.0,279.22786771591325,271.69323527912474,268.097652010585,273.58674642929554,273.58674642929554
403,Lang,Lang,Lang__CPT20,Tertiary,MASW,10.5,283.5,3.0,315.2293861369118,293.407516248819,301.2891231133753,304.3596563252883,304.3596563252883
404,Lang,Lang,Lang__CPT20,Tertiary,MASW,11.5,284.0,3.0,293.83502669689733,297.7450139285667,303.8002012705785,297.96907469963804,297.96907469963804
405,Lang,Lang,Lang__CPT20,Tertiary,MASW,12.75,285.0,3.0,341.167663150618,324.563006109112,317.4050689312165,328.8978290796235,328.8978290796235
406,Lang,Lang,Lang__CPT20,Tertiary,MASW,14.1,285.0,3.0,329.2863232069537,330.81298118218325,333.62110710409087,331.03986468491684,331.03986468491684
407,Lang,Lang,Lang__CPT20,Tertiary,MASW,15.1,285.0,3.0,311.587717711903,305.66725365115377,301.4809457480545,306.75013832427516,306.75013832427516
408,Lang,Lang,Lang__CPT20,Tertiary,MASW,16.0,287.0,3.0,305.1647094687012,281.6027596263004,284.7788634096273,291.78107570535667,291.78107570535667
409,Lang,Lang,Lang__CPT20,Tertiary,MASW,17.0,292.0,3.0,355.73288597122337,369.5008621937755,357.3889261113346,360.31021149690685,360.31021149690685
410,Lang,Lang,Lang__CPT20,Tertiary,MASW,18.0,298.0,3.0,399.3383121250958,421.7599988154398,411.1474739218425,409.50130988668957,415.6653770718219
411,Lang,Lang,Lang__CPT20,Tertiary,MASW,19.14,309.0,3.0,384.59420029702744,425.43994413278716,416.1517526501821,405.90844744429256,415.5846013985684
412,Lang,Lang,Lang__CPT4,Quaternary,MASW,2.0,218.0,3.0,218.429743481653,209.6630809893491,197.17543209722106,209.23635206221456,209.23635206221456
413,Lang,Lang,Lang__CPT4,Quaternary,MASW,3.0,224.0,3.0,237.6910633855111,227.43442264292491,228.04784081331098,231.6699952838066,231.6699952838066
414,Lang,Lang,Lang__CPT4,Quaternary,MASW,4.0,228.0,3.0,198.913128035083,208.36758015567582,205.7919962840136,203.77127707082798,203.77127707082798
415,Lang,Lang,Lang__CPT4,Quaternary,MASW,5.15,235.0,3.0,199.2231020942407,214.76939137695243,214.14858220469645,208.22945202463163,208.22945202463163
416,Lang,Lang,Lang__CPT4,Quaternary,MASW,6.15,242.0,3.0,271.7188758085925,277.7056345149032,273.85385753481694,274.14415446958253,274.14415446958253
417,Lang,Lang,Lang__CPT4,Quaternary,MASW,7.0,250.0,3.0,289.96250694811016,291.8826021007496,282.0417590203264,288.13314891647804,288.13314891647804
418,Lang,Lang,Lang__CPT4,Quaternary,MASW,8.0,258.0,3.0,270.6267050218243,271.2573724184049,271.7178768670311,271.1428701200775,271.1428701200775
419,Lang,Lang,Lang__CPT4,Quaternary,MASW,8.9,266.0,3.0,257.5261025771079,276.962189570071,272.1639801641947,267.61092644624944,267.61092644624944
420,Lang,Lang,Lang__CPT4,Quaternary,MASW,9.9,275.0,3.0,285.61894250454486,286.78462444673914,287.4130011411154,286.5058438450385,286.5058438450385
421,Lang,Lang,Lang__CPT4,Quaternary,MASW,11.0,281.0,3.0,302.7082922694756,303.89727356069386,302.22396452872783,302.9189465508503,302.9189465508503
422,Lang,Lang,Lang__CPT4,Quaternary,MASW,12.0,290.0,3.0,281.7347949105548,284.7266596517666,284.50096564673396,283.4586784739852,283.4586784739852
423,Lang,Lang,Lang__CPT4,Quaternary,MASW,13.0,294.0,3.0,272.6147122908398,278.44712406319917,278.4049794925483,276.0867958584481,276.0867958584481
424,Lang,Lang,Lang__CPT4,Tertiary,MASW,14.25,300.0,3.0,269.627884156807,266.464977231481,267.92791666554893,268.1657766497261,268.1657766497261
425,Lang,Lang,Lang__CPT4,Tertiary,MASW,15.6,306.0,3.0,362.742142289232,382.31814310072616,379.4186458145438,373.5100387633957,373.5100387633957
426,Lang,Lang,Lang__CPT4,Tertiary,MASW,16.6,314.0,3.0,396.16541551095,443.56859486235146,429.82142110825663,419.97677824742493,428.97851073122393
427,Lang,Lang,Lang__CPT4,Tertiary,MASW,17.5,325.0,3.0,362.6471443470131,402.5949039894127,408.9276614612731,387.92532572497186,407.0981917012336
428,Lang,Lang,Lang__CPT4,Tertiary,MASW,18.5,334.0,3.0,384.78969131903193,424.54150142337687,419.8487965490655,406.81156496216727,418.8421748174081
429,Lang,Lang,Lang__CPT4,Tertiary,MASW,19.5,340.0,3.0,379.5104885903178,421.84090981356803,419.91524929095357,403.8151567246519,416.06337000414635
430,Lang,Lang,Lang__CPT4,Tertiary,MASW,20.5,348.0,3.0,393.10829546175484,433.42040548630894,429.9147557660626,415.8075732912462,424.8446056583187
431,Lang,Lang,Lang__CPT4,Tertiary,MASW,21.9,360.0,3.0,411.6283121661117,444.4824795252766,434.16780730472595,428.01183195095007,434.70460280207374
283,Lang,Lang,Lang__CPT7,Quaternary,MASW,2.0,198.0,3.0,168.09158230477252,202.4979230032213,201.6577971578937,187.72800448638094,187.72800448638094
284,Lang,Lang,Lang__CPT7,Quaternary,MASW,3.0,199.0,3.0,161.90038048294088,198.4980066094057,195.26972346743352,182.06080809522354,182.06080809522354
285,Lang,Lang,Lang__CPT7,Quaternary,MASW,4.0,205.0,3.0,173.6901683526221,223.76133850868473,218.10264530679757,200.65218333551994,200.65218333551994
286,Lang,Lang,Lang__CPT7,Quaternary,MASW,5.0,212.0,3.0,226.2774930912466,241.60779207081313,241.63990663107634,235.3642091464293,235.3642091464293
287,Lang,Lang,Lang__CPT7,Quaternary,MASW,6.0,223.0,3.0,194.12167842887214,219.49426518567813,221.27329038870542,209.476479562524,209.476479562524
288,Lang,Lang,Lang__CPT7,Quaternary,MASW,6.85,234.0,3.0,190.66918843839883,219.20990548668763,224.41216607613063,208.77773369624776,208.77773369624776
289,Lang,Lang,Lang__CPT7,Quaternary,MASW,7.699999999999999,244.0,3.0,241.19608717522675,246.07933150499525,245.31199422519273,243.88566800912537,243.88566800912537
290,Lang,Lang,Lang__CPT7,Quaternary,MASW,8.85,254.0,3.0,280.94662858165964,284.3272559004003,280.6790581815654,281.87598782130567,281.87598782130567
291,Lang,Lang,Lang__CPT7,Quaternary,MASW,10.09,265.0,3.0,296.5621565247402,292.10491818491266,299.1163766446966,295.97839487857203,295.97839487857203
376,Lang,Lang,Lang__CPT9,Quaternary,MASW,2.0,169.0,3.0,155.84206788715338,180.37086265504547,178.95842550508974,169.72641602132143,169.72641602132143
377,Lang,Lang,Lang__CPT9,Quaternary,MASW,3.25,190.0,3.0,173.63691005965018,194.53438182457197,196.27880228985924,186.38791494063508,186.38791494063508
378,Lang,Lang,Lang__CPT9,Quaternary,MASW,4.5,218.0,3.0,203.34981701784454,214.27552827979423,215.475698672253,210.18841536212625,210.18841536212625
379,Lang,Lang,Lang__CPT9,Quaternary,MASW,5.5,238.0,3.0,221.38243945816865,221.67748216387764,223.2967142766964,222.04369271696117,222.04369271696117
380,Lang,Lang,Lang__CPT9,Quaternary,MASW,6.5,254.0,3.0,232.71436958412707,224.90653268703687,230.10919196312668,229.56733446797824,229.56733446797824
381,Lang,Lang,Lang__CPT9,Quaternary,MASW,7.5,278.0,3.0,234.63994011584722,241.85330348025587,238.59034244447693,237.97001662619027,237.97001662619027
382,Lang,Lang,Lang__CPT9,Quaternary,MASW,8.5,279.0,3.0,299.369250247333,311.1607881143698,302.223287261998,303.72232253962767,303.72232253962767
383,Lang,Lang,Lang__CPT9,Quaternary,MASW,9.5,284.0,3.0,274.1754670493762,267.02725865187233,264.29556944796946,269.0327065610249,269.0327065610249
384,Lang,Lang,Lang__CPT9,Quaternary,MASW,10.5,286.0,3.0,283.07465797229816,277.2887227437464,274.7262358595989,278.81112539135364,278.81112539135364
385,Lang,Lang,Lang__CPT9,Tertiary,MASW,11.5,286.0,3.0,278.05397668425235,284.11558409650627,286.6216384700208,282.41831226807636,282.41831226807636
386,Lang,Lang,Lang__CPT9,Tertiary,MASW,12.5,286.0,3.0,311.9551897371226,311.75268372784046,314.02182155352153,312.5128610041416,312.5128610041416
387,Lang,Lang,Lang__CPT9,Tertiary,MASW,13.5,282.0,3.0,329.58134589995063,323.0774320203166,318.2027203893893,324.1814812477949,324.1814812477949
388,Lang,Lang,Lang__CPT9,Tertiary,MASW,14.5,281.5,3.0,330.0081915754346,337.9281239731813,326.5378521427149,331.31206305935547,331.31206305935547
389,Lang,Lang,Lang__CPT9,Tertiary,MASW,15.75,285.0,3.0,356.11156070903303,383.1958819316392,373.0831360974896,369.149568132137,369.149568132137
390,Lang,Lang,Lang__CPT9,Tertiary,MASW,17.0,290.0,3.0,430.8481918817375,437.22014540086184,429.06056792013544,432.21052673252916,436.19458849749003
391,Lang,Lang,Lang__CPT9,Tertiary,MASW,18.0,298.0,3.0,366.7585119275431,361.86529680149664,355.91279384770775,362.0088947083087,362.0088947083087
392,Lang,Lang,Lang__CPT9,Tertiary,MASW,19.0,309.0,3.0,414.1920566349959,430.03283436884254,414.91927416337836,419.1025218723663,422.94155159412543
393,Lang,Lang,Lang__CPT9,Tertiary,MASW,20.0,320.0,3.0,440.8186364456228,456.76829015973465,452.4880173364723,449.05019320102133,449.7792722675552
394,Lang,Lang,Lang__CPT9,Tertiary,MASW,20.8,333.0,3.0,429.35876793582526,457.1102893285955,455.20785135012653,445.24326294232804,449.8966016531425
150,Marina,Marina,Marina__CPT1,Quaternary,MASW,1.5,154.37361376580503,3.0,180.21042107276733,208.2242573391456,215.51779560272044,198.57121721729408,198.57121721729408
151,Marina,Marina,Marina__CPT1,Quaternary,MASW,2.4,188.9515464665028,3.0,203.37658087194103,220.88960661779174,217.0028539422498,212.57519929559783,212.57519929559783
152,Marina,Marina,Marina__CPT1,Quaternary,MASW,3.1,210.7618990419121,3.0,214.0064917900635,220.09534527099385,218.13651034024102,217.0563745470755,217.0563745470755
153,Marina,Marina,Marina__CPT1,Quaternary,MASW,3.7,216.8659416178409,3.0,225.47071641838923,224.05508099187452,227.29715656506156,225.59044341084635,225.59044341084635
154,Marina,Marina,Marina__CPT1,Quaternary,MASW,4.45,192.58263899576804,3.0,206.45627705775996,225.3021198548552,224.0889411083755,217.2135669486878,217.2135669486878
155,Marina,Marina,Marina__CPT1,Quaternary,MASW,5.2,254.04192770326176,3.0,229.28542127492267,235.14839230874105,237.36687306971217,233.44211723263882,233.44211723263882
156,Marina,Marina,Marina__CPT1,Quaternary,MASW,5.75,254.85619390992656,3.0,208.6491068932479,220.60500972049746,222.2598072119754,216.22679108316947,216.22679108316947
157,Marina,Marina,Marina__CPT1,Quaternary,MASW,6.5,229.95709832009632,3.0,180.27122984914917,222.0843294795958,223.59090842231186,204.72090151978395,204.72090151978395
158,Marina,Marina,Marina__CPT1,Quaternary,MASW,7.65,204.7285980178102,3.0,178.47667877893088,221.62757718375124,227.5920326610547,204.86456519709344,204.86456519709344
159,Marina,Marina,Marina__CPT1,Quaternary,MASW,8.65,253.02665478008373,3.0,230.4885405807611,236.74139365794755,238.87211408088737,234.85057678888325,234.85057678888325
160,Marina,Marina,Marina__CPT1,Quaternary,MASW,9.5,254.45081735336137,3.0,232.7779170643994,227.58744817307178,240.1126290439343,233.3703641469537,233.3703641469537
161,Marina,Marina,Marina__CPT1,Quaternary,MASW,11.0,248.69925764605333,3.0,251.07510331937905,260.9053255154606,260.3229604980932,256.7556951625189,256.7556951625189
162,Marina,Marina,Marina__CPT1,Quaternary,MASW,12.5,300.69654630824925,3.0,321.407998265664,341.9619207215004,342.9486835002574,333.87564370783804,333.87564370783804
163,Marina,Marina,Marina__CPT1,Quaternary,MASW,14.0,318.2497071346119,3.0,372.20225285401625,445.4169993564981,428.7945339257556,409.84194839789484,435.40742188069106
164,Marina,Marina,Marina__CPT1,Tertiary,MASW,15.55,335.13417893108965,3.0,411.58492654816905,468.2379511226112,436.16715083456995,435.3310597215534,456.998409218463
165,Marina,Marina,Marina__CPT2,Quaternary,MASW,1.45,162.8655867742902,3.0,185.60811174949035,205.80917936122802,210.79975241456387,198.90203763770876,198.90203763770876
166,Marina,Marina,Marina__CPT2,Quaternary,MASW,2.15,152.4065336873562,3.0,164.90720176984445,187.48381651272226,193.77473610736936,179.8763767112239,179.8763767112239
167,Marina,Marina,Marina__CPT2,Quaternary,MASW,2.9,172.2616758424782,3.0,191.04111129516687,215.14918662548686,211.95641843247122,204.2427355352708,204.2427355352708
168,Marina,Marina,Marina__CPT2,Quaternary,MASW,4.2,225.0811766638941,3.0,262.32771936788066,252.46066890800577,248.85349601976603,255.25773772788347,255.25773772788347
169,Marina,Marina,Marina__CPT2,Quaternary,MASW,5.5,224.0938681444996,3.0,216.44909901563102,212.3246003012541,222.40719009638497,216.9636879954694,216.9636879954694
170,Marina,Marina,Marina__CPT2,Quaternary,MASW,6.5,228.58095676543687,3.0,209.37861817626512,223.33946986436413,225.86111559358122,218.38108362726598,218.38108362726598
171,Marina,Marina,Marina__CPT2,Quaternary,MASW,8.0,250.2333078399093,3.0,232.70855520505577,239.03582226181888,238.05645743016663,236.1934374994932,236.1934374994932
172,Marina,Marina,Marina__CPT2,Quaternary,MASW,9.5,236.1418597383989,3.0,219.20039312847626,226.70070231246152,235.20722592036407,226.15572653896098,226.15572653896098
173,Marina,Marina,Marina__CPT2,Quaternary,MASW,10.5,282.537697681028,3.0,281.5746841544122,283.3628148827291,275.40693973866945,280.24170302374455,280.24170302374455
174,Marina,Marina,Marina__CPT2,Quaternary,MASW,11.75,275.1829064009047,3.0,265.90893286334,299.7125434299557,297.24343049417456,284.995712226872,284.995712226872
175,Marina,Marina,Marina__CPT2,Quaternary,MASW,13.15,319.4455185892932,3.0,325.59460659363594,353.0974160206184,351.2505514358732,341.2906159238943,341.2906159238943
176,Marina,Marina,Marina__CPT2,Quaternary,MASW,14.4,305.3404635400741,3.0,309.18630094451055,326.35131905852444,326.1647847888363,319.31905104591704,319.31905104591704
177,Marina,Marina,Marina__CPT2,Tertiary,MASW,15.5,318.45230541235145,3.0,325.13868456262355,331.1514457741616,329.5460246789345,328.25418936675055,328.25418936675055
178,Marina,Marina,Marina__CPT2,Tertiary,MASW,16.5,354.9977594624199,3.0,372.6849188338546,370.52334134238095,360.79349036337385,368.4334111479119,368.4334111479119
179,Marina,Marina,Marina__CPT2,Tertiary,MASW,17.5,355.3165664289617,3.0,396.97510625821394,398.31104524686566,382.3235872199487,392.91747280853343,409.63941102438287
262,Paskal,Paskal,Paskal__CPT1,Quaternary,MASW,1.5,161.2812034755749,5.0,189.63960030257974,163.8067899263826,166.34162186133653,173.6883751276162,173.6883751276162
263,Paskal,Paskal,Paskal__CPT1,Quaternary,MASW,2.5,222.76172789332315,5.0,255.08548813825442,241.33748667475191,239.11881957237836,246.74546093871905,246.74546093871905
264,Paskal,Paskal,Paskal__CPT1,Quaternary,MASW,3.25,223.9108492496985,5.0,258.57249691475687,255.55369347124957,253.08730189121425,256.75696234258754,256.75696234258754
265,Paskal,Paskal,Paskal__CPT1,Quaternary,MASW,4.15,229.6152703338023,5.0,250.73359628180316,242.28797639736587,238.4864337822539,245.63153913784208,245.63153913784208
266,Paskal,Paskal,Paskal__CPT1,Quaternary,MASW,5.3,284.8468157056311,5.0,230.28464373876835,225.7647226213417,220.392750694151,227.56194660204937,227.56194660204937
267,Paskal,Paskal,Paskal__CPT1,Quaternary,MASW,6.15,267.058512604076,5.0,247.0356766207124,257.45589654057864,241.51935212870634,253.23607699468727,253.23607699468727
268,Paskal,Paskal,Paskal__CPT1,Quaternary,MASW,7.0,225.18262954113905,5.0,264.67246461827494,280.4627023274515,273.54609978766365,274.0366016519744,274.0366016519744
269,Paskal,Paskal,Paskal__CPT1,Quaternary,MASW,8.25,211.45499754260985,5.0,267.50613881871413,282.4669716314526,267.99790004811143,276.38476845271265,276.38476845271265
270,Paskal,Paskal,Paskal__CPT1,Quaternary,MASW,9.52,187.58499662470868,5.0,244.29970899639883,259.7775954439744,253.78933098926652,253.47211893951734,253.47211893951734
271,Paskal,Paskal,Paskal__CPT2,Quaternary,MASW,1.5,157.3610543809992,5.0,189.81376571559892,160.18054231605305,158.25032220400882,171.43399188393812,171.43399188393812
272,Paskal,Paskal,Paskal__CPT2,Quaternary,MASW,2.5,212.313686919956,5.0,249.62817356699762,237.1217754259868,235.12612579094628,242.04733343069267,242.04733343069267
273,Paskal,Paskal,Paskal__CPT2,Quaternary,MASW,3.35,203.21529879091256,5.0,260.10996331330915,258.4947461118462,259.29170201742846,259.1396258805354,259.1396258805354
274,Paskal,Paskal,Paskal__CPT2,Tertiary,MASW,4.1,194.23547021582692,5.0,200.71466097561424,209.43006866365425,215.15361159557858,205.89938979738548,220.11317614373405
275,Paskal,Paskal,Paskal__CPT2,Tertiary,MASW,5.0,267.27963511620146,5.0,194.49582798089492,208.5470936588316,219.0696937400655,202.80870926821902,217.43432843655702
276,Paskal,Paskal,Paskal__CPT2,Tertiary,MASW,6.0,248.23038318074427,5.0,203.09640671265976,212.75139152022376,223.5376054837798,208.83550722896643,221.0781396590998
277,Paskal,Paskal,Paskal__CPT2,Tertiary,MASW,6.75,188.43348036726303,5.0,218.45247777300858,211.38508505134732,228.20054948641294,214.18418229294534,225.40139912104533
278,Paskal,Paskal,Paskal__CPT2,Tertiary,MASW,7.25,189.31716125851733,5.0,222.74103425749516,212.88024724203257,228.3787984834641,216.77106550542527,226.6080680255082
279,Paskal,Paskal,Paskal__CPT2,Tertiary,MASW,7.75,197.5519360067566,5.0,226.88455264358697,214.39712968364302,232.25100044445858,219.30743290870217,229.8258474615564
280,Paskal,Paskal,Paskal__CPT2,Tertiary,MASW,8.25,202.310932199361,5.0,234.6522018225701,223.66751353543097,239.78520406777116,227.99829503475306,235.17774062133057
281,Paskal,Paskal,Paskal__CPT2,Tertiary,MASW,8.75,205.9751159322853,5.0,238.01140647562733,234.70249217214393,246.87886092487363,236.0205015820492,239.93900570926405
282,Paskal,Paskal,Paskal__CPT2,Tertiary,MASW,9.505,243.3681410722542,5.0,270.5587853364469,268.15893071736303,278.5965794439486,269.1163075315305,274.5632169901324
602,Puskas,Puskas,Puskas__CPTu 101,Quaternary,MASW,1.5,138.68254140664703,1.0,192.77337395727565,200.57619184188985,202.34319216850307,196.7634202352379,196.7634202352379
603,Puskas,Puskas,Puskas__CPTu 101,Quaternary,MASW,2.65,175.6383057937299,1.0,181.42521309896196,202.65828710605834,205.89219276642896,191.59771344553806,191.59771344553806
604,Puskas,Puskas,Puskas__CPTu 101,Quaternary,MASW,3.8,226.254185497313,1.0,173.10528240897213,204.779395347148,204.15371444736883,186.5309064592491,186.5309064592491
605,Puskas,Puskas,Puskas__CPTu 101,Quaternary,MASW,4.8,322.56166663971857,1.0,191.94900909018523,218.6561260090455,210.1102366127311,201.11786123446802,201.11786123446802
606,Puskas,Puskas,Puskas__CPTu 101,Quaternary,MASW,5.9,349.5909756775834,1.0,247.48401162035637,253.9047727543961,245.31421256462352,247.7812124438341,247.7812124438341
607,Puskas,Puskas,Puskas__CPTu 101,Quaternary,MASW,7.0,271.02729546635857,1.0,243.66695943257608,257.2078314528214,244.5761800308376,245.92633050341365,245.92633050341365
608,Puskas,Puskas,Puskas__CPTu 101,Quaternary,MASW,7.75,212.7095348061291,1.0,201.16510750847343,205.99911021997983,203.43117326170844,202.56248319415417,202.56248319415417
609,Puskas,Puskas,Puskas__CPTu 101,Quaternary,MASW,8.5,274.51122171261454,1.0,216.58321197689588,226.22104988105502,218.92430636443873,218.70654570784106,218.70654570784106
610,Puskas,Puskas,Puskas__CPTu 101,Quaternary,MASW,9.5,353.5717404298168,1.0,256.74811229411074,271.5418314926775,270.2183364856478,262.91716991032047,262.91716991032047
611,Puskas,Puskas,Puskas__CPTu 101,Quaternary,MASW,10.5,351.59011300743686,1.0,280.94168795407586,289.3586515409172,287.7787230977858,284.2313502754831,284.2313502754831
612,Puskas,Puskas,Puskas__CPTu 101,Quaternary,MASW,11.5,304.20050622200347,1.0,279.9688994860397,293.781686632418,287.90474582128263,284.373248889376,284.373248889376
613,Puskas,Puskas,Puskas__CPTu 101,Tertiary,MASW,12.5,265.2928323682341,1.0,270.0685307892896,301.27800829829044,297.9027036855527,282.7340655798348,283.85482754105533
614,Puskas,Puskas,Puskas__CPTu 101,Tertiary,MASW,13.6,310.8084916587805,1.0,285.52810352802186,294.51502941883206,297.8665523231256,290.5223271851421,290.9207202934985
615,Puskas,Puskas,Puskas__CPTu 101,Tertiary,MASW,15.2,312.0,1.0,319.30685669774607,314.9691047707305,311.25133747952884,316.2190981984877,315.79251411292097
616,Puskas,Puskas,Puskas__CPTu 102,Quaternary,MASW,1.5,173.75219099554448,1.0,191.04309282019955,195.1248918098179,199.06792982648048,194.0302880941783,194.0302880941783
617,Puskas,Puskas,Puskas__CPTu 102,Quaternary,MASW,2.6,169.63762925377875,1.0,173.3803796983486,183.05462259320726,189.49082822831838,179.52028770931477,179.52028770931477
618,Puskas,Puskas,Puskas__CPTu 102,Quaternary,MASW,3.7,289.2965889689008,1.0,227.58828960799636,244.54890014112897,235.68115975284124,232.4795566118732,232.4795566118732
619,Puskas,Puskas,Puskas__CPTu 102,Quaternary,MASW,4.6,284.4555282995208,1.0,223.58047664426925,260.70503461079863,250.6897995547026,236.78383181814135,236.78383181814135
620,Puskas,Puskas,Puskas__CPTu 102,Quaternary,MASW,5.5,283.6958939452112,1.0,236.7894680741318,259.95863944864095,258.4640556749849,246.52160965612157,246.52160965612157
621,Puskas,Puskas,Puskas__CPTu 102,Quaternary,MASW,6.6,281.5545998734863,1.0,255.56186755667218,279.58659128520736,261.7043472566167,260.8816671746933,260.8816671746933
622,Puskas,Puskas,Puskas__CPTu 102,Quaternary,MASW,8.25,250.98040992645232,1.0,218.97958967443174,256.4522331550524,249.3665362493684,233.14409773677346,233.14409773677346
623,Puskas,Puskas,Puskas__CPTu 102,Quaternary,MASW,10.15,312.01853719663126,1.0,291.09169677333506,329.96887732842157,311.5492465834286,302.722957854425,302.722957854425
624,Puskas,Puskas,Puskas__CPTu 102,Quaternary,MASW,11.75,284.46017559275367,1.0,302.08416419659596,315.29556457780467,312.3621673241398,307.09700793533614,307.09700793533614
625,Puskas,Puskas,Puskas__CPTu 102,Quaternary,MASW,12.95,306.02310728847925,1.0,309.5796600247057,356.2390765891622,346.9006986101803,327.1505209710116,327.1505209710116
626,Puskas,Puskas,Puskas__CPTu 102,Tertiary,MASW,13.95,301.69541044289565,1.0,310.05035622564094,298.4295828773967,307.7302721242152,307.58494596569557,307.1969694446957
627,Puskas,Puskas,Puskas__CPTu 102,Tertiary,MASW,15.0,315.54632358270493,1.0,289.9551541629701,288.3852690220268,290.11730573654876,289.76772408167653,290.02787269890365
628,Puskas,Puskas,Puskas__CPTu 102,Tertiary,MASW,16.0,422.7887352526375,1.0,289.2463899853711,282.3960106252996,281.3666870887288,285.8300976869958,285.66216064307145
629,Puskas,Puskas,Puskas__CPTu 102,Tertiary,MASW,17.0,424.2404683388645,1.0,296.94030371897713,303.66629023184265,298.72851580578197,298.4767612421735,298.7300068549116
630,Puskas,Puskas,Puskas__CPTu 102,Tertiary,MASW,18.0,467.0582993691288,1.0,332.68380082203487,332.4866462096745,326.0548474030953,330.651684410809,330.13942442155576
631,Puskas,Puskas,Puskas__CPTu 102,Tertiary,MASW,19.0,477.7239513029948,1.0,344.97052787750545,331.0587153483773,332.1060926764613,338.9603528055931,338.25938281893673
632,Puskas,Puskas,Puskas__CPTu 102,Tertiary,MASW,20.0,450.0473236722789,1.0,361.19947142317085,349.2746381167573,344.2004700720342,354.2251589016766,369.8578361656239
633,Puskas,Puskas,Puskas__CPTu 102,Tertiary,MASW,20.75,449.6692803496859,1.0,391.8300073740213,376.3270129983126,378.49909394745185,385.44107425087924,400.7526622611486
634,Puskas,Puskas,Puskas__CPTu 102,Tertiary,MASW,21.5,519.3171293282068,1.0,451.1097727051712,426.5424528924075,415.70523818153464,436.5009748797582,444.04191407935195
635,Puskas,Puskas,Puskas__CPTu 102,Tertiary,MASW,22.5,474.5245914648232,1.0,440.15256748931444,395.3921622204525,389.52830451901,417.53962450654234,428.2420614492391
636,Puskas,Puskas,Puskas__CPTu 102,Tertiary,MASW,23.5,420.604743225581,1.0,399.3429674248953,373.77644893168787,372.9771157531441,387.379619583265,390.62088498876193
637,Puskas,Puskas,Puskas__CPTu 102,Tertiary,MASW,24.5,418.0843408364796,1.0,402.3509211470303,369.3145814885345,373.72659729661495,388.51556296972973,384.7939842589362
638,Puskas,Puskas,Puskas__CPTu 102,Tertiary,MASW,25.58,420.0,1.0,420.9528370760577,366.65670453039934,377.71266938663814,399.1313148511622,393.3529527727203
639,Puskas,Puskas,Puskas__CPTu 103,Quaternary,MASW,1.5,163.74777189115315,1.0,192.46566699840258,195.19981921323702,201.41846898359688,195.52216469674022,195.52216469674022
640,Puskas,Puskas,Puskas__CPTu 103,Quaternary,MASW,2.45,179.81892629917368,1.0,198.64683215115605,203.76178384858446,209.09550601732718,202.49612821396033,202.49612821396033
641,Puskas,Puskas,Puskas__CPTu 103,Quaternary,MASW,3.2,231.63812966562637,1.0,202.56775592972312,212.50067920269018,219.6154303307257,209.0338299799755,209.0338299799755
642,Puskas,Puskas,Puskas__CPTu 103,Quaternary,MASW,4.0,269.85890736778634,1.0,202.78969881304099,222.23864472139735,215.75003291751864,209.45148208741298,209.45148208741298
643,Puskas,Puskas,Puskas__CPTu 103,Quaternary,MASW,5.0,284.97715277718333,1.0,215.45062098016535,241.75100176633336,238.57746722733873,226.01399508684844,226.01399508684844
644,Puskas,Puskas,Puskas__CPTu 103,Quaternary,MASW,6.1,321.91311668643067,1.0,256.35762182817666,263.2310050224579,257.2472755811299,257.64470426955427,257.64470426955427
645,Puskas,Puskas,Puskas__CPTu 103,Quaternary,MASW,7.1,302.5285363643705,1.0,256.268211553144,263.58657675907097,252.7457255486638,256.28650892328284,256.28650892328284
646,Puskas,Puskas,Puskas__CPTu 103,Tertiary,MASW,7.9,249.9512931083937,1.0,195.03591471978612,204.8168799936405,205.26966986227453,199.51030034073867,202.04100450927587
647,Puskas,Puskas,Puskas__CPTu 103,Tertiary,MASW,9.05,276.09700022109786,1.0,214.8950762951224,230.97085633721005,234.22538696311275,222.91963483159762,223.53422056348376
648,Puskas,Puskas,Puskas__CPTu 103,Tertiary,MASW,10.15,303.7635396941799,1.0,237.49874893625645,258.9052444666754,264.7012940085456,248.54880298518614,248.77670482044113
649,Puskas,Puskas,Puskas__CPTu 103,Tertiary,MASW,11.05,290.5035179205965,1.0,249.16374995125906,272.43057358585,276.42161353229284,260.5113492309335,261.5666820320849
650,Puskas,Puskas,Puskas__CPTu 103,Tertiary,MASW,12.2,297.05205747794787,1.0,281.2454629839837,297.8751072319103,297.10353467548447,288.3862277217179,288.94536705777483
651,Puskas,Puskas,Puskas__CPTu 103,Tertiary,MASW,13.3,275.1647179618006,1.0,268.7334349520843,272.33079384066696,279.91291804199216,272.5827270695983,273.391908792656
652,Puskas,Puskas,Puskas__CPTu 103,Tertiary,MASW,14.15,301.4852781605907,1.0,296.37589677077193,294.0296608799453,292.4932764226725,294.85399894109133,294.9953276918488
653,Puskas,Puskas,Puskas__CPTu 103,Tertiary,MASW,14.9,304.3958867665379,1.0,320.67158609168166,310.67291926715785,310.95989082055075,316.22054747175827,315.4773804239419
654,Puskas,Puskas,Puskas__CPTu 103,Tertiary,MASW,15.9,431.2908772341572,1.0,326.309640007577,314.69701977302014,313.6484664565617,320.71058377320975,319.8528386994277
655,Puskas,Puskas,Puskas__CPTu 103,Tertiary,MASW,16.95,447.44510304030746,1.0,346.76353591361794,349.23398828924167,335.7291601306383,343.78155944175,343.0635143645942
656,Puskas,Puskas,Puskas__CPTu 103,Tertiary,MASW,17.799999999999997,456.2652742066623,1.0,355.75352307141344,366.9001197867629,352.4428771660921,356.4026009159545,387.60428966636715
657,Puskas,Puskas,Puskas__CPTu 103,Tertiary,MASW,18.9,469.3597430439654,1.0,377.2013931659857,357.62205694764253,353.042237290513,366.84022654124533,387.58650298558814
658,Puskas,Puskas,Puskas__CPTu 103,Tertiary,MASW,20.05,451.5714428500952,1.0,374.86792492564246,351.9870346132515,347.43982601617796,362.9743488742018,379.5484503948363
659,Puskas,Puskas,Puskas__CPTu 103,Tertiary,MASW,20.75,438.4973544759012,1.0,371.2154859615091,347.4669421166036,348.8516522727716,360.7643426665783,372.9436926862889
660,Puskas,Puskas,Puskas__CPTu 103,Tertiary,MASW,21.5,498.1918044529453,1.0,422.6747761959978,356.61371675657125,356.7127699485724,391.58746917566657,391.16166987515135
661,Puskas,Puskas,Puskas__CPTu 103,Tertiary,MASW,22.845,430.8360034864727,1.0,382.19757372219624,361.7542447343967,362.7377801554422,373.16271293506196,380.6796037587738
524,Puskas,Puskas,Puskas__CPTu 104,Quaternary,MASW,1.9,163.18443070516346,1.0,179.04616254121814,182.933336459283,186.85502628088295,181.9391339974162,181.9391339974162
525,Puskas,Puskas,Puskas__CPTu 104,Quaternary,MASW,3.4,210.25515579391984,1.0,188.70425659769163,211.91602800465017,217.83960710004314,200.46823073465683,200.46823073465683
526,Puskas,Puskas,Puskas__CPTu 104,Quaternary,MASW,4.5,195.19172023592088,1.0,191.3689241067316,220.4005586888651,213.8051505747127,202.07688143757989,202.07688143757989
527,Puskas,Puskas,Puskas__CPTu 104,Quaternary,MASW,5.65,246.706066828521,1.0,249.57440402715906,255.51227535866593,250.61434168984385,250.76883653786814,250.76883653786814
528,Puskas,Puskas,Puskas__CPTu 104,Quaternary,MASW,6.699999999999999,285.97711503811126,1.0,258.55479928882215,279.4345448627649,261.63108807437754,262.514169745973,262.514169745973
529,Puskas,Puskas,Puskas__CPTu 104,Tertiary,MASW,7.7,234.8737739152925,1.0,200.9206663896767,228.58303625105333,222.4556417140764,211.19963452862035,213.82751440972046
530,Puskas,Puskas,Puskas__CPTu 104,Tertiary,MASW,9.05,312.9671055278385,1.0,268.249892375001,283.9511404827122,290.97521614534713,277.22991924713284,277.98711149698585
531,Puskas,Puskas,Puskas__CPTu 104,Tertiary,MASW,10.15,276.2181107129158,1.0,239.64887087787938,264.84042130276754,268.66647365780256,251.7550239445005,253.20489800856157
532,Puskas,Puskas,Puskas__CPTu 104,Tertiary,MASW,11.0,324.4570490369466,1.0,272.4348802361443,302.6596733324407,302.7952249710464,285.68167338288066,286.7220140752059
533,Puskas,Puskas,Puskas__CPTu 104,Tertiary,MASW,12.0,311.63967452618743,1.0,286.01401943459473,295.2093485430399,293.8592138030567,289.7172380930296,290.19724600133384
534,Puskas,Puskas,Puskas__CPTu 104,Tertiary,MASW,13.0,295.5140211867028,1.0,272.73226209743746,295.3854973214796,294.13134051915273,282.3422355219928,283.2331772790059
535,Puskas,Puskas,Puskas__CPTu 104,Tertiary,MASW,14.0,335.13074954740495,1.0,322.242019481601,341.01994982395263,325.489596073031,325.9704973919007,325.9853674581329
536,Puskas,Puskas,Puskas__CPTu 104,Tertiary,MASW,15.0,323.96592211186413,1.0,300.8925303492622,321.7795214979946,315.1170745539035,308.17798739426075,308.8607205662645
537,Puskas,Puskas,Puskas__CPTu 104,Tertiary,MASW,16.0,437.4866573166197,1.0,386.91132390875737,445.6903110391103,422.85831008037724,405.8819444061815,443.60818381293336
538,Puskas,Puskas,Puskas__CPTu 104,Tertiary,MASW,16.75,413.7721971704041,1.0,375.90141814455166,472.49635813138656,415.7628510723883,400.9628670370093,447.80817588031806
539,Puskas,Puskas,Puskas__CPTu 104,Tertiary,MASW,17.45,341.0583951550048,1.0,337.9571306246394,421.9668111462499,393.8005090915893,365.8040536798947,418.48253166792813
540,Puskas,Puskas,Puskas__CPTu 105,Quaternary,MASW,1.5,207.27264054799303,1.0,212.86976001533097,236.50607148018588,235.61521296841497,222.9461753281884,222.9461753281884
541,Puskas,Puskas,Puskas__CPTu 105,Quaternary,MASW,2.5,158.72141746342407,1.0,176.80351917527125,181.758364625537,189.34398525843446,181.22562781454275,181.22562781454275
542,Puskas,Puskas,Puskas__CPTu 105,Quaternary,MASW,3.5,215.63788526793937,1.0,205.28424292259723,232.5914675478767,230.21602511778056,216.48375913389907,216.48375913389907
543,Puskas,Puskas,Puskas__CPTu 105,Quaternary,MASW,4.5,206.6519916051882,1.0,218.02161712912203,245.00922698187074,239.67949474905794,228.26608290696623,228.26608290696623
544,Puskas,Puskas,Puskas__CPTu 105,Quaternary,MASW,5.75,244.4049327006428,1.0,251.84685791020001,267.93530927425087,256.30306999544183,255.5381405236771,255.5381405236771
545,Puskas,Puskas,Puskas__CPTu 105,Quaternary,MASW,6.9,300.54341875664136,1.0,256.2592224072429,281.56980644559746,260.8728657855591,261.3005430292271,261.3005430292271
546,Puskas,Puskas,Puskas__CPTu 105,Tertiary,MASW,8.0,257.4156054634633,1.0,220.70487162790724,245.66203687246247,239.21816582409951,229.76586569824556,231.92547380241018
547,Puskas,Puskas,Puskas__CPTu 105,Tertiary,MASW,9.35,289.92602749610785,1.0,249.95439468693263,272.062260509417,273.4043104313237,260.05504285433994,261.21377841313983
548,Puskas,Puskas,Puskas__CPTu 105,Tertiary,MASW,10.5,269.63528133696855,1.0,241.60096376796895,268.48699040560183,276.06958682028477,255.4749488679842,256.91184522375175
549,Puskas,Puskas,Puskas__CPTu 105,Tertiary,MASW,11.5,296.4125627351424,1.0,260.2466327484955,293.31586919987336,292.9572555678008,274.538607804975,275.725935482526
550,Puskas,Puskas,Puskas__CPTu 105,Tertiary,MASW,12.5,332.81720212636026,1.0,291.0400794024613,298.2156907255107,306.86150474202765,296.78116599555943,297.1682278186332
551,Puskas,Puskas,Puskas__CPTu 105,Tertiary,MASW,13.56,319.0,1.0,286.02957702280446,296.0752160901357,306.2287599634117,293.4608155144043,293.80061152023166
552,Puskas,Puskas,Puskas__CPTu 105a,Quaternary,MASW,1.5,203.07003454043985,1.0,224.85554821843976,230.83798213425038,232.99347747913976,228.16351765010904,228.16351765010904
553,Puskas,Puskas,Puskas__CPTu 105a,Quaternary,MASW,2.5,164.1698805554823,1.0,193.4367136035059,203.28790889925762,204.52039632307998,198.16826989508266,198.16826989508266
554,Puskas,Puskas,Puskas__CPTu 105a,Quaternary,MASW,3.5,226.5301257540227,1.0,219.01078233819698,237.48891482068677,231.76356130887328,225.4841769553848,225.4841769553848
555,Puskas,Puskas,Puskas__CPTu 105a,Quaternary,MASW,4.6,214.0557725227909,1.0,235.6004302875711,258.98027773232087,250.44517273522106,243.38883224824949,243.38883224824949
556,Puskas,Puskas,Puskas__CPTu 105a,Quaternary,MASW,5.85,228.08041455768125,1.0,254.47005026246433,287.65967269189883,265.11225484780175,262.39826548442517,262.39826548442517
557,Puskas,Puskas,Puskas__CPTu 105a,Quaternary,MASW,6.9,286.4074786821876,1.0,263.7180161722984,295.45338252715334,278.10123330431327,272.5593654447512,272.5593654447512
558,Puskas,Puskas,Puskas__CPTu 105a,Tertiary,MASW,8.0,264.2290965879465,1.0,241.7508016963775,269.69535459521717,261.39147091567384,251.5769231685563,253.29253828969817
559,Puskas,Puskas,Puskas__CPTu 105a,Tertiary,MASW,9.35,294.3799419997476,1.0,268.12787711391985,291.2978634467481,292.24713036718805,278.5888655526044,279.52331791215454
560,Puskas,Puskas,Puskas__CPTu 105a,Tertiary,MASW,10.5,316.6613959944379,1.0,286.9851176693113,310.3671528285966,309.428538577834,297.0107233123902,297.4205457425043
561,Puskas,Puskas,Puskas__CPTu 105a,Tertiary,MASW,11.5,320.1817390435761,1.0,284.9892142457367,294.53977104495345,296.26939568828226,289.75655022360166,290.37423607789174
562,Puskas,Puskas,Puskas__CPTu 105a,Tertiary,MASW,12.5,292.3243246637816,1.0,266.8804805588741,284.4370972114823,292.0590771459069,276.83015397899436,277.6854040363541
563,Puskas,Puskas,Puskas__CPTu 105a,Tertiary,MASW,13.225,293.2251197283667,1.0,282.8314477499415,306.92558335701864,313.5973236197992,295.3295481174914,296.3089201640107
564,Puskas,Puskas,Puskas__CPTu 105b,Quaternary,MASW,1.5,190.9938787397064,1.0,218.31431726637805,228.52110292489084,228.75126303548012,222.9170139377351,222.9170139377351
565,Puskas,Puskas,Puskas__CPTu 105b,Quaternary,MASW,2.5,191.8727199208419,1.0,219.34832787880688,228.46711678025318,222.58987890408008,221.66598729969755,221.66598729969755
566,Puskas,Puskas,Puskas__CPTu 105b,Quaternary,MASW,3.7,225.42125665162249,1.0,222.1844362049204,251.20468600184608,246.80556476873946,233.56251513355235,233.56251513355235
567,Puskas,Puskas,Puskas__CPTu 105b,Quaternary,MASW,4.85,215.9984124182276,1.0,240.8444225477468,275.079512758661,263.2280682870779,252.3326928003964,252.3326928003964
568,Puskas,Puskas,Puskas__CPTu 105b,Quaternary,MASW,5.9,230.9055854621707,1.0,250.9295650438809,270.71153496526335,259.44575695500725,256.3560047338561,256.3560047338561
569,Puskas,Puskas,Puskas__CPTu 105b,Quaternary,MASW,6.9,263.38069592274184,1.0,240.72433661880257,274.45637876709856,253.06575671044598,249.2166268083934,249.2166268083934
570,Puskas,Puskas,Puskas__CPTu 105b,Tertiary,MASW,8.0,251.39253454287743,1.0,222.09438233314202,246.36990947882026,243.54949694537768,231.90493259807593,233.8992223825521
571,Puskas,Puskas,Puskas__CPTu 105b,Tertiary,MASW,9.35,312.61877516206926,1.0,269.38696811972386,285.8916833698344,291.33749139723966,278.26351162146756,279.42218839893997
572,Puskas,Puskas,Puskas__CPTu 105b,Tertiary,MASW,10.5,317.55627388021264,1.0,279.316074217107,291.09976773891935,295.22555034544206,285.7624905341297,286.28578508594734
573,Puskas,Puskas,Puskas__CPTu 105b,Tertiary,MASW,11.5,294.56513068992183,1.0,257.40110386418087,269.83809361230095,275.65956757765554,264.6141920136801,265.5730402502366
574,Puskas,Puskas,Puskas__CPTu 105b,Tertiary,MASW,12.5,306.618003282423,1.0,274.35555753082457,292.88596466017145,294.44186475636184,282.9939955988957,283.9248609288844
575,Puskas,Puskas,Puskas__CPTu 105b,Tertiary,MASW,13.75,309.0054926016797,1.0,284.72031283249027,300.6905939531644,298.05196764248535,291.0286355045571,291.4355649539232
576,Puskas,Puskas,Puskas__CPTu 105b,Tertiary,MASW,15.05,373.22921534716966,1.0,322.9825101205897,318.06417378749177,305.4954675822646,316.90354501834406,316.324623760019
577,Puskas,Puskas,Puskas__CPTu 105b,Tertiary,MASW,16.05,373.4975912838863,1.0,311.1338284675405,318.8052762068573,312.8615437331269,312.7918713475082,312.52232499272657
578,Puskas,Puskas,Puskas__CPTu 105b,Tertiary,MASW,17.22,400.1815312092543,1.0,342.8518606196626,352.67260913879363,345.8406205073595,345.2050505085652,344.48397094114506
579,Puskas,Puskas,Puskas__CPTu 105b,Tertiary,MASW,17.97,350.6081552017557,1.0,310.2362507200669,327.7990888035382,324.119551238378,316.94479846416436,317.21470889411205
580,Puskas,Puskas,Puskas__CPTu 105b,Tertiary,MASW,18.5,374.65111799992616,1.0,337.2787797422866,335.7464829542343,332.85075843199877,335.71484512119974,335.2322051574171
581,Puskas,Puskas,Puskas__CPTu 105b,Tertiary,MASW,19.49,378.7647664543246,1.0,341.226411072639,348.09184237975296,345.90139542559336,343.6475263892588,343.4238071542998
582,Puskas,Puskas,Puskas__CPTu 106b,Quaternary,MASW,1.65,166.46592004006249,1.0,205.7648310871678,216.27872164292307,211.6884723393194,209.08138252276188,209.08138252276188
583,Puskas,Puskas,Puskas__CPTu 106b,Quaternary,MASW,2.65,213.10110515722656,1.0,229.1382351098897,249.46940279000273,242.52634417699164,236.06626526227646,236.06626526227646
584,Puskas,Puskas,Puskas__CPTu 106b,Quaternary,MASW,3.5,255.60486092847967,1.0,252.12071662829706,291.0249710210522,279.0304370638743,265.56430794862587,265.56430794862587
585,Puskas,Puskas,Puskas__CPTu 106b,Quaternary,MASW,4.5,214.86118457919997,1.0,243.05524418000232,313.1499812071432,280.2326304917666,263.485194793527,263.485194793527
586,Puskas,Puskas,Puskas__CPTu 106b,Quaternary,MASW,5.75,213.649738774907,1.0,243.7450910307915,282.6283146855757,266.5879637287751,256.00546971111237,256.00546971111237
587,Puskas,Puskas,Puskas__CPTu 106b,Quaternary,MASW,7.15,265.60177278354627,1.0,242.80350451785893,273.34481834170725,256.5501007943755,251.27455162280722,251.27455162280722
588,Puskas,Puskas,Puskas__CPTu 106b,Tertiary,MASW,8.4,285.95755638825125,1.0,240.6435970605229,270.0513416533091,252.77141841642845,248.4798701249655,250.67477831970805
589,Puskas,Puskas,Puskas__CPTu 106b,Tertiary,MASW,9.5,270.55175189310285,1.0,236.83645899124048,258.1378453355153,261.49397101777896,247.15133675118477,248.60775433827726
590,Puskas,Puskas,Puskas__CPTu 106b,Tertiary,MASW,10.5,300.2910177067554,1.0,257.8022979096804,288.91251898797407,283.12187063353633,269.7209689104784,270.9307674347701
591,Puskas,Puskas,Puskas__CPTu 106b,Tertiary,MASW,11.5,329.2169595598079,1.0,277.8966581775194,289.8793145511672,287.87539797257887,282.63749648370975,283.2124318010554
592,Puskas,Puskas,Puskas__CPTu 106b,Tertiary,MASW,12.5,304.37851762332224,1.0,264.9056917910475,273.60705829044383,276.7553269159861,269.71065299246993,270.4719044886265
593,Puskas,Puskas,Puskas__CPTu 106b,Tertiary,MASW,13.75,305.9080287175228,1.0,275.1581213165166,281.4391437936798,284.2225018601241,278.7889120642681,279.3480076361354
594,Puskas,Puskas,Puskas__CPTu 106b,Tertiary,MASW,15.05,339.95832130039133,1.0,293.976297730471,290.68044452247216,294.822960726199,293.7328622367991,293.8644336564118
595,Puskas,Puskas,Puskas__CPTu 106b,Tertiary,MASW,16.05,346.8125163840661,1.0,296.29276235651787,302.8085683449459,302.95505829419886,299.2507586158636,299.3207883206347
596,Puskas,Puskas,Puskas__CPTu 106b,Tertiary,MASW,17.22,396.8175641011732,1.0,348.21114535831947,322.3469706305292,314.2424588618222,333.76551699227497,332.61278460350565
597,Puskas,Puskas,Puskas__CPTu 106b,Tertiary,MASW,17.97,400.8088318143445,1.0,361.38407025812455,333.6329956711736,329.4367845402159,347.30011660674046,346.4081260832907
598,Puskas,Puskas,Puskas__CPTu 106b,Tertiary,MASW,18.5,401.38662122891856,1.0,361.4528895884096,338.1069210022288,331.89511092209585,348.80829245676375,347.88134815714216
599,Puskas,Puskas,Puskas__CPTu 106b,Tertiary,MASW,19.5,387.9174824560795,1.0,363.72601023912136,362.47160447269533,350.52639091416984,359.5284084704386,380.16473055278203
600,Puskas,Puskas,Puskas__CPTu 106b,Tertiary,MASW,20.5,585.5471353150621,1.0,387.1586237256599,398.32192898574027,389.306263171655,389.45874965734066,411.5599990062885
601,Puskas,Puskas,Puskas__CPTu 106b,Tertiary,MASW,21.09,596.7310192112477,1.0,416.71125319020285,424.3033698455561,418.96899652726484,418.5192263898578,435.0094326550196
713,Puskas,Puskas,Puskas__CPTu 107,Quaternary,MASW,1.5,171.0314970781803,1.0,209.13428538286715,226.41222692809868,220.80730132944953,215.11608760092412,215.11608760092412
714,Puskas,Puskas,Puskas__CPTu 107,Quaternary,MASW,2.65,174.830611629113,1.0,207.98904990516306,235.8274975520311,225.65051209972154,217.19124884666314,217.19124884666314
715,Puskas,Puskas,Puskas__CPTu 107,Quaternary,MASW,3.65,282.7262832406957,1.0,209.20609578467432,240.94127741574692,232.87503003313017,220.6680425310108,220.6680425310108
716,Puskas,Puskas,Puskas__CPTu 107,Quaternary,MASW,4.5,306.5356378035019,1.0,224.0309333881484,248.71545767556916,241.64559818653248,232.7975882259681,232.7975882259681
717,Puskas,Puskas,Puskas__CPTu 107,Quaternary,MASW,5.5,312.2893837504623,1.0,223.44714271957395,253.47056492589857,245.83621927461445,234.33061561401243,234.33061561401243
718,Puskas,Puskas,Puskas__CPTu 107,Quaternary,MASW,6.5,262.9702795858493,1.0,227.78934181002256,250.36919041783386,239.91446853598015,234.66452158665703,234.66452158665703
719,Puskas,Puskas,Puskas__CPTu 107,Tertiary,MASW,7.5,222.69904339522503,1.0,217.49253145507274,240.00132456429122,226.7407995747244,223.5040202831532,226.44891402457466
720,Puskas,Puskas,Puskas__CPTu 107,Tertiary,MASW,8.5,255.54170957214,1.0,241.90228017628743,266.3852050019179,259.89932981039385,250.7668023513024,252.822040969029
721,Puskas,Puskas,Puskas__CPTu 107,Tertiary,MASW,9.5,279.65852833582034,1.0,264.53612927825975,287.73956660635093,292.1903361353411,276.0046756093297,277.36748095658476
722,Puskas,Puskas,Puskas__CPTu 107,Tertiary,MASW,10.5,273.2041046674423,1.0,268.4152399935246,301.93059322335483,302.6856396883181,283.22237281172704,284.54488714732594
723,Puskas,Puskas,Puskas__CPTu 107,Tertiary,MASW,11.5,381.6608848999902,1.0,258.45614050314975,284.94913365934934,288.4758106117255,271.05704033925116,272.2817824452179
724,Puskas,Puskas,Puskas__CPTu 107,Tertiary,MASW,12.21,449.10579272697487,1.0,313.67079158354414,343.8104569238115,339.86428200091586,325.7618807211672,326.71699926233174
725,Puskas,Puskas,Puskas__CPTu 108,Quaternary,MASW,1.5,168.69504845605218,1.0,211.76729187391234,233.48636123602827,223.2582039086799,218.3251871205387,218.3251871205387
726,Puskas,Puskas,Puskas__CPTu 108,Quaternary,MASW,2.45,207.9253707484521,1.0,234.787926000042,249.228958014449,247.49330118836124,240.6747212858724,240.6747212858724
727,Puskas,Puskas,Puskas__CPTu 108,Quaternary,MASW,3.2,257.99427658201216,1.0,237.98785012826238,290.8715865592058,275.2008123753185,256.1859102269267,256.1859102269267
728,Puskas,Puskas,Puskas__CPTu 108,Quaternary,MASW,3.75,320.2919012268393,1.0,258.23694562260454,332.1657635563118,296.80509880448744,279.6113165134671,279.6113165134671
729,Puskas,Puskas,Puskas__CPTu 108,Quaternary,MASW,4.75,310.9060148185139,1.0,251.75413970285496,316.99013654017307,283.5578740486365,270.07632606508497,270.07632606508497
730,Puskas,Puskas,Puskas__CPTu 108,Quaternary,MASW,6.15,291.42084093425814,1.0,238.087261907183,289.5828280267693,268.3521803528695,254.14545505385524,254.14545505385524
731,Puskas,Puskas,Puskas__CPTu 108,Quaternary,MASW,7.1,248.00923213838368,1.0,243.0528254728817,273.4055644252304,257.7685206424072,251.7824393727661,251.7824393727661
732,Puskas,Puskas,Puskas__CPTu 108,Tertiary,MASW,7.95,222.89708592256488,1.0,219.55670207125533,246.5286217497852,239.5365229405271,229.32019836857472,231.4427381294571
733,Puskas,Puskas,Puskas__CPTu 108,Tertiary,MASW,9.05,254.90147403751453,1.0,254.96651549446295,291.8073174808938,282.3555531091137,268.2681155453244,269.854925911061
734,Puskas,Puskas,Puskas__CPTu 108,Tertiary,MASW,10.05,297.3943196732986,1.0,286.66493388097945,322.2114698884662,319.55406436411334,301.39807026641864,302.7194802107202
735,Puskas,Puskas,Puskas__CPTu 108,Tertiary,MASW,11.2,348.0762091527139,1.0,280.8257736941297,308.5334188584971,308.6618039917101,293.0087090529493,295.0692967765777
736,Puskas,Puskas,Puskas__CPTu 108,Tertiary,MASW,12.35,412.7767692618326,1.0,316.97973424792264,374.9510235119257,358.0230587921415,337.16058946030023,340.69730706232895
737,Puskas,Puskas,Puskas__CPTu 108,Tertiary,MASW,13.1,401.7184754897793,1.0,315.75655707078505,343.46802312393305,338.7622361405353,326.58426151742106,330.73257423462337
738,Puskas,Puskas,Puskas__CPTu 108,Tertiary,MASW,13.7,412.2886177356382,1.0,325.3206946386238,385.773544797454,366.76585748428624,345.96962138998475,350.81075264116134
739,Puskas,Puskas,Puskas__CPTu 108,Tertiary,MASW,14.5,417.8024253946145,1.0,333.4904448784455,394.90543203820164,368.39814885782687,352.4236665702974,407.91730998731384
740,Puskas,Puskas,Puskas__CPTu 108,Tertiary,MASW,15.5,407.0297928643518,1.0,322.8327233249537,341.1790561175477,341.3983253627146,331.0270035259082,331.4362676730617
741,Puskas,Puskas,Puskas__CPTu 108,Tertiary,MASW,16.5,415.2533959964566,1.0,296.30013278521136,303.34596453712663,299.914364641369,298.4299655428362,298.48516524611716
742,Puskas,Puskas,Puskas__CPTu 108,Tertiary,MASW,17.5,431.8171552529777,1.0,312.02682123002194,315.1340556298431,314.0589477249725,313.1001040033025,313.06485136899335
743,Puskas,Puskas,Puskas__CPTu 108,Tertiary,MASW,18.95,509.5914898045308,1.0,379.0829099825647,344.1306906149659,351.37055783826503,365.20938936876644,383.9356358991207
744,Puskas,Puskas,Puskas__CPTu 108,Tertiary,MASW,20.2,584.1761783677528,1.0,432.4707273288102,430.9839939572526,417.24028334247737,427.62317614772905,437.6853758135512
745,Puskas,Puskas,Puskas__CPTu 108,Tertiary,MASW,20.75,552.889172343808,1.0,416.31947342354556,453.8141327137496,425.941747344413,424.64055030788757,445.18954248183127
746,Puskas,Puskas,Puskas__CPTu 108,Tertiary,MASW,21.5,532.4758537595809,1.0,420.4824356255449,394.98123543465675,395.216763784072,408.8823833434077,421.3065966209826
747,Puskas,Puskas,Puskas__CPTu 108,Tertiary,MASW,22.5,483.0520047601885,1.0,398.44861150383053,372.66406768392,367.88095233993135,385.1364237713146,386.3500975748635
748,Puskas,Puskas,Puskas__CPTu 108,Tertiary,MASW,23.75,475.8107531307998,1.0,402.1765568701616,377.3448461167457,370.7067761785025,388.7309629998539,385.94460561074635
749,Puskas,Puskas,Puskas__CPTu 108,Tertiary,MASW,25.05,509.99439501805966,1.0,438.74046525618394,365.20797362683345,373.5879885237159,406.7364926209445,395.7424371982374
750,Puskas,Puskas,Puskas__CPTu 108,Tertiary,MASW,25.8,516.6209043516516,1.0,447.8665807252541,372.35736761939506,381.74822289112376,415.2492543978384,405.6549473672285
751,Puskas,Puskas,Puskas__CPTu 108,Tertiary,MASW,26.55,508.4925168924642,1.0,451.7005448582857,375.139890877588,386.78370712031574,419.3119857224568,406.13555367728713
752,Puskas,Puskas,Puskas__CPTu 108,Tertiary,MASW,27.215,473.2015957908107,1.0,429.37971921090804,374.0345892797243,392.05149370916916,409.2630523428222,405.8457755931649
753,Puskas,Puskas,Puskas__CPTu 109,Quaternary,MASW,1.5,154.20132929995023,1.0,189.44089909964336,191.42626689188108,191.39987064043123,190.3238796192525,190.3238796192525
754,Puskas,Puskas,Puskas__CPTu 109,Quaternary,MASW,2.25,183.7380946685475,1.0,208.88710397953056,222.7388823218141,218.22928134769526,213.69517088877222,213.69517088877222
755,Puskas,Puskas,Puskas__CPTu 109,Quaternary,MASW,2.9,195.28916953321456,1.0,228.83209503134046,241.53861760320262,235.3598572345983,232.64944414411355,232.64944414411355
756,Puskas,Puskas,Puskas__CPTu 109,Quaternary,MASW,3.7,295.06869709530383,1.0,232.95829033095936,267.77059119424587,261.0267477299486,246.13474776825433,246.13474776825433
757,Puskas,Puskas,Puskas__CPTu 109,Quaternary,MASW,5.0,302.040380113818,1.0,243.690897657541,299.7494798283876,269.3284315889944,259.0359525386212,259.0359525386212
758,Puskas,Puskas,Puskas__CPTu 109,Quaternary,MASW,5.95,290.78809470704414,1.0,235.0062678141204,303.16255621535663,274.896563727388,255.915047335486,255.915047335486
759,Puskas,Puskas,Puskas__CPTu 109,Quaternary,MASW,6.5,285.1093118356397,1.0,245.90702197589331,308.2444271813895,276.50988009705924,263.4944626457602,263.4944626457602
760,Puskas,Puskas,Puskas__CPTu 109,Quaternary,MASW,7.5,240.57421175402212,1.0,265.5178671243012,293.44458359350114,273.64567162255304,271.9800520231949,271.9800520231949
761,Puskas,Puskas,Puskas__CPTu 109,Tertiary,MASW,8.5,229.16979180981505,1.0,231.9400139609261,268.6345349859585,266.1169343540734,247.08856861203222,249.36226998866093
762,Puskas,Puskas,Puskas__CPTu 109,Tertiary,MASW,9.9,280.50292776260176,1.0,283.05449330583855,317.67595055647655,313.6306664889076,296.9967769941651,298.529639410022
763,Puskas,Puskas,Puskas__CPTu 109,Tertiary,MASW,11.2,389.1176536775279,1.0,301.1557006161209,339.704472066742,333.76433901059085,316.2512626020919,317.4206705863742
764,Puskas,Puskas,Puskas__CPTu 109,Tertiary,MASW,11.8,366.3946567236064,1.0,290.8400114726613,317.7605037101419,312.9204337100784,301.2693486813432,302.66937103961493
765,Puskas,Puskas,Puskas__CPTu 109,Tertiary,MASW,12.5,415.2952021326748,1.0,327.97819047645294,392.9360926203568,358.93666269096036,346.23292561375536,349.12481993132707
766,Puskas,Puskas,Puskas__CPTu 109,Tertiary,MASW,13.5,416.89764952808366,1.0,338.39808963467897,441.43029907865656,386.82483522955584,366.5801732119374,425.31604178763547
767,Puskas,Puskas,Puskas__CPTu 109,Tertiary,MASW,14.9,401.2370520208633,1.0,339.523994729062,450.1110983064099,391.39365225662,369.6245860641802,428.011358153929
768,Puskas,Puskas,Puskas__CPTu 109,Tertiary,MASW,16.15,473.1945423642119,1.0,349.10696757150504,478.77124044764236,395.052844459008,379.8769568923244,430.5940735274785
769,Puskas,Puskas,Puskas__CPTu 109,Tertiary,MASW,16.9,475.4318888902732,1.0,357.28374453958656,400.1180989540627,380.0652189452685,370.20557908003974,408.2964354126352
770,Puskas,Puskas,Puskas__CPTu 109,Tertiary,MASW,17.9,497.3965333145044,1.0,386.07831592674256,434.8186719315849,423.4318044278412,404.06640708718277,432.3797246781691
771,Puskas,Puskas,Puskas__CPTu 109,Tertiary,MASW,19.05,488.5508029322555,1.0,398.86289674245205,446.74905495644015,423.8910596126117,413.1795562440652,437.7400194691251
772,Puskas,Puskas,Puskas__CPTu 109,Tertiary,MASW,19.8,468.0945771377496,1.0,393.84768207757685,433.39121601006906,421.30815742137617,407.7017144702724,434.7968180622751
773,Puskas,Puskas,Puskas__CPTu 109,Tertiary,MASW,20.5,474.3049527618691,1.0,402.94499446932645,434.740186179998,426.62162702304977,414.6030562726137,438.91902587401256
774,Puskas,Puskas,Puskas__CPTu 109,Tertiary,MASW,21.5,509.46030729542105,1.0,412.37498390802375,443.5817898237811,436.49993895619866,424.084191754762,445.99726110973296
775,Puskas,Puskas,Puskas__CPTu 109,Tertiary,MASW,22.75,508.9807292766628,1.0,421.7779298986695,449.71752087102726,437.6718119645558,430.6075719186704,446.72174916201266
776,Puskas,Puskas,Puskas__CPTu 109,Tertiary,MASW,23.75,558.4984862565876,1.0,465.67493078535796,456.2233045049148,447.7839603266555,458.820434735312,461.9896830070331
777,Puskas,Puskas,Puskas__CPTu 109,Tertiary,MASW,24.5,486.2469479510288,1.0,440.6716567375237,430.9477980974435,427.53134012645984,435.2285755224342,448.44969542223964
778,Puskas,Puskas,Puskas__CPTu 109,Tertiary,MASW,25.5,468.82748348780166,1.0,411.53362149288813,408.41159392023883,410.92378644643884,410.88096384436716,421.2309162520503
779,Puskas,Puskas,Puskas__CPTu 109,Tertiary,MASW,26.5,493.6580005594871,1.0,440.2653269489106,395.29844292251533,400.0183332655004,420.9259497975698,416.6322920538623
780,Puskas,Puskas,Puskas__CPTu 109,Tertiary,MASW,27.66,504.2900797769235,1.0,528.5214755443315,393.7099143577539,413.65072295317,469.8411386504099,458.13360165113056
781,Puskas,Puskas,Puskas__CPTu 110,Quaternary,MASW,1.5,200.39827423258905,1.0,209.72601943989417,236.3591790191988,235.27022740283812,221.01143039408117,221.01143039408117
782,Puskas,Puskas,Puskas__CPTu 110,Quaternary,MASW,2.45,145.81757350484608,1.0,164.61764956079494,182.84957721642502,184.67958399328478,173.10187752300257,173.10187752300257
783,Puskas,Puskas,Puskas__CPTu 110,Quaternary,MASW,3.05,189.85635815921648,1.0,191.5578774007055,218.9602370584113,224.05690400933793,204.84590956911754,204.84590956911754
784,Puskas,Puskas,Puskas__CPTu 110,Quaternary,MASW,3.85,310.9234013659034,1.0,242.8174943640479,267.99374134450085,249.69456499941813,248.5108815155605,248.5108815155605
785,Puskas,Puskas,Puskas__CPTu 110,Quaternary,MASW,5.05,302.5591536137546,1.0,242.9578762992611,276.11130401338306,265.83908172391614,254.44288841082502,254.44288841082502
786,Puskas,Puskas,Puskas__CPTu 110,Quaternary,MASW,5.949999999999999,276.71814675465174,1.0,228.2774598097974,275.22153674281265,264.38017369238804,245.34414292204036,245.34414292204036
787,Puskas,Puskas,Puskas__CPTu 110,Quaternary,MASW,6.85,270.6218527389317,1.0,242.68565336502385,301.6623180468299,275.9238509542329,260.57886566026394,260.57886566026394
788,Puskas,Puskas,Puskas__CPTu 110,Quaternary,MASW,7.8,240.10991579143212,1.0,249.61521790918687,302.3341561249233,274.2001577472229,264.23629701583536,264.23629701583536
789,Puskas,Puskas,Puskas__CPTu 110,Tertiary,MASW,8.6,259.15796461510746,1.0,256.8873377339253,287.00487960848756,281.2664999612145,268.3967660339014,272.7860717712694
790,Puskas,Puskas,Puskas__CPTu 110,Tertiary,MASW,9.5,276.2420718485685,1.0,267.48758479866353,298.4180456149269,295.81456317377445,280.2506468717888,282.6282333309693
791,Puskas,Puskas,Puskas__CPTu 110,Tertiary,MASW,10.5,242.73062414832853,1.0,260.2382574320828,293.9708184766768,293.2779755817081,274.71577359524434,276.0849426902029
792,Puskas,Puskas,Puskas__CPTu 110,Tertiary,MASW,11.65,417.0864828726228,1.0,308.57081750959827,343.2903692016549,330.181717211328,319.9781459444468,320.883454553118
793,Puskas,Puskas,Puskas__CPTu 110,Tertiary,MASW,12.9,357.01092228030126,1.0,285.489828230974,296.4956118650227,299.4140462621639,291.24551300228785,291.5992821204605
794,Puskas,Puskas,Puskas__CPTu 110,Tertiary,MASW,14.05,404.08198793474,1.0,321.7920498772727,332.63378581625625,330.65367714296,326.04187462242777,326.4446373830001
795,Puskas,Puskas,Puskas__CPTu 110,Tertiary,MASW,14.8,395.3061842804448,1.0,321.7399555590891,389.7091441050327,347.78975921637516,338.9486238730565,342.79920471486156
796,Puskas,Puskas,Puskas__CPTu 110,Tertiary,MASW,15.5,484.57396015852,1.0,367.9451820072669,483.7822003545837,435.4256449072563,403.2295955660255,445.71291816659567
797,Puskas,Puskas,Puskas__CPTu 110,Tertiary,MASW,16.5,477.2386325952831,1.0,366.8252493768741,411.2920193074379,392.2845689469236,380.76365029750406,413.3845925808416
798,Puskas,Puskas,Puskas__CPTu 110,Tertiary,MASW,17.5,443.3628887189915,1.0,363.5498991399767,411.448676704089,393.54584258453906,379.276701036084,417.07928468008254
799,Puskas,Puskas,Puskas__CPTu 110,Tertiary,MASW,19.0,469.2945504406817,1.0,375.8106080021,430.1395616967771,422.87947863612675,397.31902444631174,431.58860628473803
800,Puskas,Puskas,Puskas__CPTu 110,Tertiary,MASW,20.5,527.5931660235888,1.0,411.92496486102243,446.3388917364461,426.36274596678703,421.24372752275804,444.9438875305147
801,Puskas,Puskas,Puskas__CPTu 110,Tertiary,MASW,21.75,511.7728837949055,1.0,438.2659563364912,437.6004666191431,437.5271225979162,437.94433791759343,449.02532256969573
802,Puskas,Puskas,Puskas__CPTu 110,Tertiary,MASW,22.25,481.0034745008721,1.0,430.96862201399074,447.19602441091826,435.86631839047,434.83629960053037,449.730706691469
803,Puskas,Puskas,Puskas__CPTu 110,Tertiary,MASW,22.36,462.4689505029692,1.0,427.07553961585313,440.45043067955174,430.64952382365976,430.12960110839697,446.2038934469844
825,Puskas,Puskas,Puskas__CPTu 112,Quaternary,MASW,1.5,247.8565513133917,1.0,208.9395789101097,221.3833037692721,224.82075920211616,215.44382252437,215.44382252437
826,Puskas,Puskas,Puskas__CPTu 112,Quaternary,MASW,2.15,206.6398675684603,1.0,181.3002624491301,189.19192303042703,189.64447085359888,184.9424396715395,184.9424396715395
827,Puskas,Puskas,Puskas__CPTu 112,Quaternary,MASW,2.75,192.14192162642937,1.0,160.7664817304986,188.42457494098312,192.43581952679628,173.76565227825984,173.76565227825984
828,Puskas,Puskas,Puskas__CPTu 112,Quaternary,MASW,3.85,188.58858106312715,1.0,166.50939117051337,205.36576885305504,207.91316144245084,183.66868052435035,183.66868052435035
829,Puskas,Puskas,Puskas__CPTu 112,Quaternary,MASW,4.75,211.57719445603627,1.0,209.06323881830974,233.17971182815876,228.41997857196958,218.2360844146543,218.2360844146543
830,Puskas,Puskas,Puskas__CPTu 112,Quaternary,MASW,5.75,260.796572749255,1.0,250.9335167783687,262.9769112499697,258.33721938378756,254.91829642066577,254.91829642066577
831,Puskas,Puskas,Puskas__CPTu 112,Quaternary,MASW,7.45,266.3152922379172,1.0,250.46855554407648,304.16719329773184,279.03341782414157,266.3655083163722,266.3655083163722
832,Puskas,Puskas,Puskas__CPTu 112,Quaternary,MASW,9.0,293.1036579652522,1.0,268.1573516206356,304.134624875032,290.04154036613784,279.77717463806425,279.77717463806425
833,Puskas,Puskas,Puskas__CPTu 112,Tertiary,MASW,10.1,298.53842624504034,1.0,276.3774711969521,298.08899887292466,299.2200474386172,286.2698100551373,287.6301051641943
834,Puskas,Puskas,Puskas__CPTu 112,Tertiary,MASW,11.05,313.2235594030481,1.0,297.9897991480494,322.95444528399054,320.3069531558506,308.2136499367594,309.18649573218966
835,Puskas,Puskas,Puskas__CPTu 112,Tertiary,MASW,12.05,389.4859402882468,1.0,313.96598016292194,384.7894189661581,343.68060926369424,332.59476023010626,335.5469767860796
836,Puskas,Puskas,Puskas__CPTu 112,Tertiary,MASW,12.85,448.3076900062492,1.0,314.48242875514774,374.49260995564197,355.86437110982064,335.02703371014024,339.80595821762904
837,Puskas,Puskas,Puskas__CPTu 112,Tertiary,MASW,13.5,456.5124040212682,1.0,323.10931546260446,378.6879043910559,359.8461554262662,341.75862894328276,345.59852385205164
838,Puskas,Puskas,Puskas__CPTu 112,Tertiary,MASW,14.4,434.7889089919266,1.0,322.09381208134874,327.1330013642499,329.0170592480993,324.9110550621377,325.75369124702695
839,Puskas,Puskas,Puskas__CPTu 112,Tertiary,MASW,15.4,413.5995258322484,1.0,327.9301642175301,336.25512772535416,317.4656819183585,325.9786256588596,325.6430802214296
840,Puskas,Puskas,Puskas__CPTu 112,Tertiary,MASW,16.2,413.57480049432417,1.0,335.7337570875258,325.32347648470744,314.81290299790066,327.7633001397015,327.2480327791025
841,Puskas,Puskas,Puskas__CPTu 112,Tertiary,MASW,16.75,395.7007209996854,1.0,320.0056660972367,318.79257486474205,310.60821884543725,316.9763280077701,316.85452198505027
842,Puskas,Puskas,Puskas__CPTu 112,Tertiary,MASW,17.5,398.7051358684919,1.0,343.4645461920822,325.8720915797647,319.8122649340812,333.5497830276569,333.0780825233789
843,Puskas,Puskas,Puskas__CPTu 112,Tertiary,MASW,18.5,433.7863395722361,1.0,383.86981921853635,351.3522394299476,342.3916437098647,366.0324076040768,381.48726920996893
844,Puskas,Puskas,Puskas__CPTu 112,Tertiary,MASW,19.5,446.826169371082,1.0,396.73100829446213,386.21786689009764,368.9683096473908,386.62902515781826,407.6461084212377
845,Puskas,Puskas,Puskas__CPTu 112,Tertiary,MASW,20.5,374.5451847602716,1.0,345.8384817443583,344.6361477645122,344.3855338403042,345.2215657396916,345.027120193997
846,Puskas,Puskas,Puskas__CPTu 112,Tertiary,MASW,21.5,378.6468007107174,1.0,362.51719704610275,359.59228752855137,352.6137512705668,359.0807024783466,371.0216610589537
847,Puskas,Puskas,Puskas__CPTu 112,Tertiary,MASW,22.5,436.70603389526303,1.0,409.1738004312419,362.99684105967793,364.433311236974,388.1683725905948,384.5988893538514
848,Puskas,Puskas,Puskas__CPTu 112,Tertiary,MASW,23.5,537.9545240284157,1.0,441.77654422038876,372.67243871108764,368.7705398453025,407.93166361019274,406.5765682063146
849,Puskas,Puskas,Puskas__CPTu 112,Tertiary,MASW,24.5,486.7362618040775,1.0,413.4855377231249,379.879734319381,388.6405252171664,400.74168726038454,402.8942291292117
850,Puskas,Puskas,Puskas__CPTu 112,Tertiary,MASW,25.545,519.6919159437585,1.0,448.4006054800551,376.59868243788793,396.801045886608,421.08528646389715,424.9730119491969
851,Puskas,Puskas,Puskas__CPTu 113,Quaternary,MASW,1.5,218.4920718549121,1.0,203.32077361813316,207.05310748818127,213.1993755551106,206.79879596084217,206.79879596084217
852,Puskas,Puskas,Puskas__CPTu 113,Quaternary,MASW,2.25,235.1311823772301,1.0,214.08792601120328,216.02486619892053,213.7515537012204,214.27625232427633,214.27625232427633
853,Puskas,Puskas,Puskas__CPTu 113,Quaternary,MASW,2.85,209.8338655995791,1.0,189.17814608932218,193.75428308220256,203.17783701075103,193.9677943488665,193.9677943488665
854,Puskas,Puskas,Puskas__CPTu 113,Quaternary,MASW,3.85,210.7831944833367,1.0,201.33891366983445,230.6078680949609,226.4790525432337,212.86280293555328,212.86280293555328
855,Puskas,Puskas,Puskas__CPTu 113,Quaternary,MASW,5.05,249.12116863907616,1.0,234.685777720362,254.78528767526473,248.7588496571829,241.7839332684198,241.7839332684198
856,Puskas,Puskas,Puskas__CPTu 113,Quaternary,MASW,6.0,231.3198506695236,1.0,225.88385385154888,278.1433808025626,262.119740779823,243.68403772891998,243.68403772891998
857,Puskas,Puskas,Puskas__CPTu 113,Quaternary,MASW,7.1,254.818943702389,1.0,238.97580810446604,298.48888554716257,272.41218236313017,256.981493447187,256.981493447187
858,Puskas,Puskas,Puskas__CPTu 113,Quaternary,MASW,8.25,351.6203146859859,1.0,259.18506569071843,284.2089372844167,267.48578212863333,265.2902908989823,265.2902908989823
859,Puskas,Puskas,Puskas__CPTu 113,Tertiary,MASW,9.25,301.42449401020934,1.0,249.33007168798392,281.09568812676514,274.10382050806936,261.1732649663641,263.24619356082843
860,Puskas,Puskas,Puskas__CPTu 113,Tertiary,MASW,10.15,292.7843806065131,1.0,257.18794919849597,288.360580848703,283.1503051811238,269.29812674697644,270.7967227917359
861,Puskas,Puskas,Puskas__CPTu 113,Tertiary,MASW,11.0,292.4659929065777,1.0,263.8301440757971,283.02105934664695,283.66588997852915,272.4854868245004,273.59712008954216
862,Puskas,Puskas,Puskas__CPTu 113,Tertiary,MASW,12.0,298.68228205638707,1.0,252.76545437452424,273.6697424382497,275.9978257492003,262.63370530023803,263.7947892419911
863,Puskas,Puskas,Puskas__CPTu 113,Tertiary,MASW,13.0,378.1991934507872,1.0,281.49753098390346,303.90722550843293,296.54185010956513,289.23308922367636,289.95601595330635
864,Puskas,Puskas,Puskas__CPTu 113,Tertiary,MASW,14.0,387.6000048615877,1.0,301.5835978669802,291.3471333445506,294.33909690877186,297.844951528442,297.63942847703936
865,Puskas,Puskas,Puskas__CPTu 113,Tertiary,MASW,15.05,455.8586003549698,1.0,366.0978907030817,484.18074253781117,427.59283857611985,399.9804165705545,445.51951881942307
866,Puskas,Puskas,Puskas__CPTu 113,Tertiary,MASW,16.15,484.6370874975657,1.0,366.5261516543481,446.66954196619463,418.4285493136821,392.8638563499276,433.30554878580034
867,Puskas,Puskas,Puskas__CPTu 113,Tertiary,MASW,17.1,462.0016359922432,1.0,359.5780816361092,414.8692229775619,394.17140340589617,377.6404294916217,412.75834840625544
868,Puskas,Puskas,Puskas__CPTu 113,Tertiary,MASW,17.75,385.3383512141156,1.0,364.35764378631455,457.0364773012005,420.08110603575483,393.39869133958126,436.84219499540376
869,Puskas,Puskas,Puskas__CPTu 113,Tertiary,MASW,18.5,421.9505280282337,1.0,405.161216775901,485.34966024818414,452.2356611430228,430.24217257129015,457.3989903977231
870,Puskas,Puskas,Puskas__CPTu 113,Tertiary,MASW,19.5,372.45822962193984,1.0,372.8977387252412,417.3881970256742,408.1375314751942,389.67033688439636,423.87893639947316
871,Puskas,Puskas,Puskas__CPTu 113,Tertiary,MASW,20.64,438.658819466712,1.0,416.5309924048751,439.91261026225953,436.36620944950414,425.85948270406976,447.14925579220727
872,Puskas,Puskas,Puskas__CPTu 114,Quaternary,MASW,1.5,224.75092393174705,1.0,213.42243425083072,222.65886899948984,225.36925165221277,218.3214648315949,218.3214648315949
873,Puskas,Puskas,Puskas__CPTu 114,Quaternary,MASW,2.25,224.13193179464807,1.0,215.27808210751337,218.1194010530851,211.11536912353648,214.4420737420435,214.4420737420435
874,Puskas,Puskas,Puskas__CPTu 114,Quaternary,MASW,2.85,186.43379476265693,1.0,182.14119121986815,185.41562152081787,189.77735083975352,184.89269682616884,184.89269682616884
875,Puskas,Puskas,Puskas__CPTu 114,Quaternary,MASW,3.6,197.16634393812143,1.0,196.2276858589582,215.6308711929335,218.7149094156114,205.60719704765714,205.60719704765714
876,Puskas,Puskas,Puskas__CPTu 114,Quaternary,MASW,4.5,220.3446748699139,1.0,223.99674248751194,248.23286558437087,238.55009316135374,231.81188884202044,231.81188884202044
877,Puskas,Puskas,Puskas__CPTu 114,Quaternary,MASW,5.6,238.76717286650103,1.0,238.18000587533874,271.0071761293763,262.82314541964496,250.11752187167366,250.11752187167366
878,Puskas,Puskas,Puskas__CPTu 114,Quaternary,MASW,6.75,252.71605577583384,1.0,253.2846655296395,304.80511565719274,279.8663998448196,268.33261289625557,268.33261289625557
879,Puskas,Puskas,Puskas__CPTu 114,Quaternary,MASW,7.85,296.36910100833444,1.0,256.7125286344906,307.98571064563527,279.8174238378589,270.73094349790597,270.73094349790597
880,Puskas,Puskas,Puskas__CPTu 114,Tertiary,MASW,8.7,298.751297713141,1.0,262.35733435214826,290.7627261469215,286.4064026955976,273.5375116634353,277.01455246322683
881,Puskas,Puskas,Puskas__CPTu 114,Tertiary,MASW,9.5,273.3427491900246,1.0,258.3439204366121,291.4971965966562,286.2785769185442,271.2944113850455,273.09838387946763
882,Puskas,Puskas,Puskas__CPTu 114,Tertiary,MASW,10.5,274.4851564238781,1.0,265.22373229788684,298.8561377484485,292.4474535480187,278.0484576909193,279.74745546858327
883,Puskas,Puskas,Puskas__CPTu 114,Tertiary,MASW,11.6,349.02458754476305,1.0,333.029760223473,401.2788029857121,377.78126771647834,355.6761409784114,405.15752496893657
884,Puskas,Puskas,Puskas__CPTu 114,Tertiary,MASW,12.9,455.37679631018045,1.0,327.7107739137429,386.99793084329497,363.3963394142084,346.5695135006272,351.0480460979066
885,Puskas,Puskas,Puskas__CPTu 114,Tertiary,MASW,14.05,444.89322672508666,1.0,337.5238416919228,418.1949423292497,379.6182490503188,361.0591799873651,412.0442814952255
886,Puskas,Puskas,Puskas__CPTu 114,Tertiary,MASW,14.85,419.3373064047892,1.0,343.80155364919153,457.83217317860897,383.5756702638354,370.8775721320305,420.76824446678086
887,Puskas,Puskas,Puskas__CPTu 114,Tertiary,MASW,15.6,413.0622284277911,1.0,342.54688078085695,466.44027934531607,389.0296974572695,372.7436409806199,430.04096119524854
888,Puskas,Puskas,Puskas__CPTu 114,Tertiary,MASW,16.5,405.4488297502153,1.0,349.6856241269009,449.5966881268722,392.08195989944755,375.8021858067976,426.07074410410337
889,Puskas,Puskas,Puskas__CPTu 114,Tertiary,MASW,17.5,405.0860597221328,1.0,371.47522645117573,524.6497050718032,450.48678316221196,414.5209186399222,462.8265437975214
890,Puskas,Puskas,Puskas__CPTu 114,Tertiary,MASW,18.5,422.1799813005418,1.0,398.6750325274761,483.0108008041874,444.1654630709125,423.83560084825007,452.6431905830961
891,Puskas,Puskas,Puskas__CPTu 114,Tertiary,MASW,19.5,378.765919590836,1.0,384.1534329374398,417.92074270931806,403.5117035051557,394.8194370498049,423.4103914732959
892,Puskas,Puskas,Puskas__CPTu 114,Tertiary,MASW,20.5,414.0643271634791,1.0,423.40247817381805,480.61227659201995,455.7016681085616,441.1515221945402,460.2149832222872
893,Puskas,Puskas,Puskas__CPTu 114,Tertiary,MASW,21.5,410.2344894035193,1.0,418.4966676636777,454.33987768924095,440.861694424994,430.3565729882703,449.06199827533493
894,Puskas,Puskas,Puskas__CPTu 114,Tertiary,MASW,22.55,461.6075672095514,1.0,428.8319335587619,429.67639520997557,428.4721784513183,428.8505068243824,444.5366805524208
662,Puskas,Puskas,Puskas__CPTu 115B,Quaternary,MASW,1.5,177.5775357627264,1.0,207.99073901282185,230.6664777411906,221.06500883808607,215.14332352038457,215.14332352038457
663,Puskas,Puskas,Puskas__CPTu 115B,Quaternary,MASW,2.85,194.80249713462203,1.0,201.14772790848366,233.33362894865547,227.5982830855732,213.44236138925768,213.44236138925768
664,Puskas,Puskas,Puskas__CPTu 115B,Quaternary,MASW,4.1,273.90570076495567,1.0,209.12581892161498,241.61166220362048,236.67783854527656,221.78857591301815,221.78857591301815
665,Puskas,Puskas,Puskas__CPTu 115B,Quaternary,MASW,4.9,292.45199750297326,1.0,228.69393349161152,252.33175448718305,244.971321359236,236.93019611986878,236.93019611986878
666,Puskas,Puskas,Puskas__CPTu 115B,Quaternary,MASW,5.85,307.64613531995786,1.0,240.24122426929515,250.4227739029558,247.01934829132242,243.76789525716669,243.76789525716669
667,Puskas,Puskas,Puskas__CPTu 115B,Tertiary,MASW,7.1,263.54741981739886,1.0,205.78032080238583,234.55683318262342,227.10299930473187,216.16042539525512,218.73345211744726
668,Puskas,Puskas,Puskas__CPTu 115B,Tertiary,MASW,8.15,296.4455748931434,1.0,251.99893817666637,288.4579504910997,274.90564464308113,263.95917674420167,266.2466486502214
669,Puskas,Puskas,Puskas__CPTu 115B,Tertiary,MASW,9.15,313.7495228555593,1.0,275.10427517526796,292.7201069466052,295.23602903574994,283.6235094992452,286.5744998530754
670,Puskas,Puskas,Puskas__CPTu 115B,Tertiary,MASW,10.15,279.609921790994,1.0,272.5961215883525,309.828339499139,299.2701057321558,285.77418307667625,290.25944896204055
671,Puskas,Puskas,Puskas__CPTu 115B,Tertiary,MASW,10.9,271.70906152072064,1.0,280.76901272339876,320.7135649075267,310.9778230766638,295.34421681758437,299.80947838105027
672,Puskas,Puskas,Puskas__CPTu 115B,Tertiary,MASW,11.9,294.8011092106114,1.0,303.0751712940199,359.1660228143325,342.4136672724496,322.48707393916084,326.27694652909923
673,Puskas,Puskas,Puskas__CPTu 115B,Tertiary,MASW,13.0,299.7397989861046,1.0,314.96403230883345,336.0729561510178,334.5999790780361,323.86673032414427,324.7952841273352
674,Puskas,Puskas,Puskas__CPTu 115B,Tertiary,MASW,14.05,274.7841072091833,1.0,301.5593708864707,309.64506042176885,308.2053693741511,304.7451056241278,305.69451789491745
675,Puskas,Puskas,Puskas__CPTu 115B,Tertiary,MASW,15.0,336.55568493216555,1.0,346.32109604724633,411.68011906286034,362.069495996841,360.1927660644525,412.57295476388356
676,Puskas,Puskas,Puskas__CPTu 115B,Tertiary,MASW,16.05,462.3761512596194,1.0,362.7221381499398,513.7204141400399,432.5476217876171,402.88856086248506,453.5852567318642
677,Puskas,Puskas,Puskas__CPTu 115B,Tertiary,MASW,17.25,435.65513361182826,1.0,356.6218106554081,458.2673520077,403.5702465772104,384.2889751313329,431.5785629104222
678,Puskas,Puskas,Puskas__CPTu 115B,Tertiary,MASW,18.0,513.5264931671679,1.0,415.50472786246667,522.4532030777037,469.07780332148644,445.9614898075263,476.8926496719643
679,Puskas,Puskas,Puskas__CPTu 115B,Tertiary,MASW,18.8,465.7402513651255,1.0,398.8759915613746,450.433963505288,432.4094814299404,416.17316675061204,448.44884657487677
680,Puskas,Puskas,Puskas__CPTu 115B,Tertiary,MASW,19.85,382.9857694236487,1.0,353.25949355657974,399.21180525389457,380.07160424445215,367.7830809577191,399.3045846611034
681,Puskas,Puskas,Puskas__CPTu 115B,Tertiary,MASW,20.9,484.74342284797984,1.0,465.7752157462525,502.6365750650512,482.08953882942603,476.0180621409899,494.926484027702
682,Puskas,Puskas,Puskas__CPTu 115B,Tertiary,MASW,21.9,413.1132090436036,1.0,429.9508864982884,442.3668375877519,435.67643552749973,433.50785625952034,450.89901656389657
683,Puskas,Puskas,Puskas__CPTu 116B,Quaternary,MASW,1.5,165.17598579807225,1.0,195.578923968194,205.8369011110813,207.31805005743846,200.56112114570303,200.56112114570303
684,Puskas,Puskas,Puskas__CPTu 116B,Quaternary,MASW,2.25,182.48225149002965,1.0,203.9577466135323,207.60200549613546,210.38091794780027,206.41143266488615,206.41143266488615
685,Puskas,Puskas,Puskas__CPTu 116B,Quaternary,MASW,3.1,211.939798054941,1.0,193.52517194688332,192.84636801175762,203.42212877908784,196.33909377980964,196.33909377980964
686,Puskas,Puskas,Puskas__CPTu 116B,Quaternary,MASW,4.1,271.3842887981581,1.0,204.68996741233113,216.1590919369092,213.44216035796006,208.97926373123326,208.97926373123326
687,Puskas,Puskas,Puskas__CPTu 116B,Quaternary,MASW,5.0,282.5296903549559,1.0,219.29842676254003,250.9939158153735,239.7849255187335,229.86115047680443,229.86115047680443
688,Puskas,Puskas,Puskas__CPTu 116B,Quaternary,MASW,5.95,323.5496490378933,1.0,242.02166591204548,267.41266898879616,253.51310356009668,249.11349550699285,249.11349550699285
689,Puskas,Puskas,Puskas__CPTu 116B,Quaternary,MASW,7.45,286.9464469554483,1.0,242.6786377674312,268.2927062774362,250.24631639662567,248.63885067153498,248.63885067153498
690,Puskas,Puskas,Puskas__CPTu 116B,Tertiary,MASW,8.8,271.498292730628,1.0,236.75709014572988,265.64343853143197,263.9543980608519,248.86864389451966,250.55768330814576
691,Puskas,Puskas,Puskas__CPTu 116B,Tertiary,MASW,9.65,300.0730102578347,1.0,261.44027021754414,302.0844708567135,293.08420608244694,276.4851757215399,277.8850382747501
692,Puskas,Puskas,Puskas__CPTu 116B,Tertiary,MASW,10.55,290.23879428544615,1.0,281.68605324977267,305.2119891975058,312.096361937028,294.000311081649,294.9005487518023
693,Puskas,Puskas,Puskas__CPTu 116B,Tertiary,MASW,11.2,294.0468611837509,1.0,308.8271643004422,343.5695069597786,330.0441640810984,320.12333350611675,321.87687830763036
694,Puskas,Puskas,Puskas__CPTu 116B,Tertiary,MASW,11.75,260.1769190191595,1.0,283.11773655179593,312.8672507730571,311.9961241446951,295.89025916648166,298.04774721205774
695,Puskas,Puskas,Puskas__CPTu 116B,Tertiary,MASW,12.75,292.19423384599014,1.0,317.6719496788606,390.2051706904201,349.0538638816245,337.01564762003807,340.36893906843244
696,Puskas,Puskas,Puskas__CPTu 116B,Tertiary,MASW,14.2,294.6537441290555,1.0,334.6470677192949,347.19846195046136,341.46749206227065,338.5433922000833,338.5455395323524
697,Puskas,Puskas,Puskas__CPTu 116B,Tertiary,MASW,15.05,313.17368201624055,1.0,352.88320158000937,407.6687218977889,368.54298695507265,365.3335827464558,412.7844069905149
698,Puskas,Puskas,Puskas__CPTu 116B,Tertiary,MASW,15.6,391.0747429266331,1.0,333.5433886965141,388.03008579900774,355.82594328502364,347.8843388287339,349.76642850830916
699,Puskas,Puskas,Puskas__CPTu 116B,Tertiary,MASW,16.75,460.0133192978093,1.0,380.4484676288765,470.82536973819504,431.2081334402623,407.84747051910045,437.6637242579315
700,Puskas,Puskas,Puskas__CPTu 116B,Tertiary,MASW,17.75,499.9847697664736,1.0,413.47994777713996,504.8659943969879,455.38109167214844,438.5699437289385,463.3056341212503
701,Puskas,Puskas,Puskas__CPTu 116B,Tertiary,MASW,18.5,474.3334713691037,1.0,413.23287967293965,456.8765810060099,442.35760489342135,428.1629285939249,446.18387526645415
702,Puskas,Puskas,Puskas__CPTu 116B,Tertiary,MASW,19.5,438.0534386036963,1.0,408.007666571832,452.3633666935447,433.0302995094367,421.8384647849492,445.3257316715329
703,Puskas,Puskas,Puskas__CPTu 116B,Tertiary,MASW,20.5,444.8571547773184,1.0,425.5086934869098,455.066566561207,443.10353060370227,435.07331127933287,450.1566617646984
704,Puskas,Puskas,Puskas__CPTu 116B,Tertiary,MASW,21.5,478.1757734714046,1.0,457.3031797782048,464.3854126912337,454.2872213918248,457.4496116670587,469.7932872537909
705,Puskas,Puskas,Puskas__CPTu 116B,Tertiary,MASW,22.5,437.9925398709746,1.0,432.56600367147536,446.0605724326292,437.6335473551462,436.08491990763963,450.7179784969196
706,Puskas,Puskas,Puskas__CPTu 116B,Tertiary,MASW,23.5,435.4314006524327,1.0,451.2103116255296,452.64029268830524,443.5945136637228,449.125062214059,459.3125751689299
707,Puskas,Puskas,Puskas__CPTu 116B,Tertiary,MASW,24.5,426.0934640483595,1.0,453.11713562196775,459.7000352695931,448.7217110976491,452.7725330157515,460.2129192848543
708,Puskas,Puskas,Puskas__CPTu 116B,Tertiary,MASW,25.5,484.2937101128108,1.0,510.8725983277622,473.7199408758362,463.16109385993843,490.47830945184336,485.01227278827446
709,Puskas,Puskas,Puskas__CPTu 116B,Tertiary,MASW,26.5,461.6646301279563,1.0,509.013549150615,467.94183541306046,459.24530032166456,487.3526544047164,482.03732330699194
710,Puskas,Puskas,Puskas__CPTu 116B,Tertiary,MASW,27.5,446.080165661899,1.0,513.1116979347324,454.8537993861917,454.5545646559302,485.92935401265316,479.05811286003103
711,Puskas,Puskas,Puskas__CPTu 116B,Tertiary,MASW,28.5,449.5151864902999,1.0,526.4997633003721,473.0329435946012,461.11405524812875,497.9035414830636,487.302940023994
712,Puskas,Puskas,Puskas__CPTu 116B,Tertiary,MASW,29.5,441.4789918862944,1.0,541.6652658981153,447.0333182669481,452.1538832979184,498.52725500219344,485.05091608836386
804,Puskas,Puskas,Puskas__CPTu 120a,Quaternary,MASW,1.5,169.27417404343785,1.0,198.8110466163945,210.99181675014455,211.9360289025613,204.47657445376575,204.47657445376575
805,Puskas,Puskas,Puskas__CPTu 120a,Quaternary,MASW,2.15,148.7533414958771,1.0,176.21111538725563,181.89351851619705,183.51842421773335,179.2234364010052,179.2234364010052
806,Puskas,Puskas,Puskas__CPTu 120a,Quaternary,MASW,2.75,188.84556930451924,1.0,210.24428579973852,223.86978831656225,223.30278305335733,216.10552713192712,216.10552713192712
807,Puskas,Puskas,Puskas__CPTu 120a,Quaternary,MASW,3.95,295.0128794371489,1.0,235.50646634777135,266.7826626813977,251.48557599976039,244.72544372185536,244.72544372185536
808,Puskas,Puskas,Puskas__CPTu 120a,Quaternary,MASW,5.300000000000001,306.83201423995195,1.0,245.14707160442438,281.0378888679795,264.3630955912726,255.9526734326771,255.9526734326771
809,Puskas,Puskas,Puskas__CPTu 120a,Quaternary,MASW,6.4,304.3360650771512,1.0,243.13085042721343,307.80777074917694,276.78855299215246,261.87763643303896,261.87763643303896
810,Puskas,Puskas,Puskas__CPTu 120a,Quaternary,MASW,7.4,265.04783653843504,1.0,252.90112666183882,297.90640438031335,272.98307421805754,265.2012778276833,265.2012778276833
811,Puskas,Puskas,Puskas__CPTu 120a,Quaternary,MASW,8.4,258.2649911120815,1.0,255.11546627426912,282.5363425782874,266.5017569085508,262.4680256327069,262.4680256327069
812,Puskas,Puskas,Puskas__CPTu 120a,Tertiary,MASW,9.4,231.19395467894705,1.0,240.93140756757825,267.089105299318,266.3445119292833,252.15810472571044,253.71740506252175
813,Puskas,Puskas,Puskas__CPTu 120a,Tertiary,MASW,10.35,265.01827986137533,1.0,278.3382135098497,296.49684238556125,296.6504752267058,286.41224727273493,287.2265188248106
814,Puskas,Puskas,Puskas__CPTu 120a,Tertiary,MASW,11.15,372.0626210861618,1.0,294.90966541670497,317.9785031006889,319.5606967058798,305.5305384342412,305.69250915325625
815,Puskas,Puskas,Puskas__CPTu 120a,Tertiary,MASW,11.75,374.5058530745233,1.0,302.1240698840405,322.7008637665542,316.9139227929737,309.531138039995,309.9174690285675
816,Puskas,Puskas,Puskas__CPTu 120a,Tertiary,MASW,12.5,400.4545339037271,1.0,318.49952694066405,346.5150939159535,332.5956786731539,326.77072343616317,327.46106279562093
817,Puskas,Puskas,Puskas__CPTu 120a,Tertiary,MASW,13.5,450.7630066078721,1.0,347.2915387815252,386.6868788228627,374.8193027543788,361.1040100504288,410.8972695820667
818,Puskas,Puskas,Puskas__CPTu 120a,Tertiary,MASW,14.8,387.7574696092931,1.0,321.2997227934692,358.09108763388036,337.4292521627316,331.40155251448687,332.74764487776093
819,Puskas,Puskas,Puskas__CPTu 120a,Tertiary,MASW,16.0,528.035828356596,1.0,380.39937795906815,481.7485270269651,441.3865040472598,412.0981484452975,443.9212492936276
820,Puskas,Puskas,Puskas__CPTu 120a,Tertiary,MASW,16.799999999999997,541.4113022349106,1.0,398.50825013281235,502.39284831198535,463.6056281736143,431.7592507650325,466.86582162041634
821,Puskas,Puskas,Puskas__CPTu 120a,Tertiary,MASW,17.6,526.5325021850196,1.0,394.8136870787857,483.6586704934296,447.0078414276353,422.4653544915799,458.52602714853276
822,Puskas,Puskas,Puskas__CPTu 120a,Tertiary,MASW,19.0,449.0788780094532,1.0,368.5959483603136,368.6078962516816,355.92505898179905,364.74980741844365,388.69535223775614
823,Puskas,Puskas,Puskas__CPTu 120a,Tertiary,MASW,20.0,438.5401246438102,1.0,359.8171579326147,343.2973079541571,337.5918871412596,350.52031068373725,367.21874602415073
824,Puskas,Puskas,Puskas__CPTu 120a,Tertiary,MASW,20.5,441.683963026819,1.0,367.3081400544127,341.7718442444322,342.0547694457107,355.67713046659634,364.7137190474517
895,Puskas,Puskas,Puskas__CPTu 121A,Quaternary,MASW,1.5,243.63319066437415,1.0,201.19011741150342,219.58409395662238,222.9743818278643,210.23270413713894,210.23270413713894
896,Puskas,Puskas,Puskas__CPTu 121A,Quaternary,MASW,2.7,178.24327434404807,1.0,161.06149157564772,184.86893875049182,187.707664922818,172.15499915392698,172.15499915392698
897,Puskas,Puskas,Puskas__CPTu 121A,Quaternary,MASW,4.05,214.51341235432335,1.0,190.50354247946072,206.3919215783947,210.406773504103,198.64082027956613,198.64082027956613
898,Puskas,Puskas,Puskas__CPTu 121A,Quaternary,MASW,5.45,265.99977478840395,1.0,248.37507734426612,258.4544155775146,248.99955797258292,250.0498363953028,250.0498363953028
899,Puskas,Puskas,Puskas__CPTu 121A,Quaternary,MASW,6.6,249.06811188904564,1.0,240.52989798658743,281.82168830337326,269.857411216022,254.96434621985537,254.96434621985537
900,Puskas,Puskas,Puskas__CPTu 121A,Quaternary,MASW,7.5,258.6120744886227,1.0,233.5777905519013,289.3926445715134,269.19202144507096,251.69763145668298,251.69763145668298
901,Puskas,Puskas,Puskas__CPTu 121A,Quaternary,MASW,8.5,349.60936029235586,1.0,271.97697206394656,296.980751494306,278.68450813615294,277.61042271243866,277.61042271243866
902,Puskas,Puskas,Puskas__CPTu 121A,Tertiary,MASW,10.25,274.3252209805548,1.0,246.2778634042048,284.31804004918735,280.98264989863605,261.7932659732517,264.19508333503137
903,Puskas,Puskas,Puskas__CPTu 121A,Tertiary,MASW,12.25,429.7297539613017,1.0,334.4298668785802,398.4822949068305,380.42035924384294,356.8685371808381,405.7600742054651
904,Puskas,Puskas,Puskas__CPTu 121A,Tertiary,MASW,13.5,457.5477116999507,1.0,344.486246126285,396.3899240032181,379.9449903985479,362.3090194500135,412.262522143641
905,Puskas,Puskas,Puskas__CPTu 121A,Tertiary,MASW,14.5,429.23450448963655,1.0,352.61334696805056,411.29365621230147,372.70476619506076,366.8990577976431,411.334219795919
906,Puskas,Puskas,Puskas__CPTu 121A,Tertiary,MASW,15.5,393.2011106231139,1.0,332.5415257908348,383.5060280000104,352.9945933036598,345.86887561571456,347.4868998712763
907,Puskas,Puskas,Puskas__CPTu 121A,Tertiary,MASW,16.5,407.15217775269457,1.0,352.21117530184955,377.1402806045463,357.5434869513994,357.45042826295094,391.5063208112327
908,Puskas,Puskas,Puskas__CPTu 121A,Tertiary,MASW,17.5,431.4541433745016,1.0,413.80848558133613,525.365418257598,475.2028531706272,447.0669855978817,472.3383204316504
909,Puskas,Puskas,Puskas__CPTu 121A,Tertiary,MASW,18.5,410.1982569149331,1.0,419.7032497791318,529.1239509724757,492.8305551310274,455.9961579072339,488.5994259396408
910,Puskas,Puskas,Puskas__CPTu 121A,Tertiary,MASW,19.5,391.8910877493569,1.0,403.3265362413302,472.2333720568535,457.2885633953238,428.8365973395613,456.12470918751967
911,Puskas,Puskas,Puskas__CPTu 121A,Tertiary,MASW,20.5,410.3707620497225,1.0,439.78235833335646,500.3496223488796,479.108517439185,460.04678081931417,477.1409122555467
912,Puskas,Puskas,Puskas__CPTu 121A,Tertiary,MASW,21.95,421.3272325672114,1.0,452.1536657590579,478.87569884244033,472.16713159087254,462.02925599229997,471.1497550287024
180,River,River,River__CPT2,Quaternary,MASW,1.65,115.33052569156412,4.0,137.47020610388591,162.71729938246744,176.60453622157624,149.56196268695956,149.56196268695956
181,River,River,River__CPT2,Quaternary,MASW,2.7,164.93791717262042,4.0,168.07501063340683,183.92313939996632,187.33799589479023,175.82060064275436,175.82060064275436
182,River,River,River__CPT2,Quaternary,MASW,3.65,234.05003282834616,4.0,213.22318014708006,209.63773464749872,212.3236310388075,211.42285699604332,211.42285699604332
183,River,River,River__CPT2,Quaternary,MASW,4.85,319.5102089316684,4.0,238.8225198690687,245.46626109115437,231.59778935160625,242.12160377923365,242.12160377923365
184,River,River,River__CPT2,Quaternary,MASW,6.15,322.2077314793199,4.0,250.16988235875837,256.74228024299043,252.11836112836642,253.4347767077522,253.4347767077522
185,River,River,River__CPT2,Quaternary,MASW,7.199999999999999,246.8972404710532,4.0,233.13010779475098,240.77068160896852,235.98187411036497,236.91959597575396,236.91959597575396
186,River,River,River__CPT2,Quaternary,MASW,8.05,259.9961823769368,4.0,259.79783018949365,259.9682704500934,265.0946723551669,259.8830363472185,259.8830363472185
187,River,River,River__CPT2,Quaternary,MASW,9.25,239.59756278151008,4.0,258.7086868560911,263.0592127570894,256.6249029323264,260.87488092528895,260.87488092528895
188,River,River,River__CPT2,Quaternary,MASW,11.0,251.45450563660305,4.0,271.10787933792653,286.07070038095804,281.12152243821123,278.48881650974226,278.48881650974226
189,River,River,River__CPT2,Quaternary,MASW,12.4,489.6128465352403,4.0,296.73617100758304,323.70337738782445,316.85634860257966,309.9266054218091,309.9266054218091
190,River,River,River__CPT2,Tertiary,MASW,14.15,693.5362539919386,4.0,377.9745366753481,409.6027954538295,413.2944211776559,393.47099871856943,408.18733812435534
191,River,River,River__CPT2,Tertiary,MASW,16.25,751.0262122133416,4.0,409.54353382312223,421.4876335190084,411.3503299963168,415.472664436687,417.1384270722343
192,River,River,River__CPT5,Quaternary,MASW,2.05,202.0,4.0,190.64499239366157,169.6288835034793,178.18153542357234,179.83018991611533,179.83018991611533
193,River,River,River__CPT5,Quaternary,MASW,3.65,211.3071752491552,4.0,187.13946826799517,194.5122993427476,196.83650571569575,190.79027299783104,190.79027299783104
194,River,River,River__CPT5,Quaternary,MASW,4.65,217.06157804322785,4.0,186.92904391994932,204.22712675868823,206.95393463504973,195.38674864872462,195.38674864872462
195,River,River,River__CPT5,Quaternary,MASW,5.65,292.9070627467941,4.0,233.35048573208962,232.4255459844476,234.60468337779014,232.88755667063234,232.88755667063234
196,River,River,River__CPT5,Quaternary,MASW,6.7,325.46149347739083,4.0,255.0897915257355,253.34688957351088,253.7034966888973,254.21684689453704,254.21684689453704
197,River,River,River__CPT5,Quaternary,MASW,8.1,276.7262155606347,4.0,244.11553715003035,245.57571481073614,243.18750692311662,244.84453747638614,244.84453747638614
198,River,River,River__CPT5,Quaternary,MASW,9.75,259.21651334725726,4.0,254.69194686214502,261.4526611462223,257.78869379442415,258.05016426970184,258.05016426970184
199,River,River,River__CPT5,Quaternary,MASW,11.35,263.8911524267684,4.0,261.69930835026764,279.76347444202844,277.25214001128757,270.58068623452516,270.58068623452516
200,River,River,River__CPT5,Tertiary,MASW,13.1,445.1012939042873,4.0,343.30573858285646,409.3607105884673,391.61475096999123,374.8811559619616,397.2945283383677
201,River,River,River__CPT5,Tertiary,MASW,14.65,499.49813265589256,4.0,381.8284488662569,406.70771431791155,407.4530114686767,394.07179003317265,399.6872308347019
202,River,River,River__CPT5,Tertiary,MASW,16.4,670.414393337913,4.0,416.7994782416882,414.1980156533192,410.298002237323,415.4967109533432,412.4582744866106
203,River,River,River__CPT5,Tertiary,MASW,18.0,646.2767046306219,4.0,421.2269800776101,420.94263526550526,419.9550410711304,421.0847836704619,416.9506408056932
204,River,River,River__CPT5,Tertiary,MASW,19.45,650.1372413207323,4.0,440.81830379361327,433.7363500070661,430.93837505053006,437.26298963409636,434.70773039959806
205,River,River,River__CPT7,Quaternary,MASW,1.75,230.0,4.0,180.4433311447963,167.92698764668583,171.55383295275163,174.07270044461026,174.07270044461026
206,River,River,River__CPT7,Quaternary,MASW,3.1,176.88507959680965,4.0,212.57093868145753,197.0123589954204,204.96251662710344,204.64384203660947,204.64384203660947
207,River,River,River__CPT7,Quaternary,MASW,4.25,215.8194474926102,4.0,244.53042502936847,255.25473306586719,242.00218916058375,249.83504231263163,249.83504231263163
208,River,River,River__CPT7,Quaternary,MASW,5.65,215.6930991940163,4.0,244.1604424642307,235.05543442966643,236.92931220561982,239.56468619971804,239.56468619971804
209,River,River,River__CPT7,Quaternary,MASW,7.05,304.0688582275734,4.0,235.46257355542724,229.37957004823494,231.0101768671961,232.4011701446332,232.4011701446332
210,River,River,River__CPT7,Quaternary,MASW,8.0,318.12506802788243,4.0,250.4186936091682,251.00343932633865,247.3217944031521,250.7108959888058,250.7108959888058
211,River,River,River__CPT7,Quaternary,MASW,8.95,217.8391962302913,4.0,250.27162619574477,253.20438216413464,251.10537038924838,251.73373330586193,251.73373330586193
212,River,River,River__CPT7,Quaternary,MASW,9.9,236.6873001066819,4.0,271.79838816300673,269.1784665442508,266.7431453052333,270.48525530039007,270.48525530039007
213,River,River,River__CPT7,Quaternary,MASW,11.0,236.26600586720053,4.0,277.3950553557022,290.2935874511298,283.0741647395196,283.77104461239793,283.77104461239793
214,River,River,River__CPT7,Quaternary,MASW,11.9,277.38594435616045,4.0,313.3222442992068,311.82926290025233,309.030659948141,312.57486221715675,312.57486221715675
215,River,River,River__CPT7,Quaternary,MASW,12.75,313.4911476710846,4.0,349.6989023514593,364.3748564040878,362.5511824578527,356.9614647675292,381.62932262971526
216,River,River,River__CPT7,Quaternary,MASW,13.85,310.73352908732784,4.0,356.87099923916725,382.14671002381067,379.6941238602316,369.29267290613495,384.5426659450729
217,River,River,River__CPT7,Quaternary,MASW,14.9,713.9594253985106,4.0,377.3025660790254,430.8113063971131,415.93240682719085,403.17020152720613,418.8919111827958
218,River,River,River__CPT7,Quaternary,MASW,16.3,773.4776656548057,4.0,412.1364456130494,442.3743329448405,436.9576010393901,426.98780452178033,435.9537300270301
510,Tömő u. 23,Tömő u. 23,Tömő u. 23__CPT2,Quaternary,MASW,2.5,145.07791806916796,4.0,184.44069727740322,186.31415112589957,186.49673691519584,185.37505750857744,185.37505750857744
511,Tömő u. 23,Tömő u. 23,Tömő u. 23__CPT2,Quaternary,MASW,3.5,135.77595066181453,4.0,175.52842720906176,200.7529385249502,198.47867220519734,187.71746737286324,187.71746737286324
512,Tömő u. 23,Tömő u. 23,Tömő u. 23__CPT2,Quaternary,MASW,4.5,207.83062350057065,4.0,220.1253314799036,222.3308193082933,218.9021900114221,221.22532698232502,221.22532698232502
513,Tömő u. 23,Tömő u. 23,Tömő u. 23__CPT2,Quaternary,MASW,5.5,241.49697661905745,4.0,226.59790944132672,237.26655829788896,237.38598638873043,231.8708823691329,231.8708823691329
514,Tömő u. 23,Tömő u. 23,Tömő u. 23__CPT2,Quaternary,MASW,6.5,220.1001456011517,4.0,223.73035109082366,233.5779888712895,234.91373165031808,228.60114929121005,228.60114929121005
515,Tömő u. 23,Tömő u. 23,Tömő u. 23__CPT2,Quaternary,MASW,7.5,192.10938907392375,4.0,232.10291562724709,236.01712020916443,237.49263784474851,234.05183558026945,234.05183558026945
516,Tömő u. 23,Tömő u. 23,Tömő u. 23__CPT2,Quaternary,MASW,8.5,173.70283986615854,4.0,233.19572713408786,229.7376991922844,231.90947350774326,231.4602553641923,231.4602553641923
517,Tömő u. 23,Tömő u. 23,Tömő u. 23__CPT2,Quaternary,MASW,9.5,220.16264992636596,4.0,281.0289484057695,268.8120451026388,256.36902467753987,274.85262660924116,274.85262660924116
518,Tömő u. 23,Tömő u. 23,Tömő u. 23__CPT2,Quaternary,MASW,10.5,204.12092081968143,4.0,282.2764166937847,263.87604513763284,260.4732011321832,272.9212056121297,272.9212056121297
519,Tömő u. 23,Tömő u. 23,Tömő u. 23__CPT2,Quaternary,MASW,11.5,232.16348896923972,4.0,308.1988143379997,298.6717254009392,290.45913420168233,303.39787679687873,303.39787679687873
520,Tömő u. 23,Tömő u. 23,Tömő u. 23__CPT2,Quaternary,MASW,12.5,208.5698011236357,4.0,298.48485104538105,289.43516487585345,287.4186607468229,293.9251810840039,293.9251810840039
521,Tömő u. 23,Tömő u. 23,Tömő u. 23__CPT2,Quaternary,MASW,13.5,221.35743614256288,4.0,328.7673503830447,309.0568721781217,307.7265642559276,318.7597982551633,318.7597982551633
522,Tömő u. 23,Tömő u. 23,Tömő u. 23__CPT2,Quaternary,MASW,14.5,437.1449424002657,4.0,344.1300886480936,312.0751778244344,319.7037709663998,327.7109375800452,327.7109375800452
523,Tömő u. 23,Tömő u. 23,Tömő u. 23__CPT2,Quaternary,MASW,15.45,462.6168452811813,4.0,363.4375929676151,336.7167218365545,339.60643478501584,349.82211893507156,349.82211893507156
496,Tömő u. 23,Tömő u. 23,Tömő u. 23__Cpt1,Quaternary,MASW,1.5,195.33301458310092,4.0,170.39899594391446,171.07603828793296,173.09068628640847,170.73718152273239,170.73718152273239
497,Tömő u. 23,Tömő u. 23,Tömő u. 23__Cpt1,Quaternary,MASW,2.5,192.41851868248412,4.0,185.02225136762243,187.69587477276247,192.6209729495963,186.35426832480084,186.35426832480084
498,Tömő u. 23,Tömő u. 23,Tömő u. 23__Cpt1,Quaternary,MASW,3.5,208.20137017551997,4.0,190.41004128694985,211.66003556897613,208.09726755526287,200.7540687295926,200.7540687295926
499,Tömő u. 23,Tömő u. 23,Tömő u. 23__Cpt1,Quaternary,MASW,4.5,192.24780332045268,4.0,217.86994823959512,227.01280329690348,227.39613742927176,222.3943967460101,222.3943967460101
500,Tömő u. 23,Tömő u. 23,Tömő u. 23__Cpt1,Quaternary,MASW,5.5,180.71573428578316,4.0,233.20331910764978,239.41042435289623,238.90266329442957,236.2864904899692,236.2864904899692
501,Tömő u. 23,Tömő u. 23,Tömő u. 23__Cpt1,Quaternary,MASW,6.5,171.01706808707598,4.0,230.04916759519213,233.14721640551997,235.41526669069,231.5930116847786,231.5930116847786
502,Tömő u. 23,Tömő u. 23,Tömő u. 23__Cpt1,Quaternary,MASW,7.5,188.8576036691429,4.0,229.80879153847732,234.18393175085276,233.66911535937476,231.98604775587836,231.98604775587836
503,Tömő u. 23,Tömő u. 23,Tömő u. 23__Cpt1,Quaternary,MASW,8.5,245.96683319461823,4.0,259.77911055736706,255.92334419374274,253.2626770102641,257.8440201469047,257.8440201469047
504,Tömő u. 23,Tömő u. 23,Tömő u. 23__Cpt1,Quaternary,MASW,9.5,283.93973209690654,4.0,257.91727360343396,246.62929821702693,244.60419135203563,252.21014291035925,252.21014291035925
505,Tömő u. 23,Tömő u. 23,Tömő u. 23__Cpt1,Tertiary,MASW,10.5,305.5845956841096,4.0,268.21890848142397,265.80291415783944,262.9212768089031,267.00817872604074,267.00817872604074
506,Tömő u. 23,Tömő u. 23,Tömő u. 23__Cpt1,Tertiary,MASW,11.5,318.64401219028895,4.0,286.79297108111945,281.5828249632447,280.5403151771085,284.1759577737423,284.1759577737423
507,Tömő u. 23,Tömő u. 23,Tömő u. 23__Cpt1,Tertiary,MASW,12.5,322.0731260784149,4.0,298.71699739451316,291.57019324984327,286.6882550854675,295.12196234325063,295.12196234325063
508,Tömő u. 23,Tömő u. 23,Tömő u. 23__Cpt1,Tertiary,MASW,13.5,319.8451162543098,4.0,307.09955842730824,301.36110514142734,294.2380914378364,304.21680150198483,304.21680150198483
509,Tömő u. 23,Tömő u. 23,Tömő u. 23__Cpt1,Tertiary,MASW,14.1,322.0,4.0,303.4543258343458,294.77545777803243,289.9715514944733,299.08341280074944,299.08341280074944
