{
  "tertiary": 0.0,
  "scpt": 0.6000000000000001,
  "high_vs": 0.35000000000000003
}