row_id,project,group_project,group_cpt,geo_age,test_method,z_mid_m,vs_meas_mps,fold,empirical,rf,et,base_stack,specialist_stack
447,Bacso,Bacso,Bacso__SCPTu1,Quaternary,SCPT,2.25,87.8,2.0,200.95995174722165,208.61100953876448,226.18957596033133,224.85597531245236,243.63142436600953
448,Bacso,Bacso,Bacso__SCPTu1,Quaternary,SCPT,4.5,349.0,2.0,267.70097983375206,290.690277575701,316.1923586536648,313.571295137164,330.48134434999787
449,Bacso,Bacso,Bacso__SCPTu1,Quaternary,SCPT,5.9,231.4,2.0,251.10294172732435,276.96195079552285,298.037634767923,295.495004153931,328.4033820156979
450,Bacso,Bacso,Bacso__SCPTu1,Quaternary,SCPT,7.4,271.3,2.0,248.8377740938516,267.16478408361786,272.3908211168068,271.1618953227478,275.79026362645305
451,Bacso,Bacso,Bacso__SCPTu1,Quaternary,SCPT,9.5,278.0,2.0,272.96515720572984,267.51390677165637,267.0819464849535,267.37307253299167,278.8521394162625
452,Bacso,Bacso,Bacso__SCPTu1,Quaternary,SCPT,11.15,358.7,2.0,282.15252319277533,271.10489854871787,270.52912961810466,271.09875954808234,275.5931231973063
453,Bacso,Bacso,Bacso__SCPTu1,Tertiary,SCPT,12.3,351.5,2.0,293.75423545432426,283.4272143035362,285.5039436390846,285.9109001053322,279.27988247071414
454,Bacso,Bacso,Bacso__SCPTu1,Tertiary,SCPT,13.4,365.6,2.0,296.6634303194297,290.1679794698099,280.1368944337089,280.9409165992409,289.80336394735343
455,Bacso,Bacso,Bacso__SCPTu1,Tertiary,SCPT,14.5,455.0,2.0,317.32706285713203,304.75157093413213,304.31247533996805,304.95034179456843,317.42027377265725
456,Bacso,Bacso,Bacso__SCPTu1,Tertiary,SCPT,15.5,365.6,2.0,320.36750987338723,319.7961569135479,318.190442682989,318.2989438386315,313.8991177376072
457,Bacso,Bacso,Bacso__SCPTu1,Tertiary,SCPT,16.5,282.0,2.0,329.2742669039969,331.2834695162809,321.80447236852973,322.1739051595017,323.5402478127875
458,Bacso,Bacso,Bacso__SCPTu1,Tertiary,SCPT,17.5,270.0,2.0,334.2419575231,334.5817266023843,323.8182947474844,324.3316717805255,326.35769630855583
459,Bacso,Bacso,Bacso__SCPTu1,Tertiary,SCPT,18.5,320.0,2.0,332.5238051315941,334.95147610008564,319.0357460963524,319.6969667338681,314.32695140871334
460,Bacso,Bacso,Bacso__SCPTu1,Tertiary,SCPT,19.5,482.9,2.0,342.7564271751862,344.5536935766286,329.4968275908868,330.14745670330467,333.2247273826781
461,Bacso,Bacso,Bacso__SCPTu1,Tertiary,SCPT,20.5,470.0,2.0,372.06939651206335,345.2990665804867,332.60763769514534,334.4774197908015,323.93608031104264
462,Bacso,Bacso,Bacso__SCPTu1,Tertiary,SCPT,21.54,440.2,2.0,363.7122011088769,351.8440839655838,333.995902469516,335.4223330657848,328.7212337139108
463,Bacso,Bacso,Bacso__SCPTu2,Quaternary,SCPT,1.5,62.3,2.0,169.7762370958257,165.52971372668995,177.0633506930412,176.69167577286925,180.95395292333617
464,Bacso,Bacso,Bacso__SCPTu2,Quaternary,SCPT,2.75,260.0,2.0,226.71759067162787,228.65430884899268,247.71682931775857,246.62210360579252,289.2566477745572
465,Bacso,Bacso,Bacso__SCPTu2,Quaternary,SCPT,3.9,318.6,2.0,258.9953809495423,287.03808692533886,317.969500146723,314.7246736535076,335.36854078110525
466,Bacso,Bacso,Bacso__SCPTu2,Quaternary,SCPT,4.65,282.0,2.0,262.8659789232765,301.17711658522,340.4915557197375,336.11488634773394,343.6252851363938
467,Bacso,Bacso,Bacso__SCPTu2,Quaternary,SCPT,5.85,230.0,2.0,256.2849888632543,272.9829695627102,300.1467882702371,297.78524427600274,317.01827117242135
468,Bacso,Bacso,Bacso__SCPTu2,Quaternary,SCPT,7.25,260.0,2.0,255.45986032761945,266.56645703660416,272.7381293935461,271.84709608539515,275.0151481859424
469,Bacso,Bacso,Bacso__SCPTu2,Quaternary,SCPT,8.15,280.0,2.0,253.831355502866,264.8979526927821,265.9230552546648,265.3050127245945,265.8688992578082
470,Bacso,Bacso,Bacso__SCPTu2,Quaternary,SCPT,9.1,303.3,2.0,257.7208778351643,265.92283755552154,266.6912318070552,266.23538749057843,274.18536915042927
471,Bacso,Bacso,Bacso__SCPTu2,Quaternary,SCPT,9.95,390.0,2.0,266.24758461776935,267.0949552862622,267.1521844967583,267.106881594817,271.8578142380059
472,Bacso,Bacso,Bacso__SCPTu2,Quaternary,SCPT,10.85,423.9,2.0,276.88053784254987,268.1739024728225,270.4285647281541,270.7475631848466,286.47022563910633
473,Bacso,Bacso,Bacso__SCPTu2,Quaternary,SCPT,11.75,391.7,2.0,296.3209973237594,291.4381293534958,292.630134250431,292.8135807785523,301.20488769176063
474,Bacso,Bacso,Bacso__SCPTu2,Tertiary,SCPT,12.5,350.0,2.0,290.3702728466962,284.07305062563154,285.88388385282514,286.1065480426151,278.2016478976861
475,Bacso,Bacso,Bacso__SCPTu2,Tertiary,SCPT,13.5,355.0,2.0,309.70259573245477,286.91261038469,291.31525348260686,292.2081375549671,279.89969509583636
476,Bacso,Bacso,Bacso__SCPTu2,Tertiary,SCPT,14.5,422.0,2.0,319.3632816276774,302.7962586335429,299.6704100666252,300.62557067707917,308.1983286892186
477,Bacso,Bacso,Bacso__SCPTu2,Tertiary,SCPT,15.66,380.0,2.0,323.0344883290539,321.36489220010156,321.0051431748917,321.1063069851482,316.6986311941233
95,Balazs Bela u,Balazs Bela u,Balazs Bela u__CPT1,Quaternary,MASW,1.5,160.22927084196056,4.0,154.28171481084078,174.16695380123826,174.57569121241397,164.9197514554168,164.9197514554168
96,Balazs Bela u,Balazs Bela u,Balazs Bela u__CPT1,Quaternary,MASW,2.5,225.09300694348687,4.0,193.10830880370523,195.94649589304962,196.9325741262319,194.6641859477273,194.6641859477273
97,Balazs Bela u,Balazs Bela u,Balazs Bela u__CPT1,Quaternary,MASW,3.5,240.09620888267037,4.0,200.4376030277078,217.67928937294008,215.7226161470778,209.74424396621296,209.74424396621296
98,Balazs Bela u,Balazs Bela u,Balazs Bela u__CPT1,Quaternary,MASW,4.5,207.03853585650089,4.0,241.70554690529428,255.53136521467283,254.3349052942946,249.21449363628315,249.21449363628315
99,Balazs Bela u,Balazs Bela u,Balazs Bela u__CPT1,Quaternary,MASW,5.5,191.0690633873746,4.0,233.04206489077953,242.2661560335643,244.64704664592898,238.07097774811274,238.07097774811274
100,Balazs Bela u,Balazs Bela u,Balazs Bela u__CPT1,Quaternary,MASW,6.5,179.8770125717389,4.0,233.40624098281214,239.3089252515855,247.0963412673598,236.63446692607772,236.63446692607772
101,Balazs Bela u,Balazs Bela u,Balazs Bela u__CPT1,Quaternary,MASW,7.5,179.09335493620526,4.0,239.88013754048566,237.03556609666742,244.96394184542086,238.31142483691556,238.31142483691556
102,Balazs Bela u,Balazs Bela u,Balazs Bela u__CPT1,Quaternary,MASW,8.4,202.76392077368945,4.0,243.13338347574552,245.3602444232343,252.19369879504103,244.3556441226459,244.3556441226459
103,Balazs Bela u,Balazs Bela u,Balazs Bela u__CPT1,Quaternary,MASW,9.5,274.80579295238493,4.0,277.86498859817635,275.8158090085648,278.9281558049662,276.7360629992545,276.7360629992545
104,Balazs Bela u,Balazs Bela u,Balazs Bela u__CPT1,Tertiary,MASW,10.6,284.31066554681274,4.0,290.93220243245213,270.0443987409285,276.05878953504424,279.2515890367314,279.2515890367314
105,Balazs Bela u,Balazs Bela u,Balazs Bela u__CPT1,Tertiary,MASW,11.5,287.2940421350688,4.0,295.880351508288,282.11810187608376,288.24382861553715,288.23006584195673,288.23006584195673
106,Balazs Bela u,Balazs Bela u,Balazs Bela u__CPT1,Tertiary,MASW,12.5,305.5982001643207,4.0,313.4818681308707,310.5169363792003,313.49361654819563,311.84766944965094,311.84766944965094
107,Balazs Bela u,Balazs Bela u,Balazs Bela u__CPT1,Tertiary,MASW,13.4,323.77912492398366,4.0,348.3322417381413,330.51955796532906,328.21810736962465,338.4196667186304,338.4196667186304
108,Balazs Bela u,Balazs Bela u,Balazs Bela u__CPT1,Tertiary,MASW,14.15,286.7956655723814,4.0,343.4169301511629,332.90155350208846,325.16149573273884,337.5930270670622,337.5930270670622
109,Balazs Bela u,Balazs Bela u,Balazs Bela u__CPT1,Tertiary,MASW,14.745,281.62953012015385,4.0,346.27850841547416,337.801154255185,334.73723755721875,341.58997241926767,341.58997241926767
110,Balazs Bela u,Balazs Bela u,Balazs Bela u__CPT3,Quaternary,MASW,1.5,181.2593016532936,4.0,164.5099379274302,173.49275880075052,170.37535682512268,169.3913411279667,169.3913411279667
111,Balazs Bela u,Balazs Bela u,Balazs Bela u__CPT3,Quaternary,MASW,2.5,213.7389977658518,4.0,183.94316921656414,182.83894866432513,186.08252963386198,183.33502522304866,183.33502522304866
112,Balazs Bela u,Balazs Bela u,Balazs Bela u__CPT3,Quaternary,MASW,3.5,242.16945631577872,4.0,204.47980388762565,210.88005718607272,214.1361801332119,207.97552048937706,207.97552048937706
113,Balazs Bela u,Balazs Bela u,Balazs Bela u__CPT3,Quaternary,MASW,4.5,183.9976083561228,4.0,230.5068033307597,248.7909634523254,242.5124287657227,240.3901772287838,240.3901772287838
114,Balazs Bela u,Balazs Bela u,Balazs Bela u__CPT3,Quaternary,MASW,5.5,196.25096508768468,4.0,237.74837954069758,249.95119504493135,250.0705506818232,244.38428428007475,244.38428428007475
115,Balazs Bela u,Balazs Bela u,Balazs Bela u__CPT3,Quaternary,MASW,6.5,181.47621716786065,4.0,228.88200309830296,233.48285097366218,238.8698215124041,231.40113444462693,231.40113444462693
116,Balazs Bela u,Balazs Bela u,Balazs Bela u__CPT3,Quaternary,MASW,7.5,195.9799207328963,4.0,252.02495297836484,251.14280574063534,251.125585874916,251.5393892438153,251.5393892438153
117,Balazs Bela u,Balazs Bela u,Balazs Bela u__CPT3,Quaternary,MASW,8.4,204.43626559443783,4.0,247.02027890049393,246.31418112336635,251.28979017239888,246.63167500622865,246.63167500622865
118,Balazs Bela u,Balazs Bela u,Balazs Bela u__CPT3,Quaternary,MASW,9.5,257.70007980133306,4.0,264.6888165881151,266.7455657108208,265.6290287890838,265.81805824438413,265.81805824438413
119,Balazs Bela u,Balazs Bela u,Balazs Bela u__CPT3,Tertiary,MASW,10.6,293.3543261321456,4.0,285.517054020796,277.5052753223445,283.19202876034893,281.08237090754284,281.08237090754284
120,Balazs Bela u,Balazs Bela u,Balazs Bela u__CPT3,Tertiary,MASW,11.5,297.0572278925097,4.0,294.36111588680984,290.0992498437497,295.09842666356843,292.00939967637817,292.00939967637817
121,Balazs Bela u,Balazs Bela u,Balazs Bela u__CPT3,Tertiary,MASW,12.5,320.18378589781827,4.0,317.70250195960665,318.9101117925467,314.5921994517268,318.36612037028505,318.36612037028505
122,Balazs Bela u,Balazs Bela u,Balazs Bela u__CPT3,Tertiary,MASW,13.4,299.2427491507408,4.0,329.20560959107786,319.4827233022509,314.354729879355,323.8219695019661,323.8219695019661
123,Balazs Bela u,Balazs Bela u,Balazs Bela u__CPT3,Tertiary,MASW,14.15,295.38867195232734,4.0,355.8106733020577,327.9139686069147,333.9729066627249,340.18604308404815,340.18604308404815
124,Balazs Bela u,Balazs Bela u,Balazs Bela u__CPT3,Tertiary,MASW,14.745,284.7713855793395,4.0,353.4558374391666,333.075322462974,338.884139705281,342.0969267738195,342.0969267738195
125,Balazs Bela u,Balazs Bela u,Balazs Bela u__CPT5,Quaternary,MASW,1.5,225.344560762992,4.0,196.5403744625079,185.56342208692539,179.39530536905738,190.4250620490396,190.4250620490396
126,Balazs Bela u,Balazs Bela u,Balazs Bela u__CPT5,Quaternary,MASW,2.3,218.7736372966365,4.0,197.7072025171394,193.4460749148545,186.66516708267645,195.35209729620485,195.35209729620485
127,Balazs Bela u,Balazs Bela u,Balazs Bela u__CPT5,Quaternary,MASW,3.05,238.47002457839076,4.0,209.8227426250569,217.7808896946607,218.4636700103805,214.163040513581,214.163040513581
128,Balazs Bela u,Balazs Bela u,Balazs Bela u__CPT5,Quaternary,MASW,3.55,172.9944254712481,4.0,165.60248766710453,201.1112991106982,203.9873116018878,184.2765804721146,184.2765804721146
129,Balazs Bela u,Balazs Bela u,Balazs Bela u__CPT5,Quaternary,MASW,4.0,208.06999100282263,4.0,213.43931428618623,230.48256051601365,228.91680156216879,222.65088522850928,222.65088522850928
130,Balazs Bela u,Balazs Bela u,Balazs Bela u__CPT5,Quaternary,MASW,4.7,192.08137490019047,4.0,234.06270053578925,247.02169065663236,246.07123427389377,241.10365524437736,241.10365524437736
131,Balazs Bela u,Balazs Bela u,Balazs Bela u__CPT5,Quaternary,MASW,5.7,192.82835352083657,4.0,239.17170791055696,244.282384624653,248.8735469288934,241.96920361953093,241.96920361953093
132,Balazs Bela u,Balazs Bela u,Balazs Bela u__CPT5,Quaternary,MASW,6.6,192.23263736765307,4.0,243.2153730472267,242.2189913766278,243.68759894180064,242.66685699279256,242.66685699279256
133,Balazs Bela u,Balazs Bela u,Balazs Bela u__CPT5,Quaternary,MASW,8.0,194.1878028074128,4.0,248.04070242856508,251.26899156229322,252.26698713032073,249.81109433629027,249.81109433629027
134,Balazs Bela u,Balazs Bela u,Balazs Bela u__CPT5,Tertiary,MASW,9.6,256.0695961005619,4.0,253.16228306215322,260.5207505688254,261.04556774667446,257.1833375511783,257.1833375511783
135,Balazs Bela u,Balazs Bela u,Balazs Bela u__CPT5,Tertiary,MASW,10.8,282.3878377195648,4.0,279.6123041051437,271.72345472414196,276.12400467311187,275.24551141233223,275.24551141233223
136,Balazs Bela u,Balazs Bela u,Balazs Bela u__CPT5,Tertiary,MASW,12.95,301.7575919193504,4.0,330.04852512783776,321.345059701526,317.47074111838833,325.23284899417934,325.23284899417934
137,Balazs Bela u,Balazs Bela u,Balazs Bela u__CPT7,Quaternary,MASW,1.55,218.61843680273475,4.0,207.7770867427783,205.16082388997083,193.43164505970861,206.3340404553425,206.3340404553425
138,Balazs Bela u,Balazs Bela u,Balazs Bela u__CPT7,Quaternary,MASW,2.5,243.5136525721244,4.0,222.70912973306645,219.43735511486196,216.99314037462022,220.90366303387853,220.90366303387853
139,Balazs Bela u,Balazs Bela u,Balazs Bela u__CPT7,Quaternary,MASW,3.25,173.9745978721373,4.0,176.51632615429224,200.89535092990118,203.50979639088138,189.5337841078467,189.5337841078467
140,Balazs Bela u,Balazs Bela u,Balazs Bela u__CPT7,Quaternary,MASW,3.9,217.03384928200185,4.0,224.52495670013732,250.3920903301724,240.30438753624748,238.40228451478353,238.40228451478353
141,Balazs Bela u,Balazs Bela u,Balazs Bela u__CPT7,Quaternary,MASW,4.85,203.1240160584304,4.0,248.42830138587382,256.87285593453674,259.2713968657136,253.03785610343988,253.03785610343988
142,Balazs Bela u,Balazs Bela u,Balazs Bela u__CPT7,Quaternary,MASW,6.25,184.60127439809037,4.0,237.16980611251216,241.21542980646922,244.18506769756675,239.38642884783624,239.38642884783624
143,Balazs Bela u,Balazs Bela u,Balazs Bela u__CPT7,Quaternary,MASW,7.35,165.4915602191897,4.0,225.04749383777826,232.32302645645908,235.05651200817218,229.0203755744074,229.0203755744074
144,Balazs Bela u,Balazs Bela u,Balazs Bela u__CPT7,Quaternary,MASW,7.85,192.86192210827696,4.0,253.2870784825714,250.78938585711302,252.05150547106794,251.91028495672674,251.91028495672674
145,Balazs Bela u,Balazs Bela u,Balazs Bela u__CPT7,Quaternary,MASW,9.0,247.33548914468648,4.0,254.1947676054201,255.97876697892576,259.0970569742414,255.17442307835685,255.17442307835685
146,Balazs Bela u,Balazs Bela u,Balazs Bela u__CPT7,Tertiary,MASW,10.75,273.0212382878847,4.0,275.628953157007,270.5397870627246,277.0399826250269,272.81817861371087,272.81817861371087
147,Balazs Bela u,Balazs Bela u,Balazs Bela u__CPT7,Tertiary,MASW,12.25,316.70687811949347,4.0,312.364432264518,310.9306401279753,311.37659214025035,311.5750303432195,311.5750303432195
148,Balazs Bela u,Balazs Bela u,Balazs Bela u__CPT7,Tertiary,MASW,13.5,335.72412127806666,4.0,357.93758382802594,337.12262967346334,334.2919998578504,346.33520051324683,346.33520051324683
149,Balazs Bela u,Balazs Bela u,Balazs Bela u__CPT7,Tertiary,MASW,14.5,276.8066629898324,4.0,349.2145591683706,334.52121744227844,333.99357815110875,341.0551183258475,341.0551183258475
996,Budapart,Budapart,Budapart__BOC.CPT2,Quaternary,MASW,1.35,314.9245011606354,2.0,179.53821378551794,180.12330862782719,179.98680151470427,179.9643455318959,179.9643455318959
997,Budapart,Budapart,Budapart__BOC.CPT2,Quaternary,MASW,2.35,242.44163571454845,2.0,199.05595889341592,212.99870639268804,210.85398603679994,210.24781148168776,210.24781148168776
998,Budapart,Budapart,Budapart__BOC.CPT2,Quaternary,MASW,3.5,157.9886140542735,2.0,243.1734413581565,246.26743888773098,233.18630729607776,233.67577936931363,233.67577936931363
999,Budapart,Budapart,Budapart__BOC.CPT2,Quaternary,MASW,4.5,176.10766844413888,2.0,275.1845956744846,296.63364116196436,277.63857963599764,277.5153623165649,277.5153623165649
1000,Budapart,Budapart,Budapart__BOC.CPT2,Quaternary,MASW,5.8,197.17858473558465,2.0,294.24944464906525,280.57267165377584,278.40558294284676,279.1771218621375,279.1771218621375
1001,Budapart,Budapart,Budapart__BOC.CPT2,Quaternary,MASW,7.1,239.2957443400448,2.0,278.7443100838618,279.5380404160109,277.4907181737201,277.55326366125206,277.55326366125206
1002,Budapart,Budapart,Budapart__BOC.CPT2,Quaternary,MASW,8.1,248.33418668783227,2.0,248.319440720344,254.26868180179724,255.43694494954642,255.07627248007392,255.07627248007392
1003,Budapart,Budapart,Budapart__BOC.CPT2,Quaternary,MASW,9.3,252.3328671626296,2.0,250.74474100620344,256.8953551869753,260.89922638055054,260.381871046604,260.381871046604
1004,Budapart,Budapart,Budapart__BOC.CPT2,Quaternary,MASW,10.5,274.25358161893274,2.0,272.43132823891966,266.7776834033093,268.73638050327224,268.9199319917084,268.9199319917084
1005,Budapart,Budapart,Budapart__BOC.CPT2,Quaternary,MASW,11.5,275.4542892028961,2.0,275.2847528617688,267.12441486689926,269.67272600748925,269.95059056155907,269.95059056155907
1006,Budapart,Budapart,Budapart__BOC.CPT2,Quaternary,MASW,12.65,294.5715165515109,2.0,299.05016904818416,288.69867372292504,287.34041272224385,287.91485854550234,287.91485854550234
1007,Budapart,Budapart,Budapart__BOC.CPT2,Quaternary,MASW,14.0,264.56409767953005,2.0,271.4547631215615,266.74011406356425,273.3141321938647,273.22086198239435,273.22086198239435
1008,Budapart,Budapart,Budapart__BOC.CPT2,Quaternary,MASW,15.2,467.4323088011077,2.0,309.01659159023075,303.5214514834865,301.2614200210216,301.64451509835806,301.64451509835806
1009,Budapart,Budapart,Budapart__BOC.CPT2,Quaternary,MASW,16.2,487.9315323651389,2.0,291.4850954029279,290.06356340884355,301.9904943537803,301.45634345569044,301.45634345569044
1010,Budapart,Budapart,Budapart__BOC.CPT2,Quaternary,MASW,17.085,534.8024694985974,2.0,334.19982842291654,337.8016779784083,329.26788946362365,329.51274882196697,329.51274882196697
1011,Budapart,Budapart,Budapart__BOG.CPT1,Quaternary,MASW,1.45,198.6866581464849,2.0,219.20500229480626,223.9503916263859,225.47713702444238,225.1593100589044,225.1593100589044
1012,Budapart,Budapart,Budapart__BOG.CPT1,Quaternary,MASW,2.45,174.2077326855875,2.0,196.97841563061934,187.22480780258715,188.423251372073,188.84204763589344,188.84204763589344
1013,Budapart,Budapart,Budapart__BOG.CPT1,Quaternary,MASW,3.5,218.74548124871887,2.0,232.55475558950894,219.79415610571448,218.51036733752585,219.19200335871747,219.19200335871747
1014,Budapart,Budapart,Budapart__BOG.CPT1,Quaternary,MASW,4.5,224.91616831893225,2.0,243.5660726293219,233.1439339848412,235.04987825926204,235.46852791956306,235.46852791956306
1015,Budapart,Budapart,Budapart__BOG.CPT1,Quaternary,MASW,5.5,262.04744823605785,2.0,248.187992824312,248.7723551944574,238.5392059824426,239.01261264059113,239.01261264059113
1016,Budapart,Budapart,Budapart__BOG.CPT1,Quaternary,MASW,6.5,278.80618079788064,2.0,264.5665000427749,269.6027255972725,264.5898275917907,264.5886611654909,264.5886611654909
1017,Budapart,Budapart,Budapart__BOG.CPT1,Quaternary,MASW,7.35,226.6397771054856,2.0,221.8948640696785,239.37577976095812,236.65930078231935,235.89827259650977,235.89827259650977
1018,Budapart,Budapart,Budapart__BOG.CPT1,Quaternary,MASW,8.35,250.3457724284192,2.0,246.24092079083673,247.17833643090424,254.92563281931356,254.48421074339063,254.48421074339063
1019,Budapart,Budapart,Budapart__BOG.CPT1,Quaternary,MASW,9.5,247.64418117211255,2.0,253.7246822713156,256.11296093427256,258.6429115705667,258.39475109718023,258.39475109718023
1020,Budapart,Budapart,Budapart__BOG.CPT1,Quaternary,MASW,10.5,282.2871895712367,2.0,270.1006774251076,267.24345894860767,267.75937994260846,267.8759613433078,267.8759613433078
1021,Budapart,Budapart,Budapart__BOG.CPT1,Quaternary,MASW,11.5,262.47852224854205,2.0,273.5675695061474,265.9408262726001,268.06694227342683,268.33932817799695,268.33932817799695
1022,Budapart,Budapart,Budapart__BOG.CPT1,Quaternary,MASW,12.5,383.3651304293964,2.0,276.55462800519405,264.2757015241917,275.67965373104397,275.72333662523636,275.72333662523636
1023,Budapart,Budapart,Budapart__BOG.CPT1,Quaternary,MASW,13.5,524.1579625234431,2.0,360.93814599731127,367.7928716965359,362.1657080116046,362.10423087300927,428.5772097998505
1024,Budapart,Budapart,Budapart__BOG.CPT1,Quaternary,MASW,14.89,550.1775271810608,2.0,373.05625485248567,387.4028050443678,404.98272446278196,403.3233716786974,426.4991378099934
1025,Budapart,Budapart,Budapart__BOG.CPT2,Quaternary,MASW,1.75,156.09949847531516,2.0,212.02265890263814,213.2395509535083,212.57763723630183,212.54985385004824,212.54985385004824
1026,Budapart,Budapart,Budapart__BOG.CPT2,Quaternary,MASW,3.35,199.45797632533723,2.0,246.988701637479,250.4983706967331,247.39901157658005,247.3784799003807,247.3784799003807
1027,Budapart,Budapart,Budapart__BOG.CPT2,Quaternary,MASW,4.7,245.37338826516856,2.0,276.0310494737946,297.54804664646014,276.75462389398854,276.7184001666086,276.7184001666086
1028,Budapart,Budapart,Budapart__BOG.CPT2,Quaternary,MASW,5.6,236.69771399156156,2.0,237.59994180276252,237.64864359455635,239.4111344526553,239.32024778771034,239.32024778771034
1029,Budapart,Budapart,Budapart__BOG.CPT2,Quaternary,MASW,6.5,232.24896776381445,2.0,229.40972098613534,234.50378048608,240.21022084861156,239.65831372543767,239.65831372543767
1030,Budapart,Budapart,Budapart__BOG.CPT2,Quaternary,MASW,7.5,250.35437496561337,2.0,246.31251829395404,254.54095465419235,251.6932613184222,251.42145362157646,251.42145362157646
1031,Budapart,Budapart,Budapart__BOG.CPT2,Quaternary,MASW,8.5,304.3331535968106,2.0,294.1037759764822,288.9920375072368,288.1970402721727,288.48953958392997,288.48953958392997
1032,Budapart,Budapart,Budapart__BOG.CPT2,Quaternary,MASW,9.5,285.5003637808965,2.0,277.0643047680563,275.84344192656147,280.9422608021236,280.74708016408755,280.74708016408755
1033,Budapart,Budapart,Budapart__BOG.CPT2,Quaternary,MASW,10.5,272.75596422944125,2.0,263.8079371735183,267.57009877141815,269.1330392658853,268.864249125689,268.864249125689
1034,Budapart,Budapart,Budapart__BOG.CPT2,Quaternary,MASW,11.95,412.2267261117577,2.0,308.1059418616753,292.96378252235,295.2993146511696,295.92681556527623,295.92681556527623
1035,Budapart,Budapart,Budapart__BOG.CPT3,Quaternary,MASW,1.6,190.75126081678476,2.0,217.2195994220453,228.1228091425143,223.64401430749163,223.31832692914932,223.31832692914932
1036,Budapart,Budapart,Budapart__BOG.CPT3,Quaternary,MASW,2.6,166.76722098028122,2.0,197.4200362685525,182.01392806036716,186.08823318186225,186.639055593322,186.639055593322
1037,Budapart,Budapart,Budapart__BOG.CPT3,Quaternary,MASW,4.0,215.41747286501064,2.0,234.229174210799,227.2265868186742,225.86389745916742,226.27497543978052,226.27497543978052
1038,Budapart,Budapart,Budapart__BOG.CPT3,Quaternary,MASW,5.4,260.93714504043294,2.0,264.400214915582,277.6306300407579,273.2011816578903,272.75425537417794,272.75425537417794
1039,Budapart,Budapart,Budapart__BOG.CPT3,Quaternary,MASW,6.5,269.6562030046544,2.0,268.63622841415713,271.28719628063766,276.81309913322553,276.39840643924106,276.39840643924106
1040,Budapart,Budapart,Budapart__BOG.CPT3,Quaternary,MASW,7.75,239.9973595537022,2.0,238.586401771355,247.66314350753248,249.17743756723007,248.6368894895377,248.6368894895377
1041,Budapart,Budapart,Budapart__BOG.CPT3,Quaternary,MASW,9.25,264.3478893337697,2.0,258.6375319789058,257.4560745563266,263.52403562113733,263.2775321534086,263.2775321534086
1042,Budapart,Budapart,Budapart__BOG.CPT3,Quaternary,MASW,10.5,260.10595577818225,2.0,256.7272153785593,258.9453307323061,262.1214672968704,261.8490824162218,261.8490824162218
1043,Budapart,Budapart,Budapart__BOG.CPT3,Quaternary,MASW,11.6,302.93970271584345,2.0,262.87016113068336,263.9404020748074,265.1535113747196,265.038874237841,265.038874237841
1044,Budapart,Budapart,Budapart__BOG.CPT3,Quaternary,MASW,12.6,456.07858192523423,2.0,276.0720570273971,270.0681485394327,273.9976073804517,274.10095867641104,274.10095867641104
1045,Budapart,Budapart,Budapart__BOG.CPT3,Quaternary,MASW,13.675,482.60330611425417,2.0,302.7782519782195,275.4668802700436,282.88043121878644,283.84352654064486,283.84352654064486
1046,Budapart,Budapart,Budapart__BOIJ.CPT1,Quaternary,MASW,1.5,182.62077604901256,2.0,195.3543778104316,179.35059935506146,180.37384188452492,181.09482302779372,181.09482302779372
1047,Budapart,Budapart,Budapart__BOIJ.CPT1,Quaternary,MASW,2.5,186.1021412498908,2.0,238.02280283182264,226.30582408206345,220.480837269189,221.3264077431338,221.3264077431338
1048,Budapart,Budapart,Budapart__BOIJ.CPT1,Quaternary,MASW,3.5,176.45878234349587,2.0,221.06560138253963,229.50473627950652,223.98505902200773,223.83817465762928,223.83817465762928
1049,Budapart,Budapart,Budapart__BOIJ.CPT1,Quaternary,MASW,4.5,195.90551345445684,2.0,233.4360070280897,239.82491414546197,231.82573406605923,231.90598326282975,231.90598326282975
1050,Budapart,Budapart,Budapart__BOIJ.CPT1,Quaternary,MASW,5.5,210.2692476943019,2.0,242.1838773567962,247.95596563251115,238.74076357090405,238.91175085736694,238.91175085736694
1051,Budapart,Budapart,Budapart__BOIJ.CPT1,Quaternary,MASW,6.5,220.7469330930209,2.0,250.10748239584484,254.3646992587041,247.4636417230058,247.59516753299212,247.59516753299212
1052,Budapart,Budapart,Budapart__BOIJ.CPT1,Quaternary,MASW,7.5,208.8482131112298,2.0,244.9456807473766,250.06701452230683,248.49637750520856,248.31762640211582,248.31762640211582
1053,Budapart,Budapart,Budapart__BOIJ.CPT1,Quaternary,MASW,8.5,205.3530384795569,2.0,248.20418257522425,256.0367697589708,257.4312948786511,256.9618965071264,256.9618965071264
1054,Budapart,Budapart,Budapart__BOIJ.CPT1,Quaternary,MASW,9.5,211.8672348045849,2.0,255.20807709978968,260.70917421816125,264.0020281610005,263.5552191372678,263.5552191372678
1055,Budapart,Budapart,Budapart__BOIJ.CPT1,Quaternary,MASW,10.865,229.9427091755753,2.0,278.149745931238,267.2138044940656,271.7592422618199,272.07525204482295,272.07525204482295
1056,Budapart,Budapart,Budapart__BOIJ.CPT3,Quaternary,MASW,2.0,178.06189884304365,2.0,193.24545505945267,198.0521791090927,201.22107169040348,200.81458368822862,200.81458368822862
1057,Budapart,Budapart,Budapart__BOIJ.CPT3,Quaternary,MASW,3.15,199.6152481747873,2.0,234.52465766319247,226.232796439447,220.4167863654289,221.10158627326265,221.10158627326265
1058,Budapart,Budapart,Budapart__BOIJ.CPT3,Quaternary,MASW,4.4,238.65773298569488,2.0,272.9336719651042,280.9523149358797,261.69454879303714,262.2453512358892,262.2453512358892
1059,Budapart,Budapart,Budapart__BOIJ.CPT3,Quaternary,MASW,5.9,197.86134262656049,2.0,228.73824138364157,254.57828589110994,246.72810601438604,245.79589899019373,245.79589899019373
1060,Budapart,Budapart,Budapart__BOIJ.CPT3,Quaternary,MASW,7.4,214.1691716756123,2.0,253.2926601615146,243.68649550480842,249.42595463620998,249.61788044291845,249.61788044291845
1061,Budapart,Budapart,Budapart__BOIJ.CPT3,Quaternary,MASW,8.5,204.9323330643595,2.0,255.51447802546716,251.29194056220894,255.82749262881728,255.81183279551072,255.81183279551072
1062,Budapart,Budapart,Budapart__BOIJ.CPT3,Quaternary,MASW,9.5,218.93893794126737,2.0,274.4042856954049,275.4230197685567,276.6798948555701,276.56566749686016,276.56566749686016
1063,Budapart,Budapart,Budapart__BOIJ.CPT3,Quaternary,MASW,10.5,220.9834279376888,2.0,279.7761168979451,268.37336590420824,273.2401369860885,273.5632795812802,273.5632795812802
1064,Budapart,Budapart,Budapart__BOIJ.CPT3,Quaternary,MASW,11.62,268.46,2.0,286.41157607395166,271.9339798012265,277.8956949299159,278.31541186726923,278.31541186726923
1065,Budapart,Budapart,Budapart__BRE.CPT4,Quaternary,MASW,1.7000000000000002,153.52949138327185,2.0,192.1190381474252,199.07322878384696,203.66067491753552,203.0674615334665,203.0674615334665
1066,Budapart,Budapart,Budapart__BRE.CPT4,Quaternary,MASW,2.7,193.96732697418173,2.0,231.9182490560455,226.4759730344957,221.23274795527848,221.75513707121345,221.75513707121345
1067,Budapart,Budapart,Budapart__BRE.CPT4,Quaternary,MASW,4.1,215.077696284564,2.0,266.70030253194545,266.08707407573326,264.53651496846794,264.64428622180503,264.64428622180503
1068,Budapart,Budapart,Budapart__BRE.CPT4,Quaternary,MASW,5.5,238.80464668674344,2.0,241.31050892113103,254.94052544961912,255.586931031147,254.85345336178816,254.85345336178816
1069,Budapart,Budapart,Budapart__BRE.CPT4,Quaternary,MASW,6.5,245.3354627875698,2.0,244.06517446140356,255.89916249467072,255.42244999535112,254.8422341032365,254.8422341032365
1070,Budapart,Budapart,Budapart__BRE.CPT4,Quaternary,MASW,7.5,247.53147221052092,2.0,240.9362862986993,253.95066066553397,251.66755400865827,251.11981188558963,251.11981188558963
1071,Budapart,Budapart,Budapart__BRE.CPT4,Quaternary,MASW,8.5,272.4027350426088,2.0,263.7606580952606,262.06959085287355,267.3130860909262,267.13433368185525,267.13433368185525
1072,Budapart,Budapart,Budapart__BRE.CPT4,Quaternary,MASW,9.5,254.89844722125025,2.0,245.9613753913409,256.04886763433433,254.04168926212446,253.631440326264,253.631440326264
1073,Budapart,Budapart,Budapart__BRE.CPT4,Quaternary,MASW,10.5,272.64323208484603,2.0,264.1904454660298,259.21855326899424,261.64468280362945,261.7713863461405,261.7713863461405
1074,Budapart,Budapart,Budapart__BRE.CPT4,Quaternary,MASW,11.5,280.9149843751927,2.0,267.2821888016553,263.78030122531857,265.52626504195393,265.6137866266598,265.6137866266598
1075,Budapart,Budapart,Budapart__BRE.CPT4,Quaternary,MASW,12.89,473.2222413447456,2.0,286.58849150154026,272.62272030367825,278.5794254265757,278.9745101780547,278.9745101780547
1076,Budapart,Budapart,Budapart__BRF.CPT2,Quaternary,MASW,1.6,183.13755001535216,2.0,222.0983060947854,227.59284986359123,228.41982470681734,228.09951745737555,228.09951745737555
1077,Budapart,Budapart,Budapart__BRF.CPT2,Quaternary,MASW,2.5,178.1407235440785,2.0,214.52860096802453,196.91150237367495,197.74083088864475,198.54812813003403,198.54812813003403
1078,Budapart,Budapart,Budapart__BRF.CPT2,Quaternary,MASW,3.5,203.95888690857916,2.0,236.16278499411084,232.52848374030697,226.79666106583494,227.25602015347363,227.25602015347363
1079,Budapart,Budapart,Budapart__BRF.CPT2,Quaternary,MASW,4.5,212.1688645121086,2.0,252.51686391145992,265.78983491416477,256.9968106167618,256.77093725827746,256.77093725827746
1080,Budapart,Budapart,Budapart__BRF.CPT2,Quaternary,MASW,5.5,278.6857150019483,2.0,284.371408852154,300.22493796503164,280.6605600657587,280.84494714720364,280.84494714720364
1081,Budapart,Budapart,Budapart__BRF.CPT2,Quaternary,MASW,6.75,231.1739523533905,2.0,243.89565513085992,254.21502761857857,253.47206868350278,252.98443803333427,252.98443803333427
1082,Budapart,Budapart,Budapart__BRF.CPT2,Quaternary,MASW,8.0,259.84204481191153,2.0,257.45709849863414,254.1914215753466,261.73650302934607,261.5208531755521,261.5208531755521
1083,Budapart,Budapart,Budapart__BRF.CPT2,Quaternary,MASW,9.0,260.8606967781626,2.0,258.76915939911385,252.2619511552454,257.71332995463837,257.7660189656012,257.7660189656012
1084,Budapart,Budapart,Budapart__BRF.CPT2,Quaternary,MASW,10.0,266.0650563384212,2.0,265.3534284918695,263.4225973272923,265.7485661363974,265.72879528696643,265.72879528696643
1085,Budapart,Budapart,Budapart__BRF.CPT2,Quaternary,MASW,11.0,269.6280434193707,2.0,272.60169932891785,264.59244747115144,268.16546920586734,268.38555626229527,268.38555626229527
1086,Budapart,Budapart,Budapart__BRF.CPT2,Quaternary,MASW,12.0,371.5950423468242,2.0,269.28234111408204,268.67752489529545,271.16575382576787,271.07127109569757,271.07127109569757
1087,Budapart,Budapart,Budapart__BRF.CPT2,Quaternary,MASW,12.925,491.7559209041706,2.0,323.26055881833213,299.40064800782574,299.76719362958426,300.90023921586567,300.90023921586567
1088,Budapart,Budapart,Budapart__BRG.CPT1,Quaternary,MASW,2.1,181.80561628891536,2.0,209.57336888915125,209.64392026699957,207.74294185282963,207.83408234592991,207.83408234592991
1089,Budapart,Budapart,Budapart__BRG.CPT1,Quaternary,MASW,3.15,190.555474102631,2.0,227.40933549498757,222.88968651839684,216.98390553430752,217.49363925381283,217.49363925381283
1090,Budapart,Budapart,Budapart__BRG.CPT1,Quaternary,MASW,4.4,222.7778845225797,2.0,257.73439083599135,267.3651501138413,240.85596237675816,241.67300948842734,241.67300948842734
1091,Budapart,Budapart,Budapart__BRG.CPT1,Quaternary,MASW,5.5,217.6915332265952,2.0,238.73843109694454,252.98453387503577,248.14245249035412,247.66357263344352,247.66357263344352
1092,Budapart,Budapart,Budapart__BRG.CPT1,Quaternary,MASW,6.5,225.5612163020003,2.0,240.406011413562,240.43604755577775,240.55089932403163,240.5436528550704,240.5436528550704
1093,Budapart,Budapart,Budapart__BRG.CPT1,Quaternary,MASW,7.5,218.69912924404144,2.0,244.41715654534383,249.87366168400587,247.72466972838123,247.5582360648127,247.5582360648127
1094,Budapart,Budapart,Budapart__BRG.CPT1,Quaternary,MASW,8.5,210.47264817800425,2.0,244.62630406061524,249.41087816686988,252.78768662251466,252.373224963393,252.373224963393
1095,Budapart,Budapart,Budapart__BRG.CPT1,Quaternary,MASW,9.5,218.6399431603297,2.0,255.6000954600319,257.2889809459067,261.5538459377395,261.25289125143973,261.25289125143973
1096,Budapart,Budapart,Budapart__BRG.CPT1,Quaternary,MASW,10.5,222.56821807043863,2.0,259.5698589648364,259.4921470044451,259.74643748665017,259.737605708348,259.737605708348
1097,Budapart,Budapart,Budapart__BRG.CPT1,Quaternary,MASW,11.64,269.0433266736204,2.0,331.6693369341676,299.559889487369,304.3803945723849,305.68991278294493,305.68991278294493
1098,Budapart,Budapart,Budapart__BRK.CPT1,Quaternary,MASW,1.4,187.3100343454764,2.0,195.2209618477157,197.29427379096245,201.18119437149986,200.87890642831155,200.87890642831155
1099,Budapart,Budapart,Budapart__BRK.CPT1,Quaternary,MASW,2.4,222.34084520729309,2.0,220.7648188537325,210.53213830599447,208.64025674229543,209.2303571169704,209.2303571169704
1100,Budapart,Budapart,Budapart__BRK.CPT1,Quaternary,MASW,3.5,252.56608898094157,2.0,252.29812964972743,263.7370879794308,252.9396784032581,252.90756225562095,252.90756225562095
1101,Budapart,Budapart,Budapart__BRK.CPT1,Quaternary,MASW,4.5,244.96483679727447,2.0,277.4380115505683,292.247966764556,279.289125942796,279.19627757067616,279.19627757067616
1102,Budapart,Budapart,Budapart__BRK.CPT1,Quaternary,MASW,5.8,234.55662684429797,2.0,255.4144126480533,275.66583017696627,275.1741377352659,274.1507911855994,274.1507911855994
1103,Budapart,Budapart,Budapart__BRK.CPT1,Quaternary,MASW,7.1,237.4367692279285,2.0,254.90958117424861,259.1890089184864,260.10141092982354,259.8393257460759,259.8393257460759
1104,Budapart,Budapart,Budapart__BRK.CPT1,Quaternary,MASW,8.1,218.54536943109616,2.0,235.96852962140517,252.44308650489384,254.28821989521364,253.339339446135,253.339339446135
1105,Budapart,Budapart,Budapart__BRK.CPT1,Quaternary,MASW,9.3,217.19009684022475,2.0,234.49302691402664,257.22043160447953,255.94732180999347,254.82941467449456,254.82941467449456
1106,Budapart,Budapart,Budapart__BRK.CPT1,Quaternary,MASW,10.5,241.63536774335344,2.0,259.50370928138955,262.8694776646676,265.417999327061,265.11910877461656,265.11910877461656
1107,Budapart,Budapart,Budapart__BRK.CPT1,Quaternary,MASW,11.5,247.9246741046859,2.0,266.66300741965915,260.62032174667235,261.9708499535168,262.2034847833814,262.2034847833814
1108,Budapart,Budapart,Budapart__BRK.CPT1,Quaternary,MASW,12.8,266.2868371267044,2.0,288.6184287542276,272.9852449686523,283.31164419545786,283.57465095999675,283.57465095999675
1109,Budapart,Budapart,Budapart__BRK.CPT1,Quaternary,MASW,13.85,580.7534828026721,2.0,370.2237351556884,358.139405360052,369.9458177777544,369.9597086904959,432.57114370209155
1110,Budapart,Budapart,Budapart__BRK.CPT2,Quaternary,MASW,1.4500000000000002,193.20265298831268,2.0,177.25755665272342,189.33775790781186,186.28904058630243,185.8267274319574,185.8267274319574
1111,Budapart,Budapart,Budapart__BRK.CPT2,Quaternary,MASW,2.3,168.6264078169069,2.0,150.4478463228167,177.2656942532688,171.61789179560674,170.49189317923276,170.49189317923276
1112,Budapart,Budapart,Budapart__BRK.CPT2,Quaternary,MASW,3.4,289.08835521167094,2.0,248.92907783003713,242.82677123382146,237.9756007728256,238.51164723843613,238.51164723843613
1113,Budapart,Budapart,Budapart__BRK.CPT2,Quaternary,MASW,4.45,232.40168051966785,2.0,256.7395929307063,257.3401086691761,252.87150931327395,253.06352205468949,253.06352205468949
1114,Budapart,Budapart,Budapart__BRK.CPT2,Quaternary,MASW,5.75,207.0452699782191,2.0,219.53943071848417,241.68218096792478,241.0411817993139,239.91771265206955,239.91771265206955
1115,Budapart,Budapart,Budapart__BRK.CPT2,Quaternary,MASW,7.1,239.6089866214836,2.0,247.1334315552142,254.02973093894008,253.5311851114167,253.2073990369634,253.2073990369634
1116,Budapart,Budapart,Budapart__BRK.CPT2,Quaternary,MASW,8.1,241.2747385799583,2.0,249.7018525772603,255.7397881764359,256.59152154137047,256.2425662860364,256.2425662860364
1117,Budapart,Budapart,Budapart__BRK.CPT2,Quaternary,MASW,9.3,240.69454175504325,2.0,247.06204735072558,253.1815049710763,252.8033597343919,252.51315089354057,252.51315089354057
1118,Budapart,Budapart,Budapart__BRK.CPT2,Quaternary,MASW,10.5,252.18399933673072,2.0,260.0350753125101,257.20359524790706,256.5166809303381,256.69146462716895,256.69146462716895
1119,Budapart,Budapart,Budapart__BRK.CPT2,Quaternary,MASW,11.69,274.8869914812007,2.0,290.7367468491683,280.8798284041468,279.6393283813106,280.1840019900833,280.1840019900833
1120,Budapart,Budapart,Budapart__BRL.CPT1,Quaternary,MASW,1.3,243.2255319206435,2.0,207.5566667199652,198.37718959310652,206.6414129835157,206.68707966812846,206.68707966812846
1121,Budapart,Budapart,Budapart__BRL.CPT1,Quaternary,MASW,2.2,213.2005697862587,2.0,177.59579371689014,179.1752652647537,177.83314230890667,177.82126734919777,177.82126734919777
1122,Budapart,Budapart,Budapart__BRL.CPT1,Quaternary,MASW,3.3,289.73113128281886,2.0,226.49171572073888,222.81866784633243,220.18147095927642,220.49276643587166,220.49276643587166
1123,Budapart,Budapart,Budapart__BRL.CPT1,Quaternary,MASW,4.3,338.56928750348965,2.0,255.39187701599795,269.4622420395683,250.17671044397017,250.4349212475186,250.4349212475186
1124,Budapart,Budapart,Budapart__BRL.CPT1,Quaternary,MASW,5.4,285.5014863130366,2.0,277.16815833094626,296.81694427352903,277.81074037302625,277.77857591799955,277.77857591799955
1125,Budapart,Budapart,Budapart__BRL.CPT1,Quaternary,MASW,6.5,239.2302244442629,2.0,266.3383486102842,271.10017991769575,276.10118618571573,275.6046520667446,275.6046520667446
1126,Budapart,Budapart,Budapart__BRL.CPT1,Quaternary,MASW,7.5,211.1738880050509,2.0,236.06215512781915,248.5729579936519,248.94688440735416,248.28625564338805,248.28625564338805
1127,Budapart,Budapart,Budapart__BRL.CPT1,Quaternary,MASW,8.5,224.1113002582659,2.0,248.74144752115836,257.41516111864865,256.40354942352405,256.01489836501077,256.01489836501077
1128,Budapart,Budapart,Budapart__BRL.CPT1,Quaternary,MASW,9.5,231.07340702137225,2.0,255.96993781266792,260.5642058786471,263.9034648395597,263.5010109265398,263.5010109265398
1129,Budapart,Budapart,Budapart__BRL.CPT1,Quaternary,MASW,10.5,231.81821956276607,2.0,256.00557864464866,258.88353226155846,261.90687723707805,261.60860727513466,261.60860727513466
1130,Budapart,Budapart,Budapart__BRL.CPT1,Quaternary,MASW,11.5,249.69829106615344,2.0,278.97907162974883,270.7342788607778,272.3376607134331,272.6659445607015,272.6659445607015
1131,Budapart,Budapart,Budapart__BRL.CPT1,Quaternary,MASW,12.5,254.4720832517515,2.0,287.8927447947249,271.78849763223434,278.9698934036726,279.40939546331543,279.40939546331543
1132,Budapart,Budapart,Budapart__BRL.CPT1,Quaternary,MASW,13.5,254.0133183260768,2.0,288.9709500313366,272.7818022448817,275.25069107949525,275.9209689210228,275.9209689210228
1133,Budapart,Budapart,Budapart__BRL.CPT1,Quaternary,MASW,14.92,267.7981267304003,2.0,320.9707092583087,319.4666826031323,311.635853568323,312.09608189585236,312.09608189585236
1134,Budapart,Budapart,Budapart__BRL.CPT2,Quaternary,MASW,1.3,247.0019124481507,2.0,216.33992096450237,220.56280764434607,222.97692390575304,222.64028905264328,222.64028905264328
1135,Budapart,Budapart,Budapart__BRL.CPT2,Quaternary,MASW,2.0,214.60226635596624,2.0,189.2416880807512,187.20772595949893,184.61740615422366,184.84591329729113,184.84591329729113
1136,Budapart,Budapart,Budapart__BRL.CPT2,Quaternary,MASW,2.95,276.37887766946614,2.0,230.70680540340194,221.89050490056445,218.25035223342866,218.85689119892575,218.85689119892575
1137,Budapart,Budapart,Budapart__BRL.CPT2,Quaternary,MASW,4.0,319.1356120031349,2.0,266.1991187812246,281.18056437278165,258.93311319683335,259.29165753782786,259.29165753782786
1138,Budapart,Budapart,Budapart__BRL.CPT2,Quaternary,MASW,5.0,279.98277319772546,2.0,268.4058442314942,284.3780603023197,277.6731399628029,277.2022660475938,277.2022660475938
1139,Budapart,Budapart,Budapart__BRL.CPT2,Quaternary,MASW,6.0,239.579304108149,2.0,263.9964036244424,270.835614345166,276.2462219040146,275.62044543760936,275.62044543760936
1140,Budapart,Budapart,Budapart__BRL.CPT2,Quaternary,MASW,7.0,221.3203923675362,2.0,246.42557009187405,252.57392318935013,253.75105998653024,253.3796665846763,253.3796665846763
1141,Budapart,Budapart,Budapart__BRL.CPT2,Quaternary,MASW,8.15,226.4721804201633,2.0,249.57155686652834,257.3115851658356,259.5325860844677,259.02522161056305,259.02522161056305
1142,Budapart,Budapart,Budapart__BRL.CPT2,Quaternary,MASW,9.15,224.46344614457132,2.0,246.15638420985601,252.3998708424437,254.97173019081615,254.5235574271983,254.5235574271983
1143,Budapart,Budapart,Budapart__BRL.CPT2,Quaternary,MASW,10.0,223.2821304497248,2.0,246.1479007745871,257.8929094557365,258.1241743144809,257.51175140291497,257.51175140291497
1144,Budapart,Budapart,Budapart__BRL.CPT2,Quaternary,MASW,11.0,241.2961957759113,2.0,267.8765965649608,264.9562486547195,266.6213776420338,266.6839986677332,266.6839986677332
1145,Budapart,Budapart,Budapart__BRL.CPT2,Quaternary,MASW,12.0,270.7768319074563,2.0,301.46443583954664,290.57134077408483,291.35658948616697,291.85383663638095,291.85383663638095
1146,Budapart,Budapart,Budapart__BRL.CPT2,Quaternary,MASW,13.0,257.5041066260121,2.0,290.34891539730097,269.68598987365675,277.72611688914844,278.3440206495859,278.3440206495859
1147,Budapart,Budapart,Budapart__BRL.CPT2,Quaternary,MASW,14.0,245.48858678688,2.0,279.9327762791741,268.61685832063125,272.9713355472484,273.31525975990627,273.31525975990627
1148,Budapart,Budapart,Budapart__BRL.CPT2,Quaternary,MASW,15.0,257.4244137412403,2.0,296.7745448162013,287.526853308316,291.84152325089025,292.0862154668717,292.0862154668717
1149,Budapart,Budapart,Budapart__BRL.CPT2,Quaternary,MASW,16.2,258.2191124468668,2.0,303.5702935737056,301.4895709215459,304.7136014695371,304.6563339434125,304.6563339434125
1150,Budapart,Budapart,Budapart__BRL.CPT2,Quaternary,MASW,17.18,576.0,2.0,316.0121822360868,309.85984520806437,314.082324813175,314.1785371794371,314.1785371794371
1151,Budapart,Budapart,Budapart__BRL.CPT3,Quaternary,MASW,1.45,281.3032448201237,2.0,212.9584253287056,214.05151382999776,218.67932194194512,218.38966093072946,218.38966093072946
1152,Budapart,Budapart,Budapart__BRL.CPT3,Quaternary,MASW,2.45,218.07727993031943,2.0,162.65305392248928,174.97566862706188,173.82342524513288,173.2471103111845,173.2471103111845
1153,Budapart,Budapart,Budapart__BRL.CPT3,Quaternary,MASW,3.4,245.3407359744841,2.0,184.964761609451,197.14947938107525,191.90071641108176,191.5478210845246,191.5478210845246
1154,Budapart,Budapart,Budapart__BRL.CPT3,Quaternary,MASW,4.4,345.2535848560474,2.0,237.54538178749158,231.57975393501377,229.69212291030232,230.07854708202908,230.07854708202908
1155,Budapart,Budapart,Budapart__BRL.CPT3,Quaternary,MASW,5.5,219.6144105090756,2.0,239.7328027786911,249.64416874710318,242.4632118391727,242.32595574336597,242.32595574336597
1156,Budapart,Budapart,Budapart__BRL.CPT3,Quaternary,MASW,6.75,257.8681816149979,2.0,282.47198861238695,282.193244448448,279.05147608591784,279.22151379900606,279.22151379900606
1157,Budapart,Budapart,Budapart__BRL.CPT3,Quaternary,MASW,8.25,246.5712190506611,2.0,272.9755013834604,264.7590067016254,263.1270363572283,263.61091230594565,263.61091230594565
1158,Budapart,Budapart,Budapart__BRL.CPT3,Quaternary,MASW,9.5,206.6190105374448,2.0,225.8662741612304,255.6785296983853,256.9478594027417,255.29677177163157,255.29677177163157
1159,Budapart,Budapart,Budapart__BRL.CPT3,Quaternary,MASW,10.75,239.68851703269823,2.0,263.6176235028627,263.7136851895988,266.1231658540101,265.9973250305602,265.9973250305602
1160,Budapart,Budapart,Budapart__BRL.CPT3,Quaternary,MASW,12.0,214.49067248994888,2.0,235.17097811139783,259.59657728646664,263.338960295235,261.85359878941995,261.85359878941995
1161,Budapart,Budapart,Budapart__BRL.CPT3,Quaternary,MASW,12.9,236.554475306871,2.0,262.3183921715381,264.7140021825262,270.31658326300254,269.9109427039574,269.9109427039574
1162,Budapart,Budapart,Budapart__BRL.CPT3,Quaternary,MASW,13.7,264.1683893374926,2.0,296.336265603054,274.3197712187026,278.65550735345505,279.5139512620285,279.5139512620285
1163,Budapart,Budapart,Budapart__BRL.CPT3,Quaternary,MASW,14.55,258.6225122143188,2.0,292.63275223406515,280.62210955611476,281.7526519253565,282.2869220682248,282.2869220682248
1164,Budapart,Budapart,Budapart__BRL.CPT3,Quaternary,MASW,15.5,255.62796351386152,2.0,293.3797679742281,292.7863002824361,297.2564751580052,297.06142875519487,297.06142875519487
1165,Budapart,Budapart,Budapart__BRL.CPT3,Quaternary,MASW,16.45,273.3555943775335,2.0,319.37900410572854,317.7548946170591,320.2571876750823,320.21322120246225,320.21322120246225
1166,Budapart,Budapart,Budapart__BRL.CPT3,Quaternary,MASW,17.485,575.9999999999999,2.0,367.6939934403179,388.8169578249114,370.7679052433104,370.61360110814167,420.8162628304844
1167,Budapart,Budapart,Budapart__BRL.CPT4,Quaternary,MASW,1.5,229.8839304448362,2.0,207.51878367484406,201.6193358044527,202.88014747617976,203.10959723648827,203.10959723648827
1168,Budapart,Budapart,Budapart__BRL.CPT4,Quaternary,MASW,2.45,304.66516443700505,2.0,257.0912854130712,245.56615115223258,234.1147860440004,235.21324258456391,235.21324258456391
1169,Budapart,Budapart,Budapart__BRL.CPT4,Quaternary,MASW,3.45,270.0293455242649,2.0,225.021973786144,228.48008059497369,222.11521317197435,222.25965536492694,222.25965536492694
1170,Budapart,Budapart,Budapart__BRL.CPT4,Quaternary,MASW,4.5,302.9616692137099,2.0,242.66915876584267,259.5579062851934,246.2363916567709,246.05679096312548,246.05679096312548
1171,Budapart,Budapart,Budapart__BRL.CPT4,Quaternary,MASW,5.5,239.1401527047529,2.0,272.6403982122546,287.75930292472054,274.09312468405517,274.02030486191677,274.02030486191677
1172,Budapart,Budapart,Budapart__BRL.CPT4,Quaternary,MASW,6.6,256.6034776043064,2.0,284.7568418140225,285.557984968892,284.68773410122515,284.69118908850163,284.69118908850163
1173,Budapart,Budapart,Budapart__BRL.CPT4,Quaternary,MASW,7.85,231.92321239130428,2.0,258.2477024171074,257.90227063880155,263.0721547580296,262.82880546523825,262.82880546523825
1174,Budapart,Budapart,Budapart__BRL.CPT4,Quaternary,MASW,8.9,210.32168985582655,2.0,231.47525419558323,249.16653713020494,251.28784524714888,250.25809637276154,250.25809637276154
1175,Budapart,Budapart,Budapart__BRL.CPT4,Quaternary,MASW,9.9,188.3373746118845,2.0,208.71252319570092,245.8414195399843,247.4344723588959,245.33788681320598,245.33788681320598
1176,Budapart,Budapart,Budapart__BRL.CPT4,Quaternary,MASW,11.0,224.39902409090905,2.0,254.9864276030645,259.37427002534184,263.6812286371663,263.23952967409645,263.23952967409645
1177,Budapart,Budapart,Budapart__BRL.CPT4,Quaternary,MASW,12.0,240.54305439735293,2.0,271.34248421784173,266.7789697177994,271.16015489366487,271.1692684494178,271.1692684494178
1178,Budapart,Budapart,Budapart__BRL.CPT4,Quaternary,MASW,13.0,268.668214410446,2.0,304.46649493162454,291.4343584601326,288.92530725585567,289.6831804532327,289.6831804532327
1179,Budapart,Budapart,Budapart__BRL.CPT4,Quaternary,MASW,14.0,279.4546737783115,2.0,320.58198419067963,311.3265999362254,305.9931899910071,306.7066050219513,306.7066050219513
1180,Budapart,Budapart,Budapart__BRL.CPT4,Quaternary,MASW,15.0,263.5582549871305,2.0,306.50565258817255,300.6377340580325,302.9547195668659,303.13128519761415,303.13128519761415
1181,Budapart,Budapart,Budapart__BRL.CPT4,Quaternary,MASW,16.08,270.7963110706171,2.0,319.97736962019286,317.3335486931459,315.89064082737536,316.0937320478926,316.0937320478926
219,Dunaterasz,Dunaterasz,Dunaterasz__CPT1,Quaternary,MASW,1.5,233.01496865580825,5.0,233.1321448924998,195.9459313264847,209.16383915032765,210.04996514133435,210.04996514133435
220,Dunaterasz,Dunaterasz,Dunaterasz__CPT1,Quaternary,MASW,2.65,161.46583675030033,5.0,229.73773316124633,204.071485294495,205.2015355608435,213.9746515748075,213.9746515748075
221,Dunaterasz,Dunaterasz,Dunaterasz__CPT1,Quaternary,MASW,3.9,163.01239029095743,5.0,222.44928637615695,212.83772431764095,212.108376631152,216.63148200789374,216.63148200789374
222,Dunaterasz,Dunaterasz,Dunaterasz__CPT1,Quaternary,MASW,4.75,193.26324287162743,5.0,221.90291761312653,212.65747779265857,218.54972775508764,216.30850721049381,216.30850721049381
223,Dunaterasz,Dunaterasz,Dunaterasz__CPT1,Quaternary,MASW,5.6,210.21097857471867,5.0,245.44219561427303,253.66379115199226,249.99610418771866,250.34261146116896,250.34261146116896
224,Dunaterasz,Dunaterasz,Dunaterasz__CPT1,Quaternary,MASW,6.85,189.28960459252335,5.0,245.60112175377068,253.6739986900269,253.7586964451878,250.41348440420109,250.41348440420109
225,Dunaterasz,Dunaterasz,Dunaterasz__CPT1,Quaternary,MASW,8.0,246.14239114562568,5.0,256.4988185673797,259.14053700016746,264.7761610254463,258.0806003298774,258.0806003298774
226,Dunaterasz,Dunaterasz,Dunaterasz__CPT1,Quaternary,MASW,9.0,242.36010701922967,5.0,251.28689294125869,251.29031845237498,245.59320269306045,251.28894824232506,251.28894824232506
227,Dunaterasz,Dunaterasz,Dunaterasz__CPT1,Quaternary,MASW,10.0,260.6009835718683,5.0,272.6879949017443,280.89802400318337,275.09721619462385,277.584759462429,277.584759462429
228,Dunaterasz,Dunaterasz,Dunaterasz__CPT1,Quaternary,MASW,11.15,322.7997524378964,5.0,307.52745880472895,341.7859763003377,323.54452375410153,327.6469302991065,327.6469302991065
229,Dunaterasz,Dunaterasz,Dunaterasz__CPT1,Quaternary,MASW,12.35,401.7820453738461,5.0,365.333839737433,511.60152957485224,470.12082781889006,447.13128845741085,447.13128845741085
230,Dunaterasz,Dunaterasz,Dunaterasz__CPT1,Quaternary,MASW,13.25,412.5906561194893,5.0,379.5269387459625,522.9620992899058,506.4410102752418,460.02260417510456,460.02260417510456
231,Dunaterasz,Dunaterasz,Dunaterasz__CPT1,Quaternary,MASW,13.95,350.4190840317688,5.0,332.56904148501434,510.42723613470383,453.5748078861721,430.0441374299214,430.0441374299214
232,Dunaterasz,Dunaterasz,Dunaterasz__CPT1,Quaternary,MASW,14.65,377.4406562832872,5.0,357.9184183592858,548.1424469773297,514.0298619789663,462.22100719317075,462.22100719317075
233,Dunaterasz,Dunaterasz,Dunaterasz__CPT1,Quaternary,MASW,15.5,391.6336238720198,5.0,357.0867603989328,523.9170955191244,488.6906583406556,449.43515612531934,449.43515612531934
251,Dunaterasz,Dunaterasz,Dunaterasz__CPT3,Quaternary,MASW,1.5,243.6522670525204,5.0,223.8143155340785,198.25966233357406,204.67017871821525,208.1113477743388,208.1113477743388
252,Dunaterasz,Dunaterasz,Dunaterasz__CPT3,Quaternary,MASW,2.5,164.52161984464115,5.0,219.80749875527908,211.23766436404006,205.48662600857287,214.62475670926446,214.62475670926446
253,Dunaterasz,Dunaterasz,Dunaterasz__CPT3,Quaternary,MASW,3.5,140.1436187015576,5.0,199.81646807266753,203.41667051607652,202.86802938981393,201.96887027155185,201.96887027155185
254,Dunaterasz,Dunaterasz,Dunaterasz__CPT3,Quaternary,MASW,5.25,189.96998362234584,5.0,212.36833281533004,219.18743354928733,222.70396282840557,216.43390437422306,216.43390437422306
255,Dunaterasz,Dunaterasz,Dunaterasz__CPT3,Quaternary,MASW,7.5,280.89288071320817,5.0,250.46543075248707,253.02434919286455,254.39192930040363,251.99765945338342,251.99765945338342
256,Dunaterasz,Dunaterasz,Dunaterasz__CPT3,Quaternary,MASW,9.5,290.1925091008787,5.0,254.30277415605684,250.06865056358478,247.39726156011886,251.7537738606729,251.7537738606729
257,Dunaterasz,Dunaterasz,Dunaterasz__CPT3,Quaternary,MASW,11.25,308.0070638324241,5.0,299.06745487047647,314.62787247034544,301.355088514108,308.3088405853354,308.3088405853354
258,Dunaterasz,Dunaterasz,Dunaterasz__CPT3,Tertiary,MASW,13.0,302.338687860811,5.0,282.4893941064499,317.60733529886306,306.65085660493645,303.06457385589744,303.68028291838925
259,Dunaterasz,Dunaterasz,Dunaterasz__CPT3,Tertiary,MASW,15.0,421.9515002325058,5.0,368.8505546041738,449.5805551983758,436.77095837564184,415.3600163716614,415.7015543526602
260,Dunaterasz,Dunaterasz,Dunaterasz__CPT3,Tertiary,MASW,16.5,434.4731468104367,5.0,328.69556238622,364.77563905210314,352.57382189075093,349.8912102348459,352.19475895213066
261,Dunaterasz,Dunaterasz,Dunaterasz__CPT3,Tertiary,MASW,17.5,449.12414076315633,5.0,347.760415038028,359.51629345175417,341.2726073810843,354.7669912356082,352.0313422732743
234,Dunaterasz,Dunaterasz,Dunaterasz__CPT7,Quaternary,MASW,1.5,341.41245087622747,5.0,234.99710765941927,222.8687370670765,222.44749486304343,227.64310362875221,227.64310362875221
235,Dunaterasz,Dunaterasz,Dunaterasz__CPT7,Quaternary,MASW,2.5,167.41803185818335,5.0,194.86123018807436,186.60060215042455,181.3256967042738,189.86197775017826,189.86197775017826
236,Dunaterasz,Dunaterasz,Dunaterasz__CPT7,Quaternary,MASW,3.5,169.2805907738425,5.0,202.4235368336738,205.2079783906948,206.58247045287405,204.08963485671015,204.08963485671015
237,Dunaterasz,Dunaterasz,Dunaterasz__CPT7,Quaternary,MASW,4.5,209.3771254247548,5.0,209.38231553813304,210.65847586440074,214.5434879477959,210.14708101351545,210.14708101351545
238,Dunaterasz,Dunaterasz,Dunaterasz__CPT7,Quaternary,MASW,5.5,254.79265277134243,5.0,241.3762756012907,234.07690445097816,235.54037628143388,236.96978366044252,236.96978366044252
239,Dunaterasz,Dunaterasz,Dunaterasz__CPT7,Quaternary,MASW,6.5,246.1751443855289,5.0,236.4801997698198,227.64764564604124,231.96187177597494,231.1403738241115,231.1403738241115
240,Dunaterasz,Dunaterasz,Dunaterasz__CPT7,Quaternary,MASW,7.5,234.7209428058546,5.0,224.58397297753825,220.09540497949334,228.03789324631373,221.87996545254796,221.87996545254796
241,Dunaterasz,Dunaterasz,Dunaterasz__CPT7,Quaternary,MASW,8.25,243.5669812326419,5.0,241.66514475205278,242.06189466733258,241.09707020661574,241.90311659810067,241.90311659810067
242,Dunaterasz,Dunaterasz,Dunaterasz__CPT7,Quaternary,MASW,8.9,252.1126054825733,5.0,247.09725532775346,241.25892028014704,241.98613608885134,243.57751558768038,243.57751558768038
243,Dunaterasz,Dunaterasz,Dunaterasz__CPT7,Quaternary,MASW,9.95,256.3556830690226,5.0,257.2829137199032,246.7500657371575,245.82235767942905,250.91044715925588,250.91044715925588
244,Dunaterasz,Dunaterasz,Dunaterasz__CPT7,Quaternary,MASW,11.05,288.57899310866173,5.0,308.40444410246903,293.60146599077433,290.96766875668476,299.435427898868,299.435427898868
245,Dunaterasz,Dunaterasz,Dunaterasz__CPT7,Quaternary,MASW,12.0,295.9273911577772,5.0,291.6540073702564,289.3375723122627,287.0246886008693,290.2619303446334,290.2619303446334
246,Dunaterasz,Dunaterasz,Dunaterasz__CPT7,Tertiary,MASW,13.0,259.40578487448937,5.0,268.3790654818613,268.83820287351926,271.11931211956863,268.654453734093,267.86252397908686
247,Dunaterasz,Dunaterasz,Dunaterasz__CPT7,Tertiary,MASW,14.0,254.7858427540241,5.0,268.0364950148626,254.2017582341587,255.7047544848724,259.647832881132,258.01002247809197
248,Dunaterasz,Dunaterasz,Dunaterasz__CPT7,Tertiary,MASW,15.0,321.06754082146693,5.0,289.4185350537695,283.2326160659922,284.0679895493436,285.6909574994915,277.9599658916872
249,Dunaterasz,Dunaterasz,Dunaterasz__CPT7,Tertiary,MASW,16.0,447.3862948626886,5.0,389.2501435290848,427.0529565399332,385.9566486948378,411.51015058936434,402.3361090883711
250,Dunaterasz,Dunaterasz,Dunaterasz__CPT7,Tertiary,MASW,17.355,485.3425983295048,5.0,401.21838883361795,457.9334776225177,435.7832063798603,434.34394175485,438.31746340541736
478,Dévai 14,Dévai 14,Dévai 14__SCPTu1,Quaternary,SCPT,1.25,217.0,2.0,196.77759279247425,181.05781851105698,183.370372837043,184.018502328592,184.65724446248387
479,Dévai 14,Dévai 14,Dévai 14__SCPTu1,Quaternary,SCPT,2.0,240.0,2.0,209.7789905945729,202.5358156367592,203.23352301612974,203.55589210105202,203.45018728294806
480,Dévai 14,Dévai 14,Dévai 14__SCPTu1,Quaternary,SCPT,3.0,159.0,2.0,216.76874807066963,210.9757883704293,223.65907328444823,223.30941225645668,217.54786858660486
481,Dévai 14,Dévai 14,Dévai 14__SCPTu1,Quaternary,SCPT,4.15,205.0,2.0,226.64445249604967,213.2350330505456,232.65616986995704,232.35183151271607,232.92604619707757
482,Dévai 14,Dévai 14,Dévai 14__SCPTu1,Quaternary,SCPT,5.15,160.0,2.0,223.7444293530541,237.57514223567102,256.3016885088174,254.5666488663471,261.0392776086851
483,Dévai 14,Dévai 14,Dévai 14__SCPTu1,Quaternary,SCPT,6.25,375.0,2.0,259.74283989083006,271.38880442665516,286.2275608299906,284.84136373025694,312.3426544284082
484,Dévai 14,Dévai 14,Dévai 14__SCPTu1,Quaternary,SCPT,7.5,440.0,2.0,291.9120816367094,308.2243774978925,326.69304318939686,324.8594431987341,348.24968357947836
485,Dévai 14,Dévai 14,Dévai 14__SCPTu1,Quaternary,SCPT,8.5,405.0,2.0,294.7607141490856,308.5213335262782,317.51300967151803,316.3347687587379,353.2511743829905
486,Dévai 14,Dévai 14,Dévai 14__SCPTu1,Quaternary,SCPT,9.5,333.0,2.0,309.0865561803318,317.2034302579384,323.495961729742,322.75979150343255,368.4154668808098
487,Dévai 14,Dévai 14,Dévai 14__SCPTu1,Quaternary,SCPT,10.25,358.0,2.0,324.6586114649493,320.53453818004596,322.94129216269334,323.02694198326714,366.6905418473458
488,Dévai 14,Dévai 14,Dévai 14__SCPTu1,Tertiary,SCPT,11.0,391.0,2.0,314.3055974461044,303.8783183463727,296.5095961383046,297.37497695939317,297.7770622814168
489,Dévai 14,Dévai 14,Dévai 14__SCPTu1,Tertiary,SCPT,12.0,472.0,2.0,331.5793679387349,334.7584216620692,316.8098519236034,317.53245382967935,329.8386891880365
490,Dévai 14,Dévai 14,Dévai 14__SCPTu1,Tertiary,SCPT,13.0,475.0,2.0,348.93109232327924,339.94824922294106,327.1291803223069,328.18619195688797,350.84503737471573
491,Dévai 14,Dévai 14,Dévai 14__SCPTu1,Tertiary,SCPT,14.0,596.0,2.0,353.37927820862564,353.5686941941305,340.835611155219,341.4520859011372,361.2532255906332
492,Dévai 14,Dévai 14,Dévai 14__SCPTu1,Tertiary,SCPT,15.0,598.0,2.0,379.2798010492556,399.9283521473481,389.4245230564317,388.91090204683275,426.01383774760814
493,Dévai 14,Dévai 14,Dévai 14__SCPTu1,Tertiary,SCPT,16.0,600.0,2.0,383.9485775035201,411.42107052859006,404.1512524685261,403.1163246126711,429.81264525380965
494,Dévai 14,Dévai 14,Dévai 14__SCPTu1,Tertiary,SCPT,17.0,601.0,2.0,385.3898622420622,421.3033143859548,416.45744192095873,414.84619408568113,433.44207383750415
495,Dévai 14,Dévai 14,Dévai 14__SCPTu1,Tertiary,SCPT,18.105,602.0,2.0,390.6802222924857,404.90951124589503,396.9616576906393,396.64520069657067,426.7195354158023
64,Futo u,Futo u,Futo u__CPT1,Quaternary,SCPT,2.5,261.0,3.0,264.9886474400604,256.962591315959,239.48032314305948,260.5437847486928,261.55117866718336
65,Futo u,Futo u,Futo u__CPT1,Quaternary,SCPT,3.45,350.0,3.0,254.30864322154818,266.33744689806593,273.9423574188148,260.8556406234677,302.49673813613606
66,Futo u,Futo u,Futo u__CPT1,Quaternary,SCPT,4.35,195.0,3.0,233.05765536919398,255.1861952525808,264.59107010157004,244.97962474853642,276.92777887654677
67,Futo u,Futo u,Futo u__CPT1,Quaternary,SCPT,5.25,350.0,3.0,268.4152135851059,300.2817876644987,324.0237439494264,285.4987120867799,318.35822402396997
68,Futo u,Futo u,Futo u__CPT1,Quaternary,SCPT,6.65,310.0,3.0,293.8177027834324,309.0700418243528,341.28696958675243,302.11089153451445,327.7035061000975
69,Futo u,Futo u,Futo u__CPT1,Quaternary,SCPT,7.55,446.0,3.0,297.7775919765646,312.47618751176833,335.22436871871867,305.7741137404625,330.40396683200174
70,Futo u,Futo u,Futo u__CPT1,Tertiary,SCPT,8.5,284.0,3.0,281.63325732462886,265.10954350133375,272.52829920706256,272.42171410046063,279.06160389452316
71,Futo u,Futo u,Futo u__CPT1,Tertiary,SCPT,9.5,243.0,3.0,282.65552652520097,264.75019600369313,264.0315057041199,272.66275983817604,271.9299047893545
72,Futo u,Futo u,Futo u__CPT1,Tertiary,SCPT,10.5,333.0,3.0,299.3288291147641,298.724445287235,309.3942262362858,298.99626684628237,337.22026305949873
73,Futo u,Futo u,Futo u__CPT1,Tertiary,SCPT,11.5,276.0,3.0,328.9162731129877,324.81968860856205,345.6839739796215,326.65679934704605,353.0000833549322
74,Futo u,Futo u,Futo u__CPT1,Tertiary,SCPT,12.5,430.0,3.0,359.01247843432947,363.6748947095524,385.1549688306654,361.56936101335174,397.58008906323903
75,Futo u,Futo u,Futo u__CPT1,Tertiary,SCPT,13.5,366.0,3.0,320.63888610662264,329.71428273704436,336.2508329217514,325.5989939421333,353.68976463599955
76,Futo u,Futo u,Futo u__CPT1,Tertiary,SCPT,14.5,341.0,3.0,325.66246781546084,339.8953165870244,345.5873004199996,333.4151413939608,363.5358292314223
77,Futo u,Futo u,Futo u__CPT1,Tertiary,SCPT,15.5,435.0,3.0,336.0243409036016,373.77236292959185,359.1766945441668,356.28766292615006,386.06371203078123
78,Futo u,Futo u,Futo u__CPT1,Tertiary,SCPT,16.5,369.0,3.0,356.85181839531737,405.954845238264,394.5668179408919,383.07367883841016,423.11417151098436
79,Futo u,Futo u,Futo u__CPT1,Tertiary,SCPT,17.5,481.0,3.0,415.9501119027813,501.66295871456555,497.58067833741916,461.1000611651532,511.95947179596976
80,Futo u,Futo u,Futo u__CPT2,Quaternary,SCPT,1.8,170.0,3.0,163.7247321958601,159.18153515847717,174.91697574129444,161.21015989937416,147.80953164513858
81,Futo u,Futo u,Futo u__CPT2,Quaternary,SCPT,3.3,310.0,3.0,249.1928677065349,246.59159148174655,233.31824769791592,247.75878838465366,244.35714132509716
82,Futo u,Futo u,Futo u__CPT2,Quaternary,SCPT,4.5,230.0,3.0,223.50908607273615,207.9532244583284,214.21002754765928,214.8146739238508,216.22098501594016
83,Futo u,Futo u,Futo u__CPT2,Quaternary,SCPT,5.55,378.0,3.0,233.31148688103352,246.155911861152,247.8235601386205,240.29066728610132,277.2410325491206
84,Futo u,Futo u,Futo u__CPT2,Quaternary,SCPT,7.15,289.0,3.0,297.89315142717084,305.3827344841976,316.8078598821103,301.9893986265439,321.2674073168475
85,Futo u,Futo u,Futo u__CPT2,Tertiary,SCPT,8.85,319.0,3.0,268.7689427629006,254.74807081652355,256.40648677477157,260.9645912261641,242.98879718273398
86,Futo u,Futo u,Futo u__CPT2,Tertiary,SCPT,10.0,225.0,3.0,286.47829450165904,265.7288267342002,262.2414338173033,274.87329191286295,261.3927319047948
87,Futo u,Futo u,Futo u__CPT2,Tertiary,SCPT,11.0,180.0,3.0,287.5715054839929,258.1570628713451,262.32227880331754,271.0015901571997,262.06045743542774
88,Futo u,Futo u,Futo u__CPT2,Tertiary,SCPT,12.25,200.0,3.0,334.08499333955064,325.99270151658396,338.0843464806884,329.6096878914838,350.81134795861027
89,Futo u,Futo u,Futo u__CPT2,Tertiary,SCPT,13.5,240.0,3.0,321.84512121259024,323.45745282013297,338.6364532576861,322.73090645386367,348.17692884524854
90,Futo u,Futo u,Futo u__CPT2,Tertiary,SCPT,14.5,280.0,3.0,350.7240005258556,380.0024357786639,385.5427751575253,366.53628860073866,398.1927987751506
91,Futo u,Futo u,Futo u__CPT2,Tertiary,SCPT,15.75,325.0,3.0,351.09689596366985,375.1882946236195,359.5935597545829,364.14910738481456,376.9566094738545
92,Futo u,Futo u,Futo u__CPT2,Tertiary,SCPT,17.0,340.0,3.0,363.1612170461645,351.55934013559084,333.23317140901554,356.73359513599365,332.11474496471544
93,Futo u,Futo u,Futo u__CPT2,Tertiary,SCPT,18.0,330.0,3.0,369.5743067746907,352.3690957566285,335.69177764251884,360.01002418510075,332.3025087101163
94,Futo u,Futo u,Futo u__CPT2,Tertiary,SCPT,19.0,325.0,3.0,402.9338188801838,396.6632277540239,396.1860057183999,399.472825902471,421.20033245266325
1279,Galeria,Galeria,Galeria__CPT3,Quaternary,SCPT,1.5,279.0,4.0,180.9128296288474,167.69063606052742,147.7451151665423,173.51661289384487,151.4858166057331
1280,Galeria,Galeria,Galeria__CPT3,Quaternary,SCPT,2.5,480.9,4.0,206.78933644675743,193.90201364049176,205.34507593620225,199.59880571269628,243.16820767800112
1281,Galeria,Galeria,Galeria__CPT3,Quaternary,SCPT,4.5,325.8,4.0,285.96578454721885,320.5082332872856,332.21030163982283,304.4758753290206,344.10528848771804
1282,Galeria,Galeria,Galeria__CPT3,Quaternary,SCPT,6.25,290.0,4.0,253.58034352142587,284.7308527619637,301.04546516566575,270.2657451341928,302.73090493864566
1283,Galeria,Galeria,Galeria__CPT3,Quaternary,SCPT,7.5,318.7,4.0,281.27485308348906,341.58543011896734,351.42375127095124,312.99222102644427,364.710524959586
1284,Galeria,Galeria,Galeria__CPT3,Quaternary,SCPT,8.5,227.5,4.0,264.1092535651488,292.08128095664654,301.6208157504181,279.1448864206833,318.5385908863874
1285,Galeria,Galeria,Galeria__CPT3,Quaternary,SCPT,9.5,329.6,4.0,272.4305472832304,307.0578704351095,307.0775033304154,290.9619775359309,343.48428658388224
1286,Galeria,Galeria,Galeria__CPT3,Quaternary,SCPT,10.4,274.5,4.0,277.91948086092316,307.92591844283015,317.1631804321645,294.04173756653455,344.49258424048554
1287,Galeria,Galeria,Galeria__CPT3,Quaternary,SCPT,11.5,335.8,4.0,298.7720982762298,318.31441513571843,334.7512723468804,309.36699955691034,358.212408026597
1288,Galeria,Galeria,Galeria__CPT3,Quaternary,SCPT,13.45,297.1,4.0,312.0247540075806,365.9234837598982,356.08370096085105,340.6039869826673,371.68657947465755
1289,Galeria,Galeria,Galeria__CPT6,Quaternary,SCPT,2.65,460.0,4.0,256.64511671331456,276.8681151513351,313.69151452307904,267.57773403089743,352.21986744158573
1290,Galeria,Galeria,Galeria__CPT6,Quaternary,SCPT,3.8,365.0,4.0,284.51774319692544,365.16613855771874,364.0841506683166,326.3765778001639,380.46645639804876
1291,Galeria,Galeria,Galeria__CPT6,Quaternary,SCPT,5.3,461.2,4.0,252.54848289525776,311.4200118298799,313.5560147112286,283.39731289923975,316.71373960023607
1292,Galeria,Galeria,Galeria__CPT6,Quaternary,SCPT,6.5,241.4,4.0,254.13032391108172,294.74873773518254,300.97260726751523,275.7236348546316,318.10104859311343
1293,Galeria,Galeria,Galeria__CPT6,Quaternary,SCPT,7.5,279.8,4.0,261.763476527617,296.5970945460113,300.8243997035461,280.3824738739012,322.6739007303664
1294,Galeria,Galeria,Galeria__CPT6,Quaternary,SCPT,8.5,303.4,4.0,254.443354676515,282.2404124456001,290.32981161799665,269.3745485939186,311.6885168491826
1295,Galeria,Galeria,Galeria__CPT6,Quaternary,SCPT,9.75,280.0,4.0,267.0087075889286,292.6432359800884,291.6631315892691,280.81649269908326,333.6276120303828
1296,Galeria,Galeria,Galeria__CPT6,Tertiary,SCPT,11.25,235.0,4.0,264.9456809989157,259.9589841874628,259.57650002680145,262.1912759885386,251.20657302844938
1297,Galeria,Galeria,Galeria__CPT6,Tertiary,SCPT,12.5,197.1,4.0,269.15482719960175,252.52930751400228,254.0590034622816,259.8797625080527,236.50944563643077
1298,Galeria,Galeria,Galeria__CPT6,Tertiary,SCPT,13.5,198.1,4.0,269.64883583086834,249.51930813511765,255.28428010762119,258.38460494045415,237.21066450802806
1299,Galeria,Galeria,Galeria__CPT6,Tertiary,SCPT,14.5,207.5,4.0,279.84494175149376,252.98218966801454,258.1856829066315,264.7355891193243,242.4107289459048
1300,Galeria,Galeria,Galeria__CPT6,Tertiary,SCPT,15.5,199.5,4.0,288.25710618010527,253.09054150140062,266.71077374452744,268.35071906452276,245.26563490309144
1301,Galeria,Galeria,Galeria__CPT6,Tertiary,SCPT,16.5,240.1,4.0,294.89833621453323,252.21347346963705,259.36935693673274,270.59832303113376,246.0822453104711
1302,Galeria,Galeria,Galeria__CPT6,Tertiary,SCPT,17.5,283.1,4.0,304.0159697497149,256.3311974786852,255.1121096222643,276.7860419809182,245.26450259427872
1303,Galeria,Galeria,Galeria__CPT6,Tertiary,SCPT,18.5,344.4,4.0,314.25725802278714,269.3154698211283,270.84499107261627,288.6835969434916,263.98775916511903
932,Galeria,Galeria,Galeria__CPTu1,Quaternary,MASW,1.5,200.87338911264135,4.0,189.03845131889673,181.61192756335262,186.9723926021319,184.917055826764,184.917055826764
933,Galeria,Galeria,Galeria__CPTu1,Quaternary,MASW,2.5,196.74440696539887,4.0,177.13808994878949,170.8672951571368,173.1886620593708,173.6612010743634,173.6612010743634
934,Galeria,Galeria,Galeria__CPTu1,Quaternary,MASW,3.65,291.6550194442972,4.0,235.86407908114862,245.12547056713527,236.3978037579805,240.91367605353372,240.91367605353372
935,Galeria,Galeria,Galeria__CPTu1,Quaternary,MASW,4.9,303.440748147891,4.0,280.67793564662975,270.21025921448256,263.9540796196802,274.8715123220064,274.8715123220064
936,Galeria,Galeria,Galeria__CPTu1,Quaternary,MASW,5.95,285.02503663109627,4.0,270.2547783248101,259.5807441026771,260.44957504588723,264.33086781660427,264.33086781660427
937,Galeria,Galeria,Galeria__CPTu1,Quaternary,MASW,7.1,265.69406677837884,4.0,257.22077869820646,257.8794974330683,255.8744971073464,257.58286550426095,257.58286550426095
938,Galeria,Galeria,Galeria__CPTu1,Tertiary,MASW,8.15,293.826453794217,4.0,239.43840308040924,252.79349521829036,248.04629215565208,246.69392530274212,246.69392530274212
939,Galeria,Galeria,Galeria__CPTu1,Tertiary,MASW,9.0,351.778884161439,4.0,285.5990487004478,274.54663021223104,271.2836034419618,279.46627423905846,279.46627423905846
940,Galeria,Galeria,Galeria__CPTu1,Tertiary,MASW,9.9,359.2097639054068,4.0,291.1673739748441,281.4435789276007,278.59711286882384,285.77843852563166,285.77843852563166
941,Galeria,Galeria,Galeria__CPTu1,Tertiary,MASW,10.65,345.67985624468184,4.0,283.1533621089258,268.4337030017386,273.22255649640874,274.96039851413934,274.96039851413934
942,Galeria,Galeria,Galeria__CPTu1,Tertiary,MASW,11.5,301.04994974683586,4.0,313.6660903166063,299.6570821671783,299.0968341516453,305.8819902640485,305.8819902640485
943,Galeria,Galeria,Galeria__CPTu1,Tertiary,MASW,12.5,269.53387290059925,4.0,335.7093128933058,361.71267041978047,355.4331688787025,349.77081757870604,349.77081757870604
944,Galeria,Galeria,Galeria__CPTu1,Tertiary,MASW,13.165,251.1968980124008,4.0,326.31216696719196,348.7845456716878,357.6765739960351,338.48657520805347,338.48657520805347
945,Galeria,Galeria,Galeria__CPTu2,Quaternary,MASW,1.5,142.94718163263792,4.0,170.398902596577,155.79545889346764,157.9210426187434,162.20535739347886,162.20535739347886
946,Galeria,Galeria,Galeria__CPTu2,Quaternary,MASW,2.5,243.4278209050671,4.0,222.14446647455347,210.35161027658913,211.13536227340072,215.57886811625585,215.57886811625585
947,Galeria,Galeria,Galeria__CPTu2,Quaternary,MASW,3.5,322.1958686052481,4.0,279.5918832291263,293.18477795254813,282.43871673517253,286.9880621066239,286.9880621066239
948,Galeria,Galeria,Galeria__CPTu2,Quaternary,MASW,4.5,322.5679840545331,4.0,285.7115891334474,296.14288931522776,279.4512640935843,291.4024881100677,291.4024881100677
949,Galeria,Galeria,Galeria__CPTu2,Quaternary,MASW,5.5,287.5370044235484,4.0,255.24108176549518,275.1614998661057,270.02755639218674,266.0118459377033,266.0118459377033
950,Galeria,Galeria,Galeria__CPTu2,Quaternary,MASW,6.75,314.99276153740004,4.0,261.6231868395204,261.42547475139946,257.8001591062578,261.51442669436045,261.51442669436045
951,Galeria,Galeria,Galeria__CPTu2,Quaternary,MASW,8.0,335.55843365581563,4.0,262.1263510586048,272.50443000113904,270.15398613378835,267.7843971602975,267.7843971602975
952,Galeria,Galeria,Galeria__CPTu2,Quaternary,MASW,9.05,355.7838439538125,4.0,285.181239248104,281.1195904193111,279.01496900740636,282.9401240647792,282.9401240647792
953,Galeria,Galeria,Galeria__CPTu2,Quaternary,MASW,10.05,288.1304316847947,4.0,271.22113283005086,254.11167717503474,262.0023642320134,261.67312982293305,261.67312982293305
954,Galeria,Galeria,Galeria__CPTu2,Quaternary,MASW,10.95,233.7608424569632,4.0,269.0873066732193,263.7184590159119,271.80675286312186,266.12105499220775,266.12105499220775
955,Galeria,Galeria,Galeria__CPTu2,Tertiary,MASW,11.95,250.88861987706844,4.0,313.84284209685546,316.6553467488827,319.929816193462,315.3866140620478,315.3866140620478
956,Galeria,Galeria,Galeria__CPTu2,Tertiary,MASW,12.85,281.25794562499107,4.0,345.69799512936146,358.99806374254666,362.4693821808397,352.9508611158491,352.9508611158491
957,Galeria,Galeria,Galeria__CPTu2,Tertiary,MASW,13.6,284.46925929850886,4.0,359.9817593746152,427.3791104891144,418.4063700080972,395.6157132640565,427.67812621640576
958,Galeria,Galeria,Galeria__CPTu3,Quaternary,MASW,1.5,186.7510049262177,4.0,180.9128296288474,174.17597717690973,169.1862621431079,177.17594406561858,177.17594406561858
959,Galeria,Galeria,Galeria__CPTu3,Quaternary,MASW,2.6,217.38377613883452,4.0,213.6475391501051,209.60057865220747,208.39009477845343,211.41213651935107,211.41213651935107
960,Galeria,Galeria,Galeria__CPTu3,Quaternary,MASW,3.85,301.8937871548395,4.0,277.8828115600357,295.9291575685371,275.73037326999923,287.6676494705499,287.6676494705499
961,Galeria,Galeria,Galeria__CPTu3,Quaternary,MASW,5.0,316.2616940605289,4.0,286.7320718959813,291.4921203549006,280.3418507327957,289.3403972863575,289.3403972863575
962,Galeria,Galeria,Galeria__CPTu3,Quaternary,MASW,5.75,290.74075735471337,4.0,248.54869636566698,264.49949257109773,263.8115666282643,257.19873846549655,257.19873846549655
963,Galeria,Galeria,Galeria__CPTu3,Quaternary,MASW,6.5,304.91768049151176,4.0,256.02561627484334,259.77946227586386,259.21002314459696,258.0834683539709,258.0834683539709
964,Galeria,Galeria,Galeria__CPTu3,Quaternary,MASW,7.65,325.31218079012706,4.0,277.6155900996444,274.0605747950615,270.7979690822929,275.65466296014444,275.65466296014444
965,Galeria,Galeria,Galeria__CPTu3,Quaternary,MASW,8.9,311.13731166990686,4.0,269.11395963597874,261.261400118706,269.33902337941686,264.7662895878259,264.7662895878259
966,Galeria,Galeria,Galeria__CPTu3,Quaternary,MASW,10.0,321.54674826016344,4.0,275.154932580088,271.6934010924497,267.12912485911113,273.24566828575166,273.24566828575166
967,Galeria,Galeria,Galeria__CPTu3,Quaternary,MASW,11.0,301.88367846916486,4.0,290.1686209610313,283.11201513598263,280.8860592465998,286.2659976829773,286.2659976829773
968,Galeria,Galeria,Galeria__CPTu3,Quaternary,MASW,11.9,255.5093548420168,4.0,300.48634762607514,314.97575982978714,309.01253000407735,308.371020479294,308.371020479294
969,Galeria,Galeria,Galeria__CPTu3,Quaternary,MASW,12.65,286.2096295408894,4.0,311.3000827443121,325.31248179787997,318.473877434785,318.9305016980119,318.9305016980119
970,Galeria,Galeria,Galeria__CPTu3,Quaternary,MASW,13.5,261.5631031455214,4.0,304.056701765849,333.29030728003363,314.37881993055095,319.8026345372748,319.8026345372748
971,Galeria,Galeria,Galeria__CPTu3,Quaternary,MASW,14.17,272.8075060459482,4.0,322.6440951011744,353.39263114121695,329.73592387506227,339.20894312706184,339.20894312706184
972,Galeria,Galeria,Galeria__CPTu4,Quaternary,MASW,1.5,149.8669174754767,4.0,180.84834364645758,151.9453659849067,158.21405301426125,164.33105511766584,164.33105511766584
973,Galeria,Galeria,Galeria__CPTu4,Quaternary,MASW,2.5,235.29946075176795,4.0,249.79541929362188,241.17504840262595,245.81680066372942,245.0167739923354,245.0167739923354
974,Galeria,Galeria,Galeria__CPTu4,Quaternary,MASW,3.6,267.6174015538523,4.0,286.6668090029598,304.5810772026461,290.4587915434183,296.385150310615,296.385150310615
975,Galeria,Galeria,Galeria__CPTu4,Quaternary,MASW,4.85,290.3013310348953,4.0,271.22829628384426,293.42186413203154,280.949362112983,283.21849308370145,283.21849308370145
976,Galeria,Galeria,Galeria__CPTu4,Quaternary,MASW,5.95,275.6926399468307,4.0,252.45542865623725,269.6960466729118,266.758540246273,261.7966834982867,261.7966834982867
977,Galeria,Galeria,Galeria__CPTu4,Quaternary,MASW,6.800000000000001,275.8133400192892,4.0,257.01865854441894,257.1900356442152,256.64690708820547,257.11290181266673,257.11290181266673
978,Galeria,Galeria,Galeria__CPTu4,Quaternary,MASW,7.75,262.9615711175503,4.0,261.8255135441668,255.8287596988769,253.857453569107,258.5101113496512,258.5101113496512
979,Galeria,Galeria,Galeria__CPTu4,Quaternary,MASW,8.9,238.8663094842344,4.0,262.98428239447736,258.9813876767557,261.74878219758205,260.77509443939914,260.77509443939914
980,Galeria,Galeria,Galeria__CPTu4,Quaternary,MASW,10.0,230.19272958855112,4.0,263.23779672010323,254.2375514332408,257.3943897279141,258.2489382496827,258.2489382496827
981,Galeria,Galeria,Galeria__CPTu4,Tertiary,MASW,11.0,311.61708594721443,4.0,312.9276542282348,302.57290285784256,299.2555464635194,307.18944732182825,307.18944732182825
982,Galeria,Galeria,Galeria__CPTu4,Tertiary,MASW,12.0,299.1742628896579,4.0,310.117455579352,302.9190400574424,293.4980538207385,306.13741445860046,306.13741445860046
983,Galeria,Galeria,Galeria__CPTu4,Tertiary,MASW,12.85,335.8456019731248,4.0,343.3885124109123,332.5309712353211,324.9356873209853,337.37371894722367,337.37371894722367
984,Galeria,Galeria,Galeria__CPTu4,Tertiary,MASW,13.6,289.7824435829544,4.0,326.240398481056,310.82983207422075,301.9453206963511,317.67238535549006,317.67238535549006
985,Galeria,Galeria,Galeria__CPTu4,Tertiary,MASW,14.5,262.7729653347981,4.0,313.18777001393585,308.0545528933106,304.16157117846717,310.35400562669446,310.35400562669446
986,Galeria,Galeria,Galeria__CPTu4,Tertiary,MASW,15.5,244.86422079700904,4.0,305.6144247022271,267.98831270050226,280.98776654100396,284.3098798282481,284.3098798282481
987,Galeria,Galeria,Galeria__CPTu4,Tertiary,MASW,16.5,236.04469094651992,4.0,304.23553149022956,264.21354300884224,274.5341863097145,281.5268112853377,281.5268112853377
988,Galeria,Galeria,Galeria__CPTu4,Tertiary,MASW,17.5,240.26869319748596,4.0,315.7466425253691,260.2225398475365,273.24027876995723,283.8847967465147,283.8847967465147
989,Galeria,Galeria,Galeria__CPTu4,Tertiary,MASW,18.5,246.022177679243,4.0,322.9984722764926,260.1004625779854,273.0640385035913,286.72649722179506,286.72649722179506
990,Galeria,Galeria,Galeria__CPTu4,Tertiary,MASW,19.5,313.5556875483491,4.0,328.69032028484577,269.61476415856896,280.7693478630563,294.7563231271325,294.7563231271325
991,Galeria,Galeria,Galeria__CPTu4,Tertiary,MASW,20.5,332.559492726047,4.0,341.0232908839352,276.64420569475953,288.0009977008261,303.9552762618522,303.9552762618522
992,Galeria,Galeria,Galeria__CPTu4,Tertiary,MASW,21.5,338.29668951106567,4.0,347.113587354777,287.2598239535152,296.8683839208029,312.7976025764011,312.7976025764011
993,Galeria,Galeria,Galeria__CPTu4,Tertiary,MASW,22.5,342.2379812791047,4.0,355.767826067072,347.69672116709876,340.24107995727735,351.30580720669326,351.30580720669326
994,Galeria,Galeria,Galeria__CPTu4,Tertiary,MASW,23.5,365.2214831032677,4.0,368.8735318275555,372.172122753651,375.9985577075558,370.6841222609379,370.6841222609379
995,Galeria,Galeria,Galeria__CPTu4,Tertiary,MASW,24.3,367.79735650907736,4.0,369.9494009349263,380.77548413534555,394.8474276897137,375.865086103699,403.706914395426
913,Galeria,Galeria,Galeria__CPTu6,Quaternary,MASW,1.5,133.45529133277475,4.0,177.87783177448742,151.0976213511769,156.7801100784235,162.60972572880436,162.60972572880436
914,Galeria,Galeria,Galeria__CPTu6,Quaternary,MASW,2.5,213.4602204627913,4.0,248.61588023954337,241.1927357574551,239.11213172213218,244.50531968744085,244.50531968744085
915,Galeria,Galeria,Galeria__CPTu6,Quaternary,MASW,3.6,272.7691531662016,4.0,285.4789710750153,307.2543917460167,293.51059238820716,297.2571501439898,297.2571501439898
916,Galeria,Galeria,Galeria__CPTu6,Quaternary,MASW,4.85,297.1655807658395,4.0,263.949050473289,287.56396802489985,280.66624495812965,276.686521880859,276.686521880859
917,Galeria,Galeria,Galeria__CPTu6,Quaternary,MASW,5.95,272.69762195324785,4.0,252.02060793608314,254.99035477485614,256.23800056607445,253.6496625862663,253.6496625862663
918,Galeria,Galeria,Galeria__CPTu6,Quaternary,MASW,7.0,288.18852978380573,4.0,263.2933468023009,259.7298913038212,259.76819499219414,261.32743864629515,261.32743864629515
919,Galeria,Galeria,Galeria__CPTu6,Quaternary,MASW,7.899999999999999,235.8756883032632,4.0,241.24770683031406,237.4561184951919,238.950348858954,239.1549023220275,239.1549023220275
920,Galeria,Galeria,Galeria__CPTu6,Quaternary,MASW,8.6,262.07048087671285,4.0,256.58001382725627,257.1732563671536,253.6133336329501,256.9061276725436,256.9061276725436
921,Galeria,Galeria,Galeria__CPTu6,Quaternary,MASW,9.5,269.83202308273025,4.0,267.85228881443953,258.1243231919237,253.45916029732166,262.45740134540137,262.45740134540137
922,Galeria,Galeria,Galeria__CPTu6,Tertiary,MASW,10.75,276.3501036136512,4.0,260.8617229582472,247.12003865004505,260.23475458683373,253.21185862441592,253.21185862441592
923,Galeria,Galeria,Galeria__CPTu6,Tertiary,MASW,11.95,295.9671888314111,4.0,276.40828439471255,261.6524714987062,263.5262327390564,268.1925055632514,268.1925055632514
924,Galeria,Galeria,Galeria__CPTu6,Tertiary,MASW,12.85,275.8956626756854,4.0,266.83150259117974,252.3228354854397,257.395054856524,258.7514557580754,258.7514557580754
925,Galeria,Galeria,Galeria__CPTu6,Tertiary,MASW,13.65,244.9464642516105,4.0,269.45265823243227,250.6993155382484,257.07668815466343,258.97112541656156,258.97112541656156
926,Galeria,Galeria,Galeria__CPTu6,Tertiary,MASW,14.5,238.1196736349838,4.0,279.84494175149376,253.57648730529894,263.11244633894785,265.07745811987354,265.07745811987354
927,Galeria,Galeria,Galeria__CPTu6,Tertiary,MASW,15.5,238.96600919122216,4.0,288.25710618010527,254.51340279379417,271.04052160002635,269.17943156341465,269.17943156341465
928,Galeria,Galeria,Galeria__CPTu6,Tertiary,MASW,16.5,247.0961544396001,4.0,294.89833621453323,254.1876500918262,266.6265134084121,271.7612243361431,271.7612243361431
929,Galeria,Galeria,Galeria__CPTu6,Tertiary,MASW,17.5,255.5758747639164,4.0,304.0159697497149,267.82503123526135,273.12246455419256,283.54469038027213,283.54469038027213
930,Galeria,Galeria,Galeria__CPTu6,Tertiary,MASW,18.5,266.4994194691626,4.0,314.25725802278714,319.8117931613693,313.8187282712192,317.3002056171182,317.3002056171182
931,Galeria,Galeria,Galeria__CPTu6,Tertiary,MASW,19.225,327.5416937913881,4.0,329.91926590680976,345.32964088712913,352.2003672624021,338.30785075920596,338.30785075920596
1199,H6-H7,H6-H7,H6-H7__CPT27,Quaternary,MASW,2.5,273.4,5.0,242.90987964175633,231.0518479852296,227.369201515889,235.72396599318185,235.72396599318185
1200,H6-H7,H6-H7,H6-H7__CPT27,Quaternary,MASW,4.25,286.9,5.0,225.15060370706095,227.7830396263146,224.2534844762524,226.7263918923218,226.7263918923218
1201,H6-H7,H6-H7,H6-H7__CPT27,Quaternary,MASW,5.75,301.0,5.0,269.5974267020539,265.1169803409678,261.500714498075,266.9001536105639,266.9001536105639
1202,H6-H7,H6-H7,H6-H7__CPT27,Quaternary,MASW,7.0,312.0,5.0,284.5789483838874,268.87745134923114,266.4922790798604,275.0513227063267,275.0513227063267
1203,H6-H7,H6-H7,H6-H7__CPT27,Quaternary,MASW,8.0,323.5,5.0,264.11866262999536,292.45636755922027,284.2153705114172,280.77360925834046,280.77360925834046
1204,H6-H7,H6-H7,H6-H7__CPT27,Quaternary,MASW,9.0,333.0,5.0,263.59220769569833,272.878073571005,267.98250192212186,269.1251043758672,269.1251043758672
1205,H6-H7,H6-H7,H6-H7__CPT27,Quaternary,MASW,10.0,343.5,5.0,295.0208803427013,286.1612749365241,279.30359278040373,289.67273450151873,289.67273450151873
1206,H6-H7,H6-H7,H6-H7__CPT27,Quaternary,MASW,11.0,353.0,5.0,314.3620148116702,294.23026271557285,287.4076755796281,302.1234457074215,302.1234457074215
1207,H6-H7,H6-H7,H6-H7__CPT27,Quaternary,MASW,12.25,366.2,5.0,304.77826719734804,302.1836009227297,293.3983422069174,303.21880614951,303.21880614951
1208,H6-H7,H6-H7,H6-H7__CPT27,Tertiary,MASW,13.5,379.0,5.0,323.1913405659181,300.1047494910472,301.47689239159456,309.1345937695822,307.1714577012986
1209,H6-H7,H6-H7,H6-H7__CPT27,Tertiary,MASW,14.5,390.4,5.0,346.60034305666386,314.67438031104825,310.6406795345243,327.07581080442503,323.123891821389
1210,H6-H7,H6-H7,H6-H7__CPT27,Tertiary,MASW,15.5,401.0,5.0,351.89338332116864,324.1644968917742,317.3043538962296,334.9837263602058,332.90815391176244
1211,H6-H7,H6-H7,H6-H7__CPT27,Tertiary,MASW,16.5,412.0,5.0,345.94811538081257,329.0045182239777,321.42811696544356,335.68002968198584,333.8504962855458
1212,H6-H7,H6-H7,H6-H7__CPT27,Tertiary,MASW,17.5,422.3,5.0,351.47841212965324,349.5231855440173,331.29043429692246,350.30396757948154,352.29634756589445
1213,H6-H7,H6-H7,H6-H7__CPT27,Tertiary,MASW,18.5,431.4,5.0,357.38723754620685,364.52630835049837,341.0222490493338,361.65372469195347,361.8648708399503
1214,H6-H7,H6-H7,H6-H7__CPT27,Tertiary,MASW,19.5,441.0,5.0,363.6941476664416,374.1404282092009,350.62996818491325,369.9263849936152,370.14993028820896
1215,H6-H7,H6-H7,H6-H7__CPT27,Tertiary,MASW,20.5,448.0,5.0,379.7517091734122,393.49497440733103,367.31799367341455,387.93897047250357,387.0809145443824
1216,H6-H7,H6-H7,H6-H7__CPT27,Tertiary,MASW,21.5,455.7,5.0,385.5129109417678,410.8097180792465,385.9606060464941,400.49767213443806,401.9700681439063
1217,H6-H7,H6-H7,H6-H7__CPT27,Tertiary,MASW,22.5,462.9,5.0,389.1842156999172,410.00585503541214,388.2484170489949,401.54675667824876,402.21143718481926
1218,H6-H7,H6-H7,H6-H7__CPT27,Tertiary,MASW,23.5,470.0,5.0,399.86604580251924,459.38195843625755,422.1180249110413,434.58043686480073,439.00259510145764
1219,H6-H7,H6-H7,H6-H7__CPT27,Tertiary,MASW,24.5,476.0,5.0,408.277957282035,474.1102393875259,431.0075679077475,446.5910078142205,451.7574746281448
1220,H6-H7,H6-H7,H6-H7__CPT27,Tertiary,MASW,25.5,483.0,5.0,419.5642476249535,494.62133953628,460.1053799259484,463.10886976840357,469.1233733067513
1221,H6-H7,H6-H7,H6-H7__CPT27,Tertiary,MASW,26.5,489.4,5.0,419.4200739363019,491.5096028842689,460.3434031974869,461.29515090260503,467.5779942499924
1222,H6-H7,H6-H7,H6-H7__CPT27,Tertiary,MASW,27.5,495.0,5.0,438.04557129039216,485.23724817224956,450.1074168775643,465.77931327758705,469.78069139385553
1223,H6-H7,H6-H7,H6-H7__CPT27,Tertiary,MASW,28.5,501.1,5.0,445.80846149717365,480.5255310014978,445.00018096336794,466.3255415489184,467.4857282739468
1224,H6-H7,H6-H7,H6-H7__CPT29,Quaternary,MASW,2.0,250.5,5.0,190.63756601708718,179.7559444164395,177.63543411059132,184.032001931033,184.032001931033
1225,H6-H7,H6-H7,H6-H7__CPT29,Quaternary,MASW,3.15,262.0,5.0,217.5619472616362,210.07508706316497,205.29816599800537,213.038407113332,213.038407113332
1226,H6-H7,H6-H7,H6-H7__CPT29,Quaternary,MASW,4.4,272.0,5.0,232.56429907988755,235.85505598197918,233.97592590956185,234.53320214993266,234.53320214993266
1227,H6-H7,H6-H7,H6-H7__CPT29,Quaternary,MASW,5.6,278.5,5.0,249.18721401583616,257.0121971776488,248.6928269792666,253.85314160583198,253.85314160583198
1228,H6-H7,H6-H7,H6-H7__CPT29,Quaternary,MASW,6.6,282.5,5.0,302.4377607499856,285.49012522881156,279.07458426490075,292.15213217698306,292.15213217698306
1229,H6-H7,H6-H7,H6-H7__CPT29,Quaternary,MASW,7.9,289.0,5.0,294.7899684843353,307.75431680587207,292.48115804911606,302.5015277237176,302.5015277237176
1230,H6-H7,H6-H7,H6-H7__CPT29,Quaternary,MASW,9.35,295.5,5.0,290.06388109921215,300.43901047636444,295.81530996063486,296.24515423073336,296.24515423073336
1231,H6-H7,H6-H7,H6-H7__CPT30,Quaternary,MASW,1.5,200.8,5.0,198.54260257655454,194.14912489806608,194.2161820041105,195.89472726586564,195.89472726586564
1232,H6-H7,H6-H7,H6-H7__CPT30,Quaternary,MASW,2.5,211.5,5.0,190.65792244362152,183.40676016615342,182.62735629886578,186.27353054268926,186.27353054268926
1233,H6-H7,H6-H7,H6-H7__CPT30,Quaternary,MASW,3.5,220.5,5.0,227.99376983899293,231.57069756645194,234.19761759080268,230.13324123412875,230.13324123412875
1234,H6-H7,H6-H7,H6-H7__CPT30,Quaternary,MASW,4.6,237.0,5.0,236.58202982640267,231.35160990421807,237.50835283347348,233.4297565151755,233.4297565151755
1235,H6-H7,H6-H7,H6-H7__CPT30,Quaternary,MASW,5.6,255.0,5.0,292.8913732338719,280.20840368473546,273.0639420013632,285.21431932683953,285.21431932683953
1236,H6-H7,H6-H7,H6-H7__CPT30,Quaternary,MASW,6.5,268.0,5.0,302.33683633932856,297.66157296638113,283.94786714370156,299.5229394649044,299.5229394649044
1237,H6-H7,H6-H7,H6-H7__CPT30,Quaternary,MASW,7.4,279.0,5.0,297.9822089384951,308.3489648775733,294.1212625546984,304.15967187400986,304.15967187400986
1238,H6-H7,H6-H7,H6-H7__CPT30,Quaternary,MASW,8.4,287.0,5.0,283.15748220422387,292.3510324452427,285.0668230739053,288.63832521557333,288.63832521557333
1239,H6-H7,H6-H7,H6-H7__CPT30,Quaternary,MASW,9.65,289.0,5.0,296.33057136681094,296.13465574653463,296.89250910759677,296.21300644655906,296.21300644655906
1240,H6-H7,H6-H7,H6-H7__CPT30,Quaternary,MASW,11.0,290.0,5.0,285.82996206582885,279.2380818052943,278.43919920487735,281.8563919872314,281.8563919872314
1241,H6-H7,H6-H7,H6-H7__CPT30,Quaternary,MASW,12.35,294.0,5.0,312.9861181721431,308.49072474039593,301.8331906660006,310.28108169324827,310.28108169324827
1242,H6-H7,H6-H7,H6-H7__CPT30,Tertiary,MASW,13.5,304.0,5.0,307.5424058343494,301.71591551353714,301.08497315545856,304.0331470126907,301.14129824491965
1243,H6-H7,H6-H7,H6-H7__CPT30,Tertiary,MASW,14.5,317.0,5.0,326.7371329508899,307.9906301698121,297.10024698333916,315.356582249533,312.60738166019775
1244,H6-H7,H6-H7,H6-H7__CPT30,Tertiary,MASW,15.5,331.0,5.0,328.9677578305187,333.76761452483436,318.1152681597315,331.8393246042621,330.05438497114733
1245,H6-H7,H6-H7,H6-H7__CPT30,Tertiary,MASW,16.5,349.0,5.0,336.9580377826859,322.72181583322816,311.57705452372176,328.3426680664526,324.53183542981543
1246,H6-H7,H6-H7,H6-H7__CPT30,Tertiary,MASW,17.5,365.0,5.0,349.9518086922819,313.39868225703765,313.18575419857285,327.53792744690185,318.33612544345493
1247,H6-H7,H6-H7,H6-H7__CPT30,Tertiary,MASW,18.5,382.0,5.0,352.90715410616616,328.057774333823,323.2029438289676,337.7803531878172,330.39256361787153
1248,H6-H7,H6-H7,H6-H7__CPT30,Tertiary,MASW,19.5,396.0,5.0,371.8948913760717,354.1904289536897,343.203484054523,361.16875979354955,357.15466080110025
1249,H6-H7,H6-H7,H6-H7__CPT30,Tertiary,MASW,20.5,414.0,5.0,387.2357681423259,383.1760531174784,366.8219424288987,384.79480661675893,378.1889796963235
1250,H6-H7,H6-H7,H6-H7__CPT30,Tertiary,MASW,21.75,427.0,5.0,417.1106160389124,430.91676137479203,393.1943371187565,425.3402966750119,418.0745129268395
1251,H6-H7,H6-H7,H6-H7__CPT31,Quaternary,MASW,2.25,200.0,5.0,208.06824285761883,197.07145121264762,193.89441847771434,201.39864700558283,201.39864700558283
1252,H6-H7,H6-H7,H6-H7__CPT31,Quaternary,MASW,3.5,226.0,5.0,215.2349881896723,213.46933101782872,214.4634359834217,214.1738490741133,214.1738490741133
1253,H6-H7,H6-H7,H6-H7__CPT31,Quaternary,MASW,4.65,238.0,5.0,218.9341517979436,214.15905702973254,219.53062394353753,216.05646829459297,216.05646829459297
1254,H6-H7,H6-H7,H6-H7__CPT31,Quaternary,MASW,5.65,239.0,5.0,284.7659151807506,274.2897782524539,264.5979923538812,278.4331727777607,278.4331727777607
1255,H6-H7,H6-H7,H6-H7__CPT31,Quaternary,MASW,6.65,236.0,5.0,295.60658562131937,281.9543448132117,276.6343341531959,287.3379022768466,287.3379022768466
1256,H6-H7,H6-H7,H6-H7__CPT31,Quaternary,MASW,7.65,237.0,5.0,284.8256813792788,289.34620683098393,289.15676043526634,287.52945027680727,287.52945027680727
1257,H6-H7,H6-H7,H6-H7__CPT31,Quaternary,MASW,8.5,245.0,5.0,272.4020411378269,280.3141634857628,278.8095868074062,277.122104338136,277.122104338136
1258,H6-H7,H6-H7,H6-H7__CPT31,Quaternary,MASW,9.5,250.0,5.0,277.21702440022875,280.5016908373888,281.7418748755662,279.1831796138274,279.1831796138274
1259,H6-H7,H6-H7,H6-H7__CPT31,Quaternary,MASW,10.5,260.0,5.0,281.8900099956313,271.88309588641556,275.0469443820799,275.8425112310538,275.8425112310538
1260,H6-H7,H6-H7,H6-H7__CPT31,Quaternary,MASW,11.35,273.0,5.0,292.91288471192235,281.19457200068575,281.11214716214505,285.82456435546493,285.82456435546493
1261,H6-H7,H6-H7,H6-H7__CPT31,Quaternary,MASW,12.4,292.0,5.0,320.743595897851,309.66839530067386,302.0157499997738,314.05182948206453,314.05182948206453
1262,H6-H7,H6-H7,H6-H7__CPT31,Tertiary,MASW,13.55,309.0,5.0,310.0323010437062,303.3826914832663,300.1186949159098,306.0252471745216,304.1811208656266
1263,H6-H7,H6-H7,H6-H7__CPT31,Tertiary,MASW,14.5,323.0,5.0,337.7331058719576,304.71054368100624,304.31270461218514,317.5133153968437,311.7523285271163
1264,H6-H7,H6-H7,H6-H7__CPT31,Tertiary,MASW,15.75,350.0,5.0,353.64504007735997,322.1968096026107,312.8691688508836,334.42579642053056,327.7633356151487
1265,H6-H7,H6-H7,H6-H7__CPT31,Tertiary,MASW,17.25,373.0,5.0,362.261679018848,330.55034817063887,320.8261894637234,342.8874024770925,338.35634827603155
1266,H6-H7,H6-H7,H6-H7__CPT31,Tertiary,MASW,18.5,390.0,5.0,398.4108569524254,364.27585165615955,347.2718835955364,377.56410150976075,373.5360025128825
1267,H6-H7,H6-H7,H6-H7__CPT31,Tertiary,MASW,19.5,402.0,5.0,390.4185902174341,367.01962135721686,354.8694359145562,376.20604119507055,372.65798747007875
1268,H6-H7,H6-H7,H6-H7__CPT31,Tertiary,MASW,20.5,421.0,5.0,430.283475687841,408.5507181565649,396.4816589964606,417.10889762702504,413.9848666614943
1269,H6-H7,H6-H7,H6-H7__CPT31,Tertiary,MASW,21.5,436.0,5.0,425.46312633692474,426.53318171357716,394.93785568867156,426.1048369939581,425.1635657685491
1270,H6-H7,H6-H7,H6-H7__CPT31,Tertiary,MASW,22.5,445.0,5.0,417.86612315914044,406.09435512512596,390.81788440729787,410.7627352526292,410.7876030959357
1271,H6-H7,H6-H7,H6-H7__CPT33,Quaternary,MASW,1.5,243.0,5.0,184.1152697595234,180.91538660696753,182.0510320852135,182.18861157781734,182.18861157781734
1272,H6-H7,H6-H7,H6-H7__CPT33,Quaternary,MASW,2.5,254.0,5.0,198.26378830038146,200.49555494791176,195.07757679464757,199.59984937914683,199.59984937914683
1273,H6-H7,H6-H7,H6-H7__CPT33,Quaternary,MASW,3.65,259.0,5.0,195.87099523978813,204.27143909414642,205.6610679743592,200.868872170913,200.868872170913
1274,H6-H7,H6-H7,H6-H7__CPT33,Quaternary,MASW,4.65,262.0,5.0,241.77809600157462,257.98080431938604,255.48904433875674,251.37334063143285,251.37334063143285
1275,H6-H7,H6-H7,H6-H7__CPT33,Quaternary,MASW,5.65,275.0,5.0,288.9131686929054,277.8137016356558,272.5579138413436,282.2013790177187,282.2013790177187
1276,H6-H7,H6-H7,H6-H7__CPT33,Quaternary,MASW,6.9,288.0,5.0,288.17484806864314,281.8285437051202,287.3330394256066,284.35011946832617,284.35011946832617
1277,H6-H7,H6-H7,H6-H7__CPT33,Quaternary,MASW,8.0,302.0,5.0,268.30082991191256,288.269517846021,282.4029281028262,280.1096297293189,280.1096297293189
1278,H6-H7,H6-H7,H6-H7__CPT33,Quaternary,MASW,9.3,313.0,5.0,281.20500751943314,298.3337530632592,295.4846702571418,291.3604874214026,291.3604874214026
1182,H6-H7,H6-H7,H6-H7__CPT6,Quaternary,MASW,1.75,181.4,5.0,168.59043987603096,151.58732524853815,152.54145620272564,158.17247542998146,158.17247542998146
1183,H6-H7,H6-H7,H6-H7__CPT6,Quaternary,MASW,2.75,191.7,5.0,217.68361605810492,216.3024759215304,215.63496827246536,216.85387729816458,216.85387729816458
1184,H6-H7,H6-H7,H6-H7__CPT6,Quaternary,MASW,3.85,217.6,5.0,224.77729200398704,217.20370077662108,217.89580926483472,220.2020238851344,220.2020238851344
1185,H6-H7,H6-H7,H6-H7__CPT6,Quaternary,MASW,5.0,234.2,5.0,213.655232467418,217.66858217389733,222.9055682055196,216.0542741867937,216.0542741867937
1186,H6-H7,H6-H7,H6-H7__CPT6,Quaternary,MASW,6.0,249.1,5.0,231.28689137045646,239.48301029330904,241.93866091535776,236.17027361257078,236.17027361257078
1187,H6-H7,H6-H7,H6-H7__CPT6,Quaternary,MASW,7.35,256.2,5.0,215.85747777715756,227.20329352173624,232.8474089042234,222.59510659426,222.59510659426
1188,H6-H7,H6-H7,H6-H7__CPT6,Quaternary,MASW,8.6,261.1,5.0,200.53503062721697,226.34343182091342,230.2752203429869,215.64373102374776,215.64373102374776
1189,H6-H7,H6-H7,H6-H7__CPT6,Quaternary,MASW,9.5,266.2,5.0,221.62431398517447,231.17192945863687,236.71463744787104,227.30449307753216,227.30449307753216
1190,H6-H7,H6-H7,H6-H7__CPT6,Quaternary,MASW,10.9,276.4,5.0,241.66556608611072,250.87946183069013,251.1879040270562,247.1524814693753,247.1524814693753
1191,H6-H7,H6-H7,H6-H7__CPT6,Quaternary,MASW,12.5,295.0,5.0,294.89877274614537,332.3367750615358,317.801872301691,316.82265335424694,316.82265335424694
1192,H6-H7,H6-H7,H6-H7__CPT6,Tertiary,MASW,13.9,323.4,5.0,346.6481248541415,354.60520279174045,342.0682124303416,351.4006852841829,356.4203736785819
1193,H6-H7,H6-H7,H6-H7__CPT6,Tertiary,MASW,15.3,359.1,5.0,365.0679227581809,426.5015515514001,390.83235662480024,400.77612245550796,414.07797701324125
1194,H6-H7,H6-H7,H6-H7__CPT6,Tertiary,MASW,16.75,383.3,5.0,413.33577058289217,599.1969292332739,570.3762538363363,516.4912208564236,535.6800674538304
1195,H6-H7,H6-H7,H6-H7__CPT6,Tertiary,MASW,18.25,414.7,5.0,417.7291220683889,591.4738330794592,557.846391351159,514.6585865942562,535.4202694663823
1196,H6-H7,H6-H7,H6-H7__CPT6,Tertiary,MASW,19.5,431.8,5.0,481.43408398850636,649.8208246410206,624.9115024376662,576.3561192018979,590.8457825931567
1197,H6-H7,H6-H7,H6-H7__CPT6,Tertiary,MASW,20.5,448.1,5.0,477.0822538698972,619.482925032925,601.2286048259565,558.0266099438393,570.0631501113097
1198,H6-H7,H6-H7,H6-H7__CPT6,Tertiary,MASW,21.75,464.6,5.0,484.42839236626406,625.0594767487024,596.7631201514806,564.4749088645224,576.946101894391
0,Hungaria krt,Hungaria krt,Hungaria krt__CPT4,Quaternary,SCPT,1.5,162.4,5.0,195.64912654670385,170.20402236678063,174.81247750306443,179.95878692278038,187.18882214634354
21,Hungaria krt,Hungaria krt,Hungaria krt__CPT4,Quaternary,MASW,1.8,226.755552052112,5.0,208.43621915800915,182.78116815887824,194.20851676565184,192.64074267902203,192.64074267902203
1,Hungaria krt,Hungaria krt,Hungaria krt__CPT4,Quaternary,SCPT,2.5,288.5,5.0,215.35241153581808,208.1222741592733,231.59168869030057,210.9847343847175,221.2324130159002
22,Hungaria krt,Hungaria krt,Hungaria krt__CPT4,Quaternary,MASW,3.05,253.7146866871708,5.0,222.3573679019409,206.1020261689077,203.59079172110324,212.456472581739,212.456472581739
2,Hungaria krt,Hungaria krt,Hungaria krt__CPT4,Quaternary,SCPT,3.5,350.1,5.0,227.82541902411296,242.32466057439478,241.28076546784635,236.41740112697417,245.84577351133038
3,Hungaria krt,Hungaria krt,Hungaria krt__CPT4,Quaternary,SCPT,4.5,433.7,5.0,267.29396989180435,313.3511906675805,310.83783361919035,294.0454570795736,300.7375209009263
23,Hungaria krt,Hungaria krt,Hungaria krt__CPT4,Quaternary,MASW,4.5,309.832496723211,5.0,267.29396989180435,276.2581592164796,267.8927297754789,272.63696133423696,272.63696133423696
4,Hungaria krt,Hungaria krt,Hungaria krt__CPT4,Quaternary,SCPT,5.5,462.7,5.0,287.28194169686407,336.6776056662621,324.8030583813471,315.97437898818345,322.14005646480064
24,Hungaria krt,Hungaria krt,Hungaria krt__CPT4,Quaternary,MASW,5.85,338.34076859735893,5.0,290.954542322541,292.04037995879975,283.9855142661962,291.6055594698902,291.6055594698902
5,Hungaria krt,Hungaria krt,Hungaria krt__CPT4,Quaternary,SCPT,6.5,333.9,5.0,290.7671867360142,325.1432307556406,322.1612658810527,310.93025846135157,317.574061235374
25,Hungaria krt,Hungaria krt,Hungaria krt__CPT4,Quaternary,MASW,7.25,293.18947731215565,5.0,266.67252954494325,281.5031729425282,279.03215343062527,275.47442725752705,275.47442725752705
6,Hungaria krt,Hungaria krt,Hungaria krt__CPT4,Quaternary,SCPT,7.5,343.2,5.0,269.49828994648686,306.6369802648778,294.56557224529564,291.2038571498824,295.2271380298693
26,Hungaria krt,Hungaria krt,Hungaria krt__CPT4,Quaternary,MASW,8.4,160.45082839849806,5.0,277.12255812003644,277.48956632118086,267.83573178502144,277.3427047509148,277.3427047509148
7,Hungaria krt,Hungaria krt,Hungaria krt__CPT4,Quaternary,SCPT,8.5,227.5,5.0,274.6571769075922,296.73381316565894,302.4968297850421,287.6978412913063,292.4856977838151
8,Hungaria krt,Hungaria krt,Hungaria krt__CPT4,Quaternary,SCPT,9.5,242.8,5.0,260.25790554405353,286.68798185966244,294.5587025740344,275.8082575839366,280.96381155719837
27,Hungaria krt,Hungaria krt,Hungaria krt__CPT4,Quaternary,MASW,10.25,185.96619822180912,5.0,260.27940876296816,279.1899016524584,267.8061589506522,271.4661902227635,271.4661902227635
9,Hungaria krt,Hungaria krt,Hungaria krt__CPT4,Tertiary,SCPT,10.5,233.1,5.0,274.1306181097405,264.7194381225488,263.70694566363255,268.4445044199261,260.41994303981903
10,Hungaria krt,Hungaria krt,Hungaria krt__CPT4,Tertiary,SCPT,11.5,247.4,5.0,280.2977627418577,284.747258709752,275.37597494463984,282.95904666984796,270.59752537036326
11,Hungaria krt,Hungaria krt,Hungaria krt__CPT4,Tertiary,SCPT,12.5,278.2,5.0,284.42202586310634,317.99532900968353,292.31110015795775,304.11492511173054,288.0115593305272
28,Hungaria krt,Hungaria krt,Hungaria krt__CPT4,Tertiary,MASW,12.5,257.62484692640925,5.0,284.75443262031126,309.0586931442137,294.74137870752554,299.09749490340465,293.0651058366261
12,Hungaria krt,Hungaria krt,Hungaria krt__CPT4,Tertiary,SCPT,13.5,206.7,5.0,301.3721576233815,322.9530099625945,304.72137256341284,314.1411670987605,296.1982720880868
13,Hungaria krt,Hungaria krt,Hungaria krt__CPT4,Tertiary,SCPT,14.5,238.6,5.0,317.5670647739584,356.6784240539862,358.07381235774517,340.4868043839565,340.3299286657443
29,Hungaria krt,Hungaria krt,Hungaria krt__CPT4,Tertiary,MASW,14.5,281.53442457121537,5.0,317.1647659322888,339.9127332464408,328.7044931963531,330.62404453177965,337.74011071479396
14,Hungaria krt,Hungaria krt,Hungaria krt__CPT4,Tertiary,SCPT,15.5,342.0,5.0,319.1150281241127,350.5748013544294,357.21507162784434,337.6348915733961,340.06287036586747
30,Hungaria krt,Hungaria krt,Hungaria krt__CPT4,Tertiary,MASW,16.25,270.888556241701,5.0,306.131768725344,314.4536565793017,298.65134708511783,311.0980936316967,307.73626293135425
15,Hungaria krt,Hungaria krt,Hungaria krt__CPT4,Tertiary,SCPT,16.5,266.7,5.0,301.96941941524335,297.6544843344632,293.46320284700676,299.37300970708526,284.2518243986589
16,Hungaria krt,Hungaria krt,Hungaria krt__CPT4,Tertiary,SCPT,17.5,185.1,5.0,282.49452278501957,280.9808963687273,280.6753959025529,281.58537127934244,270.3327873427978
17,Hungaria krt,Hungaria krt,Hungaria krt__CPT4,Tertiary,SCPT,18.5,209.6,5.0,279.9437430776636,293.2446307272348,298.81702955569483,287.85007534030456,282.74875530522485
31,Hungaria krt,Hungaria krt,Hungaria krt__CPT4,Tertiary,MASW,18.75,244.4248801792452,5.0,284.7847456539963,280.1586473722434,290.9443493467613,281.999999983863,281.4680122543792
18,Hungaria krt,Hungaria krt,Hungaria krt__CPT4,Tertiary,SCPT,19.5,268.3,5.0,285.56995032495297,285.3891348834882,296.78930391276657,285.4614473174987,277.63751209524645
19,Hungaria krt,Hungaria krt,Hungaria krt__CPT4,Tertiary,SCPT,20.5,241.8,5.0,304.4431860027435,302.39644087156375,323.9182404809569,303.21348251180393,298.10664740541455
20,Hungaria krt,Hungaria krt,Hungaria krt__CPT4,Tertiary,SCPT,21.5,230.6,5.0,316.3614093147144,359.4029051490941,364.80059335399875,341.5248825100165,355.80875952229854
32,Hungaria krt,Hungaria krt,Hungaria krt__CPT4,Tertiary,MASW,21.5,379.2784974614476,5.0,314.3612632907958,353.0618917648207,348.8548883726402,337.0405202471943,347.05444375758844
33,Hungaria krt,Hungaria krt,Hungaria krt__CPT5,Quaternary,SCPT,1.5,130.3,5.0,195.3296764908086,160.5383689036626,178.0436352807537,173.64192828313173,171.61882526568033
51,Hungaria krt,Hungaria krt,Hungaria krt__CPT5,Quaternary,MASW,1.5,262.2764591222678,5.0,195.3296764908086,155.23996340304527,174.13990576414676,170.18034953495282,170.18034953495282
34,Hungaria krt,Hungaria krt,Hungaria krt__CPT5,Quaternary,SCPT,2.5,151.8,5.0,213.1425523549654,206.44703644851393,229.49981007862104,209.09962627778714,218.0551095353769
52,Hungaria krt,Hungaria krt,Hungaria krt__CPT5,Quaternary,MASW,2.6,290.34645849246823,5.0,216.26074425782227,201.35164355811708,200.2026661201199,207.1878027418818,207.1878027418818
35,Hungaria krt,Hungaria krt,Hungaria krt__CPT5,Quaternary,SCPT,3.5,291.8,5.0,257.09737558303067,299.32326734361857,308.28235742854235,281.65881236493874,289.9579257231498
53,Hungaria krt,Hungaria krt,Hungaria krt__CPT5,Quaternary,MASW,3.8,355.89919580552174,5.0,268.04508310519657,276.73782124775374,273.94069307147066,273.22739941037514,273.22739941037514
36,Hungaria krt,Hungaria krt,Hungaria krt__CPT5,Quaternary,SCPT,4.5,433.5,5.0,290.6183981372021,336.9639827929304,339.1261955302739,317.59915004600435,324.5019059294267
54,Hungaria krt,Hungaria krt,Hungaria krt__CPT5,Quaternary,MASW,4.95,374.2177132653614,5.0,293.1225226374142,300.10301678594624,295.65677155953904,297.29108946923407,297.29108946923407
37,Hungaria krt,Hungaria krt,Hungaria krt__CPT5,Quaternary,SCPT,5.5,594.0,5.0,283.9619022065283,334.86826057834867,326.4831266265746,313.4934147551976,319.47642838457153
55,Hungaria krt,Hungaria krt,Hungaria krt__CPT5,Quaternary,MASW,6.2,338.7293209269103,5.0,277.55278455317034,282.332873275307,273.52439334995995,280.41103749574864,280.41103749574864
38,Hungaria krt,Hungaria krt,Hungaria krt__CPT5,Quaternary,SCPT,6.5,361.6,5.0,274.8597880075739,329.173124920259,312.11186349517556,306.2662247086937,310.54504155499245
56,Hungaria krt,Hungaria krt,Hungaria krt__CPT5,Quaternary,MASW,7.15,307.6345446313491,5.0,270.49468020666615,277.6510464206713,274.1256112391379,274.7660561071892,274.7660561071892
39,Hungaria krt,Hungaria krt,Hungaria krt__CPT5,Quaternary,SCPT,7.5,202.8,5.0,289.7805228926497,309.5921597486864,305.4788832678869,301.50995024288545,305.4694598083576
57,Hungaria krt,Hungaria krt,Hungaria krt__CPT5,Quaternary,MASW,7.7,469.3785994440153,5.0,300.84393100727453,300.45596424744326,293.33429358727903,300.61109087682746,300.61109087682746
40,Hungaria krt,Hungaria krt,Hungaria krt__CPT5,Tertiary,SCPT,8.5,239.5,5.0,273.4912295575398,276.8357551068424,276.58710104415167,275.4930646664956,288.5429408868365
58,Hungaria krt,Hungaria krt,Hungaria krt__CPT5,Tertiary,MASW,9.0,236.95193333557484,5.0,279.31181722467085,289.0177979285198,289.3605106287049,285.09557511408536,296.63062289095825
41,Hungaria krt,Hungaria krt,Hungaria krt__CPT5,Tertiary,SCPT,9.5,230.7,5.0,285.3605251502477,282.91654269247175,284.1468907021386,283.8916137934876,296.7903494086669
42,Hungaria krt,Hungaria krt,Hungaria krt__CPT5,Tertiary,SCPT,10.5,291.4,5.0,299.90424636380925,301.74138445607304,299.53518371506254,301.0051826039917,312.73055287865463
59,Hungaria krt,Hungaria krt,Hungaria krt__CPT5,Tertiary,MASW,11.0,232.340247034248,5.0,307.4568771020323,312.59867179382263,305.2596796839903,310.53171491334285,317.2688548335441
43,Hungaria krt,Hungaria krt,Hungaria krt__CPT5,Tertiary,SCPT,11.5,361.5,5.0,315.00051855939006,320.4143543095914,313.15359319390643,318.2377430996101,323.2836499461823
44,Hungaria krt,Hungaria krt,Hungaria krt__CPT5,Tertiary,SCPT,12.5,394.1,5.0,329.1937163301476,345.1164809901542,334.7687389330183,338.65698248391186,339.5370413147306
60,Hungaria krt,Hungaria krt,Hungaria krt__CPT5,Tertiary,MASW,13.0,242.56775610640275,5.0,332.2504766678497,335.3759899644525,323.58427237285457,334.12227180610085,335.9668017916542
45,Hungaria krt,Hungaria krt,Hungaria krt__CPT5,Tertiary,SCPT,13.5,339.5,5.0,335.91833416109614,354.05349007716575,348.8414963578003,346.6848080843968,351.5930709585062
46,Hungaria krt,Hungaria krt,Hungaria krt__CPT5,Tertiary,SCPT,14.5,280.7,5.0,320.70087135643445,354.6907462966102,363.1566701814297,340.68261397843185,344.1895652784608
61,Hungaria krt,Hungaria krt,Hungaria krt__CPT5,Tertiary,MASW,15.0,301.8585277306017,5.0,320.4419604871002,342.5686230882357,328.66512740243627,333.54028944300217,339.82313222640545
47,Hungaria krt,Hungaria krt,Hungaria krt__CPT5,Tertiary,SCPT,15.5,342.0,5.0,320.5285226762127,344.06020918356734,344.38062357545414,334.44702888396284,329.7411403613072
48,Hungaria krt,Hungaria krt,Hungaria krt__CPT5,Tertiary,SCPT,16.5,282.4,5.0,321.7510291231714,334.73014406012584,331.3642061544807,329.47682520306853,325.118024179406
62,Hungaria krt,Hungaria krt,Hungaria krt__CPT5,Tertiary,MASW,17.0,349.3932717135017,5.0,333.9602542439967,329.6296740590838,319.714096515125,331.3551262949971,330.8004621096093
49,Hungaria krt,Hungaria krt,Hungaria krt__CPT5,Tertiary,SCPT,17.5,253.3,5.0,346.3061782946269,339.9318281804204,334.9873774142444,342.4673662503971,337.46632067339436
50,Hungaria krt,Hungaria krt,Hungaria krt__CPT5,Tertiary,SCPT,18.5,321.4,5.0,367.25507151832545,355.8105458914102,359.7246330190871,360.3449253100641,357.33287112873586
63,Hungaria krt,Hungaria krt,Hungaria krt__CPT5,Tertiary,MASW,18.81,368.9090098180544,5.0,365.10963210781995,354.40448578202063,352.62861073413205,358.6483542399735,354.63618093020517
326,Lang,Lang,Lang__CPT10,Quaternary,MASW,2.0,187.0,3.0,149.22227064580574,175.9281751268677,180.33399217125748,163.36522253549268,163.36522253549268
327,Lang,Lang,Lang__CPT10,Quaternary,MASW,3.0,193.0,3.0,219.87696303696805,225.20546319571645,224.51838755850787,222.791842615426,222.791842615426
328,Lang,Lang,Lang__CPT10,Quaternary,MASW,4.0,200.0,3.0,211.9500406717647,203.60522391237376,204.6622286151592,207.31894063448382,207.31894063448382
329,Lang,Lang,Lang__CPT10,Quaternary,MASW,5.0,210.0,3.0,236.68692965527984,229.76635329647291,235.44752050373896,232.85521107908485,232.85521107908485
330,Lang,Lang,Lang__CPT10,Quaternary,MASW,6.25,221.0,3.0,231.22387920037346,229.37716499641368,232.0863651626049,230.20635410174637,230.20635410174637
331,Lang,Lang,Lang__CPT10,Quaternary,MASW,7.5,238.0,3.0,255.47817118177554,263.88094208407887,263.80901868592815,260.066027343637,260.066027343637
332,Lang,Lang,Lang__CPT10,Quaternary,MASW,8.6,259.0,3.0,298.9713837314563,296.8779089563004,297.0273590130852,297.81815238161124,297.81815238161124
333,Lang,Lang,Lang__CPT10,Quaternary,MASW,10.35,268.0,3.0,306.0654974540723,288.77750120733396,293.89603955863754,296.43283899769415,296.43283899769415
334,Lang,Lang,Lang__CPT10,Quaternary,MASW,12.25,285.0,3.0,312.85140344607595,306.12097173400815,291.6196726235669,309.13155905802495,309.13155905802495
335,Lang,Lang,Lang__CPT10,Tertiary,MASW,13.5,294.0,3.0,316.30997301382916,290.6708176433667,292.16070487980613,301.94065028752965,301.94065028752965
336,Lang,Lang,Lang__CPT10,Tertiary,MASW,14.5,300.0,3.0,341.64543771704354,335.7609156122789,324.66507155397034,338.3963022995654,338.3963022995654
337,Lang,Lang,Lang__CPT10,Tertiary,MASW,15.75,313.0,3.0,350.3018728377016,377.57567759038824,365.894188399156,365.049125496269,365.049125496269
338,Lang,Lang,Lang__CPT10,Tertiary,MASW,17.0,320.0,3.0,392.0452994932147,428.21643456553966,411.88021755331624,411.5438775202613,416.4717870348821
339,Lang,Lang,Lang__CPT10,Tertiary,MASW,18.0,329.0,3.0,395.28458404414044,425.4598101150709,418.65043989426675,411.6059488206433,414.62774659690973
340,Lang,Lang,Lang__CPT10,Tertiary,MASW,19.0,337.0,3.0,386.9470130646264,415.26372137771574,405.01933012011216,402.27344962132537,410.9684462753135
341,Lang,Lang,Lang__CPT10,Tertiary,MASW,20.0,348.0,3.0,414.3794358804134,440.2220942202585,429.0882776254447,428.39924541901246,430.67653154798995
342,Lang,Lang,Lang__CPT10,Tertiary,MASW,21.14,360.0,3.0,421.3175990981844,441.21360356724335,435.3377405148735,432.1467111137388,435.5850492336247
312,Lang,Lang,Lang__CPT11,Quaternary,MASW,2.0,189.0,3.0,151.84342464119618,172.51230725551315,178.3887684283319,162.884305923185,162.884305923185
313,Lang,Lang,Lang__CPT11,Quaternary,MASW,3.0,196.0,3.0,185.8582326802737,212.92095637444572,213.70181070594526,200.28661925985037,200.28661925985037
314,Lang,Lang,Lang__CPT11,Quaternary,MASW,4.0,204.0,3.0,216.47614918209987,220.9705004050648,217.05744881932586,218.93660977243212,218.93660977243212
315,Lang,Lang,Lang__CPT11,Quaternary,MASW,5.0,212.0,3.0,230.4211636671488,216.46504680871934,224.22199192865153,222.63751366607934,222.63751366607934
316,Lang,Lang,Lang__CPT11,Quaternary,MASW,6.0,225.0,3.0,243.2984650466309,234.4700321378203,235.68679017328225,238.40247220960413,238.40247220960413
317,Lang,Lang,Lang__CPT11,Quaternary,MASW,7.25,236.0,3.0,242.8370066168653,245.627596144686,242.14714214476348,244.3678842829129,244.3678842829129
318,Lang,Lang,Lang__CPT11,Quaternary,MASW,8.6,255.0,3.0,280.44404496724775,282.84382641972394,274.593021221422,281.7613940010179,281.7613940010179
319,Lang,Lang,Lang__CPT11,Quaternary,MASW,9.5,265.0,3.0,287.74789621469256,271.57204372145935,273.62917511179745,278.7354805229671,278.7354805229671
320,Lang,Lang,Lang__CPT11,Quaternary,MASW,10.15,271.0,3.0,300.0704885427328,292.8647016554498,292.6103536606958,296.08564014471114,296.08564014471114
321,Lang,Lang,Lang__CPT11,Quaternary,MASW,11.0,283.0,3.0,279.8907317236903,282.45376020084757,266.9894994649745,281.29750572192,281.29750572192
322,Lang,Lang,Lang__CPT11,Tertiary,MASW,12.0,293.0,3.0,309.82191314347705,279.8322768987271,288.5824762429529,292.95050602791406,292.95050602791406
323,Lang,Lang,Lang__CPT11,Tertiary,MASW,13.0,301.0,3.0,326.4251479578311,310.64121795769194,308.773192510864,317.64726366650603,317.64726366650603
324,Lang,Lang,Lang__CPT11,Tertiary,MASW,14.0,308.0,3.0,362.5930526429799,357.369177040175,343.32170409724233,359.71054216315633,359.71054216315633
325,Lang,Lang,Lang__CPT11,Tertiary,MASW,15.24,312.0,3.0,350.98728875527667,379.3042642405471,363.69056242705983,366.28941923923367,366.28941923923367
292,Lang,Lang,Lang__CPT12,Quaternary,MASW,2.0,190.0,3.0,148.38899665614707,176.34396908232384,175.63222060740767,163.1657872000607,163.1657872000607
293,Lang,Lang,Lang__CPT12,Quaternary,MASW,3.0,197.0,3.0,164.70729281868134,189.8347337782136,185.88865846367202,178.08502260041254,178.08502260041254
294,Lang,Lang,Lang__CPT12,Quaternary,MASW,4.0,200.0,3.0,162.49906512145054,207.0498576343092,197.90649268523794,185.66246191303506,185.66246191303506
295,Lang,Lang,Lang__CPT12,Quaternary,MASW,5.0,208.0,3.0,180.80308403383674,222.23294298391843,213.6273193922954,202.529022232351,202.529022232351
296,Lang,Lang,Lang__CPT12,Quaternary,MASW,6.0,218.0,3.0,172.3977053249579,220.86445796938094,215.1243105848186,197.56425676548136,197.56425676548136
297,Lang,Lang,Lang__CPT12,Quaternary,MASW,7.0,228.0,3.0,147.65997582601383,219.4234951614994,215.4407168880836,183.60054987761453,183.60054987761453
298,Lang,Lang,Lang__CPT12,Quaternary,MASW,8.0,239.0,3.0,167.10262407839727,224.6441243814115,223.98969881813042,196.6367812520811,196.6367812520811
299,Lang,Lang,Lang__CPT12,Quaternary,MASW,9.0,250.0,3.0,162.01247858916494,219.50949110606103,219.86237050300315,191.46796718646954,191.46796718646954
300,Lang,Lang,Lang__CPT12,Quaternary,MASW,10.0,260.0,3.0,243.311885656615,251.57682248980328,249.45578353857036,247.82341723274615,247.82341723274615
301,Lang,Lang,Lang__CPT12,Tertiary,MASW,11.0,270.0,3.0,291.5719889627254,271.4998467058951,276.7884614014499,280.35537285276183,280.35537285276183
302,Lang,Lang,Lang__CPT12,Tertiary,MASW,12.0,280.0,3.0,311.71576168744286,290.70033054506314,290.82669307044176,299.9759809953605,299.9759809953605
303,Lang,Lang,Lang__CPT12,Tertiary,MASW,13.0,290.0,3.0,326.69328592344596,315.3969367917954,310.1127702249608,320.43113136290276,320.43113136290276
304,Lang,Lang,Lang__CPT12,Tertiary,MASW,14.0,297.0,3.0,382.2759205167829,385.6648919014171,364.09311673867245,384.13615266882493,403.3361061514457
305,Lang,Lang,Lang__CPT12,Tertiary,MASW,15.0,304.0,3.0,347.36080473251735,369.45547539371876,355.67461106624654,359.344104838516,359.344104838516
306,Lang,Lang,Lang__CPT12,Tertiary,MASW,16.0,310.0,3.0,359.8985063290188,392.3430436353873,376.21029708695676,377.39600292969465,394.4807457793616
307,Lang,Lang,Lang__CPT12,Tertiary,MASW,17.0,318.0,3.0,359.44353697547956,383.50184274795146,375.7376551934333,372.4825277908,372.4825277908
308,Lang,Lang,Lang__CPT12,Tertiary,MASW,18.0,325.0,3.0,385.3935404923834,409.20260189901194,402.14179548289684,398.3117395119254,405.72069973286335
309,Lang,Lang,Lang__CPT12,Tertiary,MASW,19.0,335.0,3.0,430.09836110388466,442.75226567035634,428.8969673118496,437.01258129582004,435.12277086803607
310,Lang,Lang,Lang__CPT12,Tertiary,MASW,20.0,348.0,3.0,379.9085946072583,416.3414515256164,408.2965196441808,399.5332352119463,407.69498861591956
311,Lang,Lang,Lang__CPT12,Tertiary,MASW,21.14,360.0,3.0,433.0998643409602,456.1224041327721,442.9634270013154,445.61458210585363,443.9474110216437
432,Lang,Lang,Lang__CPT15,Quaternary,MASW,2.0,160.0,3.0,137.65596152614927,172.17384526173575,167.89949088259462,155.68246857413325,155.68246857413325
433,Lang,Lang,Lang__CPT15,Quaternary,MASW,3.0,173.0,3.0,155.29758875252062,184.75815864534417,181.6511859246373,170.86618174842536,170.86618174842536
434,Lang,Lang,Lang__CPT15,Quaternary,MASW,4.0,188.0,3.0,154.10540729571264,206.19939733139546,195.67396128862467,180.8739863732424,180.8739863732424
435,Lang,Lang,Lang__CPT15,Quaternary,MASW,5.0,197.0,3.0,185.0148851957615,229.25301138938798,224.8863516278451,208.16910680004727,208.16910680004727
436,Lang,Lang,Lang__CPT15,Quaternary,MASW,6.0,208.0,3.0,178.19772318117697,216.66752745604035,214.04481099569296,198.42325646873596,198.42325646873596
437,Lang,Lang,Lang__CPT15,Quaternary,MASW,7.0,218.0,3.0,178.5672050782108,203.73657813449606,208.60561539650777,191.99889079471754,191.99889079471754
438,Lang,Lang,Lang__CPT15,Quaternary,MASW,8.15,230.0,3.0,216.28371903516307,224.19254913352614,224.24787866163203,220.59840560455729,220.59840560455729
439,Lang,Lang,Lang__CPT15,Quaternary,MASW,9.25,240.0,3.0,267.1846662005729,258.9730282187054,262.27335604544635,262.6365609209356,262.6365609209356
440,Lang,Lang,Lang__CPT15,Tertiary,MASW,10.1,250.0,3.0,235.40365549824097,233.6043948238477,248.3668065932727,234.412353964976,234.412353964976
441,Lang,Lang,Lang__CPT15,Tertiary,MASW,11.0,263.0,3.0,273.7648453270448,277.42769824129743,283.89036161082004,275.7733886698786,275.7733886698786
442,Lang,Lang,Lang__CPT15,Tertiary,MASW,12.0,272.0,3.0,301.03083807925776,307.1757384488799,306.7619951111615,304.3951619632652,304.3951619632652
443,Lang,Lang,Lang__CPT15,Tertiary,MASW,13.0,281.0,3.0,329.33183405300923,313.593986618548,312.8709185080821,320.5807348999114,320.5807348999114
444,Lang,Lang,Lang__CPT15,Tertiary,MASW,13.9,290.0,3.0,336.04201623086277,320.0558119647366,320.1052015739246,327.1532633453557,327.1532633453557
445,Lang,Lang,Lang__CPT15,Tertiary,MASW,14.9,298.0,3.0,380.14544024459093,412.2459696873329,391.636180813297,397.47830913749965,418.49973470060286
446,Lang,Lang,Lang__CPT15,Tertiary,MASW,15.93,304.0,3.0,371.45497264247126,436.4621983975369,419.1002767655034,405.9087648110489,422.6311178570507
360,Lang,Lang,Lang__CPT19,Quaternary,MASW,2.0,180.0,3.0,176.94139741048951,181.00746211227806,186.03379937074962,179.1662968089971,179.1662968089971
361,Lang,Lang,Lang__CPT19,Quaternary,MASW,3.0,195.0,3.0,190.14496740139975,198.0820233865538,197.80203981249315,194.47015525062506,194.47015525062506
362,Lang,Lang,Lang__CPT19,Quaternary,MASW,4.0,210.0,3.0,205.07122075378302,210.55500325096048,205.2289738150486,208.0693850618017,208.0693850618017
363,Lang,Lang,Lang__CPT19,Quaternary,MASW,5.0,223.0,3.0,210.3606425750506,216.1805308287282,214.26478946781833,213.54191759266755,213.54191759266755
364,Lang,Lang,Lang__CPT19,Quaternary,MASW,5.85,235.0,3.0,202.4369474585224,208.3358980039741,209.07231394599745,205.66039277885372,205.66039277885372
365,Lang,Lang,Lang__CPT19,Quaternary,MASW,6.85,247.0,3.0,272.54921904032057,273.4247814138359,271.05977867439526,273.03043080885936,273.03043080885936
366,Lang,Lang,Lang__CPT19,Quaternary,MASW,8.25,255.0,3.0,289.6891503728318,285.8946501204817,288.9808174655002,287.59598531312446,287.59598531312446
367,Lang,Lang,Lang__CPT19,Quaternary,MASW,9.4,268.0,3.0,264.07094483863153,260.2878764720265,263.0537700530203,261.98350362326994,261.98350362326994
368,Lang,Lang,Lang__CPT19,Quaternary,MASW,10.15,271.0,3.0,217.1784208059254,231.62825687937357,227.71024078904384,225.01053293655391,225.01053293655391
369,Lang,Lang,Lang__CPT19,Quaternary,MASW,10.95,274.0,3.0,262.0910562647173,268.69385502914133,263.38334454673696,265.7022575183426,265.7022575183426
370,Lang,Lang,Lang__CPT19,Quaternary,MASW,12.0,275.0,3.0,295.6804054843436,296.1173225325705,295.2801989246773,295.9206300226864,295.9206300226864
371,Lang,Lang,Lang__CPT19,Quaternary,MASW,13.05,277.0,3.0,309.87214308009766,299.1479292862234,305.59229994278553,303.9271108228359,303.9271108228359
372,Lang,Lang,Lang__CPT19,Tertiary,MASW,14.0,278.0,3.0,325.8646798126247,321.53687243390493,329.1148934796071,323.47722686917433,323.47722686917433
373,Lang,Lang,Lang__CPT19,Tertiary,MASW,15.0,283.0,3.0,350.75553508953647,382.5441873395356,370.03957909773527,367.897573957611,367.897573957611
374,Lang,Lang,Lang__CPT19,Tertiary,MASW,16.0,287.0,3.0,383.93202549696963,419.8672381485615,406.02964955824973,403.2979798861757,414.5948778767699
375,Lang,Lang,Lang__CPT19,Tertiary,MASW,17.05,292.0,3.0,373.00593547169893,413.10737367230485,403.63773000648337,394.55423105446084,406.95472808223394
343,Lang,Lang,Lang__CPT2,Quaternary,MASW,2.25,197.0,3.0,159.9792744699802,173.03772198874879,178.24768238242584,167.03447225861362,167.03447225861362
344,Lang,Lang,Lang__CPT2,Quaternary,MASW,3.25,210.0,3.0,220.18374522491837,221.0279403216412,216.55875611115985,220.64765272889443,220.64765272889443
345,Lang,Lang,Lang__CPT2,Quaternary,MASW,4.15,224.0,3.0,199.59109249691477,201.14871948717058,196.61073942555754,200.44628870075604,200.44628870075604
346,Lang,Lang,Lang__CPT2,Quaternary,MASW,5.3,233.0,3.0,230.21354855294,232.51449200840705,235.06131494245963,231.47623517497547,231.47623517497547
347,Lang,Lang,Lang__CPT2,Quaternary,MASW,6.15,240.0,3.0,206.7254469620862,219.8705927840728,216.24701185969514,213.8548991386331,213.8548991386331
348,Lang,Lang,Lang__CPT2,Quaternary,MASW,7.0,247.0,3.0,284.6781230323066,282.9666934193164,279.856794419903,283.7355597949829,283.7355597949829
349,Lang,Lang,Lang__CPT2,Quaternary,MASW,8.2,252.0,3.0,280.45079118746503,271.74551144687433,269.63529014607116,275.62893684754715,275.62893684754715
350,Lang,Lang,Lang__CPT2,Quaternary,MASW,9.35,258.0,3.0,254.78250785512085,276.6151066495892,278.2000546580654,266.5680318912211,266.5680318912211
351,Lang,Lang,Lang__CPT2,Quaternary,MASW,10.15,262.0,3.0,273.32245668388276,271.32499186982864,267.6843276228732,272.22203816734987,272.22203816734987
352,Lang,Lang,Lang__CPT2,Quaternary,MASW,11.0,267.0,3.0,242.58493426609826,243.7487607341074,250.33594498719023,243.22434945320416,243.22434945320416
353,Lang,Lang,Lang__CPT2,Quaternary,MASW,12.25,270.0,3.0,289.77222475596267,300.78047854622815,296.9939372258114,295.77594125135835,295.77594125135835
354,Lang,Lang,Lang__CPT2,Tertiary,MASW,13.85,278.0,3.0,258.2898805042722,265.9882904524819,272.40173017838384,262.49601284214475,262.49601284214475
355,Lang,Lang,Lang__CPT2,Tertiary,MASW,15.1,282.0,3.0,343.93119219740964,365.87588745818636,352.3044658464792,355.83264443920916,355.83264443920916
356,Lang,Lang,Lang__CPT2,Tertiary,MASW,16.0,287.0,3.0,359.0793718410602,391.34928039162753,381.34783467818033,376.48372107710685,395.36328386342046
357,Lang,Lang,Lang__CPT2,Tertiary,MASW,17.0,292.0,3.0,368.1827312901665,406.5924805308709,394.25360320708245,388.83573891031915,402.92204773141543
358,Lang,Lang,Lang__CPT2,Tertiary,MASW,18.0,297.0,3.0,369.6818714735407,403.719606836194,396.4130778527215,388.03114228306526,402.52706329943413
359,Lang,Lang,Lang__CPT2,Tertiary,MASW,19.24,303.0,3.0,391.1479641547051,418.593215911615,412.8019234080289,406.01229516624096,412.83369526244974
395,Lang,Lang,Lang__CPT20,Quaternary,MASW,2.0,158.0,3.0,187.49437653980175,193.81101950909655,198.16278257957882,190.94261556877424,190.94261556877424
396,Lang,Lang,Lang__CPT20,Quaternary,MASW,3.0,177.0,3.0,187.87934938201872,199.51263946614094,199.33510518034566,194.19108989287028,194.19108989287028
397,Lang,Lang,Lang__CPT20,Quaternary,MASW,4.0,200.0,3.0,185.3437358824853,214.5969238780931,216.31965247654503,200.90140845566063,200.90140845566063
398,Lang,Lang,Lang__CPT20,Quaternary,MASW,5.0,225.0,3.0,206.10429761674354,224.24935854837676,225.49934763295818,215.89437968979058,215.89437968979058
399,Lang,Lang,Lang__CPT20,Quaternary,MASW,5.9,244.0,3.0,180.95995988988514,213.67147721704077,216.56005304650702,198.2771761007444,198.2771761007444
400,Lang,Lang,Lang__CPT20,Quaternary,MASW,6.9,260.0,3.0,226.6911873711237,229.0175170712346,230.85526207275703,227.967728978222,227.967728978222
401,Lang,Lang,Lang__CPT20,Quaternary,MASW,8.2,274.0,3.0,225.48139664715941,221.05542611920802,226.5792347853859,223.03625854861434,223.03625854861434
402,Lang,Lang,Lang__CPT20,Quaternary,MASW,9.45,280.0,3.0,279.22786771591325,277.94565040076657,277.116422563957,278.5219179363503,278.5219179363503
403,Lang,Lang,Lang__CPT20,Tertiary,MASW,10.5,283.5,3.0,315.2293861369118,293.53153474595155,302.3472492493502,303.1043256095586,303.1043256095586
404,Lang,Lang,Lang__CPT20,Tertiary,MASW,11.5,284.0,3.0,293.83502669689733,296.38877689105414,305.56705317063125,295.23685416104814,295.23685416104814
405,Lang,Lang,Lang__CPT20,Tertiary,MASW,12.75,285.0,3.0,341.167663150618,327.6030765922776,318.50328099248117,333.6390852166055,333.6390852166055
406,Lang,Lang,Lang__CPT20,Tertiary,MASW,14.1,285.0,3.0,329.2863232069537,330.8255515840249,330.13576780823564,330.1320104356627,330.1320104356627
407,Lang,Lang,Lang__CPT20,Tertiary,MASW,15.1,285.0,3.0,311.587717711903,312.1188029324242,294.5848028323886,311.8797026559598,311.8797026559598
408,Lang,Lang,Lang__CPT20,Tertiary,MASW,16.0,287.0,3.0,305.1647094687012,281.5951951083616,286.88133860964473,291.96737207965066,291.96737207965066
409,Lang,Lang,Lang__CPT20,Tertiary,MASW,17.0,292.0,3.0,355.73288597122337,367.8358795455087,355.69730316647997,362.3393959873524,362.3393959873524
410,Lang,Lang,Lang__CPT20,Tertiary,MASW,18.0,298.0,3.0,399.3383121250958,420.02990529314536,405.97336512596684,410.5892333373994,416.674831374577
411,Lang,Lang,Lang__CPT20,Tertiary,MASW,19.14,309.0,3.0,384.59420029702744,423.0715880728386,415.0153826637424,405.30209837674954,413.5800839879657
412,Lang,Lang,Lang__CPT4,Quaternary,MASW,2.0,218.0,3.0,218.429743481653,208.68624706185375,203.8117619861855,213.0158429093564,213.0158429093564
413,Lang,Lang,Lang__CPT4,Quaternary,MASW,3.0,224.0,3.0,237.6910633855111,231.28112117676477,226.02665989182174,234.1439201871242,234.1439201871242
414,Lang,Lang,Lang__CPT4,Quaternary,MASW,4.0,228.0,3.0,198.913128035083,205.6228279388036,204.60340274667638,202.5759020246118,202.5759020246118
415,Lang,Lang,Lang__CPT4,Quaternary,MASW,5.15,235.0,3.0,199.2231020942407,214.9401621311724,213.22296500128192,207.7196245107988,207.7196245107988
416,Lang,Lang,Lang__CPT4,Quaternary,MASW,6.15,242.0,3.0,271.7188758085925,276.764612766229,272.33913599738395,274.4825389337032,274.4825389337032
417,Lang,Lang,Lang__CPT4,Quaternary,MASW,7.0,250.0,3.0,289.96250694811016,288.2735416317239,283.9726287229136,289.03235515206376,289.03235515206376
418,Lang,Lang,Lang__CPT4,Quaternary,MASW,8.0,258.0,3.0,270.6267050218243,273.9384087405755,273.5955449405224,272.44315643310006,272.44315643310006
419,Lang,Lang,Lang__CPT4,Quaternary,MASW,8.9,266.0,3.0,257.5261025771079,279.92433700176986,275.26383543290507,269.613681674415,269.613681674415
420,Lang,Lang,Lang__CPT4,Quaternary,MASW,9.9,275.0,3.0,285.61894250454486,294.36549702125143,288.11184193423554,290.3968829952469,290.3968829952469
421,Lang,Lang,Lang__CPT4,Quaternary,MASW,11.0,281.0,3.0,302.7082922694756,302.1373285784537,300.3673057890354,302.39412884609527,302.39412884609527
422,Lang,Lang,Lang__CPT4,Quaternary,MASW,12.0,290.0,3.0,281.7347949105548,287.7867340698312,283.7463961671106,285.0474386175169,285.0474386175169
423,Lang,Lang,Lang__CPT4,Quaternary,MASW,13.0,294.0,3.0,272.6147122908398,281.4944468099462,278.1158531885278,277.4633259630196,277.4633259630196
424,Lang,Lang,Lang__CPT4,Tertiary,MASW,14.25,300.0,3.0,269.627884156807,268.32245326327626,272.5551515704947,268.9091131829856,268.9091131829856
425,Lang,Lang,Lang__CPT4,Tertiary,MASW,15.6,306.0,3.0,362.742142289232,380.47867388277604,372.64613931851443,372.3923765184774,372.3923765184774
426,Lang,Lang,Lang__CPT4,Tertiary,MASW,16.6,314.0,3.0,396.16541551095,437.0792762675566,425.8574900346728,418.1697087254113,426.9134742021437
427,Lang,Lang,Lang__CPT4,Tertiary,MASW,17.5,325.0,3.0,362.6471443470131,402.9066031643964,403.86453670897976,384.26455779201655,401.833253208459
428,Lang,Lang,Lang__CPT4,Tertiary,MASW,18.5,334.0,3.0,384.78969131903193,418.40743232274804,416.4508103927242,402.9305601876496,412.66594149611893
429,Lang,Lang,Lang__CPT4,Tertiary,MASW,19.5,340.0,3.0,379.5104885903178,422.9058479639825,415.7784116584092,402.7956133577302,414.7724113834666
430,Lang,Lang,Lang__CPT4,Tertiary,MASW,20.5,348.0,3.0,393.10829546175484,430.67658299246966,431.09606700706524,413.3459494011286,423.5503419661606
431,Lang,Lang,Lang__CPT4,Tertiary,MASW,21.9,360.0,3.0,411.6283121661117,438.5997313914446,434.89507487719857,426.25055353398915,433.81978768529063
283,Lang,Lang,Lang__CPT7,Quaternary,MASW,2.0,198.0,3.0,168.09158230477252,202.21169929480297,204.16306363574472,186.07547562710926,186.07547562710926
284,Lang,Lang,Lang__CPT7,Quaternary,MASW,3.0,199.0,3.0,161.90038048294088,197.85572605726236,197.726982541211,180.78120803682194,180.78120803682194
285,Lang,Lang,Lang__CPT7,Quaternary,MASW,4.0,205.0,3.0,173.6901683526221,219.5017987162513,221.3020560224874,197.5558079946588,197.5558079946588
286,Lang,Lang,Lang__CPT7,Quaternary,MASW,5.0,212.0,3.0,226.2774930912466,241.29705537456792,240.67987444580203,234.4186839924827,234.4186839924827
287,Lang,Lang,Lang__CPT7,Quaternary,MASW,6.0,223.0,3.0,194.12167842887214,220.00335485218483,221.98251448473002,207.95503208746203,207.95503208746203
288,Lang,Lang,Lang__CPT7,Quaternary,MASW,6.85,234.0,3.0,190.66918843839883,221.75296290252953,227.23976573394248,207.18314453770301,207.18314453770301
289,Lang,Lang,Lang__CPT7,Quaternary,MASW,7.699999999999999,244.0,3.0,241.19608717522675,246.53208139305738,242.92808708766157,244.11642961524817,244.11642961524817
290,Lang,Lang,Lang__CPT7,Quaternary,MASW,8.85,254.0,3.0,280.94662858165964,280.3425976901983,280.52929844962375,280.61425071532466,280.61425071532466
291,Lang,Lang,Lang__CPT7,Quaternary,MASW,10.09,265.0,3.0,296.5621565247402,293.2113643982562,295.38061652221523,294.7145099304407,294.7145099304407
376,Lang,Lang,Lang__CPT9,Quaternary,MASW,2.0,169.0,3.0,155.84206788715338,180.64419760994633,179.70869380358823,169.0290400466435,169.0290400466435
377,Lang,Lang,Lang__CPT9,Quaternary,MASW,3.25,190.0,3.0,173.63691005965018,194.65044560035068,195.83262536109947,184.89679926964268,184.89679926964268
378,Lang,Lang,Lang__CPT9,Quaternary,MASW,4.5,218.0,3.0,203.34981701784454,217.1600983142923,212.8183517556461,210.83306381859686,210.83306381859686
379,Lang,Lang,Lang__CPT9,Quaternary,MASW,5.5,238.0,3.0,221.38243945816865,222.43037907569172,223.86442138829463,221.9581937808423,221.9581937808423
380,Lang,Lang,Lang__CPT9,Quaternary,MASW,6.5,254.0,3.0,232.71436958412707,227.52874973963725,229.71507720033594,229.8478229427645,229.8478229427645
381,Lang,Lang,Lang__CPT9,Quaternary,MASW,7.5,278.0,3.0,234.63994011584722,239.3750677456178,238.74277717960422,237.23254909726313,237.23254909726313
382,Lang,Lang,Lang__CPT9,Quaternary,MASW,8.5,279.0,3.0,299.369250247333,298.10813249330386,299.21735843821057,298.67497671090666,298.67497671090666
383,Lang,Lang,Lang__CPT9,Quaternary,MASW,9.5,284.0,3.0,274.1754670493762,263.6021378093366,265.1451266329836,268.30871344590975,268.30871344590975
384,Lang,Lang,Lang__CPT9,Quaternary,MASW,10.5,286.0,3.0,283.07465797229816,278.5589879700081,275.257400386422,280.582055732375,280.582055732375
385,Lang,Lang,Lang__CPT9,Tertiary,MASW,11.5,286.0,3.0,278.05397668425235,279.69635297483643,289.2634454859648,278.9560865610497,278.9560865610497
386,Lang,Lang,Lang__CPT9,Tertiary,MASW,12.5,286.0,3.0,311.9551897371226,312.58269171163437,313.2048918834255,312.3001597740049,312.3001597740049
387,Lang,Lang,Lang__CPT9,Tertiary,MASW,13.5,282.0,3.0,329.58134589995063,320.20549672921925,320.0599389166872,324.39116012469736,324.39116012469736
388,Lang,Lang,Lang__CPT9,Tertiary,MASW,14.5,281.5,3.0,330.0081915754346,339.61632862775565,330.68545786132086,335.25852783259455,335.25852783259455
389,Lang,Lang,Lang__CPT9,Tertiary,MASW,15.75,285.0,3.0,356.11156070903303,385.5601524036206,377.47750271738687,372.01839223746333,372.01839223746333
390,Lang,Lang,Lang__CPT9,Tertiary,MASW,17.0,290.0,3.0,430.8481918817375,432.03025806155597,434.8231688063109,431.4979274792655,434.29525455351444
391,Lang,Lang,Lang__CPT9,Tertiary,MASW,18.0,298.0,3.0,366.7585119275431,360.1345012810346,365.20293816227417,363.1003704313567,363.1003704313567
392,Lang,Lang,Lang__CPT9,Tertiary,MASW,19.0,309.0,3.0,414.1920566349959,424.5716766962458,418.4993729390413,419.86904275126824,422.5262531130364
393,Lang,Lang,Lang__CPT9,Tertiary,MASW,20.0,320.0,3.0,440.8186364456228,457.8356185341249,452.0779991215522,450.0981659550622,448.32519301156987
394,Lang,Lang,Lang__CPT9,Tertiary,MASW,20.8,333.0,3.0,429.35876793582526,457.47807372120815,452.8040176525938,444.60342842098623,450.00279396144555
150,Marina,Marina,Marina__CPT1,Quaternary,MASW,1.5,154.37361376580503,3.0,180.21042107276733,210.6221798437752,210.9495744413034,196.34878237296996,196.34878237296996
151,Marina,Marina,Marina__CPT1,Quaternary,MASW,2.4,188.9515464665028,3.0,203.37658087194103,219.1866874595921,217.22007832239626,211.92550128359363,211.92550128359363
152,Marina,Marina,Marina__CPT1,Quaternary,MASW,3.1,210.7618990419121,3.0,214.0064917900635,220.34491590802833,219.3802790583064,217.46972001909685,217.46972001909685
153,Marina,Marina,Marina__CPT1,Quaternary,MASW,3.7,216.8659416178409,3.0,225.47071641838923,224.95055274475206,227.0225175282248,225.1844777291085,225.1844777291085
154,Marina,Marina,Marina__CPT1,Quaternary,MASW,4.45,192.58263899576804,3.0,206.45627705775996,221.3782198193652,224.23007557531284,214.53434622745107,214.53434622745107
155,Marina,Marina,Marina__CPT1,Quaternary,MASW,5.2,254.04192770326176,3.0,229.28542127492267,232.209453990955,234.64654546421144,230.8890529011137,230.8890529011137
156,Marina,Marina,Marina__CPT1,Quaternary,MASW,5.75,254.85619390992656,3.0,208.6491068932479,222.20148580109057,225.41792132383006,215.99727182319097,215.99727182319097
157,Marina,Marina,Marina__CPT1,Quaternary,MASW,6.5,229.95709832009632,3.0,180.27122984914917,223.3822686348054,226.5727189533981,202.83536280397922,202.83536280397922
158,Marina,Marina,Marina__CPT1,Quaternary,MASW,7.65,204.7285980178102,3.0,178.47667877893088,223.02716750174943,226.03262361291212,201.74762780406144,201.74762780406144
159,Marina,Marina,Marina__CPT1,Quaternary,MASW,8.65,253.02665478008373,3.0,230.4885405807611,235.31251251381136,237.36859915850587,233.12935582272783,233.12935582272783
160,Marina,Marina,Marina__CPT1,Quaternary,MASW,9.5,254.45081735336137,3.0,232.7779170643994,231.7591101952214,240.6982147809995,232.21702030896816,232.21702030896816
161,Marina,Marina,Marina__CPT1,Quaternary,MASW,11.0,248.69925764605333,3.0,251.07510331937905,260.8121160031331,261.16267458352104,256.3845862414934,256.3845862414934
162,Marina,Marina,Marina__CPT1,Quaternary,MASW,12.5,300.69654630824925,3.0,321.407998265664,331.3636098882655,340.0576716889147,326.8459839586465,326.8459839586465
163,Marina,Marina,Marina__CPT1,Quaternary,MASW,14.0,318.2497071346119,3.0,372.20225285401625,448.9931804935497,439.8757547829701,412.65053119976875,440.5158507267996
164,Marina,Marina,Marina__CPT1,Tertiary,MASW,15.55,335.13417893108965,3.0,411.58492654816905,458.332004890654,445.67003743847164,436.6725166794474,456.1555247506476
165,Marina,Marina,Marina__CPT2,Quaternary,MASW,1.45,162.8655867742902,3.0,185.60811174949035,200.475009630854,209.32992745470406,193.64298216736805,193.64298216736805
166,Marina,Marina,Marina__CPT2,Quaternary,MASW,2.15,152.4065336873562,3.0,164.90720176984445,189.0737027347274,195.99167535354292,177.78902620779706,177.78902620779706
167,Marina,Marina,Marina__CPT2,Quaternary,MASW,2.9,172.2616758424782,3.0,191.04111129516687,213.1343227294024,212.08646658371177,202.89270972907013,202.89270972907013
168,Marina,Marina,Marina__CPT2,Quaternary,MASW,4.2,225.0811766638941,3.0,262.32771936788066,255.79544222562384,250.49159583624822,258.71459153902055,258.71459153902055
169,Marina,Marina,Marina__CPT2,Quaternary,MASW,5.5,224.0938681444996,3.0,216.44909901563102,214.20245542034655,221.5330062021553,215.2105447244581,215.2105447244581
170,Marina,Marina,Marina__CPT2,Quaternary,MASW,6.5,228.58095676543687,3.0,209.37861817626512,221.15775071446203,224.53590028165303,215.77729206632637,215.77729206632637
171,Marina,Marina,Marina__CPT2,Quaternary,MASW,8.0,250.2333078399093,3.0,232.70855520505577,235.414139319605,241.412464901938,234.19275545275187,234.19275545275187
172,Marina,Marina,Marina__CPT2,Quaternary,MASW,9.5,236.1418597383989,3.0,219.20039312847626,232.6814007601118,234.41872298940328,226.51528664901502,226.51528664901502
173,Marina,Marina,Marina__CPT2,Quaternary,MASW,10.5,282.537697681028,3.0,281.5746841544122,283.60650049169976,276.73282980004944,282.69037509235466,282.69037509235466
174,Marina,Marina,Marina__CPT2,Quaternary,MASW,11.75,275.1829064009047,3.0,265.90893286334,299.5079044115185,294.49099999992063,283.89279846453064,283.89279846453064
175,Marina,Marina,Marina__CPT2,Quaternary,MASW,13.15,319.4455185892932,3.0,325.59460659363594,349.093220285404,339.6492351064439,338.3159856721445,338.3159856721445
176,Marina,Marina,Marina__CPT2,Quaternary,MASW,14.4,305.3404635400741,3.0,309.18630094451055,326.85104519119415,325.178367357193,318.78034954724853,318.78034954724853
177,Marina,Marina,Marina__CPT2,Tertiary,MASW,15.5,318.45230541235145,3.0,325.13868456262355,328.250149737923,331.2303820504723,326.8463226162962,326.8463226162962
178,Marina,Marina,Marina__CPT2,Tertiary,MASW,16.5,354.9977594624199,3.0,372.6849188338546,373.4552534442205,369.4600153704295,373.108406022618,373.108406022618
179,Marina,Marina,Marina__CPT2,Tertiary,MASW,17.5,355.3165664289617,3.0,396.97510625821394,398.79814138383387,386.3054885915002,397.9767418412213,411.1203817107543
262,Paskal,Paskal,Paskal__CPT1,Quaternary,MASW,1.5,161.2812034755749,5.0,189.63960030257974,162.89508676234638,164.78201438722803,173.10770700197514,173.10770700197514
263,Paskal,Paskal,Paskal__CPT1,Quaternary,MASW,2.5,222.76172789332315,5.0,255.08548813825442,242.97441407702857,233.63924471382254,247.74826798090845,247.74826798090845
264,Paskal,Paskal,Paskal__CPT1,Quaternary,MASW,3.25,223.9108492496985,5.0,258.57249691475687,258.4782031344669,254.16728575906657,258.51591651954044,258.51591651954044
265,Paskal,Paskal,Paskal__CPT1,Quaternary,MASW,4.15,229.6152703338023,5.0,250.73359628180316,247.40140544966175,240.8299970796126,248.72893447556558,248.72893447556558
266,Paskal,Paskal,Paskal__CPT1,Quaternary,MASW,5.3,284.8468157056311,5.0,230.28464373876835,226.97946865605127,222.38368442884087,228.29580770136369,228.29580770136369
267,Paskal,Paskal,Paskal__CPT1,Quaternary,MASW,6.15,267.058512604076,5.0,247.0356766207124,258.37516579759296,244.190231005129,253.77821142360267,253.77821142360267
268,Paskal,Paskal,Paskal__CPT1,Quaternary,MASW,7.0,225.18262954113905,5.0,264.67246461827494,278.86986093369336,272.82551098597577,273.1017308979258,273.1017308979258
269,Paskal,Paskal,Paskal__CPT1,Quaternary,MASW,8.25,211.45499754260985,5.0,267.50613881871413,279.97350006529933,267.3424891145832,274.9183046718843,274.9183046718843
270,Paskal,Paskal,Paskal__CPT1,Quaternary,MASW,9.52,187.58499662470868,5.0,244.29970899639883,254.86297141728255,251.67798431522317,250.5839352040999,250.5839352040999
271,Paskal,Paskal,Paskal__CPT2,Quaternary,MASW,1.5,157.3610543809992,5.0,189.81376571559892,161.93426419967784,156.7915050319862,172.55769601700055,172.55769601700055
272,Paskal,Paskal,Paskal__CPT2,Quaternary,MASW,2.5,212.313686919956,5.0,249.62817356699762,237.39784795807427,233.98601688168006,242.21637839176896,242.21637839176896
273,Paskal,Paskal,Paskal__CPT2,Quaternary,MASW,3.35,203.21529879091256,5.0,260.10996331330915,255.80812941882175,253.61389514088413,257.5202589069358,257.5202589069358
274,Paskal,Paskal,Paskal__CPT2,Tertiary,MASW,4.1,194.23547021582692,5.0,200.71466097561424,210.32648931903537,219.62774416392367,206.42772303240514,220.37859898149281
275,Paskal,Paskal,Paskal__CPT2,Tertiary,MASW,5.0,267.27963511620146,5.0,194.49582798089492,209.1886365678179,219.05186874703884,203.18281341305348,218.0204414693515
276,Paskal,Paskal,Paskal__CPT2,Tertiary,MASW,6.0,248.23038318074427,5.0,203.09640671265976,213.31025579194684,224.0881822813318,209.1644812349847,221.1295611703868
277,Paskal,Paskal,Paskal__CPT2,Tertiary,MASW,6.75,188.43348036726303,5.0,218.45247777300858,212.60361384620916,229.49361027047658,214.92412902667226,225.89155649641873
278,Paskal,Paskal,Paskal__CPT2,Tertiary,MASW,7.25,189.31716125851733,5.0,222.74103425749516,214.09042043487958,227.5649237955593,217.50960203147525,227.13104745563223
279,Paskal,Paskal,Paskal__CPT2,Tertiary,MASW,7.75,197.5519360067566,5.0,226.88455264358697,213.29748330810168,229.14161265558474,218.6318400925421,228.7235683078483
280,Paskal,Paskal,Paskal__CPT2,Tertiary,MASW,8.25,202.310932199361,5.0,234.6522018225701,220.92165998311964,239.20034232448057,226.31473554906276,233.78538649581452
281,Paskal,Paskal,Paskal__CPT2,Tertiary,MASW,8.75,205.9751159322853,5.0,238.01140647562733,229.22783088676968,249.62590696002547,232.70167811143926,238.84636912103346
282,Paskal,Paskal,Paskal__CPT2,Tertiary,MASW,9.505,243.3681410722542,5.0,270.5587853364469,268.20880486548805,285.7216748858177,269.14633773935515,273.7921843141046
602,Puskas,Puskas,Puskas__CPTu 101,Quaternary,MASW,1.5,138.68254140664703,1.0,192.77337395727565,200.17986350003918,200.00766972688623,196.03801838696134,196.03801838696134
603,Puskas,Puskas,Puskas__CPTu 101,Quaternary,MASW,2.65,175.6383057937299,1.0,181.42521309896196,204.5144249061669,204.14916552236838,191.4054110479108,191.4054110479108
604,Puskas,Puskas,Puskas__CPTu 101,Quaternary,MASW,3.8,226.254185497313,1.0,173.10528240897213,207.2572215698225,205.59662408813927,187.41368079043178,187.41368079043178
605,Puskas,Puskas,Puskas__CPTu 101,Quaternary,MASW,4.8,322.56166663971857,1.0,191.94900909018523,220.5160799746381,211.06182964851644,202.53227290896123,202.53227290896123
606,Puskas,Puskas,Puskas__CPTu 101,Quaternary,MASW,5.9,349.5909756775834,1.0,247.48401162035637,250.99084503405135,247.52244244328222,248.3638122906533,248.3638122906533
607,Puskas,Puskas,Puskas__CPTu 101,Quaternary,MASW,7.0,271.02729546635857,1.0,243.66695943257608,253.16829303848084,241.67159817053684,245.60409601667763,245.60409601667763
608,Puskas,Puskas,Puskas__CPTu 101,Quaternary,MASW,7.75,212.7095348061291,1.0,201.16510750847343,211.20512684613655,203.89875936808278,204.17990161723353,204.17990161723353
609,Puskas,Puskas,Puskas__CPTu 101,Quaternary,MASW,8.5,274.51122171261454,1.0,216.58321197689588,227.72125991697146,221.6818175941546,220.3385787507364,220.3385787507364
610,Puskas,Puskas,Puskas__CPTu 101,Quaternary,MASW,9.5,353.5717404298168,1.0,256.74811229411074,271.4808154536799,266.41746744894067,262.2867295507312,262.2867295507312
611,Puskas,Puskas,Puskas__CPTu 101,Quaternary,MASW,10.5,351.59011300743686,1.0,280.94168795407586,295.24429228585996,288.56808241592586,285.9788658045817,285.9788658045817
612,Puskas,Puskas,Puskas__CPTu 101,Quaternary,MASW,11.5,304.20050622200347,1.0,279.9688994860397,292.3579919220621,287.758403452162,284.5736801011819,284.5736801011819
613,Puskas,Puskas,Puskas__CPTu 101,Tertiary,MASW,12.5,265.2928323682341,1.0,270.0685307892896,298.32152144994325,299.9522623553274,282.7432623675427,283.73499989823114
614,Puskas,Puskas,Puskas__CPTu 101,Tertiary,MASW,13.6,310.8084916587805,1.0,285.52810352802186,294.22968027669424,294.8247668462412,289.52847719824086,290.1185909624244
615,Puskas,Puskas,Puskas__CPTu 101,Tertiary,MASW,15.2,312.0,1.0,319.30685669774607,317.82342215246626,309.5513053202191,316.96224725090065,316.2436816847995
616,Puskas,Puskas,Puskas__CPTu 102,Quaternary,MASW,1.5,173.75219099554448,1.0,191.04309282019955,196.37504338848206,198.40098448662513,193.8217789211297,193.8217789211297
617,Puskas,Puskas,Puskas__CPTu 102,Quaternary,MASW,2.6,169.63762925377875,1.0,173.3803796983486,183.99657113076898,190.40078701022776,179.30242060182815,179.30242060182815
618,Puskas,Puskas,Puskas__CPTu 102,Quaternary,MASW,3.7,289.2965889689008,1.0,227.58828960799636,247.01833248112558,237.99492387684725,234.38417550087087,234.38417550087087
619,Puskas,Puskas,Puskas__CPTu 102,Quaternary,MASW,4.6,284.4555282995208,1.0,223.58047664426925,262.1335585636848,252.86638227702005,238.4500992736952,238.4500992736952
620,Puskas,Puskas,Puskas__CPTu 102,Quaternary,MASW,5.5,283.6958939452112,1.0,236.7894680741318,260.15341303097773,261.2592337452,247.24130189680238,247.24130189680238
621,Puskas,Puskas,Puskas__CPTu 102,Quaternary,MASW,6.6,281.5545998734863,1.0,255.56186755667218,282.66648562081696,262.10772267293555,263.41310187465973,263.41310187465973
622,Puskas,Puskas,Puskas__CPTu 102,Quaternary,MASW,8.25,250.98040992645232,1.0,218.97958967443174,258.6246600652818,248.46478826912693,234.1221232146515,234.1221232146515
623,Puskas,Puskas,Puskas__CPTu 102,Quaternary,MASW,10.15,312.01853719663126,1.0,291.09169677333506,325.36487302709384,311.55300000307,303.39991387518273,303.39991387518273
624,Puskas,Puskas,Puskas__CPTu 102,Quaternary,MASW,11.75,284.46017559275367,1.0,302.08416419659596,309.09683173628355,312.3520112523041,305.8601360561697,305.8601360561697
625,Puskas,Puskas,Puskas__CPTu 102,Quaternary,MASW,12.95,306.02310728847925,1.0,309.5796600247057,348.51227306453967,346.40486852255765,326.13405252985774,326.13405252985774
626,Puskas,Puskas,Puskas__CPTu 102,Tertiary,MASW,13.95,301.69541044289565,1.0,310.05035622564094,295.0370158136906,306.13696855050824,305.4499168238528,305.0704918226207
627,Puskas,Puskas,Puskas__CPTu 102,Tertiary,MASW,15.0,315.54632358270493,1.0,289.9551541629701,289.80163473911693,291.72293963034724,290.26941800413243,290.28614496339696
628,Puskas,Puskas,Puskas__CPTu 102,Tertiary,MASW,16.0,422.7887352526375,1.0,289.2463899853711,281.5802974744774,289.83222603848856,287.42680765865884,287.29155564961496
629,Puskas,Puskas,Puskas__CPTu 102,Tertiary,MASW,17.0,424.2404683388645,1.0,296.94030371897713,301.965065889589,303.4368413824742,299.4820995109307,299.72409186486385
630,Puskas,Puskas,Puskas__CPTu 102,Tertiary,MASW,18.0,467.0582993691288,1.0,332.68380082203487,327.07061518242296,328.79977402143436,330.4943915991658,330.0529417659881
631,Puskas,Puskas,Puskas__CPTu 102,Tertiary,MASW,19.0,477.7239513029948,1.0,344.97052787750545,325.4508585384401,330.4763043442081,337.07730791618144,336.25625038566585
632,Puskas,Puskas,Puskas__CPTu 102,Tertiary,MASW,20.0,450.0473236722789,1.0,361.19947142317085,341.1633409129609,341.04910989814493,352.01800887875066,368.5168321747364
633,Puskas,Puskas,Puskas__CPTu 102,Tertiary,MASW,20.75,449.6692803496859,1.0,391.8300073740213,375.4775808071737,372.2197303242902,383.71573759782785,399.28190333861505
634,Puskas,Puskas,Puskas__CPTu 102,Tertiary,MASW,21.5,519.3171293282068,1.0,451.1097727051712,419.4447905213661,412.2153091993853,435.05959797592976,444.5577791985667
635,Puskas,Puskas,Puskas__CPTu 102,Tertiary,MASW,22.5,474.5245914648232,1.0,440.15256748931444,396.0866634363624,392.52842625235564,418.9899049086273,425.17998302344284
636,Puskas,Puskas,Puskas__CPTu 102,Tertiary,MASW,23.5,420.604743225581,1.0,399.3429674248953,373.5952202143806,367.5238587091683,386.2760286681171,387.68998669515133
637,Puskas,Puskas,Puskas__CPTu 102,Tertiary,MASW,24.5,418.0843408364796,1.0,402.3509211470303,370.0557181971728,365.67659620571726,386.56182502154326,383.6884943312417
638,Puskas,Puskas,Puskas__CPTu 102,Tertiary,MASW,25.58,420.0,1.0,420.9528370760577,366.5088370977202,370.29517388041666,396.3319786841744,392.04161902422476
639,Puskas,Puskas,Puskas__CPTu 103,Quaternary,MASW,1.5,163.74777189115315,1.0,192.46566699840258,195.66374208882405,198.6956096352,194.49549257403507,194.49549257403507
640,Puskas,Puskas,Puskas__CPTu 103,Quaternary,MASW,2.45,179.81892629917368,1.0,198.64683215115605,198.49840835925377,207.36862985333082,200.32390285642884,200.32390285642884
641,Puskas,Puskas,Puskas__CPTu 103,Quaternary,MASW,3.2,231.63812966562637,1.0,202.56775592972312,212.51362883598264,218.01760078488496,208.04567047433855,208.04567047433855
642,Puskas,Puskas,Puskas__CPTu 103,Quaternary,MASW,4.0,269.85890736778634,1.0,202.78969881304099,222.41889923860617,215.84945292359922,210.13497942970116,210.13497942970116
643,Puskas,Puskas,Puskas__CPTu 103,Quaternary,MASW,5.0,284.97715277718333,1.0,215.45062098016535,237.79089749099916,240.30258122464687,225.7052994748931,225.7052994748931
644,Puskas,Puskas,Puskas__CPTu 103,Quaternary,MASW,6.1,321.91311668643067,1.0,256.35762182817666,265.14446856497943,258.9383839619708,259.04508596462034,259.04508596462034
645,Puskas,Puskas,Puskas__CPTu 103,Quaternary,MASW,7.1,302.5285363643705,1.0,256.268211553144,268.24185836974596,255.27050740890698,259.0084134047898,259.0084134047898
646,Puskas,Puskas,Puskas__CPTu 103,Tertiary,MASW,7.9,249.9512931083937,1.0,195.03591471978612,204.8349822529986,211.86869268042278,200.73699328686274,203.37246229111327
647,Puskas,Puskas,Puskas__CPTu 103,Tertiary,MASW,9.05,276.09700022109786,1.0,214.8950762951224,230.56551723631418,235.07055801088285,222.67055539952605,223.50659294623708
648,Puskas,Puskas,Puskas__CPTu 103,Tertiary,MASW,10.15,303.7635396941799,1.0,237.49874893625645,257.72050563940684,262.0637140103205,247.21928807964,247.49830435958083
649,Puskas,Puskas,Puskas__CPTu 103,Tertiary,MASW,11.05,290.5035179205965,1.0,249.16374995125906,274.69831008501507,275.39669858370866,260.47881952032816,261.70923704648965
650,Puskas,Puskas,Puskas__CPTu 103,Tertiary,MASW,12.2,297.05205747794787,1.0,281.2454629839837,299.9492423626844,294.67307734553606,288.48754831128286,289.0147369644973
651,Puskas,Puskas,Puskas__CPTu 103,Tertiary,MASW,13.3,275.1647179618006,1.0,268.7334349520843,272.70254457661497,282.03501669712466,272.3390015449149,273.2696492924388
652,Puskas,Puskas,Puskas__CPTu 103,Tertiary,MASW,14.15,301.4852781605907,1.0,296.37589677077193,289.3382075783426,291.3644233283014,293.59748809903436,293.78747523785216
653,Puskas,Puskas,Puskas__CPTu 103,Tertiary,MASW,14.9,304.3958867665379,1.0,320.67158609168166,315.28359030707367,310.26499235685463,317.2160559154373,316.4104367504754
654,Puskas,Puskas,Puskas__CPTu 103,Tertiary,MASW,15.9,431.2908772341572,1.0,326.309640007577,308.4420438216266,310.4198671971193,318.55156428729816,317.868114999071
655,Puskas,Puskas,Puskas__CPTu 103,Tertiary,MASW,16.95,447.44510304030746,1.0,346.76353591361794,344.8919070334448,334.1177106519919,343.7312622135355,342.9711247194278
656,Puskas,Puskas,Puskas__CPTu 103,Tertiary,MASW,17.799999999999997,456.2652742066623,1.0,355.75352307141344,362.3369716545149,347.6737072186147,355.7497450874405,384.48606894765766
657,Puskas,Puskas,Puskas__CPTu 103,Tertiary,MASW,18.9,469.3597430439654,1.0,377.2013931659857,355.19244659047,350.5516283310992,366.16905280281395,386.1830329471085
658,Puskas,Puskas,Puskas__CPTu 103,Tertiary,MASW,20.05,451.5714428500952,1.0,374.86792492564246,351.2494850747539,347.0902663110397,363.1829619285165,378.51632610349776
659,Puskas,Puskas,Puskas__CPTu 103,Tertiary,MASW,20.75,438.4973544759012,1.0,371.2154859615091,341.00403518783247,341.85088784497964,357.4798515472449,370.28898018680565
660,Puskas,Puskas,Puskas__CPTu 103,Tertiary,MASW,21.5,498.1918044529453,1.0,422.6747761959978,354.2101294747993,353.01526853858655,390.1013240786256,390.6109137429307
661,Puskas,Puskas,Puskas__CPTu 103,Tertiary,MASW,22.845,430.8360034864727,1.0,382.19757372219624,362.86747096620763,357.75715926472196,372.31714465800627,379.0273559672627
524,Puskas,Puskas,Puskas__CPTu 104,Quaternary,MASW,1.9,163.18443070516346,1.0,179.04616254121814,182.3951464085043,184.30973923110466,180.9229814038706,180.9229814038706
525,Puskas,Puskas,Puskas__CPTu 104,Quaternary,MASW,3.4,210.25515579391984,1.0,188.70425659769163,215.0423309584817,213.75318684485617,199.89109293294584,199.89109293294584
526,Puskas,Puskas,Puskas__CPTu 104,Quaternary,MASW,4.5,195.19172023592088,1.0,191.3689241067316,216.24209457354831,213.76509081648183,201.72127056761065,201.72127056761065
527,Puskas,Puskas,Puskas__CPTu 104,Quaternary,MASW,5.65,246.706066828521,1.0,249.57440402715906,260.65349139897165,251.31051257451568,252.6492662731236,252.6492662731236
528,Puskas,Puskas,Puskas__CPTu 104,Quaternary,MASW,6.699999999999999,285.97711503811126,1.0,258.55479928882215,280.08700808926585,261.94712492619254,264.4660326562336,264.4660326562336
529,Puskas,Puskas,Puskas__CPTu 104,Tertiary,MASW,7.7,234.8737739152925,1.0,200.9206663896767,223.08622079566445,223.99008832560017,210.7790691534864,213.56973482565076
530,Puskas,Puskas,Puskas__CPTu 104,Tertiary,MASW,9.05,312.9671055278385,1.0,268.249892375001,286.47937025931327,284.8497423577902,275.98994539480975,276.8532537555013
531,Puskas,Puskas,Puskas__CPTu 104,Tertiary,MASW,10.15,276.2181107129158,1.0,239.64887087787938,261.7140713060573,267.4344804066451,250.4186738728554,251.88826721783906
532,Puskas,Puskas,Puskas__CPTu 104,Tertiary,MASW,11.0,324.4570490369466,1.0,272.4348802361443,297.2804797350413,296.7169216038798,283.23997787861856,284.47003228567064
533,Puskas,Puskas,Puskas__CPTu 104,Tertiary,MASW,12.0,311.63967452618743,1.0,286.01401943459473,288.51231369328843,294.1830842517826,288.2555344848895,288.7230058649859
534,Puskas,Puskas,Puskas__CPTu 104,Tertiary,MASW,13.0,295.5140211867028,1.0,272.73226209743746,294.56544573948867,292.72631529859865,281.9959598977551,282.9451197060547
535,Puskas,Puskas,Puskas__CPTu 104,Tertiary,MASW,14.0,335.13074954740495,1.0,322.242019481601,339.08619289973524,325.89326044155047,327.10922812893534,326.9738520737597
536,Puskas,Puskas,Puskas__CPTu 104,Tertiary,MASW,15.0,323.96592211186413,1.0,300.8925303492622,322.3740680055773,312.18404627904596,308.38868815618196,309.1995616645115
537,Puskas,Puskas,Puskas__CPTu 104,Tertiary,MASW,16.0,437.4866573166197,1.0,386.91132390875737,444.0621562408569,433.28965416474756,409.64050894999434,438.4312668165696
538,Puskas,Puskas,Puskas__CPTu 104,Tertiary,MASW,16.75,413.7721971704041,1.0,375.90141814455166,480.17099457759804,426.7115264488696,409.88925691726575,449.10438965331565
539,Puskas,Puskas,Puskas__CPTu 104,Tertiary,MASW,17.45,341.0583951550048,1.0,337.9571306246394,421.0785671272,398.614820346661,369.0416303232564,414.98182087031876
540,Puskas,Puskas,Puskas__CPTu 105,Quaternary,MASW,1.5,207.27264054799303,1.0,212.86976001533097,230.02085163053138,234.81493810747506,221.33476300985052,221.33476300985052
541,Puskas,Puskas,Puskas__CPTu 105,Quaternary,MASW,2.5,158.72141746342407,1.0,176.80351917527125,183.78055137809625,189.88937540210628,181.09022926973893,181.09022926973893
542,Puskas,Puskas,Puskas__CPTu 105,Quaternary,MASW,3.5,215.63788526793937,1.0,205.28424292259723,235.66907603462627,230.5660498222439,217.48550134040747,217.48550134040747
543,Puskas,Puskas,Puskas__CPTu 105,Quaternary,MASW,4.5,206.6519916051882,1.0,218.02161712912203,244.27426612586984,243.4668933502029,229.31484394380965,229.31484394380965
544,Puskas,Puskas,Puskas__CPTu 105,Quaternary,MASW,5.75,244.4049327006428,1.0,251.84685791020001,264.14825254563476,258.54784034656353,256.2094910031339,256.2094910031339
545,Puskas,Puskas,Puskas__CPTu 105,Quaternary,MASW,6.9,300.54341875664136,1.0,256.2592224072429,274.71867857068395,262.6425874439421,262.0407320592204,262.0407320592204
546,Puskas,Puskas,Puskas__CPTu 105,Tertiary,MASW,8.0,257.4156054634633,1.0,220.70487162790724,245.3000846186046,240.9606082972403,230.62702159363934,232.94330654136445
547,Puskas,Puskas,Puskas__CPTu 105,Tertiary,MASW,9.35,289.92602749610785,1.0,249.95439468693263,274.2758438947112,270.1913750638821,259.83916598771816,261.1982577756757
548,Puskas,Puskas,Puskas__CPTu 105,Tertiary,MASW,10.5,269.63528133696855,1.0,241.60096376796895,266.0699650689676,275.10077340574907,254.01045342489127,255.44668295249681
549,Puskas,Puskas,Puskas__CPTu 105,Tertiary,MASW,11.5,296.4125627351424,1.0,260.2466327484955,289.40829841750076,295.22227367584514,274.0749758690158,275.36286210097967
550,Puskas,Puskas,Puskas__CPTu 105,Tertiary,MASW,12.5,332.81720212636026,1.0,291.0400794024613,306.11226607595097,312.15837849695424,298.8953938918527,299.19786609749434
551,Puskas,Puskas,Puskas__CPTu 105,Tertiary,MASW,13.56,319.0,1.0,286.02957702280446,295.71103370415096,302.71911269700905,291.70969947209863,292.2923385351591
552,Puskas,Puskas,Puskas__CPTu 105a,Quaternary,MASW,1.5,203.07003454043985,1.0,224.85554821843976,228.1115067425146,234.83700115548447,227.63397798124674,227.63397798124674
553,Puskas,Puskas,Puskas__CPTu 105a,Quaternary,MASW,2.5,164.1698805554823,1.0,193.4367136035059,196.97126050064352,199.87020217987018,195.5900349132667,195.5900349132667
554,Puskas,Puskas,Puskas__CPTu 105a,Quaternary,MASW,3.5,226.5301257540227,1.0,219.01078233819698,241.0772053071103,235.76130341042182,227.66148530405133,227.66148530405133
555,Puskas,Puskas,Puskas__CPTu 105a,Quaternary,MASW,4.6,214.0557725227909,1.0,235.6004302875711,257.8764448097103,255.19876106472205,244.86430154080412,244.86430154080412
556,Puskas,Puskas,Puskas__CPTu 105a,Quaternary,MASW,5.85,228.08041455768125,1.0,254.47005026246433,291.47333360233114,268.58281345379396,266.11265157750273,266.11265157750273
557,Puskas,Puskas,Puskas__CPTu 105a,Quaternary,MASW,6.9,286.4074786821876,1.0,263.7180161722984,296.9597631592138,275.3130952999918,274.0101597685763,274.0101597685763
558,Puskas,Puskas,Puskas__CPTu 105a,Tertiary,MASW,8.0,264.2290965879465,1.0,241.7508016963775,270.44569632413203,258.31129107872965,251.94227946476286,253.7137640008703
559,Puskas,Puskas,Puskas__CPTu 105a,Tertiary,MASW,9.35,294.3799419997476,1.0,268.12787711391985,290.8498972942845,290.84053262824796,278.1226112721451,279.26672562165595
560,Puskas,Puskas,Puskas__CPTu 105a,Tertiary,MASW,10.5,316.6613959944379,1.0,286.9851176693113,304.9342703882472,306.2843966024258,295.1883341828796,295.6882303714948
561,Puskas,Puskas,Puskas__CPTu 105a,Tertiary,MASW,11.5,320.1817390435761,1.0,284.9892142457367,292.27876522555334,297.13572686144863,289.1984252726093,289.86556218938347
562,Puskas,Puskas,Puskas__CPTu 105a,Tertiary,MASW,12.5,292.3243246637816,1.0,266.8804805588741,288.04228492454075,292.6177348424993,277.0756984621575,278.04685256430844
563,Puskas,Puskas,Puskas__CPTu 105a,Tertiary,MASW,13.225,293.2251197283667,1.0,282.8314477499415,303.47287543840383,314.13219502301337,293.96301487465524,295.16560250103976
564,Puskas,Puskas,Puskas__CPTu 105b,Quaternary,MASW,1.5,190.9938787397064,1.0,218.31431726637805,228.01750492237312,225.47113859897416,222.12910094348135,222.12910094348135
565,Puskas,Puskas,Puskas__CPTu 105b,Quaternary,MASW,2.5,191.8727199208419,1.0,219.34832787880688,228.6854872148517,223.0625535434639,222.3918488958712,222.3918488958712
566,Puskas,Puskas,Puskas__CPTu 105b,Quaternary,MASW,3.7,225.42125665162249,1.0,222.1844362049204,246.41926633622467,245.80824090046556,232.66467561492394,232.66467561492394
567,Puskas,Puskas,Puskas__CPTu 105b,Quaternary,MASW,4.85,215.9984124182276,1.0,240.8444225477468,270.40805378921806,266.15535020136764,252.9222706595352,252.9222706595352
568,Puskas,Puskas,Puskas__CPTu 105b,Quaternary,MASW,5.9,230.9055854621707,1.0,250.9295650438809,266.9671422322344,259.21387499589673,256.507229897661,256.507229897661
569,Puskas,Puskas,Puskas__CPTu 105b,Quaternary,MASW,6.9,263.38069592274184,1.0,240.72433661880257,273.5551322745388,252.675495879366,250.96308325814462,250.96308325814462
570,Puskas,Puskas,Puskas__CPTu 105b,Tertiary,MASW,8.0,251.39253454287743,1.0,222.09438233314202,242.68571225931169,244.400897866661,231.46070791940772,233.60399712926912
571,Puskas,Puskas,Puskas__CPTu 105b,Tertiary,MASW,9.35,312.61877516206926,1.0,269.38696811972386,288.6168013627412,288.1932008225826,277.7949002823012,278.90659412295275
572,Puskas,Puskas,Puskas__CPTu 105b,Tertiary,MASW,10.5,317.55627388021264,1.0,279.316074217107,292.1105430253816,291.1935542310071,284.82356675036857,285.29965307680584
573,Puskas,Puskas,Puskas__CPTu 105b,Tertiary,MASW,11.5,294.56513068992183,1.0,257.40110386418087,271.14281801429536,280.50780520084845,265.292052114791,266.24324138689747
574,Puskas,Puskas,Puskas__CPTu 105b,Tertiary,MASW,12.5,306.618003282423,1.0,274.35555753082457,295.87294417619256,296.79252143671414,284.0138199644878,284.874779194373
575,Puskas,Puskas,Puskas__CPTu 105b,Tertiary,MASW,13.75,309.0054926016797,1.0,284.72031283249027,298.11434394032773,297.8265582477713,290.6153512733512,291.108460953223
576,Puskas,Puskas,Puskas__CPTu 105b,Tertiary,MASW,15.05,373.22921534716966,1.0,322.9825101205897,315.11844035199914,309.5964239050079,318.29227229775773,317.5612517671693
577,Puskas,Puskas,Puskas__CPTu 105b,Tertiary,MASW,16.05,373.4975912838863,1.0,311.1338284675405,319.3964907753231,313.5735999578608,313.6688643596128,313.23835676993593
578,Puskas,Puskas,Puskas__CPTu 105b,Tertiary,MASW,17.22,400.1815312092543,1.0,342.8518606196626,348.9454941686886,339.8593545902469,343.7619666237017,343.25166597426886
579,Puskas,Puskas,Puskas__CPTu 105b,Tertiary,MASW,17.97,350.6081552017557,1.0,310.2362507200669,329.3977118878956,320.3973886416309,316.955897408548,317.2142434607806
580,Puskas,Puskas,Puskas__CPTu 105b,Tertiary,MASW,18.5,374.65111799992616,1.0,337.2787797422866,331.35349844165677,328.9234915593802,334.1071949980515,333.5107676188213
581,Puskas,Puskas,Puskas__CPTu 105b,Tertiary,MASW,19.49,378.7647664543246,1.0,341.226411072639,345.28170353346627,341.4790838837546,342.2864160151666,341.8475589149084
582,Puskas,Puskas,Puskas__CPTu 106b,Quaternary,MASW,1.65,166.46592004006249,1.0,205.7648310871678,216.8295016203453,209.80784300137105,209.28980246670227,209.28980246670227
583,Puskas,Puskas,Puskas__CPTu 106b,Quaternary,MASW,2.65,213.10110515722656,1.0,229.1382351098897,249.30207302702516,244.13542113689851,237.00706461214395,237.00706461214395
584,Puskas,Puskas,Puskas__CPTu 106b,Quaternary,MASW,3.5,255.60486092847967,1.0,252.12071662829706,287.5438816138854,270.3017573972427,264.19859256950247,264.19859256950247
585,Puskas,Puskas,Puskas__CPTu 106b,Quaternary,MASW,4.5,214.86118457919997,1.0,243.05524418000232,308.7118587319358,278.37008935498017,265.12494391921007,265.12494391921007
586,Puskas,Puskas,Puskas__CPTu 106b,Quaternary,MASW,5.75,213.649738774907,1.0,243.7450910307915,285.9760912064061,273.64168901804044,259.61729269697696,259.61729269697696
587,Puskas,Puskas,Puskas__CPTu 106b,Quaternary,MASW,7.15,265.60177278354627,1.0,242.80350451785893,274.0142255874181,257.3424487709993,253.18372565963296,253.18372565963296
588,Puskas,Puskas,Puskas__CPTu 106b,Tertiary,MASW,8.4,285.95755638825125,1.0,240.6435970605229,267.91714084475,257.1993913432971,250.50129948180145,252.52300871939428
589,Puskas,Puskas,Puskas__CPTu 106b,Tertiary,MASW,9.5,270.55175189310285,1.0,236.83645899124048,257.617137168175,259.88531686402075,246.40342693758058,247.69998007039447
590,Puskas,Puskas,Puskas__CPTu 106b,Tertiary,MASW,10.5,300.2910177067554,1.0,257.8022979096804,287.54332603404725,282.5259479128369,269.83309972844194,271.2587858546556
591,Puskas,Puskas,Puskas__CPTu 106b,Tertiary,MASW,11.5,329.2169595598079,1.0,277.8966581775194,286.5661504930554,285.1482363401229,281.485604042795,282.157727921722
592,Puskas,Puskas,Puskas__CPTu 106b,Tertiary,MASW,12.5,304.37851762332224,1.0,264.9056917910475,275.00405528344385,283.1171098110097,270.9743649090437,271.71791075825814
593,Puskas,Puskas,Puskas__CPTu 106b,Tertiary,MASW,13.75,305.9080287175228,1.0,275.1581213165166,282.2122230932293,289.1832167159825,279.67191513824497,280.0743951500188
594,Puskas,Puskas,Puskas__CPTu 106b,Tertiary,MASW,15.05,339.95832130039133,1.0,293.976297730471,293.8073243558344,293.1974793750726,293.77813869264725,293.72334742756794
595,Puskas,Puskas,Puskas__CPTu 106b,Tertiary,MASW,16.05,346.8125163840661,1.0,296.29276235651787,304.84746730073897,301.48191010478894,299.4466597900389,299.7385177424332
596,Puskas,Puskas,Puskas__CPTu 106b,Tertiary,MASW,17.22,396.8175641011732,1.0,348.21114535831947,313.06134006714433,316.8423144037674,332.72808663555907,331.56797156495315
597,Puskas,Puskas,Puskas__CPTu 106b,Tertiary,MASW,17.97,400.8088318143445,1.0,361.38407025812455,333.4383716307213,325.23558310496105,346.79789901436277,346.0232368493505
598,Puskas,Puskas,Puskas__CPTu 106b,Tertiary,MASW,18.5,401.38662122891856,1.0,361.4528895884096,330.87551341286826,332.338200917133,347.66473883147665,346.8482675361295
599,Puskas,Puskas,Puskas__CPTu 106b,Tertiary,MASW,19.5,387.9174824560795,1.0,363.72601023912136,358.49230455579954,350.67137143974077,359.77080595065263,379.13559801858815
600,Puskas,Puskas,Puskas__CPTu 106b,Tertiary,MASW,20.5,585.5471353150621,1.0,387.1586237256599,402.18419058265937,389.8693263673006,391.40735096476885,409.41035244113294
601,Puskas,Puskas,Puskas__CPTu 106b,Tertiary,MASW,21.09,596.7310192112477,1.0,416.71125319020285,420.83154917614996,414.014291347517,417.19540362133813,434.19470433858515
713,Puskas,Puskas,Puskas__CPTu 107,Quaternary,MASW,1.5,171.0314970781803,1.0,209.13428538286715,226.00928590592346,221.50350313864436,215.69574145489636,215.69574145489636
714,Puskas,Puskas,Puskas__CPTu 107,Quaternary,MASW,2.65,174.830611629113,1.0,207.98904990516306,231.1731331501512,227.50533871893688,217.4227163992597,217.4227163992597
715,Puskas,Puskas,Puskas__CPTu 107,Quaternary,MASW,3.65,282.7262832406957,1.0,209.20609578467432,238.67064382809366,235.149712345038,221.3270653609373,221.3270653609373
716,Puskas,Puskas,Puskas__CPTu 107,Quaternary,MASW,4.5,306.5356378035019,1.0,224.0309333881484,248.40322944743022,244.09626467857154,233.86806896267265,233.86806896267265
717,Puskas,Puskas,Puskas__CPTu 107,Quaternary,MASW,5.5,312.2893837504623,1.0,223.44714271957395,249.11243770875188,246.24447363903715,234.10909951542442,234.10909951542442
718,Puskas,Puskas,Puskas__CPTu 107,Quaternary,MASW,6.5,262.9702795858493,1.0,227.78934181002256,247.48961432281124,241.48900014644056,235.29466771617297,235.29466771617297
719,Puskas,Puskas,Puskas__CPTu 107,Tertiary,MASW,7.5,222.69904339522503,1.0,217.49253145507274,239.60551756299918,230.345245491792,225.39508714418125,228.56711617664672
720,Puskas,Puskas,Puskas__CPTu 107,Tertiary,MASW,8.5,255.54170957214,1.0,241.90228017628743,266.44784011370365,259.54770141278715,251.33239374060355,253.4264866355533
721,Puskas,Puskas,Puskas__CPTu 107,Tertiary,MASW,9.5,279.65852833582034,1.0,264.53612927825975,289.2236247621618,293.1227114184653,276.11187304366945,277.70891354320725
722,Puskas,Puskas,Puskas__CPTu 107,Tertiary,MASW,10.5,273.2041046674423,1.0,268.4152399935246,301.0815838762832,302.49664134144683,282.9170383596539,284.1287546652278
723,Puskas,Puskas,Puskas__CPTu 107,Tertiary,MASW,11.5,381.6608848999902,1.0,258.45614050314975,283.34911595018394,287.316779081583,270.125406508574,271.2435164114087
724,Puskas,Puskas,Puskas__CPTu 107,Tertiary,MASW,12.21,449.10579272697487,1.0,313.67079158354414,347.5608271065419,329.71325347639015,325.0466769203971,325.95975041390005
725,Puskas,Puskas,Puskas__CPTu 108,Quaternary,MASW,1.5,168.69504845605218,1.0,211.76729187391234,228.4725763235282,221.00044297468716,217.67549168445498,217.67549168445498
726,Puskas,Puskas,Puskas__CPTu 108,Quaternary,MASW,2.45,207.9253707484521,1.0,234.787926000042,253.59731507759076,246.95675441670178,241.78647977083736,241.78647977083736
727,Puskas,Puskas,Puskas__CPTu 108,Quaternary,MASW,3.2,257.99427658201216,1.0,237.98785012826238,291.1373256091719,270.641788593902,256.80801574814177,256.80801574814177
728,Puskas,Puskas,Puskas__CPTu 108,Quaternary,MASW,3.75,320.2919012268393,1.0,258.23694562260454,323.55422460289,293.1459083632222,280.2293652134776,280.2293652134776
729,Puskas,Puskas,Puskas__CPTu 108,Quaternary,MASW,4.75,310.9060148185139,1.0,251.75413970285496,316.404738009793,288.7155210088536,273.9629993398537,273.9629993398537
730,Puskas,Puskas,Puskas__CPTu 108,Quaternary,MASW,6.15,291.42084093425814,1.0,238.087261907183,287.4168068545388,269.47183620198473,255.8206538720666,255.8206538720666
731,Puskas,Puskas,Puskas__CPTu 108,Quaternary,MASW,7.1,248.00923213838368,1.0,243.0528254728817,279.7899177999965,255.25784698827812,254.23726405321463,254.23726405321463
732,Puskas,Puskas,Puskas__CPTu 108,Tertiary,MASW,7.95,222.89708592256488,1.0,219.55670207125533,241.81318853229692,241.46251384381398,229.24011821160514,231.6134355765448
733,Puskas,Puskas,Puskas__CPTu 108,Tertiary,MASW,9.05,254.90147403751453,1.0,254.96651549446295,289.18405645419523,282.8998612044689,268.64939384845655,270.28954264152435
734,Puskas,Puskas,Puskas__CPTu 108,Tertiary,MASW,10.05,297.3943196732986,1.0,286.66493388097945,325.9538581685992,314.5878911256206,301.57368735275213,303.0029914755201
735,Puskas,Puskas,Puskas__CPTu 108,Tertiary,MASW,11.2,348.0762091527139,1.0,280.8257736941297,308.8854259424989,314.50485171199665,294.1813621357788,296.0891183916059
736,Puskas,Puskas,Puskas__CPTu 108,Tertiary,MASW,12.35,412.7767692618326,1.0,316.97973424792264,364.5540020447471,355.02066504473936,335.7828551138735,339.6003739402152
737,Puskas,Puskas,Puskas__CPTu 108,Tertiary,MASW,13.1,401.7184754897793,1.0,315.75655707078505,343.05697111482255,351.274895628208,329.3174870808955,333.01869619811913
738,Puskas,Puskas,Puskas__CPTu 108,Tertiary,MASW,13.7,412.2886177356382,1.0,325.3206946386238,385.9291061525397,371.8917123843168,348.72382005490084,353.81300966182863
739,Puskas,Puskas,Puskas__CPTu 108,Tertiary,MASW,14.5,417.8024253946145,1.0,333.4904448784455,401.651721991219,375.55753272396305,357.761473885828,402.24306706290474
740,Puskas,Puskas,Puskas__CPTu 108,Tertiary,MASW,15.5,407.0297928643518,1.0,322.8327233249537,347.5138464172182,332.1895835015019,330.7180379214579,331.44123220495686
741,Puskas,Puskas,Puskas__CPTu 108,Tertiary,MASW,16.5,415.2533959964566,1.0,296.30013278521136,307.8442483838458,305.3020442639676,300.94090230859905,300.90270669619736
742,Puskas,Puskas,Puskas__CPTu 108,Tertiary,MASW,17.5,431.8171552529777,1.0,312.02682123002194,312.9032788003618,310.16658889972973,311.87250671011924,311.7731288596811
743,Puskas,Puskas,Puskas__CPTu 108,Tertiary,MASW,18.95,509.5914898045308,1.0,379.0829099825647,345.5468372356994,347.9772104581051,364.1167889921394,380.5672439231936
744,Puskas,Puskas,Puskas__CPTu 108,Tertiary,MASW,20.2,584.1761783677528,1.0,432.4707273288102,434.1075034509521,429.2684852611314,432.23638119068426,440.6267504006974
745,Puskas,Puskas,Puskas__CPTu 108,Tertiary,MASW,20.75,552.889172343808,1.0,416.31947342354556,456.5366640982057,429.26484935406137,428.64590570060096,439.7681926716103
746,Puskas,Puskas,Puskas__CPTu 108,Tertiary,MASW,21.5,532.4758537595809,1.0,420.4824356255449,398.7173239934254,391.81387396619215,409.11326485300486,418.6950970767551
747,Puskas,Puskas,Puskas__CPTu 108,Tertiary,MASW,22.5,483.0520047601885,1.0,398.44861150383053,367.9868348315208,362.8377010814073,383.3587024946863,383.99698818990294
748,Puskas,Puskas,Puskas__CPTu 108,Tertiary,MASW,23.75,475.8107531307998,1.0,402.1765568701616,374.39465828266395,366.33678669245154,387.73743296899534,385.4382511251187
749,Puskas,Puskas,Puskas__CPTu 108,Tertiary,MASW,25.05,509.99439501805966,1.0,438.74046525618394,364.40533132956483,364.87660909105,403.68221438362826,394.09836954217536
750,Puskas,Puskas,Puskas__CPTu 108,Tertiary,MASW,25.8,516.6209043516516,1.0,447.8665807252541,371.9895836951764,374.04448559200074,412.42891673920445,402.8775782546999
751,Puskas,Puskas,Puskas__CPTu 108,Tertiary,MASW,26.55,508.4925168924642,1.0,451.7005448582857,374.17656225286015,378.23179359117364,415.8996831649352,405.1482163925393
752,Puskas,Puskas,Puskas__CPTu 108,Tertiary,MASW,27.215,473.2015957908107,1.0,429.37971921090804,370.79565188474146,379.3716078107781,403.7936299400038,403.5967450946864
753,Puskas,Puskas,Puskas__CPTu 109,Quaternary,MASW,1.5,154.20132929995023,1.0,189.44089909964336,191.02953833289064,193.81297227789588,190.70507929716965,190.70507929716965
754,Puskas,Puskas,Puskas__CPTu 109,Quaternary,MASW,2.25,183.7380946685475,1.0,208.88710397953056,222.03842648310066,221.44100853309976,214.59027744171664,214.59027744171664
755,Puskas,Puskas,Puskas__CPTu 109,Quaternary,MASW,2.9,195.28916953321456,1.0,228.83209503134046,236.7875564856111,237.7104825173823,232.55929429075735,232.55929429075735
756,Puskas,Puskas,Puskas__CPTu 109,Quaternary,MASW,3.7,295.06869709530383,1.0,232.95829033095936,262.85390058265506,257.8993529322213,245.03134884036228,245.03134884036228
757,Puskas,Puskas,Puskas__CPTu 109,Quaternary,MASW,5.0,302.040380113818,1.0,243.690897657541,295.64471835935103,277.693364706313,262.5229349852558,262.5229349852558
758,Puskas,Puskas,Puskas__CPTu 109,Quaternary,MASW,5.95,290.78809470704414,1.0,235.0062678141204,301.7710564949368,279.08519741840684,258.9169314067192,258.9169314067192
759,Puskas,Puskas,Puskas__CPTu 109,Quaternary,MASW,6.5,285.1093118356397,1.0,245.90702197589331,303.4849839919839,274.9412020463434,265.0368608524272,265.0368608524272
760,Puskas,Puskas,Puskas__CPTu 109,Quaternary,MASW,7.5,240.57421175402212,1.0,265.5178671243012,292.5462814231341,273.853029402441,273.71822709911623,273.71822709911623
761,Puskas,Puskas,Puskas__CPTu 109,Tertiary,MASW,8.5,229.16979180981505,1.0,231.9400139609261,268.33739474404183,264.0480208388442,246.86726550698958,248.94291368953202
762,Puskas,Puskas,Puskas__CPTu 109,Tertiary,MASW,9.9,280.50292776260176,1.0,283.05449330583855,315.9241745520219,316.02851913868216,297.4195412799511,298.96763427193247
763,Puskas,Puskas,Puskas__CPTu 109,Tertiary,MASW,11.2,389.1176536775279,1.0,301.1557006161209,336.97831497795534,331.45083352631775,315.7325886241965,316.8986658017275
764,Puskas,Puskas,Puskas__CPTu 109,Tertiary,MASW,11.8,366.3946567236064,1.0,290.8400114726613,313.71928595884873,320.57235109563896,302.22494077239145,303.4173620944224
765,Puskas,Puskas,Puskas__CPTu 109,Tertiary,MASW,12.5,415.2952021326748,1.0,327.97819047645294,393.7173197162702,360.3855428424011,349.8358666216524,352.4960680410359
766,Puskas,Puskas,Puskas__CPTu 109,Tertiary,MASW,13.5,416.89764952808366,1.0,338.39808963467897,451.05144710596466,398.12542591449403,375.6175273425782,420.15200246205205
767,Puskas,Puskas,Puskas__CPTu 109,Tertiary,MASW,14.9,401.2370520208633,1.0,339.523994729062,467.54849920684387,401.9903035702527,380.4333152874945,425.4047266288082
768,Puskas,Puskas,Puskas__CPTu 109,Tertiary,MASW,16.15,473.1945423642119,1.0,349.10696757150504,494.01178599258924,414.6990966081172,394.10153789201195,433.9344540605364
769,Puskas,Puskas,Puskas__CPTu 109,Tertiary,MASW,16.9,475.4318888902732,1.0,357.28374453958656,402.29281154926946,387.0325070127136,373.97480834929013,398.87956617332014
770,Puskas,Puskas,Puskas__CPTu 109,Tertiary,MASW,17.9,497.3965333145044,1.0,386.07831592674256,426.4162971246268,428.9215672806655,404.2085550398882,428.1984189899376
771,Puskas,Puskas,Puskas__CPTu 109,Tertiary,MASW,19.05,488.5508029322555,1.0,398.86289674245205,442.70659771349085,424.87065536109327,414.6038659795133,434.58022285207943
772,Puskas,Puskas,Puskas__CPTu 109,Tertiary,MASW,19.8,468.0945771377496,1.0,393.84768207757685,430.299747237937,418.7924218820378,407.6365311651523,428.18699723616544
773,Puskas,Puskas,Puskas__CPTu 109,Tertiary,MASW,20.5,474.3049527618691,1.0,402.94499446932645,436.94224631925954,424.0390435298979,415.40560237452013,433.10435875576604
774,Puskas,Puskas,Puskas__CPTu 109,Tertiary,MASW,21.5,509.46030729542105,1.0,412.37498390802375,443.2723571195653,433.59073920941825,424.12554744865827,442.12568868977473
775,Puskas,Puskas,Puskas__CPTu 109,Tertiary,MASW,22.75,508.9807292766628,1.0,421.7779298986695,444.7074459059219,438.90308981809216,430.8126488943247,445.626663938208
776,Puskas,Puskas,Puskas__CPTu 109,Tertiary,MASW,23.75,558.4984862565876,1.0,465.67493078535796,460.84025758255075,446.17158999969314,460.50415977699396,463.1968779375966
777,Puskas,Puskas,Puskas__CPTu 109,Tertiary,MASW,24.5,486.2469479510288,1.0,440.6716567375237,426.8320164651806,423.9627892301199,433.80355854089663,446.138850014803
778,Puskas,Puskas,Puskas__CPTu 109,Tertiary,MASW,25.5,468.82748348780166,1.0,411.53362149288813,402.88167266726805,404.80705730503234,408.0063478978361,417.3477964369229
779,Puskas,Puskas,Puskas__CPTu 109,Tertiary,MASW,26.5,493.6580005594871,1.0,440.2653269489106,392.7360906585727,395.1617001419222,418.7194534778551,415.7882986476262
780,Puskas,Puskas,Puskas__CPTu 109,Tertiary,MASW,27.66,504.2900797769235,1.0,528.5214755443315,396.8542321930552,411.25098855918674,467.9113677447395,456.0536254228881
781,Puskas,Puskas,Puskas__CPTu 110,Quaternary,MASW,1.5,200.39827423258905,1.0,209.72601943989417,233.8204395354837,232.87355360095864,220.06624087607426,220.06624087607426
782,Puskas,Puskas,Puskas__CPTu 110,Quaternary,MASW,2.45,145.81757350484608,1.0,164.61764956079494,180.5840989321484,186.00341385219272,172.63787344225318,172.63787344225318
783,Puskas,Puskas,Puskas__CPTu 110,Quaternary,MASW,3.05,189.85635815921648,1.0,191.5578774007055,221.43127975750184,221.93292945380125,204.559239545833,204.559239545833
784,Puskas,Puskas,Puskas__CPTu 110,Quaternary,MASW,3.85,310.9234013659034,1.0,242.8174943640479,261.4200536293031,251.13760284477175,249.0124487382717,249.0124487382717
785,Puskas,Puskas,Puskas__CPTu 110,Quaternary,MASW,5.05,302.5591536137546,1.0,242.9578762992611,269.1112871871041,270.2346396755776,254.60869002668042,254.60869002668042
786,Puskas,Puskas,Puskas__CPTu 110,Quaternary,MASW,5.949999999999999,276.71814675465174,1.0,228.2774598097974,271.2537417719298,266.88403147633124,245.90259931316132,245.90259931316132
787,Puskas,Puskas,Puskas__CPTu 110,Quaternary,MASW,6.85,270.6218527389317,1.0,242.68565336502385,295.9861521988915,272.3351269389773,260.9833716325825,260.9833716325825
788,Puskas,Puskas,Puskas__CPTu 110,Quaternary,MASW,7.8,240.10991579143212,1.0,249.61521790918687,305.1069677962058,276.10513501302864,267.8101363085367,267.8101363085367
789,Puskas,Puskas,Puskas__CPTu 110,Tertiary,MASW,8.6,259.15796461510746,1.0,256.8873377339253,285.95154750075176,284.7027419449116,269.34562559401525,273.7820182477135
790,Puskas,Puskas,Puskas__CPTu 110,Tertiary,MASW,9.5,276.2420718485685,1.0,267.48758479866353,301.48447338694814,301.2415794141341,282.2384751129548,284.71043722863203
791,Puskas,Puskas,Puskas__CPTu 110,Tertiary,MASW,10.5,242.73062414832853,1.0,260.2382574320828,289.75039181923245,293.46057224248295,273.8231033688199,275.00358390900516
792,Puskas,Puskas,Puskas__CPTu 110,Tertiary,MASW,11.65,417.0864828726228,1.0,308.57081750959827,338.63953251129016,326.6896273607202,319.45276478330317,320.3540646133971
793,Puskas,Puskas,Puskas__CPTu 110,Tertiary,MASW,12.9,357.01092228030126,1.0,285.489828230974,297.4026956072254,300.783884923458,291.44861083631054,291.7954277197919
794,Puskas,Puskas,Puskas__CPTu 110,Tertiary,MASW,14.05,404.08198793474,1.0,321.7920498772727,335.2926558969715,335.60177595603096,327.85912914905947,327.9196425009585
795,Puskas,Puskas,Puskas__CPTu 110,Tertiary,MASW,14.8,395.3061842804448,1.0,321.7399555590891,386.8431712697483,366.0834431421872,345.72238458728356,348.79049714000286
796,Puskas,Puskas,Puskas__CPTu 110,Tertiary,MASW,15.5,484.57396015852,1.0,367.9451820072669,479.2395152252292,435.38538105629345,406.53097337485855,438.55889866048665
797,Puskas,Puskas,Puskas__CPTu 110,Tertiary,MASW,16.5,477.2386325952831,1.0,366.8252493768741,410.4773066689064,393.761839800488,382.66750512723223,411.956187350273
798,Puskas,Puskas,Puskas__CPTu 110,Tertiary,MASW,17.5,443.3628887189915,1.0,363.5498991399767,407.6102550000432,392.8530150883757,379.942179123592,410.90118258916164
799,Puskas,Puskas,Puskas__CPTu 110,Tertiary,MASW,19.0,469.2945504406817,1.0,375.8106080021,427.537614884025,415.3556541325541,395.9684440204303,425.0259829241422
800,Puskas,Puskas,Puskas__CPTu 110,Tertiary,MASW,20.5,527.5931660235888,1.0,411.92496486102243,445.10793470049475,421.85370431794354,421.98660918880694,440.7602191356071
801,Puskas,Puskas,Puskas__CPTu 110,Tertiary,MASW,21.75,511.7728837949055,1.0,438.2659563364912,431.30149493761115,436.1826262424183,436.09857614481706,448.221528803528
802,Puskas,Puskas,Puskas__CPTu 110,Tertiary,MASW,22.25,481.0034745008721,1.0,430.96862201399074,449.18754199629683,432.51154504217936,435.7642267365579,448.4994828093788
803,Puskas,Puskas,Puskas__CPTu 110,Tertiary,MASW,22.36,462.4689505029692,1.0,427.07553961585313,432.77850827001737,422.763966628317,427.62550323907675,441.1145620099811
825,Puskas,Puskas,Puskas__CPTu 112,Quaternary,MASW,1.5,247.8565513133917,1.0,208.9395789101097,220.6804087127259,225.09815619078725,214.99419100960915,214.99419100960915
826,Puskas,Puskas,Puskas__CPTu 112,Quaternary,MASW,2.15,206.6398675684603,1.0,181.3002624491301,186.37914258825828,188.44910336185237,183.9743513939518,183.9743513939518
827,Puskas,Puskas,Puskas__CPTu 112,Quaternary,MASW,2.75,192.14192162642937,1.0,160.7664817304986,188.6540791454243,191.9647256007992,173.36777109208,173.36777109208
828,Puskas,Puskas,Puskas__CPTu 112,Quaternary,MASW,3.85,188.58858106312715,1.0,166.50939117051337,205.6192269711924,206.89900668505067,183.3196058094457,183.3196058094457
829,Puskas,Puskas,Puskas__CPTu 112,Quaternary,MASW,4.75,211.57719445603627,1.0,209.06323881830974,238.094014303193,230.21818881790247,220.17487920177447,220.17487920177447
830,Puskas,Puskas,Puskas__CPTu 112,Quaternary,MASW,5.75,260.796572749255,1.0,250.9335167783687,264.82117878687507,258.58228309788257,255.8675448843215,255.8675448843215
831,Puskas,Puskas,Puskas__CPTu 112,Quaternary,MASW,7.45,266.3152922379172,1.0,250.46855554407648,299.83658959339226,276.6168388804213,267.2459585811271,267.2459585811271
832,Puskas,Puskas,Puskas__CPTu 112,Quaternary,MASW,9.0,293.1036579652522,1.0,268.1573516206356,305.8299108856598,291.05353940558786,281.6948491030889,281.6948491030889
833,Puskas,Puskas,Puskas__CPTu 112,Tertiary,MASW,10.1,298.53842624504034,1.0,276.3774711969521,297.58416412599706,305.74343895160854,287.276654617195,288.600382516855
834,Puskas,Puskas,Puskas__CPTu 112,Tertiary,MASW,11.05,313.2235594030481,1.0,297.9897991480494,320.1579024133609,319.59185165209954,307.6599496844831,308.62712766401376
835,Puskas,Puskas,Puskas__CPTu 112,Tertiary,MASW,12.05,389.4859402882468,1.0,313.96598016292194,376.0896755677262,349.44924907104325,335.5715246081557,338.39312777577123
836,Puskas,Puskas,Puskas__CPTu 112,Tertiary,MASW,12.85,448.3076900062492,1.0,314.48242875514774,371.9460882643374,359.94623871099395,336.9345436203237,341.1422756968192
837,Puskas,Puskas,Puskas__CPTu 112,Tertiary,MASW,13.5,456.5124040212682,1.0,323.10931546260446,383.69501243985735,370.3403350309083,346.62425972170854,351.0519863705953
838,Puskas,Puskas,Puskas__CPTu 112,Tertiary,MASW,14.4,434.7889089919266,1.0,322.09381208134874,334.4767379951659,333.122814454296,327.34270355387235,327.88845152590994
839,Puskas,Puskas,Puskas__CPTu 112,Tertiary,MASW,15.4,413.5995258322484,1.0,327.9301642175301,329.4908837317242,314.59188346266853,325.60428008111523,325.1440787055874
840,Puskas,Puskas,Puskas__CPTu 112,Tertiary,MASW,16.2,413.57480049432417,1.0,335.7337570875258,319.40631346339086,309.09009297957215,326.1370562542277,325.5653317807318
841,Puskas,Puskas,Puskas__CPTu 112,Tertiary,MASW,16.75,395.7007209996854,1.0,320.0056660972367,311.69621745797616,306.80189340682176,315.23991923016325,314.9629671943597
842,Puskas,Puskas,Puskas__CPTu 112,Tertiary,MASW,17.5,398.7051358684919,1.0,343.4645461920822,320.58535883629776,314.92212207476206,331.7887128474161,331.11474287745773
843,Puskas,Puskas,Puskas__CPTu 112,Tertiary,MASW,18.5,433.7863395722361,1.0,383.86981921853635,346.7048576593079,338.37515828160434,364.89747529905105,379.822127437233
844,Puskas,Puskas,Puskas__CPTu 112,Tertiary,MASW,19.5,446.826169371082,1.0,396.73100829446213,378.8987582754477,362.4685823058683,385.17469705464123,402.8964573936042
845,Puskas,Puskas,Puskas__CPTu 112,Tertiary,MASW,20.5,374.5451847602716,1.0,345.8384817443583,342.01036261561194,338.0769882867849,343.31538206272523,343.1487722450278
846,Puskas,Puskas,Puskas__CPTu 112,Tertiary,MASW,21.5,378.6468007107174,1.0,362.51719704610275,355.35453889185266,347.68319276800344,357.7115338671193,368.23842037704094
847,Puskas,Puskas,Puskas__CPTu 112,Tertiary,MASW,22.5,436.70603389526303,1.0,409.1738004312419,360.06622190655787,357.7977572547605,385.8090564982931,383.5689456374783
848,Puskas,Puskas,Puskas__CPTu 112,Tertiary,MASW,23.5,537.9545240284157,1.0,441.77654422038876,375.0559841638108,370.97845780105973,409.50124133028334,405.4114458176388
849,Puskas,Puskas,Puskas__CPTu 112,Tertiary,MASW,24.5,486.7362618040775,1.0,413.4855377231249,378.37268416908694,384.0766272526447,398.4893308091429,401.9071761012793
850,Puskas,Puskas,Puskas__CPTu 112,Tertiary,MASW,25.545,519.6919159437585,1.0,448.4006054800551,383.89969801256086,390.07625403928404,419.4698492713597,422.20752726462405
851,Puskas,Puskas,Puskas__CPTu 113,Quaternary,MASW,1.5,218.4920718549121,1.0,203.32077361813316,206.9806112106826,213.9748402222003,206.32645805540068,206.32645805540068
852,Puskas,Puskas,Puskas__CPTu 113,Quaternary,MASW,2.25,235.1311823772301,1.0,214.08792601120328,216.81760080753844,210.07699892152954,213.95627626502818,213.95627626502818
853,Puskas,Puskas,Puskas__CPTu 113,Quaternary,MASW,2.85,209.8338655995791,1.0,189.17814608932218,193.95417000790118,200.79236442802923,192.6430075823514,192.6430075823514
854,Puskas,Puskas,Puskas__CPTu 113,Quaternary,MASW,3.85,210.7831944833367,1.0,201.33891366983445,233.14551187597408,225.8825965541019,213.71921273780765,213.71921273780765
855,Puskas,Puskas,Puskas__CPTu 113,Quaternary,MASW,5.05,249.12116863907616,1.0,234.685777720362,258.9998034275229,253.26755822940083,244.2353347065611,244.2353347065611
856,Puskas,Puskas,Puskas__CPTu 113,Quaternary,MASW,6.0,231.3198506695236,1.0,225.88385385154888,271.25461056366663,260.83305904203206,243.36250269090954,243.36250269090954
857,Puskas,Puskas,Puskas__CPTu 113,Quaternary,MASW,7.1,254.818943702389,1.0,238.97580810446604,297.888813810594,269.57110122499114,258.6681051464631,258.6681051464631
858,Puskas,Puskas,Puskas__CPTu 113,Quaternary,MASW,8.25,351.6203146859859,1.0,259.18506569071843,287.56100999135253,268.8717877282856,267.964358212076,267.964358212076
859,Puskas,Puskas,Puskas__CPTu 113,Tertiary,MASW,9.25,301.42449401020934,1.0,249.33007168798392,280.41655293076985,275.46517380688726,261.9330594639918,263.8526967141713
860,Puskas,Puskas,Puskas__CPTu 113,Tertiary,MASW,10.15,292.7843806065131,1.0,257.18794919849597,286.46698995768253,286.32323547651345,269.9465635742453,271.340481029214
861,Puskas,Puskas,Puskas__CPTu 113,Tertiary,MASW,11.0,292.4659929065777,1.0,263.8301440757971,283.6063806748119,284.7590030011944,272.77396725302265,273.93308453011696
862,Puskas,Puskas,Puskas__CPTu 113,Tertiary,MASW,12.0,298.68228205638707,1.0,252.76545437452424,274.76467872371467,280.5140201681505,263.52746557026796,264.63208404418015
863,Puskas,Puskas,Puskas__CPTu 113,Tertiary,MASW,13.0,378.1991934507872,1.0,281.49753098390346,297.7308565569361,298.60432424080824,288.8592004164992,289.65603941832813
864,Puskas,Puskas,Puskas__CPTu 113,Tertiary,MASW,14.0,387.6000048615877,1.0,301.5835978669802,289.9949997019716,295.02834358953197,297.33403222826774,297.24745419172217
865,Puskas,Puskas,Puskas__CPTu 113,Tertiary,MASW,15.05,455.8586003549698,1.0,366.0978907030817,484.7968101130849,434.596814792933,406.4299659662847,441.72580391531665
866,Puskas,Puskas,Puskas__CPTu 113,Tertiary,MASW,16.15,484.6370874975657,1.0,366.5261516543481,442.6646212297775,420.74376412755515,394.98442677294526,430.0600796002151
867,Puskas,Puskas,Puskas__CPTu 113,Tertiary,MASW,17.1,462.0016359922432,1.0,359.5780816361092,409.82141168249467,397.34719386817807,379.02596088125057,410.7321108589659
868,Puskas,Puskas,Puskas__CPTu 113,Tertiary,MASW,17.75,385.3383512141156,1.0,364.35764378631455,453.0622512396512,413.68378275176866,394.651270778675,429.94126601178937
869,Puskas,Puskas,Puskas__CPTu 113,Tertiary,MASW,18.5,421.9505280282337,1.0,405.161216775901,484.29132480282306,455.1322517850441,433.6102316390933,456.6658775619534
870,Puskas,Puskas,Puskas__CPTu 113,Tertiary,MASW,19.5,372.45822962193984,1.0,372.8977387252412,415.46736775750566,409.8911624921511,390.4292108577423,417.8442526683222
871,Puskas,Puskas,Puskas__CPTu 113,Tertiary,MASW,20.64,438.658819466712,1.0,416.5309924048751,431.1556834249777,435.2314664786366,423.8465112059896,442.3094774326475
872,Puskas,Puskas,Puskas__CPTu 114,Quaternary,MASW,1.5,224.75092393174705,1.0,213.42243425083072,225.14490002463972,223.39081697656084,218.27833366164057,218.27833366164057
873,Puskas,Puskas,Puskas__CPTu 114,Quaternary,MASW,2.25,224.13193179464807,1.0,215.27808210751337,215.35872080590792,210.59272116992287,214.3528122093121,214.3528122093121
874,Puskas,Puskas,Puskas__CPTu 114,Quaternary,MASW,2.85,186.43379476265693,1.0,182.14119121986815,188.32757719369394,190.24147507192487,185.27380282005885,185.27380282005885
875,Puskas,Puskas,Puskas__CPTu 114,Quaternary,MASW,3.6,197.16634393812143,1.0,196.2276858589582,215.96388648305293,218.485381737057,205.3515171381762,205.3515171381762
876,Puskas,Puskas,Puskas__CPTu 114,Quaternary,MASW,4.5,220.3446748699139,1.0,223.99674248751194,249.00916807814536,242.21977404253153,233.63004341559426,233.63004341559426
877,Puskas,Puskas,Puskas__CPTu 114,Quaternary,MASW,5.6,238.76717286650103,1.0,238.18000587533874,269.4735615203636,263.7404916309354,250.70460933063154,250.70460933063154
878,Puskas,Puskas,Puskas__CPTu 114,Quaternary,MASW,6.75,252.71605577583384,1.0,253.2846655296395,300.5250057824417,275.7622124777499,268.88216604936616,268.88216604936616
879,Puskas,Puskas,Puskas__CPTu 114,Quaternary,MASW,7.85,296.36910100833444,1.0,256.7125286344906,310.35289057361337,276.9933673185507,273.3088584126908,273.3088584126908
880,Puskas,Puskas,Puskas__CPTu 114,Tertiary,MASW,8.7,298.751297713141,1.0,262.35733435214826,290.92148367453365,288.30132484505816,274.3497326892391,278.06673551447534
881,Puskas,Puskas,Puskas__CPTu 114,Tertiary,MASW,9.5,273.3427491900246,1.0,258.3439204366121,290.45224419742647,288.95843073568767,272.0475338565968,273.7296128675457
882,Puskas,Puskas,Puskas__CPTu 114,Tertiary,MASW,10.5,274.4851564238781,1.0,265.22373229788684,302.3088044111266,296.70112178776014,280.26143853771833,281.67453931347177
883,Puskas,Puskas,Puskas__CPTu 114,Tertiary,MASW,11.6,349.02458754476305,1.0,333.029760223473,397.7425849792548,377.6089362177912,357.0052890502985,398.935574235465
884,Puskas,Puskas,Puskas__CPTu 114,Tertiary,MASW,12.9,455.37679631018045,1.0,327.7107739137429,384.54266202211886,369.26552280858067,349.32026427359096,353.8394535427004
885,Puskas,Puskas,Puskas__CPTu 114,Tertiary,MASW,14.05,444.89322672508666,1.0,337.5238416919228,411.7694191989137,395.7820678552015,366.20325115103174,406.2335250168014
886,Puskas,Puskas,Puskas__CPTu 114,Tertiary,MASW,14.85,419.3373064047892,1.0,343.80155364919153,446.1432638343445,397.4375991044869,377.7388765851019,414.29266651770445
887,Puskas,Puskas,Puskas__CPTu 114,Tertiary,MASW,15.6,413.0622284277911,1.0,342.54688078085695,467.5247104176686,404.5348488601498,382.7703946712832,427.9888490230466
888,Puskas,Puskas,Puskas__CPTu 114,Tertiary,MASW,16.5,405.4488297502153,1.0,349.6856241269009,448.77688753289203,411.1176855429147,384.4356289479168,424.23711571284105
889,Puskas,Puskas,Puskas__CPTu 114,Tertiary,MASW,17.5,405.0860597221328,1.0,371.47522645117573,536.5419532357847,451.2799307570873,423.40067530827105,461.44446818561994
890,Puskas,Puskas,Puskas__CPTu 114,Tertiary,MASW,18.5,422.1799813005418,1.0,398.6750325274761,488.42388959120484,442.8442918991078,428.3412559709356,452.5339986343383
891,Puskas,Puskas,Puskas__CPTu 114,Tertiary,MASW,19.5,378.765919590836,1.0,384.1534329374398,410.77770909853757,412.8606431885969,396.3145429784434,416.41429703048897
892,Puskas,Puskas,Puskas__CPTu 114,Tertiary,MASW,20.5,414.0643271634791,1.0,423.40247817381805,489.2456640269407,453.1469859516282,444.98352606887806,461.24284466570793
893,Puskas,Puskas,Puskas__CPTu 114,Tertiary,MASW,21.5,410.2344894035193,1.0,418.4966676636777,454.86313691208284,449.99984918787175,433.5540639684941,450.8735805488859
894,Puskas,Puskas,Puskas__CPTu 114,Tertiary,MASW,22.55,461.6075672095514,1.0,428.8319335587619,432.5109900313869,425.19053184358245,429.0164242948069,441.19641709636664
662,Puskas,Puskas,Puskas__CPTu 115B,Quaternary,MASW,1.5,177.5775357627264,1.0,207.99073901282185,226.58745686976815,219.68514482346436,214.82919611863875,214.82919611863875
663,Puskas,Puskas,Puskas__CPTu 115B,Quaternary,MASW,2.85,194.80249713462203,1.0,201.14772790848366,232.56300639358201,224.54072872599838,213.21978742151245,213.21978742151245
664,Puskas,Puskas,Puskas__CPTu 115B,Quaternary,MASW,4.1,273.90570076495567,1.0,209.12581892161498,242.9803817234379,234.32743196217808,222.11691820659198,222.11691820659198
665,Puskas,Puskas,Puskas__CPTu 115B,Quaternary,MASW,4.9,292.45199750297326,1.0,228.69393349161152,255.88565971927628,250.10770775513387,239.4566798432143,239.4566798432143
666,Puskas,Puskas,Puskas__CPTu 115B,Quaternary,MASW,5.85,307.64613531995786,1.0,240.24122426929515,255.273646601794,248.01471836512883,245.4726603222762,245.4726603222762
667,Puskas,Puskas,Puskas__CPTu 115B,Tertiary,MASW,7.1,263.54741981739886,1.0,205.78032080238583,229.31732865127427,227.6373781862052,215.7396875662514,218.40229533937858
668,Puskas,Puskas,Puskas__CPTu 115B,Tertiary,MASW,8.15,296.4455748931434,1.0,251.99893817666637,286.60255089742014,274.5237524322399,264.73129807248375,266.98622192060174
669,Puskas,Puskas,Puskas__CPTu 115B,Tertiary,MASW,9.15,313.7495228555593,1.0,275.10427517526796,297.79779798284443,292.3544470480578,284.0441492545451,286.8010114394357
670,Puskas,Puskas,Puskas__CPTu 115B,Tertiary,MASW,10.15,279.609921790994,1.0,272.5961215883525,310.8904298892508,299.8386827249549,287.1211537648787,291.16426480005174
671,Puskas,Puskas,Puskas__CPTu 115B,Tertiary,MASW,10.9,271.70906152072064,1.0,280.76901272339876,320.20308843062224,313.16408452488395,296.55333680926645,300.68175787265136
672,Puskas,Puskas,Puskas__CPTu 115B,Tertiary,MASW,11.9,294.8011092106114,1.0,303.0751712940199,352.7655874179143,341.5504418178677,322.41498694394147,326.12747049563404
673,Puskas,Puskas,Puskas__CPTu 115B,Tertiary,MASW,13.0,299.7397989861046,1.0,314.96403230883345,338.10061607009106,335.0719717341461,324.5881344227313,325.37930145405204
674,Puskas,Puskas,Puskas__CPTu 115B,Tertiary,MASW,14.05,274.7841072091833,1.0,301.5593708864707,309.23253608965126,311.9231220922516,305.51734066039836,305.9597393913596
675,Puskas,Puskas,Puskas__CPTu 115B,Tertiary,MASW,15.0,336.55568493216555,1.0,346.32109604724633,411.22872677536725,371.90237943827276,366.7077375371566,408.0300473663065
676,Puskas,Puskas,Puskas__CPTu 115B,Tertiary,MASW,16.05,462.3761512596194,1.0,362.7221381499398,525.3938584913983,442.4127634666222,414.0497360040686,451.9684680863861
677,Puskas,Puskas,Puskas__CPTu 115B,Tertiary,MASW,17.25,435.65513361182826,1.0,356.6218106554081,451.4386116350234,418.1126289677924,390.50147432920716,421.5632878120516
678,Puskas,Puskas,Puskas__CPTu 115B,Tertiary,MASW,18.0,513.5264931671679,1.0,415.50472786246667,508.5404189187933,481.58067320203105,450.1237853134387,471.57203776954236
679,Puskas,Puskas,Puskas__CPTu 115B,Tertiary,MASW,18.8,465.7402513651255,1.0,398.8759915613746,450.3540675087803,433.37642160213056,418.04441093991676,441.7149654081782
680,Puskas,Puskas,Puskas__CPTu 115B,Tertiary,MASW,19.85,382.9857694236487,1.0,353.25949355657974,391.14770540356716,384.25368684712475,368.51945349601596,392.0942858515757
681,Puskas,Puskas,Puskas__CPTu 115B,Tertiary,MASW,20.9,484.74342284797984,1.0,465.7752157462525,500.38327973569557,486.75483660139895,478.3929369665617,492.04503301187276
682,Puskas,Puskas,Puskas__CPTu 115B,Tertiary,MASW,21.9,413.1132090436036,1.0,429.9508864982884,433.14550957699686,436.54598524201964,432.06075540693604,449.4121475527688
683,Puskas,Puskas,Puskas__CPTu 116B,Quaternary,MASW,1.5,165.17598579807225,1.0,195.578923968194,204.76230403038525,206.4910939169749,199.99534887101808,199.99534887101808
684,Puskas,Puskas,Puskas__CPTu 116B,Quaternary,MASW,2.25,182.48225149002965,1.0,203.9577466135323,208.30406242482763,208.3004305380697,205.90153356582127,205.90153356582127
685,Puskas,Puskas,Puskas__CPTu 116B,Quaternary,MASW,3.1,211.939798054941,1.0,193.52517194688332,192.52467306591697,202.31668056893096,194.99951936660804,194.99951936660804
686,Puskas,Puskas,Puskas__CPTu 116B,Quaternary,MASW,4.1,271.3842887981581,1.0,204.68996741233113,217.6210819497189,215.04906941101905,209.91132069012477,209.91132069012477
687,Puskas,Puskas,Puskas__CPTu 116B,Quaternary,MASW,5.0,282.5296903549559,1.0,219.29842676254003,250.24574175649397,241.66143797970338,231.10145456301152,231.10145456301152
688,Puskas,Puskas,Puskas__CPTu 116B,Quaternary,MASW,5.95,323.5496490378933,1.0,242.02166591204548,268.60632570717695,255.05731294211736,251.0304764341102,251.0304764341102
689,Puskas,Puskas,Puskas__CPTu 116B,Quaternary,MASW,7.45,286.9464469554483,1.0,242.6786377674312,268.5842453501067,252.54533653694713,250.9027121355594,250.9027121355594
690,Puskas,Puskas,Puskas__CPTu 116B,Tertiary,MASW,8.8,271.498292730628,1.0,236.75709014572988,269.0634077884739,261.6433568994366,249.3861028758905,251.10640181825613
691,Puskas,Puskas,Puskas__CPTu 116B,Tertiary,MASW,9.65,300.0730102578347,1.0,261.44027021754414,297.5927051837328,293.25524907226674,276.31826624049836,277.77093673718167
692,Puskas,Puskas,Puskas__CPTu 116B,Tertiary,MASW,10.55,290.23879428544615,1.0,281.68605324977267,302.22126989179105,307.04661465345697,291.67087122462135,292.48300798139275
693,Puskas,Puskas,Puskas__CPTu 116B,Tertiary,MASW,11.2,294.0468611837509,1.0,308.8271643004422,343.57149313516123,329.885344294053,321.3811544360667,323.12114691520895
694,Puskas,Puskas,Puskas__CPTu 116B,Tertiary,MASW,11.75,260.1769190191595,1.0,283.11773655179593,307.2687357119024,315.5697148368267,295.3116291641252,296.9375598134602
695,Puskas,Puskas,Puskas__CPTu 116B,Tertiary,MASW,12.75,292.19423384599014,1.0,317.6719496788606,397.30189208407637,360.9225377845007,344.62861640812065,347.7544280404105
696,Puskas,Puskas,Puskas__CPTu 116B,Tertiary,MASW,14.2,294.6537441290555,1.0,334.6470677192949,349.2550838349931,340.4319847577193,339.40217309365016,339.5881078684084
697,Puskas,Puskas,Puskas__CPTu 116B,Tertiary,MASW,15.05,313.17368201624055,1.0,352.88320158000937,406.00358645107593,377.21490042831203,370.3797866104497,403.71734309269954
698,Puskas,Puskas,Puskas__CPTu 116B,Tertiary,MASW,15.6,391.0747429266331,1.0,333.5433886965141,386.65064131889073,359.3998132483108,351.30071874782726,380.65828132932825
699,Puskas,Puskas,Puskas__CPTu 116B,Tertiary,MASW,16.75,460.0133192978093,1.0,380.4484676288765,469.72364068568953,430.59520604342464,411.0902288410706,433.0747671992007
700,Puskas,Puskas,Puskas__CPTu 116B,Tertiary,MASW,17.75,499.9847697664736,1.0,413.47994777713996,502.5036887676788,472.24231285586495,445.82841201217957,459.8707532555486
701,Puskas,Puskas,Puskas__CPTu 116B,Tertiary,MASW,18.5,474.3334713691037,1.0,413.23287967293965,457.88748277040406,452.4608345111884,431.73083675226377,444.0674107244527
702,Puskas,Puskas,Puskas__CPTu 116B,Tertiary,MASW,19.5,438.0534386036963,1.0,408.007666571832,442.3705203290109,447.7959064017946,424.16042572281935,441.5697588258132
703,Puskas,Puskas,Puskas__CPTu 116B,Tertiary,MASW,20.5,444.8571547773184,1.0,425.5086934869098,447.57213543980504,446.6798284209717,435.1256338628855,446.31802718841794
704,Puskas,Puskas,Puskas__CPTu 116B,Tertiary,MASW,21.5,478.1757734714046,1.0,457.3031797782048,466.3378016532725,466.91837890245586,461.4617096336481,466.9887961639899
705,Puskas,Puskas,Puskas__CPTu 116B,Tertiary,MASW,22.5,437.9925398709746,1.0,432.56600367147536,448.6834180419975,441.3697270518241,438.3028803740754,446.4067562491326
706,Puskas,Puskas,Puskas__CPTu 116B,Tertiary,MASW,23.5,435.4314006524327,1.0,451.2103116255296,444.76105023769105,449.02298813641187,449.15254080365816,458.42801018828914
707,Puskas,Puskas,Puskas__CPTu 116B,Tertiary,MASW,24.5,426.0934640483595,1.0,453.11713562196775,450.2930750965793,457.18644808743096,453.21915235922273,460.7271157138772
708,Puskas,Puskas,Puskas__CPTu 116B,Tertiary,MASW,25.5,484.2937101128108,1.0,510.8725983277622,466.5582318468927,468.97390423838044,490.93967927774605,486.4210120414197
709,Puskas,Puskas,Puskas__CPTu 116B,Tertiary,MASW,26.5,461.6646301279563,1.0,509.013549150615,465.24629739861837,466.26688917894217,489.0449573103127,486.12431260348933
710,Puskas,Puskas,Puskas__CPTu 116B,Tertiary,MASW,27.5,446.080165661899,1.0,513.1116979347324,441.22065922395547,452.41286482034104,481.82297263754685,477.93999985031996
711,Puskas,Puskas,Puskas__CPTu 116B,Tertiary,MASW,28.5,449.5151864902999,1.0,526.4997633003721,469.2565540343473,460.800484952285,498.10875068947416,488.05778993529987
712,Puskas,Puskas,Puskas__CPTu 116B,Tertiary,MASW,29.5,441.4789918862944,1.0,541.6652658981153,433.3432655486701,450.209304026252,493.67706246991185,483.8304490135822
804,Puskas,Puskas,Puskas__CPTu 120a,Quaternary,MASW,1.5,169.27417404343785,1.0,198.8110466163945,212.6123514442552,209.24847421707176,204.25460847576818,204.25460847576818
805,Puskas,Puskas,Puskas__CPTu 120a,Quaternary,MASW,2.15,148.7533414958771,1.0,176.21111538725563,183.55095589552212,185.74678663060106,179.90438111737566,179.90438111737566
806,Puskas,Puskas,Puskas__CPTu 120a,Quaternary,MASW,2.75,188.84556930451924,1.0,210.24428579973852,222.99179619998273,220.3947513409841,215.38268245811022,215.38268245811022
807,Puskas,Puskas,Puskas__CPTu 120a,Quaternary,MASW,3.95,295.0128794371489,1.0,235.50646634777135,263.13470308455004,249.0026083389627,244.84253715292388,244.84253715292388
808,Puskas,Puskas,Puskas__CPTu 120a,Quaternary,MASW,5.300000000000001,306.83201423995195,1.0,245.14707160442438,285.75037170234754,266.86515830147385,259.08350672047374,259.08350672047374
809,Puskas,Puskas,Puskas__CPTu 120a,Quaternary,MASW,6.4,304.3360650771512,1.0,243.13085042721343,308.32365268573403,279.5536837341849,265.31193833543267,265.31193833543267
810,Puskas,Puskas,Puskas__CPTu 120a,Quaternary,MASW,7.4,265.04783653843504,1.0,252.90112666183882,296.01416802349394,273.00636920063874,267.10720357794634,267.10720357794634
811,Puskas,Puskas,Puskas__CPTu 120a,Quaternary,MASW,8.4,258.2649911120815,1.0,255.11546627426912,280.7285383279906,270.0037717680668,264.27181102853353,264.27181102853353
812,Puskas,Puskas,Puskas__CPTu 120a,Tertiary,MASW,9.4,231.19395467894705,1.0,240.93140756757825,264.6551403556575,267.1450782313379,251.80299923675216,253.2819966408707
813,Puskas,Puskas,Puskas__CPTu 120a,Tertiary,MASW,10.35,265.01827986137533,1.0,278.3382135098497,297.841397881065,293.96851609995656,286.2012253952125,286.83238804889623
814,Puskas,Puskas,Puskas__CPTu 120a,Tertiary,MASW,11.15,372.0626210861618,1.0,294.90966541670497,312.77505662434413,315.16905706800566,303.2813438914413,303.7075273127279
815,Puskas,Puskas,Puskas__CPTu 120a,Tertiary,MASW,11.75,374.5058530745233,1.0,302.1240698840405,319.78538290506145,322.65677240600206,310.50224081860233,310.8619790349024
816,Puskas,Puskas,Puskas__CPTu 120a,Tertiary,MASW,12.5,400.4545339037271,1.0,318.49952694066405,346.4719924210067,338.2088762621039,329.20306429005603,329.98268241438785
817,Puskas,Puskas,Puskas__CPTu 120a,Tertiary,MASW,13.5,450.7630066078721,1.0,347.2915387815252,389.6776138499408,372.98708398977686,362.5742308157406,407.0582246236141
818,Puskas,Puskas,Puskas__CPTu 120a,Tertiary,MASW,14.8,387.7574696092931,1.0,321.2997227934692,360.1218161998135,351.41151271694656,336.57065506212666,337.85246679585634
819,Puskas,Puskas,Puskas__CPTu 120a,Tertiary,MASW,16.0,528.035828356596,1.0,380.39937795906815,489.6846385828025,442.18166958472625,417.57179465245497,446.90049402969953
820,Puskas,Puskas,Puskas__CPTu 120a,Tertiary,MASW,16.799999999999997,541.4113022349106,1.0,398.50825013281235,508.8574368403896,473.89024150202897,438.5560523164969,465.8083400613216
821,Puskas,Puskas,Puskas__CPTu 120a,Tertiary,MASW,17.6,526.5325021850196,1.0,394.8136870787857,484.55898161328076,442.13841762487357,425.0734917367625,454.81978880937913
822,Puskas,Puskas,Puskas__CPTu 120a,Tertiary,MASW,19.0,449.0788780094532,1.0,368.5959483603136,365.91202238451166,360.65098447196254,366.3231799549506,384.9776039438538
823,Puskas,Puskas,Puskas__CPTu 120a,Tertiary,MASW,20.0,438.5401246438102,1.0,359.8171579326147,338.4945491660159,335.4685263962979,349.4325069317799,348.9145902049271
824,Puskas,Puskas,Puskas__CPTu 120a,Tertiary,MASW,20.5,441.683963026819,1.0,367.3081400544127,338.52520946472396,336.4083580888105,353.6208905218769,362.8553724176169
895,Puskas,Puskas,Puskas__CPTu 121A,Quaternary,MASW,1.5,243.63319066437415,1.0,201.19011741150342,216.8689668762615,218.86117929901147,208.48113075571897,208.48113075571897
896,Puskas,Puskas,Puskas__CPTu 121A,Quaternary,MASW,2.7,178.24327434404807,1.0,161.06149157564772,182.7120284260462,188.65671295857388,171.56222959685616,171.56222959685616
897,Puskas,Puskas,Puskas__CPTu 121A,Quaternary,MASW,4.05,214.51341235432335,1.0,190.50354247946072,211.92956138112422,212.8337987882132,200.03347744265042,200.03347744265042
898,Puskas,Puskas,Puskas__CPTu 121A,Quaternary,MASW,5.45,265.99977478840395,1.0,248.37507734426612,265.1416994312091,252.5317530929064,253.30403974851595,253.30403974851595
899,Puskas,Puskas,Puskas__CPTu 121A,Quaternary,MASW,6.6,249.06811188904564,1.0,240.52989798658743,278.6908175185972,268.1085255518874,255.02677363661053,255.02677363661053
900,Puskas,Puskas,Puskas__CPTu 121A,Quaternary,MASW,7.5,258.6120744886227,1.0,233.5777905519013,287.7721905308123,265.45540335445713,252.463076368639,252.463076368639
901,Puskas,Puskas,Puskas__CPTu 121A,Quaternary,MASW,8.5,349.60936029235586,1.0,271.97697206394656,294.93073629356604,279.12167433404755,278.98534787981737,278.98534787981737
902,Puskas,Puskas,Puskas__CPTu 121A,Tertiary,MASW,10.25,274.3252209805548,1.0,246.2778634042048,283.84613592226304,284.96771113709144,262.7325221256817,264.730820566234
903,Puskas,Puskas,Puskas__CPTu 121A,Tertiary,MASW,12.25,429.7297539613017,1.0,334.4298668785802,393.28113256675704,377.0400647714487,356.71474296059205,399.50047083017876
904,Puskas,Puskas,Puskas__CPTu 121A,Tertiary,MASW,13.5,457.5477116999507,1.0,344.486246126285,399.70573531273305,376.09943161689154,363.86490386961526,405.97867480910037
905,Puskas,Puskas,Puskas__CPTu 121A,Tertiary,MASW,14.5,429.23450448963655,1.0,352.61334696805056,400.70394609437056,380.24099136717194,369.6000339186109,408.34012983549997
906,Puskas,Puskas,Puskas__CPTu 121A,Tertiary,MASW,15.5,393.2011106231139,1.0,332.5415257908348,387.9529035034381,369.7234921239779,353.00869097627265,385.2180048207907
907,Puskas,Puskas,Puskas__CPTu 121A,Tertiary,MASW,16.5,407.15217775269457,1.0,352.21117530184955,374.85541705993484,367.96275390742045,360.8846768178409,385.00462218101376
908,Puskas,Puskas,Puskas__CPTu 121A,Tertiary,MASW,17.5,431.4541433745016,1.0,413.80848558133613,516.7483602125574,465.8503100526005,447.92852513752007,469.4783826462971
909,Puskas,Puskas,Puskas__CPTu 121A,Tertiary,MASW,18.5,410.1982569149331,1.0,419.7032497791318,531.3413001591366,487.6233888454273,458.75264557423736,484.06059728178906
910,Puskas,Puskas,Puskas__CPTu 121A,Tertiary,MASW,19.5,391.8910877493569,1.0,403.3265362413302,470.6728876951396,446.36491195241575,427.78843877927955,450.6486906686413
911,Puskas,Puskas,Puskas__CPTu 121A,Tertiary,MASW,20.5,410.3707620497225,1.0,439.78235833335646,496.51134414752215,479.4813407481112,461.22987326019637,475.48546384415454
912,Puskas,Puskas,Puskas__CPTu 121A,Tertiary,MASW,21.95,421.3272325672114,1.0,452.1536657590579,472.32679375054863,476.307743774318,461.8973865550198,473.251900460388
180,River,River,River__CPT2,Quaternary,MASW,1.65,115.33052569156412,4.0,137.47020610388591,168.09790871882018,176.57591310749135,153.55117124566755,153.55117124566755
181,River,River,River__CPT2,Quaternary,MASW,2.7,164.93791717262042,4.0,168.07501063340683,186.21493038261477,191.379855160245,177.82154970660218,177.82154970660218
182,River,River,River__CPT2,Quaternary,MASW,3.65,234.05003282834616,4.0,213.22318014708006,209.06617925479242,208.1182112833169,210.926704696153,210.926704696153
183,River,River,River__CPT2,Quaternary,MASW,4.85,319.5102089316684,4.0,238.8225198690687,243.3303810062261,235.48634304849304,241.29140888190355,241.29140888190355
184,River,River,River__CPT2,Quaternary,MASW,6.15,322.2077314793199,4.0,250.16988235875837,259.6388822533182,252.55086895908212,255.33427283547468,255.33427283547468
185,River,River,River__CPT2,Quaternary,MASW,7.199999999999999,246.8972404710532,4.0,233.13010779475098,242.96459486284385,234.34814508709923,238.48875682830513,238.48875682830513
186,River,River,River__CPT2,Quaternary,MASW,8.05,259.9961823769368,4.0,259.79783018949365,261.1431412016529,258.0501796814779,260.536891302139,260.536891302139
187,River,River,River__CPT2,Quaternary,MASW,9.25,239.59756278151008,4.0,258.7086868560911,264.0839970466047,255.4785104957523,261.6514234596013,261.6514234596013
188,River,River,River__CPT2,Quaternary,MASW,11.0,251.45450563660305,4.0,271.10787933792653,289.81653129607963,287.8955193603162,281.2429843911519,281.2429843911519
189,River,River,River__CPT2,Quaternary,MASW,12.4,489.6128465352403,4.0,296.73617100758304,329.81602963053206,311.2260807784093,314.4967685108649,314.4967685108649
190,River,River,River__CPT2,Tertiary,MASW,14.15,693.5362539919386,4.0,377.9745366753481,407.43497930016105,412.60306372519375,393.90384114317203,416.7689573107804
191,River,River,River__CPT2,Tertiary,MASW,16.25,751.0262122133416,4.0,409.54353382312223,422.0274115209208,411.81972309961964,416.36325600348664,417.7883292072617
192,River,River,River__CPT5,Quaternary,MASW,2.05,202.0,4.0,190.64499239366157,173.34665993984558,177.22368435461993,180.92765067303725,180.92765067303725
193,River,River,River__CPT5,Quaternary,MASW,3.65,211.3071752491552,4.0,187.13946826799517,194.22319412783887,193.29154882007586,191.00292879695326,191.00292879695326
194,River,River,River__CPT5,Quaternary,MASW,4.65,217.06157804322785,4.0,186.92904391994932,204.9943076678087,208.40923569846956,196.65841927439212,196.65841927439212
195,River,River,River__CPT5,Quaternary,MASW,5.65,292.9070627467941,4.0,233.35048573208962,234.14515357317785,234.50861480284496,233.7872187004547,233.7872187004547
196,River,River,River__CPT5,Quaternary,MASW,6.7,325.46149347739083,4.0,255.0897915257355,254.94540095449227,250.18157147727385,255.0103665946242,255.0103665946242
197,River,River,River__CPT5,Quaternary,MASW,8.1,276.7262155606347,4.0,244.11553715003035,244.81844183295044,241.82378959888285,244.50188461112324,244.50188461112324
198,River,River,River__CPT5,Quaternary,MASW,9.75,259.21651334725726,4.0,254.69194686214502,259.55977725205895,259.0179090578532,257.3578453773487,257.3578453773487
199,River,River,River__CPT5,Quaternary,MASW,11.35,263.8911524267684,4.0,261.69930835026764,286.7484979129255,281.57538539756166,275.1926257417983,275.1926257417983
200,River,River,River__CPT5,Tertiary,MASW,13.1,445.1012939042873,4.0,343.30573858285646,412.0306509839219,391.43975090463107,379.54888224691615,406.17697824797546
201,River,River,River__CPT5,Tertiary,MASW,14.65,499.49813265589256,4.0,381.8284488662569,407.3042220254526,403.98877604186407,395.6362975572154,403.83972314747734
202,River,River,River__CPT5,Tertiary,MASW,16.4,670.414393337913,4.0,416.7994782416882,419.6762977740555,411.1369007630106,418.37927993170445,414.60670698629286
203,River,River,River__CPT5,Tertiary,MASW,18.0,646.2767046306219,4.0,421.2269800776101,420.67382375097986,419.67154649454756,420.9226541480849,420.0948748181199
204,River,River,River__CPT5,Tertiary,MASW,19.45,650.1372413207323,4.0,440.81830379361327,429.7067558689498,432.00964621426704,434.671863032513,433.3680638156149
205,River,River,River__CPT7,Quaternary,MASW,1.75,230.0,4.0,180.4433311447963,170.4100705396068,169.41917655472648,174.85407864142368,174.85407864142368
206,River,River,River__CPT7,Quaternary,MASW,3.1,176.88507959680965,4.0,212.57093868145753,197.40551344508836,206.5761556078973,204.091234966848,204.091234966848
207,River,River,River__CPT7,Quaternary,MASW,4.25,215.8194474926102,4.0,244.53042502936847,250.46221571065104,238.89431789094238,247.77530891011983,247.77530891011983
208,River,River,River__CPT7,Quaternary,MASW,5.65,215.6930991940163,4.0,244.1604424642307,236.08290449850122,236.14815225395552,239.68418731113934,239.68418731113934
209,River,River,River__CPT7,Quaternary,MASW,7.05,304.0688582275734,4.0,235.46257355542724,229.8061583078333,229.08741693269064,232.33453165740008,232.33453165740008
210,River,River,River__CPT7,Quaternary,MASW,8.0,318.12506802788243,4.0,250.4186936091682,248.14458982493815,248.9766811310083,249.16536961157294,249.16536961157294
211,River,River,River__CPT7,Quaternary,MASW,8.95,217.8391962302913,4.0,250.27162619574477,253.17526518115827,253.8819808263881,251.86448197575652,251.86448197575652
212,River,River,River__CPT7,Quaternary,MASW,9.9,236.6873001066819,4.0,271.79838816300673,266.8340665883231,269.181584406462,269.056690465999,269.056690465999
213,River,River,River__CPT7,Quaternary,MASW,11.0,236.26600586720053,4.0,277.3950553557022,287.89665574286306,286.47431804571215,283.1226163345822,283.1226163345822
214,River,River,River__CPT7,Quaternary,MASW,11.9,277.38594435616045,4.0,313.3222442992068,313.8471319759479,310.51639259239005,313.61082379494053,313.61082379494053
215,River,River,River__CPT7,Quaternary,MASW,12.75,313.4911476710846,4.0,349.6989023514593,366.8732324540009,360.4131207990267,359.04281110107604,359.04281110107604
216,River,River,River__CPT7,Quaternary,MASW,13.85,310.73352908732784,4.0,356.87099923916725,377.00203732238845,374.60229721219395,367.8062451327184,367.8062451327184
217,River,River,River__CPT7,Quaternary,MASW,14.9,713.9594253985106,4.0,377.3025660790254,427.2375354048334,422.0918861135042,403.99739253081776,424.24143135944144
218,River,River,River__CPT7,Quaternary,MASW,16.3,773.4776656548057,4.0,412.1364456130494,441.1231365306656,431.20857875209185,427.8350587847189,439.37338807029056
510,Tömő u. 23,Tömő u. 23,Tömő u. 23__CPT2,Quaternary,MASW,2.5,145.07791806916796,4.0,184.44069727740322,187.66562000122994,189.2624368351441,186.207485184667,186.207485184667
511,Tömő u. 23,Tömő u. 23,Tömő u. 23__CPT2,Quaternary,MASW,3.5,135.77595066181453,4.0,175.52842720906176,200.10727053000429,197.1060696984407,188.64744829040555,188.64744829040555
512,Tömő u. 23,Tömő u. 23,Tömő u. 23__CPT2,Quaternary,MASW,4.5,207.83062350057065,4.0,220.1253314799036,221.22743767792338,220.69675783948156,220.7308086912851,220.7308086912851
513,Tömő u. 23,Tömő u. 23,Tömő u. 23__CPT2,Quaternary,MASW,5.5,241.49697661905745,4.0,226.59790944132672,236.107341034155,235.333294251986,231.77968812341635,231.77968812341635
514,Tömő u. 23,Tömő u. 23,Tömő u. 23__CPT2,Quaternary,MASW,6.5,220.1001456011517,4.0,223.73035109082366,233.12757929478826,235.05573482866433,228.85094845028323,228.85094845028323
515,Tömő u. 23,Tömő u. 23,Tömő u. 23__CPT2,Quaternary,MASW,7.5,192.10938907392375,4.0,232.10291562724709,233.65068501849862,239.57498635966215,232.9529156388489,232.9529156388489
516,Tömő u. 23,Tömő u. 23,Tömő u. 23__CPT2,Quaternary,MASW,8.5,173.70283986615854,4.0,233.19572713408786,229.938874810428,232.1614812579737,231.39879116729784,231.39879116729784
517,Tömő u. 23,Tömő u. 23,Tömő u. 23__CPT2,Quaternary,MASW,9.5,220.16264992636596,4.0,281.0289484057695,270.497143040787,259.2971041441305,275.1867071875877,275.1867071875877
518,Tömő u. 23,Tömő u. 23,Tömő u. 23__CPT2,Quaternary,MASW,10.5,204.12092081968143,4.0,282.2764166937847,262.96691898323974,259.9319119834504,271.4870903441299,271.4870903441299
519,Tömő u. 23,Tömő u. 23,Tömő u. 23__CPT2,Quaternary,MASW,11.5,232.16348896923972,4.0,308.1988143379997,299.6316912531065,289.47348747962167,303.4570235431416,303.4570235431416
520,Tömő u. 23,Tömő u. 23,Tömő u. 23__CPT2,Quaternary,MASW,12.5,208.5698011236357,4.0,298.48485104538105,288.44248934080053,280.52083891799043,292.91904645498755,292.91904645498755
521,Tömő u. 23,Tömő u. 23,Tömő u. 23__CPT2,Quaternary,MASW,13.5,221.35743614256288,4.0,328.7673503830447,308.6949045634851,305.3347277940024,317.5712000798088,317.5712000798088
522,Tömő u. 23,Tömő u. 23,Tömő u. 23__CPT2,Quaternary,MASW,14.5,437.1449424002657,4.0,344.1300886480936,314.9548013583855,319.4419853928345,327.7643533184612,327.7643533184612
523,Tömő u. 23,Tömő u. 23,Tömő u. 23__CPT2,Quaternary,MASW,15.45,462.6168452811813,4.0,363.4375929676151,341.2895423379874,341.36461172582284,351.0840268160417,351.0840268160417
496,Tömő u. 23,Tömő u. 23,Tömő u. 23__Cpt1,Quaternary,MASW,1.5,195.33301458310092,4.0,170.39899594391446,167.77530352682024,173.3889075434699,168.95092831492494,168.95092831492494
497,Tömő u. 23,Tömő u. 23,Tömő u. 23__Cpt1,Quaternary,MASW,2.5,192.41851868248412,4.0,185.02225136762243,188.46716460058101,191.02324201464742,186.9090868793229,186.9090868793229
498,Tömő u. 23,Tömő u. 23,Tömő u. 23__Cpt1,Quaternary,MASW,3.5,208.20137017551997,4.0,190.41004128694985,212.48883771257283,210.7450365942622,202.25315163473093,202.25315163473093
499,Tömő u. 23,Tömő u. 23,Tömő u. 23__Cpt1,Quaternary,MASW,4.5,192.24780332045268,4.0,217.86994823959512,226.2220498527007,228.5595469002919,222.42469920600217,222.42469920600217
500,Tömő u. 23,Tömő u. 23,Tömő u. 23__Cpt1,Quaternary,MASW,5.5,180.71573428578316,4.0,233.20331910764978,240.8922628090762,236.97610633473383,237.40135609857066,237.40135609857066
501,Tömő u. 23,Tömő u. 23,Tömő u. 23__Cpt1,Quaternary,MASW,6.5,171.01706808707598,4.0,230.04916759519213,232.6275736629511,235.29646760306434,231.46373392959262,231.46373392959262
502,Tömő u. 23,Tömő u. 23,Tömő u. 23__Cpt1,Quaternary,MASW,7.5,188.8576036691429,4.0,229.80879153847732,233.3098492615959,235.59535951130238,231.72782093546246,231.72782093546246
503,Tömő u. 23,Tömő u. 23,Tömő u. 23__Cpt1,Quaternary,MASW,8.5,245.96683319461823,4.0,259.77911055736706,258.19511167761425,252.35109590290156,258.9067124099153,258.9067124099153
504,Tömő u. 23,Tömő u. 23,Tömő u. 23__Cpt1,Quaternary,MASW,9.5,283.93973209690654,4.0,257.91727360343396,244.9523109668708,246.6991000725423,250.70387160298677,250.70387160298677
505,Tömő u. 23,Tömő u. 23,Tömő u. 23__Cpt1,Tertiary,MASW,10.5,305.5845956841096,4.0,268.21890848142397,264.29375226652894,261.7887834607833,266.0529134644581,266.0529134644581
506,Tömő u. 23,Tömő u. 23,Tömő u. 23__Cpt1,Tertiary,MASW,11.5,318.64401219028895,4.0,286.79297108111945,280.3141186904616,278.94505343448367,283.2112894518925,283.2112894518925
507,Tömő u. 23,Tömő u. 23,Tömő u. 23__Cpt1,Tertiary,MASW,12.5,322.0731260784149,4.0,298.71699739451316,292.8489548994209,287.4954364464719,295.4751719287361,295.4751719287361
508,Tömő u. 23,Tömő u. 23,Tömő u. 23__Cpt1,Tertiary,MASW,13.5,319.8451162543098,4.0,307.09955842730824,302.74914561128634,295.7739794179706,304.6991521728544,304.6991521728544
509,Tömő u. 23,Tömő u. 23,Tömő u. 23__Cpt1,Tertiary,MASW,14.1,322.0,4.0,303.4543258343458,294.26953791794244,289.78015963999883,298.3677771564122,298.3677771564122
